"CD_MUN_6","CD_MUN","NM_MUN","SIGLA_UF","AREA_KM2","CD_UF","municipio","mean_incidence","number_of_cases_mean","inhabitats_ref","alfa","variance","ebi","POLY_ID","cluster"
"110001","1100015","Alta Floresta D'Oeste","RO",7067.127,"11","110001 ALTA FLORESTA D'OESTE",2.50950755866351,0.611111111111111,22853,15.5240592532039,15.5240592538681,0.636917578395499,"1","Not significant"
"110002","1100023","Ariquemes","RO",4426.571,"11","110002 ARIQUEMES",1.66550974913208,1.66666666666667,108573,15.5240592532039,15.5240592533437,0.42270810497811,"2","Not significant"
"110003","1100031","Cabixi","RO",1314.352,"11","110003 CABIXI",0,0,5690,15.5240592532039,15.5240592558717,-3.85270942835492e-06,"3","Not significant"
"110004","1100049","Cacoal","RO",3793,"11","110004 CACOAL",1.81023856823036,1.55555555555555,97637,15.5240592532039,15.5240592533594,0.459440764445482,"4","Not significant"
"110005","1100056","Cerejeiras","RO",2783.3,"11","110005 CEREJEIRAS",1.91246497814781,0.333333333333334,16975,15.5240592532039,15.5240592540981,0.485386169968825,"5","Not significant"
"110006","1100064","Colorado do Oeste","RO",1451.06,"11","110006 COLORADO DO OESTE",1.24462095257141,0.222222222222222,16588,15.5240592532039,15.524059254119,0.315885117440052,"6","Not significant"
"110007","1100072","Corumbiara","RO",3060.321,"11","110007 CORUMBIARA",0,0,8001,15.5240592532039,15.5240592551011,-3.85270942845054e-06,"7","Not significant"
"110008","1100080","Costa Marques","RO",4987.177,"11","110008 COSTA MARQUES",0.311148448924982,0.0555555555555556,13522,15.5240592532039,15.5240592543265,0.0789666667011588,"8","Not significant"
"110009","1100098","Espigão D'Oeste","RO",4518.038,"11","110009 ESPIGAO D'OESTE",3.37505605412941,1.05555555555555,32717,15.5240592532039,15.5240592536679,0.856596688160891,"9","Not significant"
"110010","1100106","Guajará-Mirim","RO",24856.877,"11","110010 GUAJARA-MIRIM",0.381535112227061,0.166666666666667,43553,15.5240592532039,15.5240592535524,0.0968310378092229,"10","Not significant"
"110011","1100114","Jaru","RO",2944.128,"11","110011 JARU",1.6377884182278,0.888888888888889,55583,15.5240592532039,15.524059253477,0.415672338261446,"11","Low-High"
"110012","1100122","Ji-Paraná","RO",6896.649,"11","110012 JI-PARANA",1.01272875815634,1.27777777777778,139359,15.5240592532039,15.5240592533128,0.257030101123774,"12","Low-High"
"110013","1100130","Machadinho D'Oeste","RO",8509.27,"11","110013 MACHADINHO D'OESTE",11.3808218912784,4.16666666666667,34063,15.5240592532039,15.5240592536495,2.88848689567262,"13","Not significant"
"110014","1100148","Nova Brasilândia D'Oeste","RO",1703.008,"11","110014 NOVA BRASILANDIA D'OESTE",2.26144681449268,0.388888888888889,16504,15.5240592532039,15.5240592541237,0.5739589299369,"14","Not significant"
"110015","1100155","Ouro Preto do Oeste","RO",1969.85,"11","110015 OURO PRETO DO OESTE",15.0924598161821,5.94444444444445,38681,15.5240592532039,15.5240592535963,3.83051304368912,"15","Not significant"
"110018","1100189","Pimenta Bueno","RO",6241.016,"11","110018 PIMENTA BUENO",1.06465625012961,0.388888888888889,39053,15.5240592532039,15.5240592535926,0.270209472662866,"16","Not significant"
"110020","1100205","Porto Velho","RO",34090.952,"11","110020 PORTO VELHO",3.0989392947187,14.8333333333333,514873,15.5240592532039,15.5240592532334,0.786517328996459,"17","High-High"
"110025","1100254","Presidente Médici","RO",1758.465,"11","110025 PRESIDENTE MEDICI",2.09145313534881,0.444444444444445,20518,15.5240592532039,15.5240592539437,0.530813964297444,"18","Not significant"
"110026","1100262","Rio Crespo","RO",1717.64,"11","110026 RIO CRESPO",0,0,3753,15.5240592532039,15.5240592572486,-3.85270942818406e-06,"19","Not significant"
"110028","1100288","Rolim de Moura","RO",1457.811,"11","110028 ROLIM DE MOURA",1.11659140488818,0.611111111111111,62559,15.5240592532039,15.5240592534465,0.283390789046205,"20","Not significant"
"110029","1100296","Santa Luzia D'Oeste","RO",1197.796,"11","110029 SANTA LUZIA D'OESTE",0,0,7877,15.5240592532039,15.524059255131,-3.85270942844683e-06,"21","Not significant"
"110030","1100304","Vilhena","RO",11699.15,"11","110030 VILHENA",0.330064537803321,0.277777777777778,108528,15.5240592532039,15.5240592533438,0.0837676334741746,"22","Not significant"
"110032","1100320","São Miguel do Guaporé","RO",7460.117,"11","110032 SAO MIGUEL DO GUAPORE",0.486051332245323,0.111111111111111,22267,15.5240592532039,15.5240592538856,0.123357604822441,"23","Not significant"
"110033","1100338","Nova Mamoré","RO",10070.49,"11","110033 NOVA MAMORE",0.488724242157316,0.111111111111111,28496,15.5240592532039,15.5240592537366,0.124035998319195,"24","Not significant"
"110034","1100346","Alvorada D'Oeste","RO",3029.189,"11","110034 ALVORADA D'OESTE",0.644944921703689,0.111111111111112,13837,15.5240592532039,15.5240592543009,0.163685330489689,"25","Not significant"
"110037","1100379","Alto Alegre dos Parecis","RO",3958.273,"11","110037 ALTO ALEGRE DOS PARECIS",1.24708178604653,0.166666666666667,12263,15.5240592532039,15.5240592544418,0.316509685222287,"26","Not significant"
"110040","1100403","Alto Paraíso","RO",2651.822,"11","110040 ALTO PARAISO",0.598472031528209,0.111111111111111,17463,15.5240592532039,15.5240592540732,0.151890355171622,"27","Not significant"
"110045","1100452","Buritis","RO",3265.809,"11","110045 BURITIS",1.17464426471297,0.388888888888889,30729,15.5240592532039,15.5240592536979,0.298124799480297,"28","Not significant"
"110050","1100502","Novo Horizonte do Oeste","RO",843.446,"11","110050 NOVO HORIZONTE DO OESTE",0.650685822857289,0.0555555555555553,8056,15.5240592532039,15.5240592550882,0.165142390443703,"29","Not significant"
"110060","1100601","Cacaulândia","RO",1961.778,"11","110060 CACAULANDIA",1.27860887354558,0.0555555555555556,4345,15.5240592532039,15.5240592566975,0.324511365695258,"30","Not significant"
"110070","1100700","Campo Novo de Rondônia","RO",3442.005,"11","110070 CAMPO NOVO DE RONDONIA",4.84080853237932,0.555555555555555,9225,15.5240592532039,15.5240592548494,1.22860958079327,"31","Not significant"
"110080","1100809","Candeias do Jamari","RO",6843.868,"11","110080 CANDEIAS DO JAMARI",5.22896116609186,1.16666666666667,24163,15.5240592532039,15.5240592538321,1.32712402048848,"32","Not significant"
"110090","1100908","Castanheiras","RO",892.841,"11","110090 CASTANHEIRAS",6.216596633564,0.222222222222222,3456,15.5240592532039,15.5240592575962,1.57778921282927,"33","Not significant"
"110092","1100924","Chupinguaia","RO",5126.723,"11","110092 CHUPINGUAIA",1.07293551458835,0.111111111111111,10129,15.5240592532039,15.5240592547025,0.272310777727665,"34","Not significant"
"110094","1100940","Cujubim","RO",3863.946,"11","110094 CUJUBIM",1.59264898089954,0.277777777777778,15883,15.5240592532039,15.5240592541596,0.404215797735876,"35","Not significant"
"110100","1101005","Governador Jorge Teixeira","RO",5067.384,"11","110100 GOVERNADOR JORGE TEIXEIRA",1.63802154657313,0.166666666666667,8420,15.5240592532039,15.5240592550067,0.415731506996534,"36","Not significant"
"110110","1101104","Itapuã do Oeste","RO",4081.58,"11","110110 ITAPUA DO OESTE",2.9314561046916,0.277777777777778,9209,15.5240592532039,15.5240592548523,0.744009533867752,"37","Not significant"
"110120","1101203","Ministro Andreazza","RO",798.083,"11","110120 MINISTRO ANDREAZZA",0,0,6657,15.5240592532039,15.5240592554842,-3.85270942840301e-06,"38","Not significant"
"110130","1101302","Mirante da Serra","RO",1191.875,"11","110130 MIRANTE DA SERRA",0.447523405474106,0.0555555555555555,9740,15.5240592532039,15.5240592547624,0.113579087846093,"39","Not significant"
"110140","1101401","Monte Negro","RO",1931.378,"11","110140 MONTE NEGRO",2.79431016867351,0.444444444444445,12241,15.5240592532039,15.524059254444,0.709201435557333,"40","Not significant"
"110143","1101435","Nova União","RO",807.125,"11","110143 NOVA UNIAO",1.51048828051515,0.111111111111111,6577,15.5240592532039,15.5240592555119,0.383363136531426,"41","Not significant"
"110145","1101450","Parecis","RO",2548.683,"11","110145 PARECIS",1.26550240445457,0.0555555555555555,4390,15.5240592532039,15.5240592566617,0.321184899903324,"42","Not significant"
"110146","1101468","Pimenteiras do Oeste","RO",6014.733,"11","110146 PIMENTEIRAS DO OESTE",0,0,2311,15.5240592532039,15.5240592597724,-3.85270942787089e-06,"43","Not significant"
"110147","1101476","Primavera de Rondônia","RO",605.692,"11","110147 PRIMAVERA DE RONDONIA",3.75131991822882,0.111111111111111,3279,15.5240592532039,15.5240592578333,0.952093718105639,"44","Not significant"
"110148","1101484","São Felipe D'Oeste","RO",541.647,"11","110148 SAO FELIPE D'OESTE",0,0,5605,15.5240592532039,15.5240592559122,-3.8527094283499e-06,"45","Not significant"
"110149","1101492","São Francisco do Guaporé","RO",10948.593,"11","110149 SAO FRANCISCO DO GUAPORE",0.304164005231621,0.0555555555555556,17511,15.5240592532039,15.5240592540708,0.0771939914782337,"46","Not significant"
"110150","1101500","Seringueiras","RO",3773.505,"11","110150 SERINGUEIRAS",0,0,12954,15.5240592532039,15.5240592543757,-3.85270942854056e-06,"47","Not significant"
"110155","1101559","Teixeirópolis","RO",459.978,"11","110155 TEIXEIROPOLIS",3.55013303307608,0.166666666666667,4536,15.5240592532039,15.5240592565504,0.901031812251299,"48","Not significant"
"110160","1101609","Theobroma","RO",2197.413,"11","110160 THEOBROMA",18.2555100135521,1.94444444444444,8540,15.5240592532039,15.5240592549814,4.63330578719354,"49","Not significant"
"110170","1101708","Urupá","RO",831.857,"11","110170 URUPA",2.82661598970434,0.333333333333333,11377,15.5240592532039,15.5240592545382,0.717400761232643,"50","Not significant"
"110175","1101757","Vale do Anari","RO",3135.106,"11","110175 VALE DO ANARI",2.71256451168775,0.277777777777778,8265,15.5240592532039,15.5240592550405,0.68845411376248,"51","High-High"
"110180","1101807","Vale do Paraíso","RO",965.676,"11","110180 VALE DO PARAISO",4.34628081308357,0.333333333333333,6843,15.5240592532039,15.5240592554222,1.10309678779583,"52","High-High"
"120001","1200013","Acrelândia","AC",1811.613,"12","120001 ACRELANDIA",21.5578830667898,2.94444444444445,14657,15.5240592532039,15.5240592542396,5.47145913887475,"53","High-High"
"120005","1200054","Assis Brasil","AC",4979.073,"12","120005 ASSIS BRASIL",6.22324880651605,0.444444444444444,8573,15.5240592532039,15.5240592549746,1.57947755675799,"54","High-High"
"120010","1200104","Brasiléia","AC",3928.174,"12","120010 BRASILEIA",6.90840645465546,1.66666666666667,27841,15.5240592532039,15.5240592537491,1.75337286479841,"55","High-High"
"120013","1200138","Bujari","AC",3034.869,"12","120013 BUJARI",36.1270480128129,3.33333333333333,13766,15.5240592532039,15.5240592543066,9.16916204286842,"56","High-High"
"120017","1200179","Capixaba","AC",1705.824,"12","120017 CAPIXABA",30.0680774709263,3,10922,15.5240592532039,15.5240592545937,7.63137500757498,"57","High-High"
"120020","1200203","Cruzeiro do Sul","AC",8783.47,"12","120020 CRUZEIRO DO SUL",48.6947498293251,41.5,98382,15.5240592532039,15.5240592533582,12.3588868954089,"58","High-High"
"120025","1200252","Epitaciolândia","AC",1652.674,"12","120025 EPITACIOLANDIA",3.3259965390761,0.555555555555554,19739,15.5240592532039,15.5240592539729,0.844145218767938,"59","High-High"
"120030","1200302","Feijó","AC",27976.874,"12","120030 FEIJO",17.5904056074227,5.83333333333333,37644,15.5240592532039,15.5240592536071,4.46450005946717,"60","Not significant"
"120032","1200328","Jordão","AC",5357.227,"12","120032 JORDAO",5.17147472905646,0.388888888888889,9787,15.5240592532039,15.5240592547549,1.31253377001593,"61","High-High"
"120033","1200336","Mâncio Lima","AC",5451.617,"12","120033 MANCIO LIMA",12.7999363460507,2.44444444444444,20329,15.5240592532039,15.5240592539506,3.24866290161536,"62","High-High"
"120034","1200344","Manoel Urbano","AC",10630.6,"12","120034 MANOEL URBANO",3.88267824491837,0.333333333333334,12776,15.5240592532039,15.524059254392,0.985432901881849,"63","High-High"
"120035","1200351","Marechal Thaumaturgo","AC",8190.953,"12","120035 MARECHAL THAUMATURGO",10.6506251262932,1.88888888888889,17951,15.5240592532039,15.5240592540495,2.70316050881728,"64","High-High"
"120038","1200385","Plácido de Castro","AC",1952.555,"12","120038 PLACIDO DE CASTRO",12.9100347304428,2.33333333333333,17127,15.5240592532039,15.5240592540902,3.27660624064621,"65","High-High"
"120039","1200393","Porto Walter","AC",6446.385,"12","120039 PORTO WALTER",13.5874801946648,1.55555555555556,11275,15.5240592532039,15.5240592545502,3.44854417043922,"66","High-High"
"120040","1200401","Rio Branco","AC",8835.154,"12","120040 RIO BRANCO",45.8754137560841,167.5,387852,15.5240592532039,15.524059253243,11.643329948686,"67","High-High"
"120042","1200427","Rodrigues Alves","AC",3076.342,"12","120042 RODRIGUES ALVES",9.70048693039607,1.61111111111111,15537,15.5240592532039,15.5240592541809,2.46201224950575,"68","High-High"
"120043","1200435","Santa Rosa do Purus","AC",6155.858,"12","120043 SANTA ROSA DO PURUS",5.40153766190527,0.333333333333333,7143,15.5240592532039,15.524059255329,1.37092451359453,"69","High-High"
"120045","1200450","Senador Guiomard","AC",2320.169,"12","120045 SENADOR GUIOMARD",12.9794120664366,2.77777777777778,22352,15.5240592532039,15.524059253883,3.29421444111954,"70","High-High"
"120050","1200500","Sena Madureira","AC",23759.512,"12","120050 SENA MADUREIRA",7.12183346371109,2.94444444444444,43916,15.5240592532039,15.5240592535495,1.80754135518791,"71","High-High"
"120060","1200609","Tarauacá","AC",20169.485,"12","120060 TARAUACA",10.2379290559241,4.11111111111111,46517,15.5240592532039,15.5240592535302,2.5984168627052,"72","High-High"
"120070","1200708","Xapuri","AC",5350.586,"12","120070 XAPURI",15.3989883309213,2.72222222222222,19090,15.5240592532039,15.5240592539991,3.90831100826694,"73","High-High"
"120080","1200807","Porto Acre","AC",2604.417,"12","120080 PORTO ACRE",50.6060328541069,8.38888888888889,17455,15.5240592532039,15.5240592540736,12.8439769340762,"74","High-High"
"130002","1300029","Alvarães","AM",5923.461,"13","130002 ALVARAES",1.44986429143329,0.222222222222222,16670,15.5240592532039,15.5240592541145,0.367976564887759,"75","Not significant"
"130006","1300060","Amaturá","AM",4754.109,"13","130006 AMATURA",0,0,11411,15.5240592532039,15.5240592545342,-3.85270942852089e-06,"76","Not significant"
"130008","1300086","Anamã","AM",2446.121,"13","130008 ANAMA",0,0,10318,15.5240592532039,15.5240592546751,-3.85270942850341e-06,"77","Not significant"
"130010","1300102","Anori","AM",6036.38,"13","130010 ANORI",2.22287591247207,0.388888888888889,17932,15.5240592532039,15.5240592540504,0.564169505702801,"78","Not significant"
"130014","1300144","Apuí","AM",54240.545,"13","130014 APUI",0.30852199453299,0.0555555555555555,21735,15.5240592532039,15.5240592539023,0.0783000637727894,"79","Not significant"
"130020","1300201","Atalaia do Norte","AM",76507.617,"13","130020 ATALAIA DO NORTE",0,0,15892,15.5240592532039,15.5240592541591,-3.85270942856744e-06,"80","Not significant"
"130030","1300300","Autazes","AM",7652.852,"13","130030 AUTAZES",0.447530504462731,0.166666666666667,45328,15.5240592532039,15.5240592535388,0.11358088959768,"81","Not significant"
"130040","1300409","Barcelos","AM",122461.086,"13","130040 BARCELOS",0,0,18626,15.5240592532039,15.5240592540189,-3.85270942858484e-06,"82","Not significant"
"130050","1300508","Barreirinha","AM",5751.765,"13","130050 BARREIRINHA",0.183946611335526,0.0555555555555556,33436,15.5240592532039,15.5240592536579,0.046682413898955,"83","Not significant"
"130060","1300607","Benjamin Constant","AM",8705.441,"13","130060 BENJAMIN CONSTANT",0.769396768656995,0.277777777777778,40509,15.5240592532039,15.5240592535786,0.195271626455126,"84","Not significant"
"130063","1300631","Beruri","AM",17472.779,"13","130063 BERURI",0.267004159924812,0.0555555555555556,22136,15.5240592532039,15.5240592538896,0.0677626981674819,"85","Not significant"
"130068","1300680","Boa Vista do Ramos","AM",2589.407,"13","130068 BOA VISTA DO RAMOS",0.362515860068878,0.0555555555555555,25769,15.5240592532039,15.524059253793,0.0920038878517633,"86","Not significant"
"130070","1300706","Boca do Acre","AM",21938.583,"13","130070 BOCA DO ACRE",9.04469646912004,3,38246,15.5240592532039,15.5240592536008,2.29557043204755,"87","High-High"
"130080","1300805","Borba","AM",44236.184,"13","130080 BORBA",0.450402588624377,0.166666666666667,34879,15.5240592532039,15.5240592536391,0.114309834185739,"88","Not significant"
"130083","1300839","Caapiranga","AM",9455.539,"13","130083 CAAPIRANGA",0,0,14310,15.5240592532039,15.5240592542647,-3.85270942855433e-06,"89","Not significant"
"130090","1300904","Canutama","AM",33642.732,"13","130090 CANUTAMA",0.840819020652574,0.111111111111111,17885,15.5240592532039,15.5240592540526,0.213398833440004,"90","Not significant"
"130100","1301001","Carauari","AM",25778.658,"13","130100 CARAUARI",0,0,30892,15.5240592532039,15.5240592536953,-3.85270942862499e-06,"91","Not significant"
"130110","1301100","Careiro","AM",6096.212,"13","130110 CAREIRO",0.331506731244178,0.111111111111111,32442,15.5240592532039,15.5240592536718,0.0841336670033004,"92","Not significant"
"130115","1301159","Careiro da Várzea","AM",2627.474,"13","130115 CAREIRO DA VARZEA",0.897547469646003,0.222222222222223,19809,15.5240592532039,15.5240592539702,0.227796703967959,"93","Not significant"
"130120","1301209","Coari","AM",57970.768,"13","130120 COARI",0.604723804901577,0.5,73820,15.5240592532039,15.5240592534095,0.153477076215107,"94","Not significant"
"130130","1301308","Codajás","AM",18700.713,"13","130130 CODAJAS",1.65950353384284,0.444444444444444,24451,15.5240592532039,15.5240592538247,0.42118370739629,"95","Not significant"
"130140","1301407","Eirunepé","AM",14966.242,"13","130140 EIRUNEPE",0.87748092255788,0.277777777777778,35534,15.5240592532039,15.5240592536311,0.222703747049606,"96","Not significant"
"130150","1301506","Envira","AM",7505.794,"13","130150 ENVIRA",0.323260535060838,0.0555555555555556,17920,15.5240592532039,15.524059254051,0.0820407547669214,"97","Low-High"
"130160","1301605","Fonte Boa","AM",12155.427,"13","130160 FONTE BOA",2.52298827947908,0.5,27875,15.5240592532039,15.5240592537485,0.640339030532883,"98","High-Low"
"130165","1301654","Guajará","AM",7583.534,"13","130165 GUAJARA",6.32000981548142,1,14332,15.5240592532039,15.5240592542631,1.60403582524484,"99","High-High"
"130170","1301704","Humaitá","AM",33111.129,"13","130170 HUMAITA",1.73288442565452,0.888888888888888,62312,15.5240592532039,15.5240592534475,0.439808023740976,"100","Not significant"
"130180","1301803","Ipixuna","AM",12109.779,"13","130180 IPIXUNA",1.47595659040714,0.388888888888889,25458,15.5240592532039,15.5240592538002,0.374598877841253,"101","Low-High"
"130185","1301852","Iranduba","AM",2216.817,"13","130185 IRANDUBA",1.6544105252271,0.777777777777778,67114,15.5240592532039,15.5240592534301,0.419891084741469,"102","Not significant"
"130190","1301902","Itacoatiara","AM",8891.906,"13","130190 ITACOATIARA",0.974181920238035,0.944444444444445,112520,15.5240592532039,15.5240592533388,0.247246784437718,"103","Not significant"
"130195","1301951","Itamarati","AM",25260.429,"13","130195 ITAMARATI",0,0,11730,15.5240592532039,15.524059254498,-3.85270942852538e-06,"104","Not significant"
"130200","1302009","Itapiranga","AM",4335.075,"13","130200 ITAPIRANGA",0,0,10805,15.5240592532039,15.5240592546088,-3.85270942851164e-06,"105","Not significant"
"130210","1302108","Japurá","AM",55827.203,"13","130210 JAPURA",0,0,9397,15.5240592532039,15.5240592548193,-3.85270942848551e-06,"106","Not significant"
"130220","1302207","Juruá","AM",19442.548,"13","130220 JURUA",0,0,11152,15.5240592532039,15.5240592545651,-3.85270942851706e-06,"107","Not significant"
"130230","1302306","Jutaí","AM",69457.415,"13","130230 JUTAI",0,0,27656,15.5240592532039,15.5240592537528,-3.85270942861786e-06,"108","Not significant"
"130240","1302405","Lábrea","AM",68262.68,"13","130240 LABREA",0.494353220543261,0.222222222222222,48927,15.5240592532039,15.5240592535141,0.125464651904688,"109","Low-High"
"130250","1302504","Manacapuru","AM",7336.579,"13","130250 MANACAPURU",1.3193542082654,1.22222222222222,110691,15.5240592532039,15.524059253341,0.334852668274516,"110","Not significant"
"130255","1302553","Manaquiri","AM",3973.258,"13","130255 MANAQUIRI",0.168100564481696,0.0555555555555556,17009,15.5240592532039,15.5240592540964,0.0426606340855271,"111","Not significant"
"130260","1302603","Manaus","AM",11401.092,"13","130260 MANAUS",2.03124101985684,40,2279686,15.5240592532039,15.5240592532106,0.515531927546463,"112","Not significant"
"130270","1302702","Manicoré","AM",48315.038,"13","130270 MANICORE",0.647288950691798,0.333333333333333,57758,15.5240592532039,15.5240592534667,0.164280252909253,"113","Not significant"
"130280","1302801","Maraã","AM",16830.827,"13","130280 MARAA",0,0,15843,15.5240592532039,15.524059254162,-3.85270942856707e-06,"114","Not significant"
"130290","1302900","Maués","AM",39991.066,"13","130290 MAUES",1.15958203688847,0.666666666666666,65714,15.5240592532039,15.5240592534349,0.294301955567241,"115","Not significant"
"130300","1303007","Nhamundá","AM",14107.04,"13","130300 NHAMUNDA",0.790567983984234,0.166666666666667,21106,15.5240592532039,15.5240592539231,0.200644951876061,"116","Not significant"
"130310","1303106","Nova Olinda do Norte","AM",5578.132,"13","130310 NOVA OLINDA DO NORTE",0.303786246082343,0.111111111111111,28267,15.5240592532039,15.5240592537409,0.0770981149405906,"117","Not significant"
"130320","1303205","Novo Airão","AM",37776.77,"13","130320 NOVO AIRAO",0,0,16467,15.5240592532039,15.5240592541257,-3.85270942857158e-06,"118","Not significant"
"130330","1303304","Novo Aripuanã","AM",41179.656,"13","130330 NOVO ARIPUANA",0,0,24987,15.5240592532039,15.5240592538114,-3.85270942861058e-06,"119","Not significant"
"130340","1303403","Parintins","AM",5956.047,"13","130340 PARINTINS",2.18250466777914,2.38888888888889,101956,15.5240592532039,15.5240592533528,0.553923148474208,"120","Not significant"
"130350","1303502","Pauini","AM",41624.664,"13","130350 PAUINI",1.73266079579237,0.333333333333333,20232,15.5240592532039,15.5240592539542,0.439751265725101,"121","Not significant"
"130353","1303536","Presidente Figueiredo","AM",25459.099,"13","130353 PRESIDENTE FIGUEIREDO",0.559675904851351,0.166666666666667,33004,15.5240592532039,15.5240592536638,0.142043768165265,"122","Not significant"
"130356","1303569","Rio Preto da Eva","AM",5815.622,"13","130356 RIO PRETO DA EVA",0.566373687302307,0.166666666666666,25723,15.5240592532039,15.524059253794,0.143743687803953,"123","Not significant"
"130360","1303601","Santa Isabel do Rio Negro","AM",62800.078,"13","130360 SANTA ISABEL DO RIO NEGRO",0.264726749049631,0.0555555555555556,14176,15.5240592532039,15.5240592542747,0.0671846836518785,"124","Not significant"
"130370","1303700","Santo Antônio do Içá","AM",12366.214,"13","130370 SANTO ANTONIO DO ICA",0.196775247248098,0.0555555555555556,30448,15.5240592532039,15.5240592537024,0.0499383646994326,"125","Low-Low"
"130380","1303809","São Gabriel da Cachoeira","AM",109192.562,"13","130380 SAO GABRIEL DA CACHOEIRA",0.628625415489558,0.277777777777778,56406,15.5240592532039,15.524059253473,0.159543385108364,"126","Not significant"
"130390","1303908","São Paulo de Olivença","AM",19658.502,"13","130390 SAO PAULO DE OLIVENCA",0,0,35196,15.5240592532039,15.5240592536352,-3.85270942863245e-06,"127","Not significant"
"130395","1303957","São Sebastião do Uatumã","AM",10647.463,"13","130395 SAO SEBASTIAO DO UATUMA",0,0,12247,15.5240592532039,15.5240592544434,-3.85270942853216e-06,"128","Not significant"
"130400","1304005","Silves","AM",3723.382,"13","130400 SILVES",0,0,12404,15.5240592532039,15.5240592544277,-3.85270942853411e-06,"129","Not significant"
"130406","1304062","Tabatinga","AM",3260.103,"13","130406 TABATINGA",0.959792137705816,0.611111111111111,72283,15.5240592532039,15.5240592534139,0.243594609390983,"130","Not significant"
"130410","1304104","Tapauá","AM",84946.035,"13","130410 TAPAUA",1.20163364383963,0.222222222222222,20501,15.5240592532039,15.5240592539443,0.304974794377765,"131","Not significant"
"130420","1304203","Tefé","AM",23692.223,"13","130420 TEFE",1.02960838643803,0.666666666666666,79278,15.5240592532039,15.5240592533954,0.261314207367258,"132","Not significant"
"130423","1304237","Tonantins","AM",6446.894,"13","130423 TONANTINS",0,0,20224,15.5240592532039,15.5240592539545,-3.85270942859283e-06,"133","Not significant"
"130426","1304260","Uarini","AM",10274.677,"13","130426 UARINI",0.549674043292328,0.0555555555555556,15278,15.5240592532039,15.5240592541975,0.139505262169556,"134","Not significant"
"130430","1304302","Urucará","AM",27901.962,"13","130430 URUCARA",0.647352646177127,0.111111111111111,19505,15.5240592532039,15.5240592539821,0.164296419034231,"135","Not significant"
"130440","1304401","Urucurituba","AM",2886.494,"13","130440 URUCURITUBA",0,0,25592,15.5240592532039,15.524059253797,-3.85270942861236e-06,"136","Not significant"
"140002","1400027","Amajari","RR",28473.45,"14","140002 AMAJARI",0.915647878064497,0.111111111111111,15583,15.5240592532039,15.524059254178,0.232390648301679,"137","Not significant"
"140005","1400050","Alto Alegre","RR",25454.297,"14","140005 ALTO ALEGRE",0,0,23049,15.5240592532039,15.5240592538625,-3.85270942860424e-06,"138","Not significant"
"140010","1400100","Boa Vista","RR",5687.037,"14","140010 BOA VISTA",0.302800962636841,1.05555555555556,470169,15.5240592532039,15.5240592532362,0.0768480467003678,"139","Not significant"
"140015","1400159","Bonfim","RR",8079.914,"14","140015 BONFIM",0,0,15222,15.5240592532039,15.5240592542011,-3.85270942856222e-06,"140","Not significant"
"140017","1400175","Cantá","RR",7664.831,"14","140017 CANTA",0,0,20552,15.5240592532039,15.5240592539425,-3.85270942859431e-06,"141","Not significant"
"140020","1400209","Caracaraí","RR",47379.903,"14","140020 CARACARAI",2.20104519377317,0.444444444444444,22443,15.5240592532039,15.5240592538803,0.558628796116181,"142","Not significant"
"140023","1400233","Caroebe","RR",12065.896,"14","140023 CAROEBE",1.56630929424328,0.111111111111111,11708,15.5240592532039,15.5240592545004,0.397530696958699,"143","Not significant"
"140028","1400282","Iracema","RR",14011.695,"14","140028 IRACEMA",0.638863334355517,0.0555555555555557,10778,15.5240592532039,15.5240592546123,0.162141803231586,"144","Not significant"
"140030","1400308","Mucajaí","RR",12337.851,"14","140030 MUCAJAI",2.58705555405485,0.444444444444444,19619,15.5240592532039,15.5240592539776,0.656599519590553,"145","Not significant"
"140040","1400407","Normandia","RR",6959.868,"14","140040 NORMANDIA",0,0,15744,15.5240592532039,15.5240592541681,-3.85270942856632e-06,"146","Not significant"
"140045","1400456","Pacaraima","RR",8025.045,"14","140045 PACARAIMA",0,0,22104,15.5240592532039,15.5240592538906,-3.85270942860075e-06,"147","Not significant"
"140047","1400472","Rorainópolis","RR",33579.739,"14","140047 RORAINOPOLIS",0.612686906934036,0.166666666666667,36747,15.5240592532039,15.524059253617,0.155498138204941,"148","Not significant"
"140050","1400506","São João da Baliza","RR",4284.505,"14","140050 SAO JOAO DA BALIZA",0.934492103541728,0.0555555555555557,9727,15.5240592532039,15.5240592547645,0.237173375895475,"149","Not significant"
"140060","1400605","São Luiz","RR",1526.898,"14","140060 SAO LUIZ",0,0,7777,15.5240592532039,15.5240592551558,-3.85270942844376e-06,"150","Not significant"
"140070","1400704","Uiramutã","RR",8113.598,"14","140070 UIRAMUTA",0.663349917081261,0.0555555555555556,15571,15.5240592532039,15.5240592541788,0.16835658001687,"151","Low-Low"
"150010","1500107","Abaetetuba","PA",1610.654,"15","150010 ABAETETUBA",3.01556362667585,4.55555555555556,170999,15.5240592532039,15.5240592532927,0.765356304941916,"152","Not significant"
"150013","1500131","Abel Figueiredo","PA",614.131,"15","150013 ABEL FIGUEIREDO",0,0,6302,15.5240592532039,15.5240592556126,-3.85270942838707e-06,"153","Low-Low"
"150020","1500206","Acará","PA",4344.384,"15","150020 ACARA",0.511556427362058,0.277777777777778,62701,15.5240592532039,15.524059253446,0.129830883466588,"154","Not significant"
"150030","1500305","Afuá","PA",8338.438,"15","150030 AFUA",5.82446362930148,2.16666666666667,40246,15.5240592532039,15.5240592535811,1.47826454198841,"155","High-High"
"150034","1500347","Água Azul do Norte","PA",7113.955,"15","150034 AGUA AZUL DO NORTE",0.552935454864678,0.111111111111111,17960,15.5240592532039,15.5240592540491,0.140333019360632,"156","Low-Low"
"150040","1500404","Alenquer","PA",23645.452,"15","150040 ALENQUER",0.58066422263709,0.388888888888889,74836,15.5240592532039,15.5240592534067,0.147370673580465,"157","Not significant"
"150050","1500503","Almeirim","PA",72954.798,"15","150050 ALMEIRIM",0.504757152328557,0.166666666666667,36334,15.5240592532039,15.5240592536217,0.128105204668873,"158","Not significant"
"150060","1500602","Altamira","PA",159533.306,"15","150060 ALTAMIRA",0.435944184228989,0.5,136982,15.5240592532039,15.5240592533147,0.110640242681869,"159","Low-Low"
"150070","1500701","Anajás","PA",6913.64,"15","150070 ANAJAS",0.612471359009131,0.166666666666667,30003,15.5240592532039,15.5240592537098,0.155443431418545,"160","Not significant"
"150080","1500800","Ananindeua","PA",190.581,"15","150080 ANANINDEUA",1.25202907309179,6.33333333333333,507838,15.5240592532039,15.5240592532338,0.317765323271691,"161","Not significant"
"150085","1500859","Anapu","PA",11895.27,"15","150085 ANAPU",0.235315157590561,0.0555555555555556,34947,15.5240592532039,15.5240592536383,0.0597199231433094,"162","Low-Low"
"150090","1500909","Augusto Corrêa","PA",1099.619,"15","150090 AUGUSTO CORREA",0.124190896310537,0.0555555555555555,47596,15.5240592532039,15.5240592535228,0.0315162131043267,"163","Not significant"
"150095","1500958","Aurora do Pará","PA",1811.84,"15","150095 AURORA DO PARA",0.607747493916109,0.166666666666667,24321,15.5240592532039,15.524059253828,0.154244498621353,"164","Not significant"
"150100","1501006","Aveiro","PA",17074.053,"15","150100 AVEIRO",0,0,19223,15.5240592532039,15.5240592539936,-3.85270942858798e-06,"165","Not significant"
"150110","1501105","Bagre","PA",4397.321,"15","150110 BAGRE",0.185129646291298,0.0555555555555556,34633,15.5240592532039,15.5240592536422,0.046982672136688,"166","Not significant"
"150120","1501204","Baião","PA",3759.834,"15","150120 BAIAO",0.405049424697692,0.222222222222222,55949,15.5240592532039,15.5240592534752,0.102799049142496,"167","Low-Low"
"150125","1501253","Bannach","PA",2956.649,"15","150125 BANNACH",0,0,4252,15.5240592532039,15.524059256774,-3.85270942824296e-06,"168","Not significant"
"150130","1501303","Barcarena","PA",1310.338,"15","150130 BARCARENA",0.480448590626791,0.555555555555555,137331,15.5240592532039,15.5240592533144,0.121935610219621,"169","Not significant"
"150140","1501402","Belém","PA",1059.466,"15","150140 BELEM",3.44991200496161,49.5,1398531,15.5240592532039,15.5240592532147,0.87559537943741,"170","Not significant"
"150145","1501451","Belterra","PA",4398.418,"15","150145 BELTERRA",0,0,18954,15.5240592532039,15.5240592540048,-3.85270942858659e-06,"171","Not significant"
"150150","1501501","Benevides","PA",187.826,"15","150150 BENEVIDES",1.87566110011071,1.11111111111111,68191,15.5240592532039,15.5240592534265,0.476045222354359,"172","Not significant"
"150157","1501576","Bom Jesus do Tocantins","PA",2816.604,"15","150157 BOM JESUS DO TOCANTINS",0,0,18958,15.5240592532039,15.5240592540046,-3.85270942858661e-06,"173","Low-Low"
"150160","1501600","Bonito","PA",586.976,"15","150160 BONITO",0,0,12998,15.5240592532039,15.5240592543718,-3.85270942854105e-06,"174","Not significant"
"150170","1501709","Bragança","PA",2124.734,"15","150170 BRAGANCA",3.52389161931906,4.16666666666667,131679,15.5240592532039,15.5240592533192,0.894371653563348,"175","Not significant"
"150172","1501725","Brasil Novo","PA",6362.575,"15","150172 BRASIL NOVO",0,0,26606,15.5240592532039,15.5240592537744,-3.85270942861517e-06,"176","Not significant"
"150175","1501758","Brejo Grande do Araguaia","PA",1288.477,"15","150175 BREJO GRANDE DO ARAGUAIA",0,0,6985,15.5240592532039,15.5240592553771,-3.85270942841629e-06,"177","Not significant"
"150178","1501782","Breu Branco","PA",3941.904,"15","150178 BREU BRANCO",0,0,47351,15.5240592532039,15.5240592535245,-3.85270942864619e-06,"178","Not significant"
"150180","1501808","Breves","PA",9566.572,"15","150180 BREVES",4.05701224739002,4.05555555555555,115051,15.5240592532039,15.5240592533358,1.02967945616984,"179","Not significant"
"150190","1501907","Bujaru","PA",994.691,"15","150190 BUJARU",0.392189160675977,0.111111111111111,25112,15.5240592532039,15.5240592538084,0.0995350710207304,"180","Not significant"
"150195","1501956","Cachoeira do Piriá","PA",2419.6,"15","150195 CACHOEIRA DO PIRIA",0,0,19578,15.5240592532039,15.5240592539792,-3.85270942858975e-06,"181","Not significant"
"150200","1502004","Cachoeira do Arari","PA",3100.261,"15","150200 CACHOEIRA DO ARARI",0.484144274993948,0.111111111111111,25243,15.5240592532039,15.5240592538052,0.122873587299261,"182","Not significant"
"150210","1502103","Cametá","PA",3081.367,"15","150210 CAMETA",1.26356869491536,1.66666666666667,143837,15.5240592532039,15.5240592533094,0.320694117974497,"183","Not significant"
"150215","1502152","Canaã dos Carajás","PA",3146.821,"15","150215 CANAA DOS CARAJAS",0.803628397167728,0.277777777777778,86629,15.5240592532039,15.5240592533791,0.203959728528512,"184","Not significant"
"150220","1502202","Capanema","PA",621.483,"15","150220 CAPANEMA",0.911657115925728,0.611111111111111,74808,15.5240592532039,15.5240592534068,0.231377779498235,"185","Low-Low"
"150230","1502301","Capitão Poço","PA",2901.026,"15","150230 CAPITAO POCO",0.107057899052966,0.0555555555555554,59960,15.5240592532039,15.5240592534571,0.0271678009647763,"186","Low-Low"
"150240","1502400","Castanhal","PA",1029.3,"15","150240 CASTANHAL",3.22306046635274,6.16666666666667,207603,15.5240592532039,15.524059253277,0.818019698452723,"187","Not significant"
"150250","1502509","Chaves","PA",12534.995,"15","150250 CHAVES",1.4566590847749,0.333333333333333,21487,15.5240592532039,15.5240592539104,0.369701106218716,"188","Not significant"
"150260","1502608","Colares","PA",384.068,"15","150260 COLARES",0,0,13526,15.5240592532039,15.5240592543262,-3.8527094285467e-06,"189","Not significant"
"150270","1502707","Conceição do Araguaia","PA",5829.482,"15","150270 CONCEICAO DO ARAGUAIA",0,0,47099,15.5240592532039,15.5240592535262,-3.85270942864597e-06,"190","Low-Low"
"150275","1502756","Concórdia do Pará","PA",700.59,"15","150275 CONCORDIA DO PARA",0.422004349387346,0.111111111111111,28287,15.5240592532039,15.5240592537405,0.107102265866498,"191","Not significant"
"150276","1502764","Cumaru do Norte","PA",17085.001,"15","150276 CUMARU DO NORTE",0,0,14937,15.5240592532039,15.5240592542202,-3.85270942855986e-06,"192","Low-Low"
"150277","1502772","Curionópolis","PA",2369.096,"15","150277 CURIONOPOLIS",0,0,20859,15.5240592532039,15.5240592539316,-3.85270942859566e-06,"193","Low-Low"
"150280","1502806","Curralinho","PA",3617.252,"15","150280 CURRALINHO",0.158757374280036,0.0555555555555556,36451,15.5240592532039,15.5240592536203,0.0402893010914546,"194","Not significant"
"150285","1502855","Curuá","PA",1431.134,"15","150285 CURUA",0.374515003071023,0.0555555555555555,14834,15.5240592532039,15.5240592542272,0.095049310569562,"195","Not significant"
"150290","1502905","Curuçá","PA",676.322,"15","150290 CURUCA",1.26445660074882,0.555555555555554,44413,15.5240592532039,15.5240592535457,0.32091947144915,"196","Not significant"
"150293","1502939","Dom Eliseu","PA",5268.809,"15","150293 DOM ELISEU",0,0,62322,15.5240592532039,15.5240592534475,-3.85270942865574e-06,"197","Low-Low"
"150295","1502954","Eldorado do Carajás","PA",2956.691,"15","150295 ELDORADO DOS CARAJAS",0,0,29425,15.5240592532039,15.5240592537198,-3.85270942862195e-06,"198","Low-Low"
"150300","1503002","Faro","PA",11771.669,"15","150300 FARO",0,0,9125,15.5240592532039,15.5240592548674,-3.85270942847954e-06,"199","Not significant"
"150304","1503044","Floresta do Araguaia","PA",3444.285,"15","150304 FLORESTA DO ARAGUAIA",0,0,18565,15.5240592532039,15.5240592540216,-3.8527094285845e-06,"200","Not significant"
"150307","1503077","Garrafão do Norte","PA",1608.014,"15","150307 GARRAFAO DO NORTE",0,0,25552,15.5240592532039,15.524059253798,-3.85270942861225e-06,"201","Not significant"
"150309","1503093","Goianésia do Pará","PA",7023.948,"15","150309 GOIANESIA DO PARA",0,0,27059,15.5240592532039,15.5240592537649,-3.85270942861635e-06,"202","Low-Low"
"150310","1503101","Gurupá","PA",8570.286,"15","150310 GURUPA",2.21500378742994,0.722222222222222,33922,15.5240592532039,15.5240592536514,0.562171533984326,"203","Not significant"
"150320","1503200","Igarapé-Açu","PA",785.983,"15","150320 IGARAPE-ACU",1.80026422820366,0.666666666666667,37855,15.5240592532039,15.5240592536049,0.456909243505696,"204","Not significant"
"150330","1503309","Igarapé-Miri","PA",1996.79,"15","150330 IGARAPE-MIRI",1.75298439489034,1.05555555555556,68955,15.5240592532039,15.524059253424,0.444909463315311,"205","Not significant"
"150340","1503408","Inhangapi","PA",472.605,"15","150340 INHANGAPI",17.3195254282679,1.83333333333333,10754,15.5240592532039,15.5240592546154,4.39574976177257,"206","Not significant"
"150345","1503457","Ipixuna do Pará","PA",5215.555,"15","150345 IPIXUNA DO PARA",0,0,30158,15.5240592532039,15.5240592537072,-3.85270942862351e-06,"207","Low-Low"
"150350","1503507","Irituia","PA",1385.209,"15","150350 IRITUIA",0,0,32698,15.5240592532039,15.5240592536681,-3.85270942862836e-06,"208","Not significant"
"150360","1503606","Itaituba","PA",62042.472,"15","150360 ITAITUBA",0.559416666119427,0.611111111111111,133684,15.5240592532039,15.5240592533174,0.141977972507631,"209","Not significant"
"150370","1503705","Itupiranga","PA",7880.109,"15","150370 ITUPIRANGA",0,0,52187,15.5240592532039,15.5240592534948,-3.85270942864987e-06,"210","Not significant"
"150375","1503754","Jacareacanga","PA",53304.563,"15","150375 JACAREACANGA",0,NA,26006,15.5240592532039,15.5240592537876,-3.85270942861353e-06,"211","Not significant"
"150380","1503804","Jacundá","PA",2008.315,"15","150380 JACUNDA",0.14733485972248,0.0555555555555555,38391,15.5240592532039,15.5240592535993,0.0373902286046261,"212","Low-Low"
"150390","1503903","Juruti","PA",8305.454,"15","150390 JURUTI",0.411424192042936,0.222222222222222,53952,15.5240592532039,15.5240592534852,0.104416986465076,"213","Not significant"
"150400","1504000","Limoeiro do Ajuru","PA",1490.186,"15","150400 LIMOEIRO DO AJURU",0.174823952280054,0.0555555555555555,31778,15.5240592532039,15.5240592536816,0.0443670524483952,"214","Not significant"
"150405","1504059","Mãe do Rio","PA",469.341,"15","150405 MAE DO RIO",0,0,37048,15.5240592532039,15.5240592536136,-3.85270942863512e-06,"215","Not significant"
"150410","1504109","Magalhães Barata","PA",323.984,"15","150410 MAGALHAES BARATA",7.4235914971479,0.611111111111111,8428,15.5240592532039,15.524059255005,1.88412855558138,"216","Not significant"
"150420","1504208","Marabá","PA",15128.058,"15","150420 MARABA",0.297369847652974,0.777777777777777,288513,15.5240592532039,15.5240592532565,0.0754696115104549,"217","Low-Low"
"150430","1504307","Maracanã","PA",807.628,"15","150430 MARACANA",0,0,27207,15.5240592532039,15.5240592537618,-3.85270942861673e-06,"218","Not significant"
"150440","1504406","Marapanim","PA",804.625,"15","150440 MARAPANIM",2.9651902129049,0.833333333333333,28105,15.5240592532039,15.524059253744,0.752571363646991,"219","Not significant"
"150442","1504422","Marituba","PA",103.214,"15","150442 MARITUBA",4.61474906203382,5.5,118998,15.5240592532039,15.5240592533315,1.17123492945103,"220","Not significant"
"150445","1504455","Medicilândia","PA",8272.629,"15","150445 MEDICILANDIA",0,0,28633,15.5240592532039,15.524059253734,-3.85270942862018e-06,"221","Not significant"
"150450","1504505","Melgaço","PA",6774.065,"15","150450 MELGACO",0.186140707483601,0.0555555555555556,29846,15.5240592532039,15.5240592537125,0.0472392828566078,"222","Not significant"
"150460","1504604","Mocajuba","PA",871.171,"15","150460 MOCAJUBA",0,0,28821,15.5240592532039,15.5240592537306,-3.85270942862061e-06,"223","Not significant"
"150470","1504703","Moju","PA",9094.139,"15","150470 MOJU",0.661400214670526,0.5,90795,15.5240592532039,15.5240592533711,0.167861739013336,"224","Not significant"
"150475","1504752","Mojuí dos Campos","PA",4988.236,"15",NA,0,NA,25312,15.5240592532039,15.5240592538036,-3.85270942861155e-06,"225","Not significant"
"150480","1504802","Monte Alegre","PA",18152.559,"15","150480 MONTE ALEGRE",0.290197884108337,0.166666666666667,63641,15.5240592532039,15.5240592534424,0.0736493431195071,"226","Not significant"
"150490","1504901","Muaná","PA",3763.337,"15","150490 MUANA",0.253129374794574,0.111111111111111,48955,15.5240592532039,15.524059253514,0.0642412311892457,"227","Not significant"
"150495","1504950","Nova Esperança do Piriá","PA",2808.195,"15","150495 NOVA ESPERANCA DO PIRIA",0.461789248622713,0.111111111111111,21259,15.5240592532039,15.5240592539179,0.117199806664213,"228","Low-Low"
"150497","1504976","Nova Ipixuna","PA",1564.184,"15","150497 NOVA IPIXUNA",0,0,14417,15.5240592532039,15.5240592542568,-3.85270942855531e-06,"229","Not significant"
"150500","1505007","Nova Timboteua","PA",489.853,"15","150500 NOVA TIMBOTEUA",0.424477044281445,0.0555555555555555,13204,15.5240592532039,15.5240592543535,0.107729844117803,"230","Not significant"
"150503","1505031","Novo Progresso","PA",38162.002,"15","150503 NOVO PROGRESSO",0.221592898390792,0.0555555555555555,36518,15.5240592532039,15.5240592536196,0.056237167756773,"231","Not significant"
"150506","1505064","Novo Repartimento","PA",15398.723,"15","150506 NOVO REPARTIMENTO",0.442976435618566,0.277777777777778,63754,15.5240592532039,15.524059253442,0.112425051658594,"232","Low-Low"
"150510","1505106","Óbidos","PA",28011.041,"15","150510 OBIDOS",1.92281015893155,1,55271,15.5240592532039,15.5240592534785,0.488011811541996,"233","Not significant"
"150520","1505205","Oeiras do Pará","PA",3852.291,"15","150520 OEIRAS DO PARA",0.522708888440939,0.166666666666667,36377,15.5240592532039,15.5240592536212,0.13266141547451,"234","Not significant"
"150530","1505304","Oriximiná","PA",107613.838,"15","150530 ORIXIMINA",2.96917310743405,2,72460,15.5240592532039,15.5240592534134,0.753582235638525,"235","Not significant"
"150540","1505403","Ourém","PA",561.71,"15","150540 OUREM",0,0,18675,15.5240592532039,15.5240592540167,-3.8527094285851e-06,"236","Low-Low"
"150543","1505437","Ourilândia do Norte","PA",14410.567,"15","150543 OURILANDIA DO NORTE",0,0,34905,15.5240592532039,15.5240592536388,-3.852709428632e-06,"237","Low-Low"
"150548","1505486","Pacajá","PA",11832.323,"15","150548 PACAJA",0.132417007640461,0.0555555555555555,43594,15.5240592532039,15.5240592535521,0.033604027736554,"238","Not significant"
"150549","1505494","Palestina do Pará","PA",984.362,"15","150549 PALESTINA DO PARA",0,0,7086,15.5240592532039,15.5240592553461,-3.85270942842014e-06,"239","Not significant"
"150550","1505502","Paragominas","PA",19342.565,"15","150550 PARAGOMINAS",0.330941439888739,0.333333333333333,112843,15.5240592532039,15.5240592533384,0.0839901941631435,"240","Low-Low"
"150553","1505536","Parauapebas","PA",6885.794,"15","150553 PARAUAPEBAS",0.139557948909664,0.277777777777778,298854,15.5240592532039,15.5240592532547,0.0354164225698801,"241","Not significant"
"150555","1505551","Pau D'Arco","PA",1671.419,"15","150555 PAU D'ARCO",1.86741363211952,0.111111111111111,7296,15.5240592532039,15.5240592552845,0.473951987301507,"242","Not significant"
"150560","1505601","Peixe-Boi","PA",450.224,"15","150560 PEIXE-BOI",0,0,8651,15.5240592532039,15.5240592549586,-3.85270942846823e-06,"243","Not significant"
"150563","1505635","Piçarra","PA",3312.708,"15","150563 PICARRA",0,0,13341,15.5240592532039,15.5240592543417,-3.85270942854477e-06,"244","Not significant"
"150565","1505650","Placas","PA",7173.194,"15","150565 PLACAS",0.477969257521699,0.111111111111111,18772,15.5240592532039,15.5240592540125,0.121306347163249,"245","Not significant"
"150570","1505700","Ponta de Pedras","PA",3363.749,"15","150570 PONTA DE PEDRAS",1.71944419704402,0.499999999999999,25767,15.5240592532039,15.524059253793,0.436396848658546,"246","Not significant"
"150580","1505809","Portel","PA",25384.96,"15","150580 PORTEL",0.378771010531491,0.222222222222222,66898,15.5240592532039,15.5240592534308,0.0961294995330551,"247","Low-Low"
"150590","1505908","Porto de Moz","PA",17423.017,"15","150590 PORTO DE MOZ",0,0,43673,15.5240592532039,15.5240592535515,-3.85270942864284e-06,"248","Not significant"
"150600","1506005","Prainha","PA",14786.953,"15","150600 PRAINHA",0.189803742929811,0.0555555555555556,38318,15.5240592532039,15.5240592536,0.0481689735327657,"249","Not significant"
"150610","1506104","Primavera","PA",258.6,"15","150610 PRIMAVERA",0.514784614117453,0.0555555555555556,11332,15.5240592532039,15.5240592545435,0.130650208082471,"250","Not significant"
"150611","1506112","Quatipuru","PA",302.939,"15","150611 QUATIPURU",0,0,11870,15.5240592532039,15.5240592544827,-3.85270942852728e-06,"251","Not significant"
"150613","1506138","Redenção","PA",3823.809,"15","150613 REDENCAO",0.166055181344369,0.111111111111111,91947,15.5240592532039,15.524059253369,0.0421415089894503,"252","Not significant"
"150616","1506161","Rio Maria","PA",4114.627,"15","150616 RIO MARIA",0.608668106556536,0.111111111111111,19129,15.5240592532039,15.5240592539974,0.154478153194855,"253","Not significant"
"150618","1506187","Rondon do Pará","PA",8246.394,"15","150618 RONDON DO PARA",0,0,56593,15.5240592532039,15.5240592534721,-3.85270942865268e-06,"254","Low-Low"
"150619","1506195","Rurópolis","PA",7021.321,"15","150619 RUROPOLIS",0,0,37360,15.5240592532039,15.5240592536102,-3.85270942863555e-06,"255","Not significant"
"150620","1506203","Salinópolis","PA",226.12,"15","150620 SALINOPOLIS",0.143624920647231,0.0555555555555555,48168,15.5240592532039,15.524059253519,0.0364486336304463,"256","Not significant"
"150630","1506302","Salvaterra","PA",918.563,"15","150630 SALVATERRA",0.240541892776046,0.0555555555555556,25441,15.5240592532039,15.5240592538006,0.0610464860548562,"257","Not significant"
"150635","1506351","Santa Bárbara do Pará","PA",278.154,"15","150635 SANTA BARBARA DO PARA",1.11080350198652,0.222222222222222,22288,15.5240592532039,15.524059253885,0.281921799882757,"258","Not significant"
"150640","1506401","Santa Cruz do Arari","PA",1076.652,"15","150640 SANTA CRUZ DO ARARI",1.35323977955666,0.111111111111111,7654,15.5240592532039,15.5240592551872,0.34345293984383,"259","Not significant"
"150650","1506500","Santa Izabel do Pará","PA",717.662,"15","150650 SANTA IZABEL DO PARA",1.92609351465559,1.27777777777778,78317,15.5240592532039,15.5240592533977,0.488845138232957,"260","Not significant"
"150655","1506559","Santa Luzia do Pará","PA",1346.502,"15","150655 SANTA LUZIA DO PARA",0.272732231495118,0.0555555555555556,21217,15.5240592532039,15.5240592539194,0.0692165019343872,"261","Not significant"
"150658","1506583","Santa Maria das Barreiras","PA",10330.214,"15","150658 SANTA MARIA DAS BARREIRAS",0.259012334167353,0.0555555555555555,17079,15.5240592532039,15.5240592540927,0.0657343459985137,"262","Low-Low"
"150660","1506609","Santa Maria do Pará","PA",457.724,"15","150660 SANTA MARIA DO PARA",0.704522039567758,0.166666666666667,25696,15.5240592532039,15.5240592537946,0.178806202728898,"263","Not significant"
"150670","1506708","Santana do Araguaia","PA",11591.441,"15","150670 SANTANA DO ARAGUAIA",0.268065915330002,0.111111111111111,31683,15.5240592532039,15.524059253683,0.0680321752491342,"264","Low-Low"
"150680","1506807","Santarém","PA",17898.389,"15","150680 SANTAREM",1.90902671021646,5.66666666666667,357311,15.5240592532039,15.5240592532464,0.484513526054914,"265","Not significant"
"150690","1506906","Santarém Novo","PA",229.51,"15","150690 SANTAREM NOVO",0,0,6348,15.5240592532039,15.5240592555952,-3.85270942838923e-06,"266","Not significant"
"150700","1507003","Santo Antônio do Tauá","PA",537.618,"15","150700 SANTO ANTONIO DO TAUA",0.250928435210278,0.0555555555555555,29134,15.5240592532039,15.5240592537249,0.0636826253440201,"267","Not significant"
"150710","1507102","São Caetano de Odivelas","PA",464.166,"15","150710 SAO CAETANO DE ODIVELAS",0.322098536384251,0.0555555555555555,17248,15.5240592532039,15.524059254084,0.0817458356073067,"268","Not significant"
"150715","1507151","São Domingos do Araguaia","PA",1392.464,"15","150715 SAO DOMINGOS DO ARAGUAIA",0.780598493719217,0.166666666666667,21638,15.5240592532039,15.5240592539054,0.198114661825822,"269","Low-Low"
"150720","1507201","São Domingos do Capim","PA",1686.765,"15","150720 SAO DOMINGOS DO CAPIM",2.314863020844,0.722222222222222,32449,15.5240592532039,15.5240592536717,0.587516142186455,"270","Not significant"
"150730","1507300","São Félix do Xingu","PA",84212.903,"15","150730 SAO FELIX DO XINGU",0.0684510486016133,0.0555555555555554,65957,15.5240592532039,15.524059253434,0.0173692528969163,"271","Low-Low"
"150740","1507409","São Francisco do Pará","PA",479.441,"15","150740 SAO FRANCISCO DO PARA",4.66565792276798,0.722222222222222,15418,15.5240592532039,15.5240592541884,1.18415576893658,"272","Not significant"
"150745","1507458","São Geraldo do Araguaia","PA",3168.384,"15","150745 SAO GERALDO DO ARAGUAIA",0,0,24978,15.5240592532039,15.5240592538116,-3.85270942861055e-06,"273","Low-Low"
"150746","1507466","São João da Ponta","PA",195.918,"15","150746 SAO JOAO DA PONTA",13.8502593710643,0.777777777777776,4509,15.5240592532039,15.5240592565705,3.51523840610369,"274","Not significant"
"150747","1507474","São João de Pirabas","PA",668.434,"15","150747 SAO JOAO DE PIRABAS",1.8077647129902,0.388888888888889,21447,15.5240592532039,15.5240592539117,0.458812891684158,"275","High-Low"
"150750","1507508","São João do Araguaia","PA",1279.889,"15","150750 SAO JOAO DO ARAGUAIA",0,0,14246,15.5240592532039,15.5240592542694,-3.85270942855374e-06,"276","Not significant"
"150760","1507607","São Miguel do Guamá","PA",1094.564,"15","150760 SAO MIGUEL DO GUAMA",0.0952468035172739,0.0555555555555555,55798,15.5240592532039,15.5240592534759,0.0241701053229857,"277","Not significant"
"150770","1507706","São Sebastião da Boa Vista","PA",1632.251,"15","150770 SAO SEBASTIAO DA BOA VISTA",0.202454559074216,0.0555555555555555,27441,15.5240592532039,15.5240592537571,0.0513797930797881,"278","Not significant"
"150775","1507755","Sapucaia","PA",1298.19,"15","150775 SAPUCAIA",0,0,6160,15.5240592532039,15.5240592556682,-3.85270942838018e-06,"279","Not significant"
"150780","1507805","Senador José Porfírio","PA",14419.916,"15","150780 SENADOR JOSE PORFIRIO",0,0,24441,15.5240592532039,15.524059253825,-3.8527094286089e-06,"280","Low-Low"
"150790","1507904","Soure","PA",2857.349,"15","150790 SOURE",0.982212548093342,0.222222222222222,25218,15.5240592532039,15.5240592538058,0.249284984705054,"281","Not significant"
"150795","1507953","Tailândia","PA",4430.477,"15","150795 TAILANDIA",0.475446633446143,0.388888888888889,75526,15.5240592532039,15.5240592534049,0.12066609671855,"282","Not significant"
"150796","1507961","Terra Alta","PA",204.97,"15","150796 TERRA ALTA",3.18161669706905,0.333333333333333,10815,15.5240592532039,15.5240592546075,0.807501130840219,"283","Not significant"
"150797","1507979","Terra Santa","PA",1895.883,"15","150797 TERRA SANTA",0,0,19667,15.5240592532039,15.5240592539757,-3.85270942859019e-06,"284","Not significant"
"150800","1508001","Tomé-Açu","PA",5145.361,"15","150800 TOME-ACU",0.09189419669769,0.0555555555555555,72326,15.5240592532039,15.5240592534138,0.0233192024731419,"285","Not significant"
"150803","1508035","Tracuateua","PA",868.025,"15","150803 TRACUATEUA",0,0,30373,15.5240592532039,15.5240592537037,-3.85270942862395e-06,"286","Not significant"
"150805","1508050","Trairão","PA",11991.085,"15","150805 TRAIRAO",1.17026816695046,0.222222222222222,15619,15.5240592532039,15.5240592541758,0.297014131193437,"287","Not significant"
"150808","1508084","Tucumã","PA",2512.594,"15","150808 TUCUMA",0.142234966475218,0.0555555555555555,42480,15.5240592532039,15.5240592535612,0.0360958586019411,"288","Not significant"
"150810","1508100","Tucuruí","PA",2084.289,"15","150810 TUCURUI",0.218641533308891,0.222222222222222,96238,15.5240592532039,15.5240592533616,0.0554881014054698,"289","Not significant"
"150812","1508126","Ulianópolis","PA",5088.468,"15","150812 ULIANOPOLIS",0,0,39576,15.5240592532039,15.5240592535875,-3.85270942863837e-06,"290","Not significant"
"150815","1508159","Uruará","PA",10791.406,"15","150815 URUARA",0.496182448763918,0.222222222222222,45939,15.5240592532039,15.5240592535343,0.125928916159204,"291","Not significant"
"150820","1508209","Vigia","PA",401.589,"15","150820 VIGIA",1.99255440384481,1,53806,15.5240592532039,15.524059253486,0.505713134707324,"292","Not significant"
"150830","1508308","Viseu","PA",4972.897,"15","150830 VISEU",0.185654451671814,0.111111111111111,61970,15.5240592532039,15.5240592534488,0.0471158695018822,"293","Not significant"
"150835","1508357","Vitória do Xingu","PA",3089.537,"15","150835 VITORIA DO XINGU",0,0,16414,15.5240592532039,15.5240592541287,-3.85270942857121e-06,"294","Low-Low"
"150840","1508407","Xinguara","PA",3779.348,"15","150840 XINGUARA",0.236124235915944,0.111111111111111,56999,15.5240592532039,15.5240592534702,0.0599252699349211,"295","Low-Low"
"160005","1600055","Serra do Navio","AP",7713.046,"16","160005 SERRA DO NAVIO",3.38538767443458,0.166666666666667,4986,15.5240592532039,15.5240592562484,0.859218887958026,"296","Not significant"
"160010","1600105","Amapá","AP",8454.847,"16","160010 AMAPA",0,0,8434,15.5240592532039,15.5240592550037,-3.85270942846263e-06,"297","Not significant"
"160015","1600154","Pedra Branca do Amapari","AP",9622.29,"16","160015 PEDRA BRANCA DO AMAPARI",7.35593635006483,0.888888888888889,13798,15.5240592532039,15.524059254304,1.8669574524916,"298","Not significant"
"160020","1600204","Calçoene","AP",14117.297,"16","160020 CALCOENE",2.18825085612939,0.222222222222222,11391,15.5240592532039,15.5240592545365,0.555381550319513,"299","Not significant"
"160021","1600212","Cutias","AP",2179.114,"16","160021 CUTIAS",0,0,4725,15.5240592532039,15.5240592564166,-3.85270942828731e-06,"300","Not significant"
"160023","1600238","Ferreira Gomes","AP",4973.855,"16","160023 FERREIRA GOMES",1.47825714562984,0.111111111111111,7145,15.5240592532039,15.5240592553284,0.375182766450544,"301","Not significant"
"160025","1600253","Itaubal","AP",1622.867,"16","160025 ITAUBAL",5.20283850977713,0.277777777777778,6043,15.5240592532039,15.5240592557159,1.32049400266372,"302","Not significant"
"160027","1600279","Laranjal do Jari","AP",30782.998,"16","160027 LARANJAL DO JARI",1.15148574385796,0.5,37969,15.5240592532039,15.5240592536037,0.292247089252974,"303","Not significant"
"160030","1600303","Macapá","AP",6563.849,"16","160030 MACAPA",9.29031469074148,39.6111111111111,487200,15.5240592532039,15.524059253235,2.35790916011854,"304","Not significant"
"160040","1600402","Mazagão","AP",13294.778,"16","160040 MAZAGAO",5.67140371612683,1.05555555555556,23575,15.5240592532039,15.5240592538478,1.43941742290348,"305","High-High"
"160050","1600501","Oiapoque","AP",23034.392,"16","160050 OIAPOQUE",4.6653713732515,1.16666666666667,30481,15.5240592532039,15.5240592537019,1.18408304172724,"306","Not significant"
"160053","1600535","Porto Grande","AP",4428.013,"16","160053 PORTO GRANDE",1.82804431517598,0.333333333333333,18988,15.5240592532039,15.5240592540033,0.463959922701602,"307","High-High"
"160055","1600550","Pracuúba","AP",4948.508,"16","160055 PRACUUBA",0,0,4042,15.5240592532039,15.5240592569594,-3.85270942821995e-06,"308","Not significant"
"160060","1600600","Santana","AP",1541.224,"16","160060 SANTANA",13.7920681575469,15.0555555555556,118353,15.5240592532039,15.5240592533322,3.50046928140278,"309","Not significant"
"160070","1600709","Tartarugalzinho","AP",6684.705,"16","160070 TARTARUGALZINHO",1.1668217475757,0.166666666666667,13785,15.5240592532039,15.5240592543051,0.296139418401339,"310","Not significant"
"160080","1600808","Vitória do Jari","AP",2508.979,"16","160080 VITORIA DO JARI",1.28284474872698,0.166666666666667,11922,15.5240592532039,15.5240592544772,0.325586445039565,"311","Not significant"
"170025","1700251","Abreulândia","TO",1906.295,"17","170025 ABREULANDIA",0,0,2668,15.5240592532039,15.5240592588935,-3.85270942797995e-06,"312","Not significant"
"170030","1700301","Aguiarnópolis","TO",236.792,"17","170030 AGUIARNOPOLIS",0,0,4537,15.5240592532039,15.5240592565497,-3.85270942827079e-06,"313","Low-Low"
"170035","1700350","Aliança do Tocantins","TO",1580.999,"17","170035 ALIANCA DO TOCANTINS",0,0,5222,15.5240592532039,15.5240592561108,-3.85270942832525e-06,"314","Not significant"
"170040","1700400","Almas","TO",4007.152,"17","170040 ALMAS",0,0,6542,15.5240592532039,15.5240592555243,-3.85270942839803e-06,"315","Low-Low"
"170070","1700707","Alvorada","TO",1207.201,"17","170070 ALVORADA",0.659256622232772,0.0555555555555557,9094,15.5240592532039,15.5240592548731,0.167317688058486,"316","Not significant"
"170100","1701002","Ananás","TO",1581.058,"17","170100 ANANAS",0.581794486915444,0.0555555555555558,10662,15.5240592532039,15.5240592546276,0.147657538437536,"317","Low-Low"
"170105","1701051","Angico","TO",447.549,"17","170105 ANGICO",0,0,2918,15.5240592532039,15.524059258406,-3.85270942804044e-06,"318","Low-Low"
"170110","1701101","Aparecida do Rio Negro","TO",1159.034,"17","170110 APARECIDA DO RIO NEGRO",0,0,5067,15.5240592532039,15.5240592561997,-3.85270942831422e-06,"319","Not significant"
"170130","1701309","Aragominas","TO",1168.213,"17","170130 ARAGOMINAS",1.91179171948929,0.111111111111111,5360,15.5240592532039,15.524059256036,0.485215294634021,"320","Not significant"
"170190","1701903","Araguacema","TO",2774.505,"17","170190 ARAGUACEMA",0.791840871658433,0.0555555555555557,6039,15.5240592532039,15.5240592557175,0.200968015023306,"321","Not significant"
"170200","1702000","Araguaçu","TO",5155.223,"17","170200 ARAGUACU",0,0,8273,15.5240592532039,15.5240592550388,-3.85270942845828e-06,"322","Not significant"
"170210","1702109","Araguaína","TO",4004.646,"17","170210 ARAGUAINA",0.266893155939525,0.444444444444445,181493,15.5240592532039,15.5240592532875,0.0677345249852069,"323","Not significant"
"170215","1702158","Araguanã","TO",834.834,"17","170215 ARAGUANA",0,0,4338,15.5240592532039,15.5240592567032,-3.85270942825175e-06,"324","Not significant"
"170220","1702208","Araguatins","TO",2633.278,"17","170220 ARAGUATINS",0,0,33205,15.5240592532039,15.524059253661,-3.85270942862924e-06,"325","Low-Low"
"170230","1702307","Arapoema","TO",1558.138,"17","170230 ARAPOEMA",0,0,5553,15.5240592532039,15.5240592559375,-3.85270942834675e-06,"326","Low-Low"
"170240","1702406","Arraias","TO",5803.085,"17","170240 ARRAIAS",0,0,10522,15.5240592532039,15.5240592546466,-3.85270942850695e-06,"327","Low-Low"
"170255","1702554","Augustinópolis","TO",388.81,"17","170255 AUGUSTINOPOLIS",0.307123420617809,0.0555555555555556,18128,15.5240592532039,15.5240592540413,0.0779451010242765,"328","Low-Low"
"170270","1702703","Aurora do Tocantins","TO",696.194,"17","170270 AURORA DO TOCANTINS",0,0,3420,15.5240592532039,15.5240592576425,-3.85270942813519e-06,"329","Low-Low"
"170290","1702901","Axixá do Tocantins","TO",153.539,"17","170290 AXIXA DO TOCANTINS",0,0,10663,15.5240592532039,15.5240592546275,-3.85270942850931e-06,"330","Low-Low"
"170300","1703008","Babaçulândia","TO",1790.297,"17","170300 BABACULANDIA",0,0,7779,15.5240592532039,15.5240592551553,-3.85270942844382e-06,"331","Not significant"
"170305","1703057","Bandeirantes do Tocantins","TO",1540.541,"17","170305 BANDEIRANTES DO TOCANTINS",0,0,3534,15.5240592532039,15.5240592574993,-3.85270942815296e-06,"332","Low-Low"
"170307","1703073","Barra do Ouro","TO",1105.84,"17","170307 BARRA DO OURO",0,0,4641,15.5240592532039,15.5240592564747,-3.85270942828009e-06,"333","Not significant"
"170310","1703107","Barrolândia","TO",697.759,"17","170310 BARROLANDIA",0,0,4915,15.5240592532039,15.5240592562924,-3.85270942830272e-06,"334","Not significant"
"170320","1703206","Bernardo Sayão","TO",924.045,"17","170320 BERNARDO SAYAO",0,0,4316,15.5240592532039,15.524059256721,-3.85270942824953e-06,"335","Low-Low"
"170330","1703305","Bom Jesus do Tocantins","TO",1326.947,"17","170330 BOM JESUS DO TOCANTINS",1.13517686055487,0.0555555555555554,4181,15.5240592532039,15.5240592568346,0.288107839967755,"336","Not significant"
"170360","1703602","Brasilândia do Tocantins","TO",645.908,"17","170360 BRASILANDIA DO TOCANTINS",2.52410520470493,0.0555555555555556,2016,15.5240592532039,15.5240592607336,0.640622509755391,"337","Not significant"
"170370","1703701","Brejinho de Nazaré","TO",1722.59,"17","170370 BREJINHO DE NAZARE",0,0,4796,15.5240592532039,15.524059256369,-3.85270942829321e-06,"338","Low-Low"
"170380","1703800","Buriti do Tocantins","TO",252.73,"17","170380 BURITI DO TOCANTINS",0,0,10654,15.5240592532039,15.5240592546287,-3.85270942850916e-06,"339","Low-Low"
"170382","1703826","Cachoeirinha","TO",351.535,"17","170382 CACHOEIRINHA",0,0,1991,15.5240592532039,15.5240592608281,-3.85270942773988e-06,"340","Not significant"
"170384","1703842","Campos Lindos","TO",3234.445,"17","170384 CAMPOS LINDOS",0,0,8951,15.5240592532039,15.5240592548998,-3.85270942847553e-06,"341","Low-High"
"170386","1703867","Cariri do Tocantins","TO",1126.291,"17","170386 CARIRI DO TOCANTINS",0,0,4147,15.5240592532039,15.5240592568643,-3.85270942823175e-06,"342","Low-Low"
"170388","1703883","Carmolândia","TO",339.366,"17","170388 CARMOLANDIA",0,0,2246,15.5240592532039,15.5240592599625,-3.8527094278473e-06,"343","Not significant"
"170389","1703891","Carrasco Bonito","TO",190.352,"17","170389 CARRASCO BONITO",0,0,3362,15.5240592532039,15.524059257719,-3.85270942812569e-06,"344","Not significant"
"170390","1703909","Caseara","TO",1680.014,"17","170390 CASEARA",0,0,5009,15.5240592532039,15.5240592562344,-3.85270942830991e-06,"345","Not significant"
"170410","1704105","Centenário","TO",1953.134,"17","170410 CENTENARIO",2.60701809270556,0.0555555555555555,2135,15.5240592532039,15.5240592603139,0.661666078686219,"346","High-High"
"170460","1704600","Chapada de Areia","TO",658.564,"17","170460 CHAPADA DE AREIA",3.55441814175019,0.0555555555555555,1563,15.5240592532039,15.5240592629159,0.902119387012874,"347","Not significant"
"170510","1705102","Chapada da Natividade","TO",1640.833,"17","170510 CHAPADA DA NATIVIDADE",0,0,3182,15.5240592532039,15.5240592579744,-3.852709428094e-06,"348","Not significant"
"170550","1705508","Colinas do Tocantins","TO",842.488,"17","170550 COLINAS DO TOCANTINS",0.509913241883233,0.166666666666667,35957,15.5240592532039,15.5240592536261,0.129413837482794,"349","Not significant"
"170555","1705557","Combinado","TO",208.791,"17","170555 COMBINADO",0,0,4896,15.5240592532039,15.5240592563044,-3.85270942830123e-06,"350","Not significant"
"170560","1705607","Conceição do Tocantins","TO",2530.647,"17","170560 CONCEICAO DO TOCANTINS",0,0,3956,15.5240592532039,15.5240592570411,-3.85270942820982e-06,"351","Not significant"
"170600","1706001","Couto Magalhães","TO",1584.196,"17","170600 COUTO MAGALHAES",1.04212259530211,0.0555555555555555,5515,15.5240592532039,15.5240592559564,0.264490355507045,"352","Not significant"
"170610","1706100","Cristalândia","TO",1850.75,"17","170610 CRISTALANDIA",0.768615876529544,0.0555555555555555,6437,15.5240592532039,15.5240592555621,0.195073433402902,"353","Low-Low"
"170625","1706258","Crixás do Tocantins","TO",983.766,"17","170625 CRIXAS DO TOCANTINS",0,0,1499,15.5240592532039,15.5240592633306,-3.85270942742936e-06,"354","Low-Low"
"170650","1706506","Darcinópolis","TO",1641.77,"17","170650 DARCINOPOLIS",0,0,6054,15.5240592532039,15.5240592557113,-3.85270942837482e-06,"355","Low-Low"
"170700","1707009","Dianópolis","TO",3318.094,"17","170700 DIANOPOLIS",0.25093976943654,0.0555555555555556,18031,15.5240592532039,15.5240592540458,0.0636855020079835,"356","Low-Low"
"170710","1707108","Divinópolis do Tocantins","TO",2358.282,"17","170710 DIVINOPOLIS DO TOCANTINS",0.786348981678067,0.0555555555555554,7297,15.5240592532039,15.5240592552842,0.19957415493849,"357","Not significant"
"170720","1707207","Dois Irmãos do Tocantins","TO",3747.645,"17","170720 DOIS IRMAOS DO TOCANTINS",0.761661030375044,0.0555555555555557,6395,15.5240592532039,15.5240592555776,0.193308270133898,"358","Not significant"
"170730","1707306","Dueré","TO",3420.657,"17","170730 DUERE",0,0,4321,15.5240592532039,15.5240592567169,-3.85270942825004e-06,"359","Low-Low"
"170740","1707405","Esperantina","TO",506.175,"17","170740 ESPERANTINA",0.741432744635733,0.0555555555555555,7493,15.5240592532039,15.5240592552298,0.188174263403612,"360","Low-Low"
"170755","1707553","Fátima","TO",380.373,"17","170755 FATIMA",0,0,3520,15.5240592532039,15.5240592575164,-3.85270942815084e-06,"361","Not significant"
"170765","1707652","Figueirópolis","TO",1935.709,"17","170765 FIGUEIROPOLIS",0,0,5336,15.5240592532039,15.5240592560487,-3.85270942833296e-06,"362","Not significant"
"170770","1707702","Filadélfia","TO",1991.258,"17","170770 FILADELFIA",0.627321088025694,0.0555555555555555,7823,15.5240592532039,15.5240592551443,0.159212342416915,"363","Not significant"
"170820","1708205","Formoso do Araguaia","TO",13431.861,"17","170820 FORMOSO DO ARAGUAIA",0,0,19428,15.5240592532039,15.5240592539852,-3.85270942858901e-06,"364","Low-Low"
"170825","1708254","Tabocão","TO",624.463,"17","170825 FORTALEZA DO TABOCAO",0,0,3676,15.5240592532039,15.5240592573334,-3.85270942817355e-06,"365","Not significant"
"170830","1708304","Goianorte","TO",1797.229,"17","170830 GOIANORTE",1.08591781773956,0.0555555555555557,4840,15.5240592532039,15.5240592563402,0.275605729773877,"366","Not significant"
"170900","1709005","Goiatins","TO",6414.846,"17","170900 GOIATINS",0,0,12816,15.5240592532039,15.5240592543883,-3.85270942853899e-06,"367","Not significant"
"170930","1709302","Guaraí","TO",2106.753,"17","170930 GUARAI",0.882536280359599,0.222222222222222,25681,15.5240592532039,15.524059253795,0.223986813805775,"368","Not significant"
"170950","1709500","Gurupi","TO",1844.164,"17","170950 GURUPI",0.131545467522067,0.111111111111111,89574,15.5240592532039,15.5240592533734,0.033382827932999,"369","Low-Low"
"170980","1709807","Ipueiras","TO",821.152,"17","170980 IPUEIRAS",0,0,1627,15.5240592532039,15.5240592625339,-3.85270942752822e-06,"370","Not significant"
"171050","1710508","Itacajá","TO",3047.204,"17","171050 ITACAJA",0,0,6969,15.5240592532039,15.5240592553821,-3.85270942841568e-06,"371","Low-High"
"171070","1710706","Itaguatins","TO",730.163,"17","171070 ITAGUATINS",0,0,5206,15.5240592532039,15.5240592561197,-3.85270942832414e-06,"372","Low-Low"
"171090","1710904","Itapiratins","TO",1246.349,"17","171090 ITAPIRATINS",0,0,3679,15.5240592532039,15.52405925733,-3.85270942817397e-06,"373","Not significant"
"171110","1711100","Itaporã do Tocantins","TO",969.794,"17","171110 ITAPORA DO TOCANTINS",0,0,2464,15.5240592532039,15.5240592593646,-3.8527094279215e-06,"374","Not significant"
"171150","1711506","Jaú do Tocantins","TO",2167.201,"17","171150 JAU DO TOCANTINS",0,0,3403,15.5240592532039,15.5240592576646,-3.85270942813244e-06,"375","Not significant"
"171180","1711803","Juarina","TO",483.452,"17","171180 JUARINA",0,0,2305,15.5240592532039,15.5240592597895,-3.85270942786877e-06,"376","Not significant"
"171190","1711902","Lagoa da Confusão","TO",10563.181,"17","171190 LAGOA DA CONFUSAO",0,0,16312,15.5240592532039,15.5240592541345,-3.85270942857049e-06,"377","Low-Low"
"171195","1711951","Lagoa do Tocantins","TO",917.632,"17","171195 LAGOA DO TOCANTINS",0,0,3610,15.5240592532039,15.5240592574088,-3.85270942816418e-06,"378","Not significant"
"171200","1712009","Lajeado","TO",318.292,"17","171200 LAJEADO",0,0,3520,15.5240592532039,15.5240592575164,-3.85270942815084e-06,"379","Not significant"
"171215","1712157","Lavandeira","TO",468.006,"17","171215 LAVANDEIRA",0,0,1673,15.5240592532039,15.5240592622774,-3.85270942756005e-06,"380","Not significant"
"171240","1712405","Lizarda","TO",5716.641,"17","171240 LIZARDA",0,0,2991,15.5240592532039,15.5240592582791,-3.85270942805619e-06,"381","Low-High"
"171245","1712454","Luzinópolis","TO",281.543,"17","171245 LUZINOPOLIS",0,0,2803,15.5240592532039,15.5240592586195,-3.85270942801395e-06,"382","Not significant"
"171250","1712504","Marianópolis do Tocantins","TO",2089.575,"17","171250 MARIANOPOLIS DO TOCANTINS",0,0,4772,15.5240592532039,15.5240592563849,-3.85270942829124e-06,"383","Not significant"
"171270","1712702","Mateiros","TO",9589.273,"17","171270 MATEIROS",0,0,2888,15.5240592532039,15.5240592584601,-3.85270942803373e-06,"384","Low-Low"
"171280","1712801","Maurilândia do Tocantins","TO",736.303,"17","171280 MAURILANDIA DO TOCANTINS",0,0,3171,15.5240592532039,15.524059257991,-3.85270942809194e-06,"385","Low-Low"
"171320","1713205","Miracema do Tocantins","TO",2663.745,"17","171320 MIRACEMA DO TOCANTINS",0.276162228739651,0.0555555555555555,18787,15.5240592532039,15.5240592540119,0.0700870467333473,"386","Not significant"
"171330","1713304","Miranorte","TO",1033.301,"17","171330 MIRANORTE",0.409973843668774,0.0555555555555556,13056,15.5240592532039,15.5240592543666,0.104048883182699,"387","Not significant"
"171360","1713601","Monte do Carmo","TO",3601.205,"17","171360 MONTE DO CARMO",0,0,5722,15.5240592532039,15.5240592558568,-3.85270942835677e-06,"388","Not significant"
"171370","1713700","Monte Santo do Tocantins","TO",1072.92,"17","171370 MONTE SANTO DO TOCANTINS",2.40396172892928,0.0555555555555556,2500,15.5240592532039,15.5240592592759,0.610129692877447,"389","Not significant"
"171380","1713809","Palmeiras do Tocantins","TO",743.407,"17","171380 PALMEIRAS DO TOCANTINS",0,0,4897,15.5240592532039,15.5240592563037,-3.85270942830131e-06,"390","Low-Low"
"171395","1713957","Muricilândia","TO",1194.368,"17","171395 MURICILANDIA",1.61828009191831,0.0555555555555556,3485,15.5240592532039,15.5240592575597,0.410721059591535,"391","Not significant"
"171420","1714203","Natividade","TO",3241.672,"17","171420 NATIVIDADE",1.23938268379989,0.111111111111111,8961,15.5240592532039,15.5240592548979,0.314555627257517,"392","Low-Low"
"171430","1714302","Nazaré","TO",395.997,"17","171430 NAZARE",0,0,4660,15.5240592532039,15.5240592564614,-3.85270942828175e-06,"393","Low-Low"
"171488","1714880","Nova Olinda","TO",1567.834,"17","171488 NOVA OLINDA",0,0,10609,15.5240592532039,15.5240592546347,-3.85270942850841e-06,"394","Not significant"
"171500","1715002","Nova Rosalândia","TO",514.791,"17","171500 NOVA ROSALANDIA",0,0,3403,15.5240592532039,15.5240592576646,-3.85270942813244e-06,"395","Not significant"
"171510","1715101","Novo Acordo","TO",2678.262,"17","171510 NOVO ACORDO",0,0,4102,15.5240592532039,15.5240592569045,-3.85270942822676e-06,"396","Low-Low"
"171515","1715150","Novo Alegre","TO",200.412,"17","171515 NOVO ALEGRE",0,0,1841,15.5240592532039,15.5240592614494,-3.8527094276628e-06,"397","Not significant"
"171525","1715259","Novo Jardim","TO",1213.893,"17","171525 NOVO JARDIM",0,0,2263,15.5240592532039,15.5240592599118,-3.8527094278536e-06,"398","Not significant"
"171550","1715507","Oliveira de Fátima","TO",209.292,"17","171550 OLIVEIRA DE FATIMA",0,0,1211,15.5240592532039,15.5240592657389,-3.85270942713052e-06,"399","Not significant"
"171570","1715705","Palmeirante","TO",2638.465,"17","171570 PALMEIRANTE",2.20899258188866,0.111111111111111,4909,15.5240592532039,15.5240592562961,0.560645869818593,"400","Not significant"
"171575","1715754","Palmeirópolis","TO",1708.981,"17","171575 PALMEIROPOLIS",0.725363044203622,0.0555555555555554,7119,15.5240592532039,15.5240592553362,0.184095719562432,"401","Not significant"
"171610","1716109","Paraíso do Tocantins","TO",1292.267,"17","171610 PARAISO DO TOCANTINS",0.333759046661119,0.166666666666667,55164,15.5240592532039,15.5240592534791,0.0847053122071707,"402","Not significant"
"171620","1716208","Paranã","TO",11217.373,"17","171620 PARANA",0,0,10854,15.5240592532039,15.5240592546024,-3.85270942851242e-06,"403","Not significant"
"171630","1716307","Pau D'Arco","TO",1375.551,"17","171630 PAU D'ARCO",0,0,4085,15.5240592532039,15.5240592569199,-3.85270942822485e-06,"404","Low-Low"
"171650","1716505","Pedro Afonso","TO",2019.556,"17","171650 PEDRO AFONSO",0.395272540416617,0.0555555555555556,14731,15.5240592532039,15.5240592542344,0.100317643134059,"405","Not significant"
"171660","1716604","Peixe","TO",5303.612,"17","171660 PEIXE",0.955958970241,0.111111111111111,9438,15.5240592532039,15.5240592548123,0.2426217386274,"406","Low-Low"
"171665","1716653","Pequizeiro","TO",1206.118,"17","171665 PEQUIZEIRO",0,0,5038,15.5240592532039,15.524059256217,-3.85270942831208e-06,"407","Not significant"
"171670","1716703","Colméia","TO",1161.03,"17","171670 COLMEIA",0.647425190019294,0.0555555555555557,9158,15.5240592532039,15.5240592548614,0.164314830899911,"408","Not significant"
"171700","1717008","Pindorama do Tocantins","TO",1560.551,"17","171700 PINDORAMA DO TOCANTINS",0,0,4596,15.5240592532039,15.5240592565067,-3.85270942827612e-06,"409","Not significant"
"171720","1717206","Piraquê","TO",1363.412,"17","171720 PIRAQUE",0,0,2265,15.5240592532039,15.5240592599058,-3.85270942785433e-06,"410","Low-Low"
"171750","1717503","Pium","TO",10003.549,"17","171750 PIUM",0,0,7375,15.5240592532039,15.5240592552622,-3.85270942843056e-06,"411","Not significant"
"171780","1717800","Ponte Alta do Bom Jesus","TO",1718.791,"17","171780 PONTE ALTA DO BOM JESUS",1.20746697577821,0.0555555555555555,4295,15.5240592532039,15.5240592567382,0.306455313551495,"412","Low-Low"
"171790","1717909","Ponte Alta do Tocantins","TO",6542.838,"17","171790 PONTE ALTA DO TOCANTINS",0,0,7842,15.5240592532039,15.5240592551396,-3.85270942844577e-06,"413","Low-Low"
"171800","1718006","Porto Alegre do Tocantins","TO",506.717,"17","171800 PORTO ALEGRE DO TOCANTINS",0,0,2953,15.5240592532039,15.5240592583444,-3.85270942804809e-06,"414","Not significant"
"171820","1718204","Porto Nacional","TO",4434.68,"17","171820 PORTO NACIONAL",0.9635212597369,0.555555555555556,68555,15.5240592532039,15.5240592534253,0.244541073063671,"415","Low-Low"
"171830","1718303","Praia Norte","TO",300.999,"17","171830 PRAIA NORTE",0,0,9460,15.5240592532039,15.5240592548085,-3.85270942848685e-06,"416","Low-Low"
"171840","1718402","Presidente Kennedy","TO",771.716,"17","171840 PRESIDENTE KENNEDY",0,0,3051,15.5240592532039,15.5240592581793,-3.85270942806858e-06,"417","Not significant"
"171845","1718451","Pugmil","TO",401.174,"17","171845 PUGMIL",0,0,2231,15.5240592532039,15.524059260008,-3.85270942784166e-06,"418","Not significant"
"171850","1718501","Recursolândia","TO",2215.669,"17","171850 RECURSOLANDIA",32.6413165519282,1.16666666666667,3471,15.5240592532039,15.5240592575772,8.28447171188761,"419","Not significant"
"171855","1718550","Riachinho","TO",512.156,"17","171855 RIACHINHO",0,0,4039,15.5240592532039,15.5240592569622,-3.8527094282196e-06,"420","Not significant"
"171865","1718659","Rio da Conceição","TO",845.823,"17","171865 RIO DA CONCEICAO",0,0,1822,15.5240592532039,15.5240592615353,-3.85270942765213e-06,"421","Low-Low"
"171870","1718709","Rio dos Bois","TO",847.255,"17","171870 RIO DOS BOIS",0,0,2833,15.5240592532039,15.5240592585621,-3.85270942802107e-06,"422","Not significant"
"171875","1718758","Rio Sono","TO",6346.279,"17","171875 RIO SONO",0,0,4798,15.5240592532039,15.5240592563677,-3.85270942829338e-06,"423","Not significant"
"171880","1718808","Sampaio","TO",222.435,"17","171880 SAMPAIO",0,0,4372,15.5240592532039,15.524059256676,-3.85270942825512e-06,"424","Low-Low"
"171884","1718840","Sandolândia","TO",3535.135,"17","171884 SANDOLANDIA",0,0,3873,15.5240592532039,15.5240592571233,-3.85270942819961e-06,"425","Low-Low"
"171886","1718865","Santa Fé do Araguaia","TO",1671.239,"17","171886 SANTA FE DO ARAGUAIA",0,0,7489,15.5240592532039,15.5240592552309,-3.85270942843444e-06,"426","Not significant"
"171888","1718881","Santa Maria do Tocantins","TO",1412.318,"17","171888 SANTA MARIA DO TOCANTINS",1.76759642238484,0.0555555555555555,2726,15.5240592532039,15.5240592587725,0.448618044800635,"427","Not significant"
"171889","1718899","Santa Rita do Tocantins","TO",3281.219,"17","171889 SANTA RITA DO TOCANTINS",0,0,2291,15.5240592532039,15.5240592598298,-3.85270942786377e-06,"428","Low-Low"
"171890","1718907","Santa Rosa do Tocantins","TO",1804.687,"17","171890 SANTA ROSA DO TOCANTINS",0,0,4789,15.5240592532039,15.5240592563736,-3.85270942829264e-06,"429","Low-Low"
"171900","1719004","Santa Tereza do Tocantins","TO",539.511,"17","171900 SANTA TEREZA DO TOCANTINS",0,0,2889,15.5240592532039,15.5240592584583,-3.85270942803396e-06,"430","Low-Low"
"172000","1720002","Santa Terezinha do Tocantins","TO",274.104,"17","172000 SANTA TEREZINHA DO TOCANTINS",0,0,2463,15.5240592532039,15.5240592593671,-3.85270942792119e-06,"431","Low-Low"
"172010","1720101","São Bento do Tocantins","TO",1099.58,"17","172010 SAO BENTO DO TOCANTINS",0,0,5936,15.5240592532039,15.5240592557612,-3.85270942836864e-06,"432","Low-Low"
"172015","1720150","São Félix do Tocantins","TO",1913.11,"17","172015 SAO FELIX DO TOCANTINS",0,0,1875,15.5240592532039,15.5240592612998,-3.85270942768135e-06,"433","Low-Low"
"172020","1720200","São Miguel do Tocantins","TO",406.957,"17","172020 SAO MIGUEL DO TOCANTINS",0,0,13939,15.5240592532039,15.5240592542929,-3.85270942855083e-06,"434","Not significant"
"172025","1720259","São Salvador do Tocantins","TO",1424.753,"17","172025 SAO SALVADOR DO TOCANTINS",0,0,2385,15.5240592532039,15.5240592595686,-3.85270942789618e-06,"435","Not significant"
"172030","1720309","São Sebastião do Tocantins","TO",289.597,"17","172030 SAO SEBASTIAO DO TOCANTINS",0,0,4189,15.5240592532039,15.5240592568276,-3.8527094282363e-06,"436","Not significant"
"172049","1720499","São Valério","TO",2520.465,"17","172049 SAO VALERIO",0,0,4547,15.5240592532039,15.5240592565423,-3.8527094282717e-06,"437","Not significant"
"172065","1720655","Silvanópolis","TO",1258.771,"17","172065 SILVANOPOLIS",1.05820105820106,0.0555555555555554,5252,15.5240592532039,15.5240592560942,0.268571123289763,"438","Low-Low"
"172080","1720804","Sítio Novo do Tocantins","TO",307.095,"17","172080 SITIO NOVO DO TOCANTINS",0.597564327799889,0.0555555555555557,11334,15.5240592532039,15.5240592545432,0.151659976920151,"439","Low-Low"
"172085","1720853","Sucupira","TO",1018.222,"17","172085 SUCUPIRA",0,0,1599,15.5240592532039,15.5240592626973,-3.85270942750795e-06,"440","Not significant"
"172090","1720903","Taguatinga","TO",2341.919,"17","172090 TAGUATINGA",0,0,14247,15.5240592532039,15.5240592542694,-3.85270942855375e-06,"441","Not significant"
"172093","1720937","Taipas do Tocantins","TO",1105.303,"17","172093 TAIPAS DO TOCANTINS",0,0,2086,15.5240592532039,15.5240592604809,-3.85270942778297e-06,"442","Not significant"
"172097","1720978","Talismã","TO",2155.503,"17","172097 TALISMA",2.26203402099168,0.0555555555555556,2509,15.5240592532039,15.5240592592541,0.574107964819993,"443","Not significant"
"172100","1721000","Palmas","TO",2227.329,"17","172100 PALMAS",0.158602322973697,0.444444444444444,323625,15.5240592532039,15.5240592532508,0.0402499485506004,"444","Low-Low"
"172110","1721109","Tocantínia","TO",2609.775,"17","172110 TOCANTINIA",0.743616056157883,0.0555555555555555,7751,15.5240592532039,15.5240592551623,0.188728395187517,"445","Low-Low"
"172120","1721208","Tocantinópolis","TO",1083.6,"17","172120 TOCANTINOPOLIS",0.24318474745264,0.0555555555555556,23203,15.5240592532039,15.5240592538581,0.0617172514314035,"446","Low-Low"
"172125","1721257","Tupirama","TO",706.883,"17","172125 TUPIRAMA",0,0,2003,15.5240592532039,15.5240592607825,-3.85270942774555e-06,"447","Not significant"
"172130","1721307","Tupiratins","TO",889.126,"17","172130 TUPIRATINS",0,0,1897,15.5240592532039,15.5240592612059,-3.852709427693e-06,"448","Not significant"
"172208","1722081","Wanderlândia","TO",1365.431,"17","172208 WANDERLANDIA",0,0,10751,15.5240592532039,15.5240592546158,-3.85270942851076e-06,"449","Low-Low"
"172210","1722107","Xambioá","TO",1190.489,"17","172210 XAMBIOA",0.528245274846017,0.0555555555555556,10683,15.5240592532039,15.5240592546248,0.134066568899632,"450","Low-Low"
"210005","2100055","Açailândia","MA",5805.159,"21","210005 ACAILANDIA",0.153329450504869,0.166666666666666,110506,15.5240592532039,15.5240592533413,0.038911675841424,"451","Low-Low"
"210010","2100105","Afonso Cunha","MA",371.338,"21","210010 AFONSO CUNHA",0,0,6296,15.5240592532039,15.5240592556149,-3.85270942838678e-06,"452","Not significant"
"210015","2100154","Água Doce do Maranhão","MA",442.292,"21","210015 AGUA DOCE DO MARANHAO",0,0,12446,15.5240592532039,15.5240592544236,-3.85270942853462e-06,"453","Low-Low"
"210020","2100204","Alcântara","MA",1167.964,"21","210020 ALCANTARA",0.252881585668695,0.0555555555555556,18774,15.5240592532039,15.5240592540125,0.0641783414773938,"454","Not significant"
"210030","2100303","Aldeias Altas","MA",1942.121,"21","210030 ALDEIAS ALTAS",0.233603378839272,0.0555555555555556,23782,15.5240592532039,15.5240592538422,0.0592854679573796,"455","Not significant"
"210040","2100402","Altamira do Maranhão","MA",524.374,"21","210040 ALTAMIRA DO MARANHAO",0.730321487518806,0.0555555555555555,6565,15.5240592532039,15.5240592555161,0.185354189097067,"456","Not significant"
"210043","2100436","Alto Alegre do Maranhão","MA",392.75,"21","210043 ALTO ALEGRE DO MARANHAO",0,0,24543,15.5240592532039,15.5240592538224,-3.85270942860922e-06,"457","Not significant"
"210047","2100477","Alto Alegre do Pindaré","MA",1875.901,"21","210047 ALTO ALEGRE DO PINDARE",0.394577141705679,0.111111111111111,26411,15.5240592532039,15.5240592537786,0.100141148611484,"458","Not significant"
"210050","2100501","Alto Parnaíba","MA",11127.384,"21","210050 ALTO PARNAIBA",0,0,11382,15.5240592532039,15.5240592545376,-3.85270942852047e-06,"459","Not significant"
"210055","2100550","Amapá do Maranhão","MA",502.402,"21","210055 AMAPA DO MARANHAO",0,0,7364,15.5240592532039,15.5240592552653,-3.85270942843017e-06,"460","Low-Low"
"210060","2100600","Amarante do Maranhão","MA",7439.615,"21","210060 AMARANTE DO MARANHAO",0,0,38333,15.5240592532039,15.5240592535999,-3.85270942863683e-06,"461","Low-Low"
"210070","2100709","Anajatuba","MA",940.489,"21","210070 ANAJATUBA",0.439330635843229,0.111111111111111,26221,15.5240592532039,15.5240592537828,0.111499735452426,"462","Not significant"
"210080","2100808","Anapurus","MA",608.903,"21","210080 ANAPURUS",0,0,14111,15.5240592532039,15.5240592542796,-3.85270942855248e-06,"463","Not significant"
"210083","2100832","Apicum-Açu","MA",341.12,"21","210083 APICUM-ACU",0,0,17984,15.5240592532039,15.524059254048,-3.85270942858123e-06,"464","Not significant"
"210087","2100873","Araguanã","MA",805.194,"21","210087 ARAGUANA",0,0,11347,15.5240592532039,15.5240592545417,-3.85270942851996e-06,"465","Not significant"
"210090","2100907","Araioses","MA",1789.73,"21","210090 ARAIOSES",0,0,40278,15.5240592532039,15.5240592535808,-3.8527094286392e-06,"466","Low-Low"
"210095","2100956","Arame","MA",2976.039,"21","210095 ARAME",0.200229062046982,0.0555555555555555,26191,15.5240592532039,15.5240592537835,0.0508149544736139,"467","Low-Low"
"210100","2101004","Arari","MA",1100.275,"21","210100 ARARI",0.560236961864794,0.166666666666667,30521,15.5240592532039,15.5240592537012,0.142186166315959,"468","Not significant"
"210110","2101103","Axixá","MA",160.462,"21","210110 AXIXA",0.460049317286813,0.0555555555555556,12079,15.5240592532039,15.5240592544606,0.116758206256284,"469","Not significant"
"210120","2101202","Bacabal","MA",1656.736,"21","210120 BACABAL",0.702654951927322,0.722222222222222,107620,15.5240592532039,15.5240592533449,0.178332329629229,"470","Not significant"
"210125","2101251","Bacabeira","MA",542.962,"21","210125 BACABEIRA",1.06556570934612,0.166666666666667,17414,15.5240592532039,15.5240592540756,0.270440296456625,"471","Not significant"
"210130","2101301","Bacuri","MA",850.491,"21","210130 BACURI",0,0,16610,15.5240592532039,15.5240592541178,-3.85270942857256e-06,"472","Not significant"
"210135","2101350","Bacurituba","MA",413.651,"21","210135 BACURITUBA",0,0,5374,15.5240592532039,15.5240592560286,-3.85270942833545e-06,"473","Not significant"
"210140","2101400","Balsas","MA",13141.162,"21","210140 BALSAS",0.303991113823359,0.277777777777777,106094,15.5240592532039,15.524059253347,0.0771501110610252,"474","Not significant"
"210150","2101509","Barão de Grajaú","MA",2209.414,"21","210150 BARAO DE GRAJAU",0.580347648215642,0.111111111111111,19458,15.5240592532039,15.524059253984,0.147290325928297,"475","Not significant"
"210160","2101608","Barra do Corda","MA",5187.673,"21","210160 BARRA DO CORDA",0.777890273775488,0.666666666666666,87672,15.5240592532039,15.524059253377,0.197427306528597,"476","Not significant"
"210170","2101707","Barreirinhas","MA",3046.308,"21","210170 BARREIRINHAS",0.110334357236168,0.0555555555555555,67999,15.5240592532039,15.5240592534271,0.0279993770355046,"477","Not significant"
"210173","2101731","Belágua","MA",569.606,"21","210173 BELAGUA",0,0,8716,15.5240592532039,15.5240592549455,-3.85270942846985e-06,"478","Low-Low"
"210177","2101772","Bela Vista do Maranhão","MA",147.954,"21","210177 BELA VISTA DO MARANHAO",0.498792921130863,0.0555555555555556,12073,15.5240592532039,15.5240592544612,0.126591462793347,"479","Not significant"
"210180","2101806","Benedito Leite","MA",1784.64,"21","210180 BENEDITO LEITE",0,0,5597,15.5240592532039,15.524059255916,-3.85270942834942e-06,"480","Low-Low"
"210190","2101905","Bequimão","MA",790.222,"21","210190 BEQUIMAO",1.11457652683946,0.222222222222222,19983,15.5240592532039,15.5240592539635,0.282879406238172,"481","Not significant"
"210193","2101939","Bernardo do Mearim","MA",247.186,"21","210193 BERNARDO DO MEARIM",0,0,5983,15.5240592532039,15.5240592557411,-3.85270942837113e-06,"482","Not significant"
"210197","2101970","Boa Vista do Gurupi","MA",400.35,"21","210197 BOA VISTA DO GURUPI",2.05185540876128,0.166666666666667,7769,15.5240592532039,15.5240592551578,0.520763928524247,"483","High-Low"
"210200","2102002","Bom Jardim","MA",6588.38,"21","210200 BOM JARDIM",0.275380109134341,0.111111111111111,34035,15.5240592532039,15.5240592536499,0.0698885421564066,"484","Low-Low"
"210203","2102036","Bom Jesus das Selvas","MA",2676.98,"21","210203 BOM JESUS DAS SELVAS",0,0,29588,15.5240592532039,15.5240592537169,-3.8527094286223e-06,"485","Not significant"
"210207","2102077","Bom Lugar","MA",445.171,"21","210207 BOM LUGAR",0.454925938057284,0.0555555555555556,12414,15.5240592532039,15.5240592544267,0.115457875432685,"486","Not significant"
"210210","2102101","Brejo","MA",1073.258,"21","210210 BREJO",0.162824019799401,0.0555555555555555,35322,15.5240592532039,15.5240592536336,0.041321429357028,"487","Not significant"
"210215","2102150","Brejo de Areia","MA",986.036,"21","210215 BREJO DE AREIA",0,0,9387,15.5240592532039,15.524059254821,-3.8527094284853e-06,"488","Not significant"
"210220","2102200","Buriti","MA",1475.779,"21","210220 BURITI",0.360762073804705,0.111111111111111,30799,15.5240592532039,15.5240592536968,0.0915587710189155,"489","Low-Low"
"210230","2102309","Buriti Bravo","MA",1582.552,"21","210230 BURITI BRAVO",0.2421776615325,0.0555555555555555,22940,15.5240592532039,15.5240592538656,0.0614616496487652,"490","Not significant"
"210232","2102325","Buriticupu","MA",2544.857,"21","210232 BURITICUPU",0,0,56896,15.5240592532039,15.5240592534707,-3.85270942865286e-06,"491","Not significant"
"210235","2102358","Buritirana","MA",820.968,"21","210235 BURITIRANA",0,0,13157,15.5240592532039,15.5240592543576,-3.8527094285428e-06,"492","Low-Low"
"210237","2102374","Cachoeira Grande","MA",707.236,"21","210237 CACHOEIRA GRANDE",0.639672487686306,0.0555555555555556,10004,15.5240592532039,15.5240592547213,0.16234716905892,"493","Not significant"
"210240","2102408","Cajapió","MA",545.244,"21","210240 CAJAPIO",0.537183867294097,0.0555555555555555,10342,15.5240592532039,15.5240592546717,0.136335213627872,"494","Not significant"
"210250","2102507","Cajari","MA",662.066,"21","210250 CAJARI",0.496696965181543,0.0555555555555556,16711,15.5240592532039,15.5240592541123,0.126059502148485,"495","Not significant"
"210255","2102556","Campestre do Maranhão","MA",613.529,"21","210255 CAMPESTRE DO MARANHAO",0.442567956309691,0.0555555555555555,12553,15.5240592532039,15.5240592544132,0.112321378237126,"496","Not significant"
"210260","2102606","Cândido Mendes","MA",1634.861,"21","210260 CANDIDO MENDES",0,0,20413,15.5240592532039,15.5240592539475,-3.85270942859369e-06,"497","Not significant"
"210270","2102705","Cantanhede","MA",773.01,"21","210270 CANTANHEDE",0.774070643118012,0.166666666666667,24976,15.5240592532039,15.5240592538117,0.196457871460273,"498","Not significant"
"210275","2102754","Capinzal do Norte","MA",590.267,"21","210275 CAPINZAL DO NORTE",0,0,11664,15.5240592532039,15.5240592545053,-3.85270942852447e-06,"499","Not significant"
"210280","2102804","Carolina","MA",6267.675,"21","210280 CAROLINA",0,0,24606,15.5240592532039,15.5240592538208,-3.85270942860941e-06,"500","Low-Low"
"210290","2102903","Carutapera","MA",1260.977,"21","210290 CARUTAPERA",0,0,24855,15.5240592532039,15.5240592538146,-3.85270942861018e-06,"501","Not significant"
"210300","2103000","Caxias","MA",5201.927,"21","210300 CAXIAS",0.314306377668027,0.5,163428,15.5240592532039,15.5240592532968,0.07976815960522,"502","Low-Low"
"210310","2103109","Cedral","MA",285.211,"21","210310 CEDRAL",0,0,10444,15.5240592532039,15.5240592546573,-3.85270942850561e-06,"503","Not significant"
"210312","2103125","Central do Maranhão","MA",319.538,"21","210312 CENTRAL DO MARANHAO",0.704394009833339,0.0555555555555554,7233,15.5240592532039,15.5240592553026,0.17877370834442,"504","Not significant"
"210315","2103158","Centro do Guilherme","MA",1167.848,"21","210315 CENTRO DO GUILHERME",0.448209403433284,0.0555555555555555,12668,15.5240592532039,15.5240592544022,0.113753196429143,"505","Not significant"
"210317","2103174","Centro Novo do Maranhão","MA",8401.003,"21","210317 CENTRO NOVO DO MARANHAO",0.595727130070581,0.111111111111111,16529,15.5240592532039,15.5240592541223,0.151193689979606,"506","Low-Low"
"210320","2103208","Chapadinha","MA",3247.385,"21","210320 CHAPADINHA",0.738079574569438,0.555555555555556,84202,15.5240592532039,15.5240592533842,0.187323217611002,"507","Low-Low"
"210325","2103257","Cidelândia","MA",1462.809,"21","210325 CIDELANDIA",0,0,13152,15.5240592532039,15.5240592543581,-3.85270942854274e-06,"508","Low-Low"
"210330","2103307","Codó","MA",4361.606,"21","210330 CODO",0.482367339387002,0.555555555555555,118295,15.5240592532039,15.5240592533322,0.122422595087194,"509","Not significant"
"210340","2103406","Coelho Neto","MA",977.079,"21","210340 COELHO NETO",0,0,42918,15.5240592532039,15.5240592535576,-3.85270942864208e-06,"510","Low-Low"
"210350","2103505","Colinas","MA",1978.695,"21","210350 COLINAS",1.12684868968262,0.444444444444444,41745,15.5240592532039,15.5240592535675,0.285994122311834,"511","Low-Low"
"210355","2103554","Conceição do Lago-Açu","MA",725.664,"21","210355 CONCEICAO DO LAGO-ACU",0,0,15264,15.5240592532039,15.5240592541984,-3.85270942856256e-06,"512","Not significant"
"210360","2103604","Coroatá","MA",2263.692,"21","210360 COROATA",0.346131159203061,0.222222222222222,61351,15.5240592532039,15.5240592534513,0.0878453958459294,"513","Not significant"
"210370","2103703","Cururupu","MA",1257.608,"21","210370 CURURUPU",0.328377274052603,0.111111111111111,32608,15.5240592532039,15.5240592536694,0.0833394002770835,"514","Not significant"
"210375","2103752","Davinópolis","MA",332.249,"21","210375 DAVINOPOLIS",0,0,14788,15.5240592532039,15.5240592542304,-3.85270942855859e-06,"515","Not significant"
"210380","2103802","Dom Pedro","MA",358.493,"21","210380 DOM PEDRO",0.251473635504054,0.0555555555555556,23579,15.5240592532039,15.5240592538477,0.0638209990060242,"516","Not significant"
"210390","2103901","Duque Bacelar","MA",317.494,"21","210390 DUQUE BACELAR",0,0,10448,15.5240592532039,15.5240592546568,-3.85270942850568e-06,"517","Not significant"
"210400","2104008","Esperantinópolis","MA",452.411,"21","210400 ESPERANTINOPOLIS",0.942372812473248,0.166666666666666,18725,15.5240592532039,15.5240592540146,0.239173526246809,"518","Not significant"
"210405","2104057","Estreito","MA",2720.266,"21","210405 ESTREITO",0.294165081442699,0.111111111111111,34353,15.5240592532039,15.5240592536458,0.0746562311018774,"519","Low-Low"
"210407","2104073","Feira Nova do Maranhão","MA",1625.822,"21","210407 FEIRA NOVA DO MARANHAO",0,0,8236,15.5240592532039,15.524059255047,-3.85270942845726e-06,"520","Low-Low"
"210408","2104081","Fernando Falcão","MA",5086.589,"21","210408 FERNANDO FALCAO",0,0,11184,15.5240592532039,15.5240592545612,-3.85270942851754e-06,"521","Not significant"
"210409","2104099","Formosa da Serra Negra","MA",3690.61,"21","210409 FORMOSA DA SERRA NEGRA",0,0,18133,15.5240592532039,15.524059254041,-3.85270942858209e-06,"522","Low-Low"
"210410","2104107","Fortaleza dos Nogueiras","MA",1853.406,"21","210410 FORTALEZA DOS NOGUEIRAS",0,0,12951,15.5240592532039,15.524059254376,-3.85270942854052e-06,"523","Low-Low"
"210420","2104206","Fortuna","MA",834.83,"21","210420 FORTUNA",0.72966131618404,0.111111111111111,17346,15.5240592532039,15.524059254079,0.185186635407767,"524","Not significant"
"210430","2104305","Godofredo Viana","MA",720.129,"21","210430 GODOFREDO VIANA",0,0,10422,15.5240592532039,15.5240592546604,-3.85270942850523e-06,"525","Low-Low"
"210440","2104404","Gonçalves Dias","MA",883.588,"21","210440 GONCALVES DIAS",0.619901311711178,0.111111111111112,17579,15.5240592532039,15.5240592540674,0.157329178320231,"526","Not significant"
"210450","2104503","Governador Archer","MA",445.856,"21","210450 GOVERNADOR ARCHER",3.80108385190977,0.388888888888889,10472,15.5240592532039,15.5240592546535,0.964723971396555,"527","Not significant"
"210455","2104552","Governador Edison Lobão","MA",615.957,"21","210455 GOVERNADOR EDISON LOBAO",0.302343159486017,0.0555555555555556,18908,15.5240592532039,15.5240592540067,0.0767318547240712,"528","Low-Low"
"210460","2104602","Governador Eugênio Barros","MA",647.989,"21","210460 GOVERNADOR EUGENIO BARROS",0,0,14258,15.5240592532039,15.5240592542685,-3.85270942855385e-06,"529","Not significant"
"210462","2104628","Governador Luiz Rocha","MA",401.587,"21","210462 GOVERNADOR LUIZ ROCHA",0,0,7219,15.5240592532039,15.5240592553067,-3.85270942842504e-06,"530","Not significant"
"210465","2104651","Governador Newton Bello","MA",1144.146,"21","210465 GOVERNADOR NEWTON BELLO",0,0,10981,15.5240592532039,15.5240592545863,-3.85270942851443e-06,"531","Not significant"
"210467","2104677","Governador Nunes Freire","MA",1037.13,"21","210467 GOVERNADOR NUNES FREIRE",0.440811332250349,0.111111111111111,23563,15.5240592532039,15.5240592538481,0.111875541164112,"532","Not significant"
"210470","2104701","Graça Aranha","MA",271.445,"21","210470 GRACA ARANHA",0,0,6161,15.5240592532039,15.5240592556678,-3.85270942838023e-06,"533","Not significant"
"210480","2104800","Grajaú","MA",8861.717,"21","210480 GRAJAU",0,0,76578,15.5240592532039,15.5240592534021,-3.85270942866137e-06,"534","Low-Low"
"210490","2104909","Guimarães","MA",478.857,"21","210490 GUIMARAES",0,0,10470,15.5240592532039,15.5240592546537,-3.85270942850606e-06,"535","Not significant"
"210500","2105005","Humberto de Campos","MA",1714.625,"21","210500 HUMBERTO DE CAMPOS",0,0,26546,15.5240592532039,15.5240592537757,-3.85270942861501e-06,"536","Not significant"
"210510","2105104","Icatu","MA",1124.445,"21","210510 ICATU",0.432661632989367,0.111111111111111,25332,15.5240592532039,15.5240592538031,0.109807120171291,"537","Not significant"
"210515","2105153","Igarapé do Meio","MA",368.685,"21","210515 IGARAPE DO MEIO",0,0,14350,15.5240592532039,15.5240592542617,-3.8527094285547e-06,"538","Not significant"
"210520","2105203","Igarapé Grande","MA",346.218,"21","210520 IGARAPE GRANDE",0,0,10463,15.5240592532039,15.5240592546547,-3.85270942850594e-06,"539","Not significant"
"210530","2105302","Imperatriz","MA",1369.039,"21","210530 IMPERATRIZ",0.0619236995230526,0.166666666666667,285146,15.5240592532039,15.5240592532571,0.0157125898189673,"540","Low-Low"
"210535","2105351","Itaipava do Grajaú","MA",1244.398,"21","210535 ITAIPAVA DO GRAJAU",0,0,14143,15.5240592532039,15.5240592542772,-3.85270942855278e-06,"541","Not significant"
"210540","2105401","Itapecuru Mirim","MA",1480.641,"21","210540 ITAPECURU MIRIM",0.623325869576354,0.388888888888889,62269,15.5240592532039,15.5240592534477,0.158198342589838,"542","Not significant"
"210542","2105427","Itinga do Maranhão","MA",3583.423,"21","210542 ITINGA DO MARANHAO",0,0,22934,15.5240592532039,15.5240592538658,-3.85270942860383e-06,"543","Not significant"
"210545","2105450","Jatobá","MA",591.616,"21","210545 JATOBA",0,0,7610,15.5240592532039,15.5240592551986,-3.85270942843844e-06,"544","Not significant"
"210547","2105476","Jenipapo dos Vieiras","MA",1962.362,"21","210547 JENIPAPO DOS VIEIRAS",0,0,17499,15.5240592532039,15.5240592540714,-3.85270942857832e-06,"545","Not significant"
"210550","2105500","João Lisboa","MA",1137.104,"21","210550 JOAO LISBOA",0.234639335876824,0.0555555555555556,25287,15.5240592532039,15.5240592538042,0.059548397326461,"546","Low-Low"
"210560","2105609","Joselândia","MA",703.081,"21","210560 JOSELANDIA",0.35997897722773,0.0555555555555556,15235,15.5240592532039,15.5240592542003,0.0913600184809926,"547","Not significant"
"210565","2105658","Junco do Maranhão","MA",568.499,"21","210565 JUNCO DO MARANHAO",0,0,5275,15.5240592532039,15.5240592560816,-3.85270942832888e-06,"548","Not significant"
"210570","2105708","Lago da Pedra","MA",1240.444,"21","210570 LAGO DA PEDRA",0.352979117278112,0.166666666666667,45875,15.5240592532039,15.5240592535348,0.0895834305618261,"549","Not significant"
"210580","2105807","Lago do Junco","MA",328.525,"21","210580 LAGO DO JUNCO",0,0,9700,15.5240592532039,15.5240592547688,-3.85270942849177e-06,"550","Not significant"
"210590","2105906","Lago Verde","MA",631.455,"21","210590 LAGO VERDE",0.720228538826966,0.111111111111111,15077,15.5240592532039,15.5240592542107,0.18279256489193,"551","Not significant"
"210592","2105922","Lagoa do Mato","MA",1512.985,"21","210592 LAGOA DO MATO",0,0,10809,15.5240592532039,15.5240592546083,-3.8527094285117e-06,"552","Not significant"
"210594","2105948","Lago dos Rodrigues","MA",220.776,"21","210594 LAGO DOS RODRIGUES",0.634340666311433,0.0555555555555553,8961,15.5240592532039,15.5240592548979,0.160993934919035,"553","Not significant"
"210596","2105963","Lagoa Grande do Maranhão","MA",744.199,"21","210596 LAGOA GRANDE DO MARANHAO",0,0,11710,15.5240592532039,15.5240592545002,-3.85270942852511e-06,"554","Not significant"
"210598","2105989","Lajeado Novo","MA",1063.619,"21","210598 LAJEADO NOVO",0,0,7227,15.5240592532039,15.5240592553043,-3.85270942842533e-06,"555","Low-Low"
"210600","2106003","Lima Campos","MA",321.932,"21","210600 LIMA CAMPOS",1.44703062322658,0.166666666666667,11558,15.5240592532039,15.5240592545173,0.367257370392724,"556","Not significant"
"210610","2106102","Loreto","MA",3597.231,"21","210610 LORETO",0,0,11876,15.5240592532039,15.5240592544821,-3.85270942852736e-06,"557","Low-Low"
"210620","2106201","Luís Domingues","MA",472.296,"21","210620 LUIS DOMINGUES",0,0,7351,15.5240592532039,15.5240592552689,-3.85270942842972e-06,"558","Low-Low"
"210630","2106300","Magalhães de Almeida","MA",434.433,"21","210630 MAGALHAES DE ALMEIDA",0,0,14001,15.5240592532039,15.5240592542881,-3.85270942855143e-06,"559","Low-Low"
"210632","2106326","Maracaçumé","MA",635.758,"21","210632 MARACACUME",0.262042146858901,0.0555555555555555,21686,15.5240592532039,15.5240592539039,0.0665033226169819,"560","Not significant"
"210635","2106359","Marajá do Sena","MA",1402.593,"21","210635 MARAJA DO SENA",0,0,7165,15.5240592532039,15.5240592553225,-3.85270942842307e-06,"561","Not significant"
"210637","2106375","Maranhãozinho","MA",760.947,"21","210637 MARANHAOZINHO",0,0,14086,15.5240592532039,15.5240592542815,-3.85270942855224e-06,"562","Not significant"
"210640","2106409","Mata Roma","MA",548.548,"21","210640 MATA ROMA",0,0,17537,15.5240592532039,15.5240592540695,-3.85270942857856e-06,"563","Not significant"
"210650","2106508","Matinha","MA",410.632,"21","210650 MATINHA",0,0,22530,15.5240592532039,15.5240592538777,-3.85270942860236e-06,"564","Not significant"
"210660","2106607","Matões","MA",2108.671,"21","210660 MATOES",0,0,33300,15.5240592532039,15.5240592536597,-3.8527094286294e-06,"565","Low-Low"
"210663","2106631","Matões do Norte","MA",794.454,"21","210663 MATOES DO NORTE",0,0,17945,15.5240592532039,15.5240592540498,-3.852709428581e-06,"566","Not significant"
"210667","2106672","Milagres do Maranhão","MA",634.818,"21","210667 MILAGRES DO MARANHAO",0,0,9048,15.5240592532039,15.5240592548816,-3.85270942847778e-06,"567","Not significant"
"210670","2106706","Mirador","MA",8522.351,"21","210670 MIRADOR",0,0,21518,15.5240592532039,15.5240592539093,-3.85270942859843e-06,"568","Low-Low"
"210675","2106755","Miranda do Norte","MA",341.107,"21","210675 MIRANDA DO NORTE",0.664354460556335,0.166666666666667,24377,15.5240592532039,15.5240592538266,0.168611536520322,"569","Not significant"
"210680","2106805","Mirinzal","MA",686.942,"21","210680 MIRINZAL",0.77695764971749,0.111111111111111,14297,15.5240592532039,15.5240592542656,0.197190603410559,"570","Low-Low"
"210690","2106904","Monção","MA",1245.548,"21","210690 MONCAO",0.170856057188939,0.0555555555555556,28606,15.5240592532039,15.5240592537345,0.0433599873724671,"571","Not significant"
"210700","2107001","Montes Altos","MA",1488.513,"21","210700 MONTES ALTOS",0,0,9309,15.5240592532039,15.5240592548346,-3.85270942848362e-06,"572","Low-Low"
"210710","2107100","Morros","MA",1712.121,"21","210710 MORROS",0,0,18994,15.5240592532039,15.5240592540031,-3.8527094285868e-06,"573","Not significant"
"210720","2107209","Nina Rodrigues","MA",570.938,"21","210720 NINA RODRIGUES",1.21282143651217,0.166666666666667,14551,15.5240592532039,15.5240592542471,0.307814293660304,"574","Not significant"
"210725","2107258","Nova Colinas","MA",743.085,"21","210725 NOVA COLINAS",0,0,5144,15.5240592532039,15.5240592561549,-3.85270942831978e-06,"575","Not significant"
"210730","2107308","Nova Iorque","MA",978.34,"21","210730 NOVA IORQUE",0,0,4412,15.5240592532039,15.5240592566445,-3.85270942825903e-06,"576","Not significant"
"210735","2107357","Nova Olinda do Maranhão","MA",2452.615,"21","210735 NOVA OLINDA DO MARANHAO",0.267505564115734,0.0555555555555556,14468,15.5240592532039,15.5240592542531,0.0678899562312192,"577","Low-Low"
"210740","2107407","Olho d'Água das Cunhãs","MA",695.333,"21","210740 OLHO D'AGUA DAS CUNHAS",0,0,18295,15.5240592532039,15.5240592540336,-3.85270942858301e-06,"578","Not significant"
"210745","2107456","Olinda Nova do Maranhão","MA",199.879,"21","210745 OLINDA NOVA DO MARANHAO",0,0,13909,15.5240592532039,15.5240592542953,-3.85270942855054e-06,"579","Not significant"
"210750","2107506","Paço do Lumiar","MA",127.193,"21","210750 PACO DO LUMIAR",0.498763836406563,0.555555555555555,152306,15.5240592532039,15.5240592533036,0.126584080997538,"580","Not significant"
"210760","2107605","Palmeirândia","MA",532.161,"21","210760 PALMEIRANDIA",0,0,21606,15.5240592532039,15.5240592539065,-3.85270942859878e-06,"581","Not significant"
"210770","2107704","Paraibano","MA",530.517,"21","210770 PARAIBANO",0,0,18619,15.5240592532039,15.5240592540192,-3.8527094285848e-06,"582","Not significant"
"210780","2107803","Parnarama","MA",3245.525,"21","210780 PARNARAMA",0,0,32256,15.5240592532039,15.5240592536745,-3.85270942862757e-06,"583","Low-Low"
"210790","2107902","Passagem Franca","MA",1358.327,"21","210790 PASSAGEM FRANCA",0,0,17592,15.5240592532039,15.5240592540668,-3.85270942857889e-06,"584","Not significant"
"210800","2108009","Pastos Bons","MA",1635.181,"21","210800 PASTOS BONS",0,0,19246,15.5240592532039,15.5240592539926,-3.85270942858809e-06,"585","Low-Low"
"210805","2108058","Paulino Neves","MA",979.482,"21","210805 PAULINO NEVES",0,0,17523,15.5240592532039,15.5240592540702,-3.85270942857847e-06,"586","Not significant"
"210810","2108108","Paulo Ramos","MA",1168.609,"21","210810 PAULO RAMOS",0,0,20792,15.5240592532039,15.524059253934,-3.85270942859537e-06,"587","Not significant"
"210820","2108207","Pedreiras","MA",262.066,"21","210820 PEDREIRAS",1.03628627791531,0.388888888888889,38267,15.5240592532039,15.5240592536006,0.263009078609025,"588","Not significant"
"210825","2108256","Pedro do Rosário","MA",1753.867,"21","210825 PEDRO DO ROSARIO",0.229000641201796,0.0555555555555556,24917,15.5240592532039,15.5240592538131,0.0581172777151119,"589","Low-Low"
"210830","2108306","Penalva","MA",800.916,"21","210830 PENALVA",0.808061301280293,0.277777777777778,33534,15.5240592532039,15.5240592536566,0.205084814451056,"590","Not significant"
"210840","2108405","Peri Mirim","MA",397.994,"21","210840 PERI MIRIM",0,0,11277,15.5240592532039,15.52405925455,-3.85270942851893e-06,"591","Not significant"
"210845","2108454","Peritoró","MA",824.725,"21","210845 PERITORO",0.522507879220458,0.111111111111111,20910,15.5240592532039,15.5240592539299,0.132610398659183,"592","Not significant"
"210850","2108504","Pindaré-Mirim","MA",268.285,"21","210850 PINDARE-MIRIM",0.688042800467969,0.222222222222222,32521,15.5240592532039,15.5240592536707,0.174623716602088,"593","Not significant"
"210860","2108603","Pinheiro","MA",1512.969,"21","210860 PINHEIRO",0.199871282893816,0.166666666666666,87919,15.5240592532039,15.5240592533765,0.0507241489258086,"594","Not significant"
"210870","2108702","Pio XII","MA",545.14,"21","210870 PIO XII",0,0,22369,15.5240592532039,15.5240592538825,-3.85270942860176e-06,"595","Low-Low"
"210880","2108801","Pirapemas","MA",688.761,"21","210880 PIRAPEMAS",0.664974685630854,0.111111111111111,18120,15.5240592532039,15.5240592540416,0.16876895172227,"596","Not significant"
"210890","2108900","Poção de Pedras","MA",990.415,"21","210890 POCAO DE PEDRAS",1.20975819647157,0.222222222222222,17444,15.5240592532039,15.5240592540741,0.307036833070706,"597","Not significant"
"210900","2109007","Porto Franco","MA",1420.51,"21","210900 PORTO FRANCO",0,0,24517,15.5240592532039,15.524059253823,-3.85270942860914e-06,"598","Low-Low"
"210905","2109056","Porto Rico do Maranhão","MA",244.979,"21","210905 PORTO RICO DO MARANHAO",0,0,6091,15.5240592532039,15.5240592556961,-3.85270942837671e-06,"599","Not significant"
"210910","2109106","Presidente Dutra","MA",771.574,"21","210910 PRESIDENTE DUTRA",0.239684254301681,0.111111111111111,46578,15.5240592532039,15.5240592535298,0.0608288145354988,"600","Not significant"
"210920","2109205","Presidente Juscelino","MA",355.568,"21","210920 PRESIDENTE JUSCELINO",0,0,11616,15.5240592532039,15.5240592545107,-3.85270942852381e-06,"601","Not significant"
"210923","2109239","Presidente Médici","MA",437.687,"21","210923 PRESIDENTE MEDICI",0,0,4748,15.5240592532039,15.524059256401,-3.85270942828924e-06,"602","Low-Low"
"210927","2109270","Presidente Sarney","MA",726.172,"21","210927 PRESIDENTE SARNEY",0.293665057382152,0.0555555555555556,17913,15.5240592532039,15.5240592540513,0.0745293233180867,"603","Not significant"
"210930","2109304","Presidente Vargas","MA",460.004,"21","210930 PRESIDENTE VARGAS",0.988411878820092,0.111111111111111,10791,15.5240592532039,15.5240592546106,0.250858395619253,"604","Not significant"
"210940","2109403","Primeira Cruz","MA",1337.161,"21","210940 PRIMEIRA CRUZ",0.434877147205914,0.0555555555555556,13922,15.5240592532039,15.5240592542942,0.110369425104857,"605","Low-Low"
"210945","2109452","Raposa","MA",79.213,"21","210945 RAPOSA",0.380999046383569,0.111111111111111,32054,15.5240592532039,15.5240592536775,0.0966949825006803,"606","Not significant"
"210950","2109502","Riachão","MA",6402.83,"21","210950 RIACHAO",0.275095595719513,0.0555555555555556,22699,15.5240592532039,15.5240592538726,0.069816331697437,"607","Low-Low"
"210955","2109551","Ribamar Fiquene","MA",733.458,"21","210955 RIBAMAR FIQUENE",0,0,7597,15.5240592532039,15.524059255202,-3.85270942843802e-06,"608","Low-Low"
"210960","2109601","Rosário","MA",647.998,"21","210960 ROSARIO",0.284110616975139,0.111111111111111,39763,15.5240592532039,15.5240592535856,0.0721043743141744,"609","Not significant"
"210970","2109700","Sambaíba","MA",2476.132,"21","210970 SAMBAIBA",0,0,5701,15.5240592532039,15.5240592558666,-3.85270942835556e-06,"610","Low-Low"
"210975","2109759","Santa Filomena do Maranhão","MA",623.213,"21","210975 SANTA FILOMENA DO MARANHAO",1.64176947573388,0.111111111111111,6839,15.5240592532039,15.5240592554235,0.416682743976227,"611","Not significant"
"210980","2109809","Santa Helena","MA",2191.168,"21","210980 SANTA HELENA",0,0,43112,15.5240592532039,15.524059253556,-3.85270942864227e-06,"612","Low-Low"
"210990","2109908","Santa Inês","MA",786.689,"21","210990 SANTA INES",0.788865197664913,0.666666666666667,88167,15.5240592532039,15.5240592533761,0.200212779003432,"613","Not significant"
"211000","2110005","Santa Luzia","MA",4837.169,"21","211000 SANTA LUZIA",0.533630982677896,0.333333333333333,59037,15.5240592532039,15.524059253461,0.135433479607116,"614","Low-Low"
"211003","2110039","Santa Luzia do Paruá","MA",1010.483,"21","211003 SANTA LUZIA DO PARUA",0,0,24870,15.5240592532039,15.5240592538143,-3.85270942861023e-06,"615","Low-Low"
"211010","2110104","Santa Quitéria do Maranhão","MA",1430.33,"21","211010 SANTA QUITERIA DO MARANHAO",0.887433497952244,0.222222222222222,24489,15.5240592532039,15.5240592538238,0.225229744047708,"616","Low-Low"
"211020","2110203","Santa Rita","MA",756.797,"21","211020 SANTA RITA",0.146758831212668,0.0555555555555556,38446,15.5240592532039,15.5240592535987,0.0372440306377934,"617","Not significant"
"211023","2110237","Santana do Maranhão","MA",932.03,"21","211023 SANTANA DO MARANHAO",0,0,10777,15.5240592532039,15.5240592546124,-3.85270942851118e-06,"618","Low-Low"
"211027","2110278","Santo Amaro do Maranhão","MA",1582.806,"21","211027 SANTO AMARO DO MARANHAO",0,0,14280,15.5240592532039,15.5240592542669,-3.85270942855406e-06,"619","Not significant"
"211030","2110302","Santo Antônio dos Lopes","MA",770.923,"21","211030 SANTO ANTONIO DOS LOPES",0.382403328438571,0.0555555555555555,14623,15.5240592532039,15.524059254242,0.0970513939921047,"620","Not significant"
"211040","2110401","São Benedito do Rio Preto","MA",931.485,"21","211040 SAO BENEDITO DO RIO PRETO",0,0,18793,15.5240592532039,15.5240592540116,-3.85270942858573e-06,"621","Not significant"
"211050","2110500","São Bento","MA",456.997,"21","211050 SAO BENTO",0,0,48036,15.5240592532039,15.5240592535199,-3.85270942864675e-06,"622","Low-Low"
"211060","2110609","São Bernardo","MA",1005.824,"21","211060 SAO BERNARDO",0,0,27887,15.5240592532039,15.5240592537482,-3.85270942861842e-06,"623","Low-Low"
"211065","2110658","São Domingos do Azeitão","MA",961.249,"21","211065 SAO DOMINGOS DO AZEITAO",0,0,8213,15.5240592532039,15.5240592550522,-3.85270942845662e-06,"624","Low-Low"
"211070","2110708","São Domingos do Maranhão","MA",1151.978,"21","211070 SAO DOMINGOS DO MARANHAO",0.495651939449087,0.166666666666667,35221,15.5240592532039,15.5240592536349,0.125794271116245,"625","Not significant"
"211080","2110807","São Félix de Balsas","MA",2032.599,"21","211080 SAO FELIX DE BALSAS",0,0,4495,15.5240592532039,15.524059256581,-3.85270942826691e-06,"626","Low-Low"
"211085","2110856","São Francisco do Brejão","MA",745.357,"21","211085 SAO FRANCISCO DO BREJAO",0,0,9222,15.5240592532039,15.5240592548499,-3.85270942848171e-06,"627","Not significant"
"211090","2110906","São Francisco do Maranhão","MA",2284.217,"21","211090 SAO FRANCISCO DO MARANHAO",0,0,12353,15.5240592532039,15.5240592544327,-3.85270942853348e-06,"628","Not significant"
"211100","2111003","São João Batista","MA",649.956,"21","211100 SAO JOAO BATISTA",0.275095595719513,0.0555555555555556,18909,15.5240592532039,15.5240592540067,0.0698163316971355,"629","Not significant"
"211102","2111029","São João do Carú","MA",910.065,"21","211102 SAO JOAO DO CARU",0.453477720639585,0.0555555555555556,12421,15.5240592532039,15.524059254426,0.115090312997168,"630","Not significant"
"211105","2111052","São João do Paraíso","MA",2052.328,"21","211105 SAO JOAO DO PARAISO",0,0,10105,15.5240592532039,15.5240592547061,-3.85270942849956e-06,"631","Low-Low"
"211107","2111078","São João do Soter","MA",1438.067,"21","211107 SAO JOAO DO SOTER",0.301310096298707,0.0555555555555555,17254,15.5240592532039,15.5240592540837,0.0764696598237672,"632","Not significant"
"211110","2111102","São João dos Patos","MA",1483.255,"21","211110 SAO JOAO DOS PATOS",0.88811308956728,0.222222222222222,25891,15.5240592532039,15.5240592537902,0.225402226678068,"633","Not significant"
"211120","2111201","São José de Ribamar","MA",180.363,"21","211120 SAO JOSE DE RIBAMAR",1.13322391291134,1.94444444444444,257414,15.5240592532039,15.5240592532629,0.287612175342019,"634","Not significant"
"211125","2111250","São José dos Basílios","MA",353.72,"21","211125 SAO JOSE DOS BASILIOS",0.741729713692328,0.0555555555555554,7102,15.5240592532039,15.5240592553413,0.188249635145037,"635","Not significant"
"211130","2111300","São Luís","MA",583.063,"21","211130 SAO LUIS",1.3294267599526,13.8333333333333,1088057,15.5240592532039,15.5240592532178,0.3374091156607,"636","Not significant"
"211140","2111409","São Luís Gonzaga do Maranhão","MA",909.164,"21","211140 SAO LUIS GONZAGA DO MARANHAO",1.51628496575578,0.277777777777778,18153,15.5240592532039,15.5240592540401,0.384834354696107,"637","Not significant"
"211150","2111508","São Mateus do Maranhão","MA",800.045,"21","211150 SAO MATEUS DO MARANHAO",0.411944408233378,0.166666666666667,40160,15.5240592532039,15.5240592535819,0.104549019077827,"638","Not significant"
"211153","2111532","São Pedro da Água Branca","MA",720.461,"21","211153 SAO PEDRO DA AGUA BRANCA",0,0,14736,15.5240592532039,15.524059254234,-3.85270942855814e-06,"639","Low-Low"
"211157","2111573","São Pedro dos Crentes","MA",979.915,"21","211157 SAO PEDRO DOS CRENTES",0,0,5965,15.5240592532039,15.5240592557487,-3.85270942837018e-06,"640","Low-Low"
"211160","2111607","São Raimundo das Mangabeiras","MA",3524.501,"21","211160 SAO RAIMUNDO DAS MANGABEIRAS",0,0,19129,15.5240592532039,15.5240592539974,-3.8527094285875e-06,"641","Low-Low"
"211163","2111631","São Raimundo do Doca Bezerra","MA",419.55,"21","211163 SAO RAIMUNDO DO DOCA BEZERRA",1.27071261563485,0.0555555555555556,5767,15.5240592532039,15.5240592558361,0.322507268975723,"642","Not significant"
"211167","2111672","São Roberto","MA",226.811,"21","211167 SAO ROBERTO",2.13224162562102,0.111111111111111,4602,15.5240592532039,15.5240592565024,0.541166219820689,"643","Not significant"
"211170","2111706","São Vicente Ferrer","MA",393.928,"21","211170 SAO VICENTE FERRER",1.03494442540968,0.222222222222222,19885,15.5240592532039,15.5240592539673,0.262668511941649,"644","Not significant"
"211172","2111722","Satubinha","MA",441.811,"21","211172 SATUBINHA",0,0,8880,15.5240592532039,15.5240592549133,-3.85270942847384e-06,"645","Not significant"
"211174","2111748","Senador Alexandre Costa","MA",426.437,"21","211174 SENADOR ALEXANDRE COSTA",0,0,10445,15.5240592532039,15.5240592546572,-3.85270942850563e-06,"646","Not significant"
"211176","2111763","Senador La Rocque","MA",738.187,"21","211176 SENADOR LA ROCQUE",0,0,15035,15.5240592532039,15.5240592542135,-3.85270942856068e-06,"647","Low-Low"
"211178","2111789","Serrano do Maranhão","MA",1165.318,"21","211178 SERRANO DO MARANHAO",0.509170154482225,0.0555555555555556,10461,15.5240592532039,15.524059254655,0.129225239405054,"648","Not significant"
"211180","2111805","Sítio Novo","MA",3114.683,"21","211180 SITIO NOVO",0,0,17457,15.5240592532039,15.5240592540734,-3.85270942857806e-06,"649","Low-Low"
"211190","2111904","Sucupira do Norte","MA",1074.435,"21","211190 SUCUPIRA DO NORTE",0,0,10471,15.5240592532039,15.5240592546536,-3.85270942850607e-06,"650","Not significant"
"211195","2111953","Sucupira do Riachão","MA",862.226,"21","211195 SUCUPIRA DO RIACHAO",3.22159189525482,0.166666666666667,5088,15.5240592532039,15.5240592561874,0.817646970108275,"651","Not significant"
"211200","2112001","Tasso Fragoso","MA",4369.159,"21","211200 TASSO FRAGOSO",0,0,9106,15.5240592532039,15.5240592548709,-3.85270942847911e-06,"652","Not significant"
"211210","2112100","Timbiras","MA",1486.584,"21","211210 TIMBIRAS",0,0,27344,15.5240592532039,15.524059253759,-3.85270942861708e-06,"653","Not significant"
"211220","2112209","Timon","MA",1763.22,"21","211220 TIMON",0.16995101517605,0.277777777777778,182241,15.5240592532039,15.5240592532872,0.0431302846762101,"654","Not significant"
"211223","2112233","Trizidela do Vale","MA",291.61,"21","211223 TRIZIDELA DO VALE",0,0,23052,15.5240592532039,15.5240592538624,-3.85270942860425e-06,"655","Not significant"
"211227","2112274","Tufilândia","MA",270.934,"21","211227 TUFILANDIA",0,0,5633,15.5240592532039,15.5240592558987,-3.85270942835157e-06,"656","Not significant"
"211230","2112308","Tuntum","MA",3369.121,"21","211230 TUNTUM",0.137947397898233,0.0555555555555555,37401,15.5240592532039,15.5240592536098,0.0350076593236602,"657","Not significant"
"211240","2112407","Turiaçu","MA",2622.281,"21","211240 TURIACU",0.615816583215543,0.222222222222222,38905,15.5240592532039,15.5240592535941,0.15629246053704,"658","Not significant"
"211245","2112456","Turilândia","MA",1507.622,"21","211245 TURILANDIA",0.238671459189567,0.0555555555555556,33032,15.5240592532039,15.5240592536634,0.0605717637405499,"659","Low-Low"
"211250","2112506","Tutóia","MA",1566.08,"21","211250 TUTOIA",0,0,55041,15.5240592532039,15.5240592534797,-3.85270942865174e-06,"660","Low-Low"
"211260","2112605","Urbano Santos","MA",1707.621,"21","211260 URBANO SANTOS",0,0,34060,15.5240592532039,15.5240592536496,-3.85270942863066e-06,"661","Low-Low"
"211270","2112704","Vargem Grande","MA",1958.702,"21","211270 VARGEM GRANDE",0.109921757692874,0.0555555555555557,44540,15.5240592532039,15.5240592535447,0.0278946578881366,"662","Not significant"
"211280","2112803","Viana","MA",1166.745,"21","211280 VIANA",0.739958025676665,0.388888888888889,53115,15.5240592532039,15.5240592534897,0.187799974798587,"663","Not significant"
"211285","2112852","Vila Nova dos Martírios","MA",1190.008,"21","211285 VILA NOVA DOS MARTIRIOS",0,0,10575,15.5240592532039,15.5240592546393,-3.85270942850784e-06,"664","Low-Low"
"211290","2112902","Vitória do Mearim","MA",716.719,"21","211290 VITORIA DO MEARIM",0.330125748273514,0.111111111111111,31851,15.5240592532039,15.5240592536805,0.0837831688957995,"665","Not significant"
"211300","2113009","Vitorino Freire","MA",1193.385,"21","211300 VITORINO FREIRE",0.359827426766123,0.111111111111111,31906,15.5240592532039,15.5240592536797,0.0913215544673201,"666","Not significant"
"211400","2114007","Zé Doca","MA",2140.109,"21","211400 ZE DOCA",0.109348414666684,0.0555555555555554,41943,15.5240592532039,15.5240592535658,0.0277491415060298,"667","Not significant"
"220005","2200053","Acauã","PI",1280.838,"22","220005 ACAUA",0,0,6515,15.5240592532039,15.5240592555339,-3.85270942839684e-06,"668","Not significant"
"220010","2200103","Agricolândia","PI",112.392,"22","220010 AGRICOLANDIA",0,0,5023,15.5240592532039,15.524059256226,-3.85270942831096e-06,"669","Not significant"
"220020","2200202","Água Branca","PI",96.843,"22","220020 AGUA BRANCA",0,0,18033,15.5240592532039,15.5240592540457,-3.85270942858151e-06,"670","Not significant"
"220025","2200251","Alagoinha do Piauí","PI",535.89,"22","220025 ALAGOINHA DO PIAUI",0,0,6901,15.5240592532039,15.5240592554036,-3.85270942841301e-06,"671","Low-Low"
"220027","2200277","Alegrete do Piauí","PI",243.732,"22","220027 ALEGRETE DO PIAUI",0,0,4713,15.5240592532039,15.5240592564247,-3.85270942828629e-06,"672","Low-Low"
"220030","2200301","Alto Longá","PI",1743.331,"22","220030 ALTO LONGA",0,0,13734,15.5240592532039,15.5240592543092,-3.85270942854881e-06,"673","Not significant"
"220040","2200400","Altos","PI",957.232,"22","220040 ALTOS",0.832970054741994,0.333333333333333,49637,15.5240592532039,15.5240592535097,0.211406739583226,"674","Not significant"
"220045","2200459","Alvorada do Gurguéia","PI",2131.506,"22","220045 ALVORADA DO GURGUEIA",0,0,5459,15.5240592532039,15.5240592559846,-3.85270942834091e-06,"675","Low-Low"
"220050","2200509","Amarante","PI",1152.127,"22","220050 AMARANTE",0.316069611171164,0.0555555555555556,17577,15.5240592532039,15.5240592540675,0.0802156741772869,"676","Low-Low"
"220060","2200608","Angical do Piauí","PI",222.008,"22","220060 ANGICAL DO PIAUI",0,0,6982,15.5240592532039,15.524059255378,-3.85270942841618e-06,"677","Not significant"
"220070","2200707","Anísio de Abreu","PI",337.877,"22","220070 ANISIO DE ABREU",0,0,9631,15.5240592532039,15.52405925478,-3.85270942849038e-06,"678","Low-Low"
"220080","2200806","Antônio Almeida","PI",644.8,"22","220080 ANTONIO ALMEIDA",0,0,3228,15.5240592532039,15.5240592579065,-3.85270942810243e-06,"679","Low-Low"
"220090","2200905","Aroazes","PI",821.212,"22","220090 AROAZES",0,0,5433,15.5240592532039,15.5240592559979,-3.85270942833926e-06,"680","Low-Low"
"220095","2200954","Aroeiras do Itaim","PI",316.235,"22","220095 AROEIRAS DO ITAIM",0,0,2766,15.5240592532039,15.5240592586919,-3.85270942800496e-06,"681","Low-Low"
"220100","2201002","Arraial","PI",682.727,"22","220100 ARRAIAL",0,0,4593,15.5240592532039,15.5240592565089,-3.85270942827585e-06,"682","Low-Low"
"220105","2201051","Assunção do Piauí","PI",1690.703,"22","220105 ASSUNCAO DO PIAUI",0,0,7597,15.5240592532039,15.524059255202,-3.85270942843802e-06,"683","Low-Low"
"220110","2201101","Avelino Lopes","PI",1220.371,"22","220110 AVELINO LOPES",0,0,11106,15.5240592532039,15.5240592545707,-3.85270942851636e-06,"684","Low-Low"
"220115","2201150","Baixa Grande do Ribeiro","PI",7808.915,"22","220115 BAIXA GRANDE DO RIBEIRO",0,0,13838,15.5240592532039,15.5240592543009,-3.85270942854984e-06,"685","Not significant"
"220117","2201176","Barra D'Alcântara","PI",263.943,"22","220117 BARRA D'ALCANTARA",0,0,4091,15.5240592532039,15.5240592569144,-3.85270942822553e-06,"686","Low-Low"
"220120","2201200","Barras","PI",1722.507,"22","220120 BARRAS",0.123693181537061,0.0555555555555556,49533,15.5240592532039,15.5240592535104,0.031389891426322,"687","Low-Low"
"220130","2201309","Barreiras do Piauí","PI",2168.713,"22","220130 BARREIRAS DO PIAUI",0,0,3334,15.5240592532039,15.524059257757,-3.85270942812098e-06,"688","Low-Low"
"220140","2201408","Barro Duro","PI",159.436,"22","220140 BARRO DURO",0,0,6744,15.5240592532039,15.5240592554548,-3.85270942840666e-06,"689","Not significant"
"220150","2201507","Batalha","PI",1589.01,"22","220150 BATALHA",0.208229218723971,0.0555555555555555,27123,15.5240592532039,15.5240592537636,0.0528454210574979,"690","Low-Low"
"220155","2201556","Bela Vista do Piauí","PI",499.092,"22","220155 BELA VISTA DO PIAUI",0,0,4208,15.5240592532039,15.5240592568113,-3.85270942823833e-06,"691","Low-Low"
"220157","2201572","Belém do Piauí","PI",243.234,"22","220157 BELEM DO PIAUI",0,0,3508,15.5240592532039,15.5240592575311,-3.85270942814901e-06,"692","Low-Low"
"220160","2201606","Beneditinos","PI",937.098,"22","220160 BENEDITINOS",0,0,10104,15.5240592532039,15.5240592547063,-3.85270942849954e-06,"693","Not significant"
"220170","2201705","Bertolínia","PI",1216.116,"22","220170 BERTOLINIA",0,0,5701,15.5240592532039,15.5240592558666,-3.85270942835556e-06,"694","Not significant"
"220173","2201739","Betânia do Piauí","PI",579.576,"22","220173 BETANIA DO PIAUI",0.870913239623067,0.0555555555555554,6368,15.5240592532039,15.5240592555877,0.221036847089719,"695","Low-Low"
"220177","2201770","Boa Hora","PI",336.954,"22","220177 BOA HORA",0,0,7108,15.5240592532039,15.5240592553395,-3.85270942842096e-06,"696","Not significant"
"220180","2201804","Bocaina","PI",261.651,"22","220180 BOCAINA",0,0,4131,15.5240592532039,15.5240592568785,-3.85270942822999e-06,"697","Low-Low"
"220190","2201903","Bom Jesus","PI",5471.024,"22","220190 BOM JESUS",0,0,30321,15.5240592532039,15.5240592537045,-3.85270942862384e-06,"698","Low-Low"
"220191","2201919","Bom Princípio do Piauí","PI",523.142,"22","220191 BOM PRINCIPIO DO PIAUI",0,0,5786,15.5240592532039,15.5240592558274,-3.85270942836041e-06,"699","Not significant"
"220192","2201929","Bonfim do Piauí","PI",289.149,"22","220192 BONFIM DO PIAUI",0,0,6089,15.5240592532039,15.5240592556969,-3.85270942837661e-06,"700","Low-Low"
"220194","2201945","Boqueirão do Piauí","PI",269.786,"22","220194 BOQUEIRAO DO PIAUI",0,0,6728,15.5240592532039,15.5240592554601,-3.85270942840599e-06,"701","Low-Low"
"220196","2201960","Brasileira","PI",880.836,"22","220196 BRASILEIRA",0,0,8658,15.5240592532039,15.5240592549572,-3.8527094284684e-06,"702","Low-Low"
"220198","2201988","Brejo do Piauí","PI",2267.327,"22","220198 BREJO DO PIAUI",0,0,3969,15.5240592532039,15.5240592570285,-3.85270942821138e-06,"703","Low-Low"
"220200","2202000","Buriti dos Lopes","PI",690.54,"22","220200 BURITI DOS LOPES",0,0,20096,15.5240592532039,15.5240592539593,-3.85270942859223e-06,"704","Low-Low"
"220202","2202026","Buriti dos Montes","PI",2437.326,"22","220202 BURITI DOS MONTES",0,0,7538,15.5240592532039,15.5240592552177,-3.85270942843608e-06,"705","Low-Low"
"220205","2202059","Cabeceiras do Piauí","PI",608.747,"22","220205 CABECEIRAS DO PIAUI",0,0,10449,15.5240592532039,15.5240592546567,-3.8527094285057e-06,"706","Low-Low"
"220207","2202075","Cajazeiras do Piauí","PI",514.106,"22","220207 CAJAZEIRAS DO PIAUI",0,0,3146,15.5240592532039,15.524059258029,-3.85270942808722e-06,"707","Low-Low"
"220208","2202083","Cajueiro da Praia","PI",271.165,"22","220208 CAJUEIRO DA PRAIA",0,0,8203,15.5240592532039,15.5240592550544,-3.85270942845634e-06,"708","Not significant"
"220209","2202091","Caldeirão Grande do Piauí","PI",467.083,"22","220209 CALDEIRAO GRANDE DO PIAUI",0,0,5605,15.5240592532039,15.5240592559122,-3.8527094283499e-06,"709","Low-Low"
"220210","2202109","Campinas do Piauí","PI",783.842,"22","220210 CAMPINAS DO PIAUI",0,0,4988,15.5240592532039,15.5240592562472,-3.85270942830833e-06,"710","Low-Low"
"220211","2202117","Campo Alegre do Fidalgo","PI",657.796,"22","220211 CAMPO ALEGRE DO FIDALGO",0,0,4701,15.5240592532039,15.524059256433,-3.85270942828528e-06,"711","Low-Low"
"220213","2202133","Campo Grande do Piauí","PI",311.682,"22","220213 CAMPO GRANDE DO PIAUI",0,0,6188,15.5240592532039,15.524059255657,-3.85270942838156e-06,"712","Low-Low"
"220217","2202174","Campo Largo do Piauí","PI",478.078,"22","220217 CAMPO LARGO DO PIAUI",1.51977993586529,0.111111111111111,7636,15.5240592532039,15.5240592551918,0.385721389811907,"713","Low-Low"
"220220","2202208","Campo Maior","PI",1680.861,"22","220220 CAMPO MAIOR",0.239046762952223,0.111111111111111,47074,15.5240592532039,15.5240592535264,0.0606670170939252,"714","Low-Low"
"220225","2202251","Canavieira","PI",2165.277,"22","220225 CANAVIEIRA",1.62728633730391,0.0555555555555555,3429,15.5240592532039,15.5240592576308,0.413006874861156,"715","Low-Low"
"220230","2202307","Canto do Buriti","PI",4325.643,"22","220230 CANTO DO BURITI",0,0,19669,15.5240592532039,15.5240592539757,-3.8527094285902e-06,"716","Low-Low"
"220240","2202406","Capitão de Campos","PI",571.658,"22","220240 CAPITAO DE CAMPOS",0.494002805935938,0.0555555555555556,11347,15.5240592532039,15.5240592545417,0.125375715498491,"717","Low-Low"
"220245","2202455","Capitão Gervásio Oliveira","PI",1132.995,"22","220245 CAPITAO GERVASIO OLIVEIRA",0,0,4065,15.5240592532039,15.5240592569382,-3.85270942822258e-06,"718","Low-Low"
"220250","2202505","Caracol","PI",1610.959,"22","220250 CARACOL",0,0,10538,15.5240592532039,15.5240592546444,-3.85270942850722e-06,"719","Low-Low"
"220253","2202539","Caraúbas do Piauí","PI",471.217,"22","220253 CARAUBAS DO PIAUI",0,0,5755,15.5240592532039,15.5240592558416,-3.85270942835866e-06,"720","Low-Low"
"220255","2202554","Caridade do Piauí","PI",498.793,"22","220255 CARIDADE DO PIAUI",0,0,5162,15.5240592532039,15.5240592561446,-3.85270942832106e-06,"721","Low-Low"
"220260","2202604","Castelo do Piauí","PI",2378.847,"22","220260 CASTELO DO PIAUI",0,0,19663,15.5240592532039,15.5240592539759,-3.85270942859017e-06,"722","Low-Low"
"220265","2202653","Caxingó","PI",491.093,"22","220265 CAXINGO",0,0,5657,15.5240592532039,15.5240592558873,-3.85270942835299e-06,"723","Not significant"
"220270","2202703","Cocal","PI",1294.133,"22","220270 COCAL",0,0,29209,15.5240592532039,15.5240592537236,-3.85270942862148e-06,"724","Low-Low"
"220271","2202711","Cocal de Telha","PI",310.291,"22","220271 COCAL DE TELHA",0,0,5034,15.5240592532039,15.5240592562194,-3.85270942831178e-06,"725","Not significant"
"220272","2202729","Cocal dos Alves","PI",324.856,"22","220272 COCAL DOS ALVES",0,0,6569,15.5240592532039,15.5240592555147,-3.85270942839922e-06,"726","Low-Low"
"220273","2202737","Coivaras","PI",484.46,"22","220273 COIVARAS",1.35171668018383,0.0555555555555556,4233,15.5240592532039,15.52405925679,0.34306637209937,"727","Not significant"
"220275","2202752","Colônia do Gurguéia","PI",429.591,"22","220275 COLONIA DO GURGUEIA",0,0,6287,15.5240592532039,15.5240592556184,-3.85270942838636e-06,"728","Low-Low"
"220277","2202778","Colônia do Piauí","PI",950.193,"22","220277 COLONIA DO PIAUI",0,0,7088,15.5240592532039,15.5240592553455,-3.85270942842021e-06,"729","Low-Low"
"220280","2202802","Conceição do Canindé","PI",824.729,"22","220280 CONCEICAO DO CANINDE",0,0,5063,15.5240592532039,15.5240592562021,-3.85270942831392e-06,"730","Low-Low"
"220285","2202851","Coronel José Dias","PI",1926.103,"22","220285 CORONEL JOSE DIAS",0,0,4305,15.5240592532039,15.52405925673,-3.85270942824842e-06,"731","Low-Low"
"220290","2202901","Corrente","PI",3048.747,"22","220290 CORRENTE",0,0,28275,15.5240592532039,15.5240592537408,-3.85270942861935e-06,"732","Low-Low"
"220300","2203008","Cristalândia do Piauí","PI",1202.896,"22","220300 CRISTALANDIA DO PIAUI",0,0,7454,15.5240592532039,15.5240592552404,-3.85270942843326e-06,"733","Low-Low"
"220310","2203107","Cristino Castro","PI",1845.698,"22","220310 CRISTINO CASTRO",0,0,10772,15.5240592532039,15.5240592546131,-3.8527094285111e-06,"734","Not significant"
"220320","2203206","Curimatá","PI",2344.949,"22","220320 CURIMATA",0.489562526925939,0.0555555555555556,11552,15.5240592532039,15.5240592545179,0.124248757800559,"735","Low-Low"
"220323","2203230","Currais","PI",3156.657,"22","220323 CURRAIS",1.15476107993256,0.0555555555555555,4968,15.5240592532039,15.5240592562594,0.293078380503678,"736","Low-Low"
"220325","2203255","Curralinhos","PI",345.811,"22","220325 CURRALINHOS",0,0,4527,15.5240592532039,15.5240592565571,-3.85270942826987e-06,"737","Not significant"
"220327","2203271","Curral Novo do Piauí","PI",755.251,"22","220327 CURRAL NOVO DO PIAUI",0,0,5185,15.5240592532039,15.5240592561315,-3.85270942832268e-06,"738","Low-Low"
"220330","2203305","Demerval Lobão","PI",216.807,"22","220330 DEMERVAL LOBAO",0,0,16998,15.5240592532039,15.5240592540969,-3.85270942857515e-06,"739","Low-Low"
"220335","2203354","Dirceu Arcoverde","PI",1005.571,"22","220335 DIRCEU ARCOVERDE",0,0,7238,15.5240592532039,15.5240592553011,-3.85270942842572e-06,"740","Low-Low"
"220340","2203404","Dom Expedito Lopes","PI",218.808,"22","220340 DOM EXPEDITO LOPES",0,0,6421,15.5240592532039,15.524059255568,-3.85270942839261e-06,"741","Low-Low"
"220342","2203420","Domingos Mourão","PI",848.705,"22","220342 DOMINGOS MOURAO",0,0,4138,15.5240592532039,15.5240592568723,-3.85270942823076e-06,"742","Low-Low"
"220345","2203453","Dom Inocêncio","PI",3871.824,"22","220345 DOM INOCENCIO",0,0,9335,15.5240592532039,15.52405925483,-3.85270942848418e-06,"743","Low-Low"
"220350","2203503","Elesbão Veloso","PI",1383.976,"22","220350 ELESBAO VELOSO",0,0,13786,15.5240592532039,15.524059254305,-3.85270942854933e-06,"744","Not significant"
"220360","2203602","Eliseu Martins","PI",1097.79,"22","220360 ELISEU MARTINS",0,0,4435,15.5240592532039,15.5240592566266,-3.85270942826124e-06,"745","Not significant"
"220370","2203701","Esperantina","PI",908.748,"22","220370 ESPERANTINA",0,0,42510,15.5240592532039,15.524059253561,-3.85270942864165e-06,"746","Not significant"
"220375","2203750","Fartura do Piauí","PI",713.046,"22","220375 FARTURA DO PIAUI",0,0,5414,15.5240592532039,15.5240592560077,-3.85270942833804e-06,"747","Low-Low"
"220380","2203800","Flores do Piauí","PI",946.719,"22","220380 FLORES DO PIAUI",0,0,4508,15.5240592532039,15.5240592565712,-3.85270942826812e-06,"748","Low-Low"
"220385","2203859","Floresta do Piauí","PI",223.199,"22","220385 FLORESTA DO PIAUI",0,0,2364,15.5240592532039,15.5240592596252,-3.85270942788916e-06,"749","Low-Low"
"220390","2203909","Floriano","PI",3407.979,"22","220390 FLORIANO",0,0,64150,15.5240592532039,15.5240592534405,-3.8527094286566e-06,"750","Low-Low"
"220400","2204006","Francinópolis","PI",268.704,"22","220400 FRANCINOPOLIS",0,0,4517,15.5240592532039,15.5240592565645,-3.85270942826895e-06,"751","Low-Low"
"220410","2204105","Francisco Ayres","PI",656.475,"22","220410 FRANCISCO AYRES",0,0,4494,15.5240592532039,15.5240592565817,-3.85270942826682e-06,"752","Not significant"
"220415","2204154","Francisco Macedo","PI",179.245,"22","220415 FRANCISCO MACEDO",0,0,2986,15.5240592532039,15.5240592582876,-3.85270942805514e-06,"753","Low-Low"
"220420","2204204","Francisco Santos","PI",492.191,"22","220420 FRANCISCO SANTOS",0,0,8366,15.5240592532039,15.5240592550184,-3.85270942846081e-06,"754","Low-Low"
"220430","2204303","Fronteiras","PI",777.179,"22","220430 FRONTEIRAS",0,0,10382,15.5240592532039,15.524059254666,-3.85270942850453e-06,"755","Low-Low"
"220435","2204352","Geminiano","PI",440.606,"22","220435 GEMINIANO",0,0,5587,15.5240592532039,15.5240592559209,-3.85270942834882e-06,"756","Low-Low"
"220440","2204402","Gilbués","PI",3495.692,"22","220440 GILBUES",0,0,11166,15.5240592532039,15.5240592545634,-3.85270942851727e-06,"757","Low-Low"
"220450","2204501","Guadalupe","PI",1026.538,"22","220450 GUADALUPE",0,0,10478,15.5240592532039,15.5240592546526,-3.85270942850619e-06,"758","Not significant"
"220455","2204550","Guaribas","PI",3118.231,"22","220455 GUARIBAS",0,0,4350,15.5240592532039,15.5240592566935,-3.85270942825294e-06,"759","Low-Low"
"220460","2204600","Hugo Napoleão","PI",224.573,"22","220460 HUGO NAPOLEAO",0,0,3562,15.5240592532039,15.5240592574655,-3.85270942815715e-06,"760","Not significant"
"220465","2204659","Ilha Grande","PI",129.696,"22","220465 ILHA GRANDE",0,0,9501,15.5240592532039,15.5240592548016,-3.85270942848771e-06,"761","Not significant"
"220470","2204709","Inhuma","PI",978.222,"22","220470 INHUMA",0,0,15259,15.5240592532039,15.5240592541987,-3.85270942856252e-06,"762","Low-Low"
"220480","2204808","Ipiranga do Piauí","PI",529.417,"22","220480 IPIRANGA DO PIAUI",0,0,9620,15.5240592532039,15.5240592547818,-3.85270942849016e-06,"763","Low-Low"
"220490","2204907","Isaías Coelho","PI",800.688,"22","220490 ISAIAS COELHO",0,0,7886,15.5240592532039,15.5240592551288,-3.85270942844711e-06,"764","Low-Low"
"220500","2205003","Itainópolis","PI",827.62,"22","220500 ITAINOPOLIS",0,0,10980,15.5240592532039,15.5240592545864,-3.85270942851441e-06,"765","Low-Low"
"220510","2205102","Itaueira","PI",2554.179,"22","220510 ITAUEIRA",0,0,10493,15.5240592532039,15.5240592546506,-3.85270942850645e-06,"766","Not significant"
"220515","2205151","Jacobina do Piauí","PI",1333.796,"22","220515 JACOBINA DO PIAUI",0,0,5715,15.5240592532039,15.52405925586,-3.85270942835637e-06,"767","Low-Low"
"220520","2205201","Jaicós","PI",866.788,"22","220520 JAICOS",0,0,17811,15.5240592532039,15.5240592540562,-3.85270942858021e-06,"768","Low-Low"
"220525","2205250","Jardim do Mulato","PI",510.226,"22","220525 JARDIM DO MULATO",0,0,4251,15.5240592532039,15.5240592567748,-3.85270942824286e-06,"769","Not significant"
"220527","2205276","Jatobá do Piauí","PI",650.393,"22","220527 JATOBA DO PIAUI",0,0,4568,15.5240592532039,15.524059256527,-3.85270942827361e-06,"770","Not significant"
"220530","2205300","Jerumenha","PI",1865.94,"22","220530 JERUMENHA",0,0,4600,15.5240592532039,15.5240592565039,-3.85270942827648e-06,"771","Not significant"
"220535","2205359","João Costa","PI",1800.23,"22","220535 JOAO COSTA",0,0,3031,15.5240592532039,15.5240592582121,-3.8527094280645e-06,"772","Low-Low"
"220540","2205409","Joaquim Pires","PI",740.561,"22","220540 JOAQUIM PIRES",0.391926317852244,0.0555555555555556,14175,15.5240592532039,15.5240592542748,0.0994683606294346,"773","Low-Low"
"220545","2205458","Joca Marques","PI",169.005,"22","220545 JOCA MARQUES",0,0,5535,15.5240592532039,15.5240592559464,-3.85270942834565e-06,"774","Low-Low"
"220550","2205508","José de Freitas","PI",1538.172,"22","220550 JOSE DE FREITAS",0.282927801486539,0.111111111111111,44391,15.5240592532039,15.5240592535459,0.0718041717780604,"775","Not significant"
"220551","2205516","Juazeiro do Piauí","PI",935.404,"22","220551 JUAZEIRO DO PIAUI",0,0,5311,15.5240592532039,15.5240592560621,-3.8527094283313e-06,"776","Low-Low"
"220552","2205524","Júlio Borges","PI",1283.916,"22","220552 JULIO BORGES",0,0,5499,15.5240592532039,15.5240592559644,-3.85270942834342e-06,"777","Low-Low"
"220553","2205532","Jurema","PI",1271.881,"22","220553 JUREMA",0,0,4505,15.5240592532039,15.5240592565735,-3.85270942826784e-06,"778","Low-Low"
"220554","2205540","Lagoinha do Piauí","PI",67.649,"22","220554 LAGOINHA DO PIAUI",0,0,3029,15.5240592532039,15.5240592582154,-3.85270942806409e-06,"779","Low-Low"
"220555","2205557","Lagoa Alegre","PI",394.205,"22","220555 LAGOA ALEGRE",0,0,8449,15.5240592532039,15.5240592550005,-3.85270942846302e-06,"780","Not significant"
"220556","2205565","Lagoa do Barro do Piauí","PI",1331.025,"22","220556 LAGOA DO BARRO DO PIAUI",0,0,5146,15.5240592532039,15.5240592561537,-3.85270942831992e-06,"781","Low-Low"
"220557","2205573","Lagoa de São Francisco","PI",155.86,"22","220557 LAGOA DE SAO FRANCISCO",0,0,6449,15.5240592532039,15.5240592555577,-3.85270942839388e-06,"782","Not significant"
"220558","2205581","Lagoa do Piauí","PI",427.841,"22","220558 LAGOA DO PIAUI",0,0,5009,15.5240592532039,15.5240592562344,-3.85270942830991e-06,"783","Not significant"
"220559","2205599","Lagoa do Sítio","PI",805.018,"22","220559 LAGOA DO SITIO",0,0,4575,15.5240592532039,15.5240592565219,-3.85270942827424e-06,"784","Low-Low"
"220560","2205607","Landri Sales","PI",1088.583,"22","220560 LANDRI SALES",0,0,5311,15.5240592532039,15.5240592560621,-3.8527094283313e-06,"785","Not significant"
"220570","2205706","Luís Correia","PI",1074.132,"22","220570 LUIS CORREIA",0.18131116985593,0.0555555555555555,31775,15.5240592532039,15.5240592536816,0.0460135300165047,"786","Low-Low"
"220580","2205805","Luzilândia","PI",705.599,"22","220580 LUZILANDIA",0,0,26204,15.5240592532039,15.5240592537832,-3.85270942861408e-06,"787","Low-Low"
"220585","2205854","Madeiro","PI",178.842,"22","220585 MADEIRO",0,0,8218,15.5240592532039,15.524059255051,-3.85270942845676e-06,"788","Low-Low"
"220590","2205904","Manoel Emídio","PI",1620.413,"22","220590 MANOEL EMIDIO",0,0,5314,15.5240592532039,15.5240592560605,-3.8527094283315e-06,"789","Low-Low"
"220595","2205953","Marcolândia","PI",136.785,"22","220595 MARCOLANDIA",0,0,8783,15.5240592532039,15.5240592549322,-3.8527094284715e-06,"790","Low-Low"
"220600","2206001","Marcos Parente","PI",677.416,"22","220600 MARCOS PARENTE",1.17602784833945,0.0555555555555556,4848,15.5240592532039,15.5240592563351,0.298475957617587,"791","Low-Low"
"220605","2206050","Massapê do Piauí","PI",530.169,"22","220605 MASSAPE DO PIAUI",0,0,5215,15.5240592532039,15.5240592561147,-3.85270942832477e-06,"792","Low-Low"
"220610","2206100","Matias Olímpio","PI",226.785,"22","220610 MATIAS OLIMPIO",0,0,10875,15.5240592532039,15.5240592545997,-3.85270942851276e-06,"793","Not significant"
"220620","2206209","Miguel Alves","PI",1392.123,"22","220620 MIGUEL ALVES",0.172801105927078,0.0555555555555555,33071,15.5240592532039,15.5240592536629,0.0438536472627696,"794","Low-Low"
"220630","2206308","Miguel Leão","PI",93.412,"22","220630 MIGUEL LEAO",0,0,1352,15.5240592532039,15.5240592644316,-3.85270942729273e-06,"795","Low-Low"
"220635","2206357","Milton Brandão","PI",1309.128,"22","220635 MILTON BRANDAO",0,0,6678,15.5240592532039,15.524059255477,-3.8527094284039e-06,"796","Low-Low"
"220640","2206407","Monsenhor Gil","PI",567.86,"22","220640 MONSENHOR GIL",0.525895073414952,0.0555555555555556,10455,15.5240592532039,15.5240592546558,0.133470079897641,"797","Low-Low"
"220650","2206506","Monsenhor Hipólito","PI",401.568,"22","220650 MONSENHOR HIPOLITO",0,0,7751,15.5240592532039,15.5240592551623,-3.85270942844295e-06,"798","Low-Low"
"220660","2206605","Monte Alegre do Piauí","PI",2417.382,"22","220660 MONTE ALEGRE DO PIAUI",0,0,10910,15.5240592532039,15.5240592545953,-3.85270942851331e-06,"799","Low-Low"
"220665","2206654","Morro Cabeça no Tempo","PI",2207.658,"22","220665 MORRO CABECA NO TEMPO",0,0,4458,15.5240592532039,15.524059256609,-3.85270942826343e-06,"800","Low-Low"
"220667","2206670","Morro do Chapéu do Piauí","PI",328.408,"22","220667 MORRO DO CHAPEU DO PIAUI",0.848565076455711,0.0555555555555554,6547,15.5240592532039,15.5240592555225,0.215364808360026,"801","Not significant"
"220669","2206696","Murici dos Portelas","PI",475.72,"22","220669 MURICI DOS PORTELAS",0,0,10139,15.5240592532039,15.5240592547011,-3.85270942850018e-06,"802","Low-Low"
"220670","2206704","Nazaré do Piauí","PI",1315.841,"22","220670 NAZARE DO PIAUI",0,0,6729,15.5240592532039,15.5240592554598,-3.85270942840604e-06,"803","Low-Low"
"220672","2206720","Nazária","PI",362.376,"22","220672 NAZARIA",0,NA,10706,15.5240592532039,15.5240592546218,-3.85270942851002e-06,"804","Not significant"
"220675","2206753","Nossa Senhora de Nazaré","PI",356.872,"22","220675 NOSSA SENHORA DE NAZARE",0,0,5406,15.5240592532039,15.5240592560119,-3.85270942833753e-06,"805","Low-Low"
"220680","2206803","Nossa Senhora dos Remédios","PI",357.896,"22","220680 NOSSA SENHORA DOS REMEDIOS",0,0,8732,15.5240592532039,15.5240592549423,-3.85270942847025e-06,"806","Not significant"
"220690","2206902","Novo Oriente do Piauí","PI",525.906,"22","220690 NOVO ORIENTE DO PIAUI",0,0,6178,15.5240592532039,15.524059255661,-3.85270942838107e-06,"807","Low-Low"
"220695","2206951","Novo Santo Antônio","PI",443.872,"22","220695 NOVO SANTO ANTONIO",0,0,2886,15.5240592532039,15.5240592584637,-3.85270942803328e-06,"808","Low-Low"
"220700","2207009","Oeiras","PI",2703.138,"22","220700 OEIRAS",0,0,39545,15.5240592532039,15.5240592535878,-3.85270942863833e-06,"809","Low-Low"
"220710","2207108","Olho D'Água do Piauí","PI",183.603,"22","220710 OLHO D'AGUA DO PIAUI",0,0,2725,15.5240592532039,15.5240592587745,-3.85270942799472e-06,"810","Low-Low"
"220720","2207207","Padre Marcos","PI",278.696,"22","220720 PADRE MARCOS",0,0,6481,15.5240592532039,15.5240592555461,-3.85270942839532e-06,"811","Low-Low"
"220730","2207306","Paes Landim","PI",401.378,"22","220730 PAES LANDIM",0,0,4174,15.5240592532039,15.5240592568407,-3.85270942823468e-06,"812","Low-Low"
"220735","2207355","Pajeú do Piauí","PI",986.961,"22","220735 PAJEU DO PIAUI",0,0,3041,15.5240592532039,15.5240592581956,-3.85270942806655e-06,"813","Low-Low"
"220740","2207405","Palmeira do Piauí","PI",2024.02,"22","220740 PALMEIRA DO PIAUI",0,0,5048,15.5240592532039,15.524059256211,-3.85270942831282e-06,"814","Low-Low"
"220750","2207504","Palmeirais","PI",1493.764,"22","220750 PALMEIRAIS",0,0,13480,15.5240592532039,15.52405925433,-3.85270942854623e-06,"815","Low-Low"
"220755","2207553","Paquetá","PI",432.572,"22","220755 PAQUETA",0,0,3878,15.5240592532039,15.5240592571183,-3.85270942820024e-06,"816","Low-Low"
"220760","2207603","Parnaguá","PI",3428.811,"22","220760 PARNAGUA",0,0,10289,15.5240592532039,15.5240592546792,-3.85270942850289e-06,"817","Low-Low"
"220770","2207702","Parnaíba","PI",436.907,"22","220770 PARNAIBA",0.176911388217099,0.277777777777778,169552,15.5240592532039,15.5240592532934,0.0448968506875714,"818","Low-Low"
"220775","2207751","Passagem Franca do Piauí","PI",643.226,"22","220775 PASSAGEM FRANCA DO PIAUI",1.24647869767906,0.0555555555555555,4220,15.5240592532039,15.524059256801,0.31635661934883,"819","Not significant"
"220777","2207777","Patos do Piauí","PI",801.403,"22","220777 PATOS DO PIAUI",0,0,5461,15.5240592532039,15.5240592559836,-3.85270942834104e-06,"820","Low-Low"
"220779","2207793","Pau D'Arco do Piauí","PI",430.023,"22","220779 PAU D'ARCO DO PIAUI",0,0,3972,15.5240592532039,15.5240592570256,-3.85270942821173e-06,"821","Not significant"
"220780","2207801","Paulistana","PI",1941.111,"22","220780 PAULISTANA",0,0,21601,15.5240592532039,15.5240592539066,-3.85270942859876e-06,"822","Low-Low"
"220785","2207850","Pavussu","PI",1090.697,"22","220785 PAVUSSU",0,0,3698,15.5240592532039,15.5240592573088,-3.8527094281766e-06,"823","Not significant"
"220790","2207900","Pedro II","PI",1544.413,"22","220790 PEDRO II",0,0,39039,15.5240592532039,15.5240592535927,-3.85270942863772e-06,"824","Low-Low"
"220793","2207934","Pedro Laurentino","PI",870.614,"22","220793 PEDRO LAURENTINO",0,0,2514,15.5240592532039,15.524059259242,-3.8527094279367e-06,"825","Low-Low"
"220795","2207959","Nova Santa Rita","PI",909.734,"22","220795 NOVA SANTA RITA",0,0,4147,15.5240592532039,15.5240592568643,-3.85270942823175e-06,"826","Low-Low"
"220800","2208007","Picos","PI",577.284,"22","220800 PICOS",0.145129610056132,0.111111111111111,86228,15.5240592532039,15.5240592533799,0.0368305288468214,"827","Low-Low"
"220810","2208106","Pimenteiras","PI",4562.58,"22","220810 PIMENTEIRAS",0,0,11528,15.5240592532039,15.5240592545207,-3.85270942852257e-06,"828","Low-Low"
"220820","2208205","Pio IX","PI",1948.142,"22","220820 PIO IX",0,0,17947,15.5240592532039,15.5240592540497,-3.85270942858101e-06,"829","Low-Low"
"220830","2208304","Piracuruca","PI",2368.935,"22","220830 PIRACURUCA",0.209627784905122,0.0555555555555555,29849,15.5240592532039,15.5240592537124,0.0532003818428286,"830","Low-Low"
"220840","2208403","Piripiri","PI",1407.192,"22","220840 PIRIPIRI",0.088746893858715,0.0555555555555556,67676,15.5240592532039,15.5240592534282,0.0225204064617668,"831","Low-Low"
"220850","2208502","Porto","PI",253.113,"22","220850 PORTO",0.465367360994769,0.0555555555555556,12312,15.5240592532039,15.5240592544368,0.118107943577305,"832","Not significant"
"220855","2208551","Porto Alegre do Piauí","PI",1168.044,"22","220855 PORTO ALEGRE DO PIAUI",0,0,2391,15.5240592532039,15.5240592595527,-3.85270942789816e-06,"833","Not significant"
"220860","2208601","Prata do Piauí","PI",196.787,"22","220860 PRATA DO PIAUI",0,0,3098,15.5240592532039,15.5240592581038,-3.85270942807795e-06,"834","Not significant"
"220865","2208650","Queimada Nova","PI",1283.369,"22","220865 QUEIMADA NOVA",0,0,8936,15.5240592532039,15.5240592549026,-3.85270942847517e-06,"835","Low-Low"
"220870","2208700","Redenção do Gurguéia","PI",2470.531,"22","220870 REDENCAO DO GURGUEIA",0,0,8563,15.5240592532039,15.5240592549766,-3.85270942846599e-06,"836","Low-Low"
"220880","2208809","Regeneração","PI",1251.321,"22","220880 REGENERACAO",0,0,17418,15.5240592532039,15.5240592540754,-3.85270942857782e-06,"837","Low-Low"
"220885","2208858","Riacho Frio","PI",2220.598,"22","220885 RIACHO FRIO",0,0,4241,15.5240592532039,15.5240592567832,-3.85270942824181e-06,"838","Low-Low"
"220887","2208874","Ribeira do Piauí","PI",1012.479,"22","220887 RIBEIRA DO PIAUI",0,0,4114,15.5240592532039,15.5240592568937,-3.8527094282281e-06,"839","Low-Low"
"220890","2208908","Ribeiro Gonçalves","PI",3987.147,"22","220890 RIBEIRO GONCALVES",0,0,6215,15.5240592532039,15.5240592556464,-3.85270942838288e-06,"840","Low-Low"
"220900","2209005","Rio Grande do Piauí","PI",635.953,"22","220900 RIO GRANDE DO PIAUI",0,0,5868,15.5240592532039,15.5240592557908,-3.85270942836496e-06,"841","Low-Low"
"220910","2209104","Santa Cruz do Piauí","PI",582.658,"22","220910 SANTA CRUZ DO PIAUI",0,0,5928,15.5240592532039,15.5240592557646,-3.85270942836821e-06,"842","Low-Low"
"220915","2209153","Santa Cruz dos Milagres","PI",978.547,"22","220915 SANTA CRUZ DOS MILAGRES",0,0,3466,15.5240592532039,15.5240592575836,-3.8527094281425e-06,"843","Low-Low"
"220920","2209203","Santa Filomena","PI",5293.693,"22","220920 SANTA FILOMENA",1.79820539101976,0.111111111111111,6209,15.5240592532039,15.5240592556487,0.456386703696459,"844","High-Low"
"220930","2209302","Santa Luz","PI",1185.398,"22","220930 SANTA LUZ",0,0,5425,15.5240592532039,15.524059256002,-3.85270942833875e-06,"845","Not significant"
"220935","2209351","Santana do Piauí","PI",112.189,"22","220935 SANTANA DO PIAUI",0,0,4174,15.5240592532039,15.5240592568407,-3.85270942823468e-06,"846","Low-Low"
"220937","2209377","Santa Rosa do Piauí","PI",338.336,"22","220937 SANTA ROSA DO PIAUI",0,0,4690,15.5240592532039,15.5240592564405,-3.85270942828433e-06,"847","Not significant"
"220940","2209401","Santo Antônio de Lisboa","PI",385.286,"22","220940 SANTO ANTONIO DE LISBOA",0,0,5938,15.5240592532039,15.5240592557603,-3.85270942836875e-06,"848","Low-Low"
"220945","2209450","Santo Antônio dos Milagres","PI",33.64,"22","220945 SANTO ANTONIO DOS MILAGRES",0,0,2189,15.5240592532039,15.5240592601385,-3.85270942782546e-06,"849","Not significant"
"220950","2209500","Santo Inácio do Piauí","PI",852.106,"22","220950 SANTO INACIO DO PIAUI",0,0,3719,15.5240592532039,15.5240592572856,-3.85270942817947e-06,"850","Low-Low"
"220955","2209559","São Braz do Piauí","PI",656.042,"22","220955 SAO BRAZ DO PIAUI",0,0,4451,15.5240592532039,15.5240592566143,-3.85270942826277e-06,"851","Low-Low"
"220960","2209609","São Félix do Piauí","PI",627.033,"22","220960 SAO FELIX DO PIAUI",0,0,2885,15.5240592532039,15.5240592584656,-3.85270942803305e-06,"852","Not significant"
"220965","2209658","São Francisco de Assis do Piauí","PI",1072.311,"22","220965 SAO FRANCISCO DE ASSIS DO PIAUI",0,0,5703,15.5240592532039,15.5240592558656,-3.85270942835567e-06,"853","Low-Low"
"220970","2209708","São Francisco do Piauí","PI",1341.451,"22","220970 SAO FRANCISCO DO PIAUI",0,0,5404,15.5240592532039,15.5240592560129,-3.8527094283374e-06,"854","Low-Low"
"220975","2209757","São Gonçalo do Gurguéia","PI",1385.255,"22","220975 SAO GONCALO DO GURGUEIA",0,0,3019,15.5240592532039,15.524059258232,-3.85270942806203e-06,"855","Low-Low"
"220980","2209807","São Gonçalo do Piauí","PI",150.495,"22","220980 SAO GONCALO DO PIAUI",1.23924951049644,0.0555555555555556,4944,15.5240592532039,15.5240592562743,0.314521827412718,"856","Low-Low"
"220985","2209856","São João da Canabrava","PI",480.537,"22","220985 SAO JOAO DA CANABRAVA",0,0,4306,15.5240592532039,15.5240592567292,-3.85270942824852e-06,"857","Low-Low"
"220987","2209872","São João da Fronteira","PI",817.111,"22","220987 SAO JOAO DA FRONTEIRA",0,0,5615,15.5240592532039,15.5240592559073,-3.8527094283505e-06,"858","Low-Low"
"220990","2209906","São João da Serra","PI",994.224,"22","220990 SAO JOAO DA SERRA",0,0,6233,15.5240592532039,15.5240592556393,-3.85270942838376e-06,"859","Low-Low"
"220995","2209955","São João da Varjota","PI",394.456,"22","220995 SAO JOAO DA VARJOTA",0,0,4443,15.5240592532039,15.5240592566205,-3.85270942826201e-06,"860","Low-Low"
"220997","2209971","São João do Arraial","PI",213.377,"22","220997 SAO JOAO DO ARRAIAL",0,0,8443,15.5240592532039,15.5240592550018,-3.85270942846286e-06,"861","Not significant"
"221000","2210003","São João do Piauí","PI",1527.497,"22","221000 SAO JOAO DO PIAUI",0,0,22036,15.5240592532039,15.5240592538928,-3.85270942860049e-06,"862","Low-Low"
"221005","2210052","São José do Divino","PI",319.367,"22","221005 SAO JOSE DO DIVINO",0,0,4906,15.5240592532039,15.524059256298,-3.85270942830202e-06,"863","Not significant"
"221010","2210102","São José do Peixe","PI",1287.174,"22","221010 SAO JOSE DO PEIXE",0,0,3320,15.5240592532039,15.5240592577762,-3.8527094281186e-06,"864","Low-Low"
"221020","2210201","São José do Piauí","PI",373.347,"22","221020 SAO JOSE DO PIAUI",0,0,6732,15.5240592532039,15.5240592554588,-3.85270942840616e-06,"865","Low-Low"
"221030","2210300","São Julião","PI",291.089,"22","221030 SAO JULIAO",0,0,6135,15.5240592532039,15.5240592556782,-3.85270942837893e-06,"866","Low-Low"
"221035","2210359","São Lourenço do Piauí","PI",673.822,"22","221035 SAO LOURENCO DO PIAUI",0,0,4497,15.5240592532039,15.5240592565795,-3.8527094282671e-06,"867","Low-Low"
"221037","2210375","São Luis do Piauí","PI",217.924,"22","221037 SAO LUIS DO PIAUI",0,0,2329,15.5240592532039,15.5240592597217,-3.85270942787719e-06,"868","Low-Low"
"221038","2210383","São Miguel da Baixa Grande","PI",444.528,"22","221038 SAO MIGUEL DA BAIXA GRANDE",4.82253086419753,0.111111111111111,2304,15.5240592532039,15.5240592597924,1.2239706471411,"869","Not significant"
"221039","2210391","São Miguel do Fidalgo","PI",813.444,"22","221039 SAO MIGUEL DO FIDALGO",0,0,2870,15.5240592532039,15.5240592584931,-3.85270942802964e-06,"870","Low-Low"
"221040","2210409","São Miguel do Tapuio","PI",4988.973,"22","221040 SAO MIGUEL DO TAPUIO",0,0,17902,15.5240592532039,15.5240592540518,-3.85270942858075e-06,"871","Low-Low"
"221050","2210508","São Pedro do Piauí","PI",518.288,"22","221050 SAO PEDRO DO PIAUI",0.386984923067397,0.0555555555555556,14046,15.5240592532039,15.5240592542846,0.0982142180678032,"872","Low-Low"
"221060","2210607","São Raimundo Nonato","PI",2415.287,"22","221060 SAO RAIMUNDO NONATO",0,0,40784,15.5240592532039,15.5240592535761,-3.85270942863978e-06,"873","Low-Low"
"221062","2210623","Sebastião Barros","PI",893.488,"22","221062 SEBASTIAO BARROS",0,0,3228,15.5240592532039,15.5240592579065,-3.85270942810243e-06,"874","Low-Low"
"221063","2210631","Sebastião Leal","PI",3148.857,"22","221063 SEBASTIAO LEAL",0,0,4572,15.5240592532039,15.5240592565241,-3.85270942827397e-06,"875","Not significant"
"221065","2210656","Sigefredo Pacheco","PI",1031.101,"22","221065 SIGEFREDO PACHECO",0,0,9631,15.5240592532039,15.52405925478,-3.85270942849038e-06,"876","Low-Low"
"221070","2210706","Simões","PI",1076.055,"22","221070 SIMOES",0,0,14650,15.5240592532039,15.5240592542401,-3.85270942855739e-06,"877","Low-Low"
"221080","2210805","Simplício Mendes","PI",1360.028,"22","221080 SIMPLICIO MENDES",0,0,14342,15.5240592532039,15.5240592542623,-3.85270942855463e-06,"878","Low-Low"
"221090","2210904","Socorro do Piauí","PI",761.854,"22","221090 SOCORRO DO PIAUI",0,0,4184,15.5240592532039,15.524059256832,-3.85270942823576e-06,"879","Low-Low"
"221093","2210938","Sussuapara","PI",205.194,"22","221093 SUSSUAPARA",0,0,6345,15.5240592532039,15.5240592555963,-3.8527094283891e-06,"880","Low-Low"
"221095","2210953","Tamboril do Piauí","PI",1587.296,"22","221095 TAMBORIL DO PIAUI",0,0,3029,15.5240592532039,15.5240592582154,-3.85270942806409e-06,"881","Low-Low"
"221097","2210979","Tanque do Piauí","PI",398.007,"22","221097 TANQUE DO PIAUI",0,0,2330,15.5240592532039,15.5240592597189,-3.85270942787753e-06,"882","Low-Low"
"221100","2211001","Teresina","PI",1391.293,"22","221100 TERESINA",0.206711960434479,1.77777777777778,902644,15.5240592532039,15.5240592532207,0.0524603358181789,"883","Low-Low"
"221110","2211100","União","PI",1170.742,"22","221110 UNIAO",0,0,47707,15.5240592532039,15.5240592535221,-3.85270942864648e-06,"884","Low-Low"
"221120","2211209","Uruçuí","PI",8413.016,"22","221120 URUCUI",0,0,26501,15.5240592532039,15.5240592537767,-3.85270942861489e-06,"885","Low-Low"
"221130","2211308","Valença do Piauí","PI",1333.722,"22","221130 VALENCA DO PIAUI",0,0,22920,15.5240592532039,15.5240592538662,-3.85270942860378e-06,"886","Low-Low"
"221135","2211357","Várzea Branca","PI",450.429,"22","221135 VARZEA BRANCA",0,0,5173,15.5240592532039,15.5240592561383,-3.85270942832183e-06,"887","Low-Low"
"221140","2211407","Várzea Grande","PI",236.453,"22","221140 VARZEA GRANDE",0,0,4515,15.5240592532039,15.524059256566,-3.85270942826877e-06,"888","Low-Low"
"221150","2211506","Vera Mendes","PI",341.974,"22","221150 VERA MENDES",0,0,3271,15.5240592532039,15.5240592578446,-3.8527094281101e-06,"889","Low-Low"
"221160","2211605","Vila Nova do Piauí","PI",221.627,"22","221160 VILA NOVA DO PIAUI",0,0,2979,15.5240592532039,15.5240592582995,-3.85270942805366e-06,"890","Low-Low"
"221170","2211704","Wall Ferraz","PI",270.427,"22","221170 WALL FERRAZ",0,0,4117,15.5240592532039,15.524059256891,-3.85270942822844e-06,"891","Low-Low"
"230010","2300101","Abaiara","CE",180.833,"23","230010 ABAIARA",0,0,10282,15.5240592532039,15.5240592546802,-3.85270942850277e-06,"892","Not significant"
"230015","2300150","Acarape","CE",130.002,"23","230015 ACARAPE",0.768128287613586,0.111111111111111,14306,15.5240592532039,15.524059254265,0.19494968170962,"893","Not significant"
"230020","2300200","Acaraú","CE",842.471,"23","230020 ACARAU",0.372358852754521,0.222222222222222,68758,15.5240592532039,15.5240592534247,0.0945020723935393,"894","Low-Low"
"230030","2300309","Acopiara","CE",2254.279,"23","230030 ACOPIARA",0.232152912407726,0.111111111111111,46215,15.5240592532039,15.5240592535324,0.0589173347151879,"895","Not significant"
"230040","2300408","Aiuaba","CE",2438.563,"23","230040 AIUABA",0,0,14220,15.5240592532039,15.5240592542714,-3.8527094285535e-06,"896","Low-Low"
"230050","2300507","Alcântaras","CE",135.76,"23","230050 ALCANTARAS",1.00220562207984,0.111111111111111,11754,15.5240592532039,15.5240592544954,0.254359293900719,"897","Not significant"
"230060","2300606","Altaneira","CE",72.675,"23","230060 ALTANEIRA",0.756475429678044,0.0555555555555556,6970,15.5240592532039,15.5240592553818,0.1919921472944,"898","Not significant"
"230070","2300705","Alto Santo","CE",1147.208,"23","230070 ALTO SANTO",0.724923211630831,0.111111111111111,14418,15.5240592532039,15.5240592542567,0.183984088587392,"899","Not significant"
"230075","2300754","Amontada","CE",1175.044,"23","230075 AMONTADA",0.138211651795093,0.0555555555555555,44342,15.5240592532039,15.5240592535462,0.0350747278486237,"900","Not significant"
"230080","2300804","Antonina do Norte","CE",259.706,"23","230080 ANTONINA DO NORTE",0,0,7484,15.5240592532039,15.5240592552322,-3.85270942843428e-06,"901","Not significant"
"230090","2300903","Apuiarés","CE",543.98,"23","230090 APUIARES",0.428206841032492,0.0555555555555555,13219,15.5240592532039,15.5240592543522,0.108676479036746,"902","Not significant"
"230100","2301000","Aquiraz","CE",480.236,"23","230100 AQUIRAZ",0.225888256155373,0.166666666666667,84737,15.5240592532039,15.524059253383,0.0573273439573576,"903","Not significant"
"230110","2301109","Aracati","CE",1227.197,"23","230110 ARACATI",0.159426131159988,0.111111111111111,78752,15.5240592532039,15.5240592533966,0.0404590338297782,"904","Not significant"
"230120","2301208","Aracoiaba","CE",643.988,"23","230120 ARACOIABA",0.427813882784703,0.111111111111111,26696,15.5240592532039,15.5240592537725,0.108576744918157,"905","Not significant"
"230125","2301257","Ararendá","CE",342.301,"23","230125 ARARENDA",1.05528645750889,0.111111111111111,11485,15.5240592532039,15.5240592545256,0.26783138787695,"906","Low-Low"
"230130","2301307","Araripe","CE",1097.339,"23","230130 ARARIPE",0,0,20223,15.5240592532039,15.5240592539545,-3.85270942859282e-06,"907","Low-Low"
"230140","2301406","Aratuba","CE",119.758,"23","230140 ARATUBA",1.42440251665433,0.166666666666667,11459,15.5240592532039,15.5240592545286,0.361514281087626,"908","Not significant"
"230150","2301505","Arneiroz","CE",1068.437,"23","230150 ARNEIROZ",0,0,7619,15.5240592532039,15.5240592551963,-3.85270942843874e-06,"909","Low-Low"
"230160","2301604","Assaré","CE",1155.124,"23","230160 ASSARE",0,0,22212,15.5240592532039,15.5240592538873,-3.85270942860116e-06,"910","Not significant"
"230170","2301703","Aurora","CE",885.87,"23","230170 AURORA",0.234273237562434,0.0555555555555556,24267,15.5240592532039,15.5240592538294,0.0594554803469352,"911","Not significant"
"230180","2301802","Baixio","CE",145.556,"23","230180 BAIXIO",0,0,5832,15.5240592532039,15.5240592558068,-3.85270942836298e-06,"912","Not significant"
"230185","2301851","Banabuiú","CE",1080.986,"23","230185 BANABUIU",0,0,17654,15.5240592532039,15.5240592540637,-3.85270942857927e-06,"913","Not significant"
"230190","2301901","Barbalha","CE",608.158,"23","230190 BARBALHA",0,0,80217,15.5240592532039,15.5240592533931,-3.85270942866248e-06,"914","Low-Low"
"230195","2301950","Barreira","CE",260.003,"23","230195 BARREIRA",1.09691096826187,0.222222222222222,23351,15.5240592532039,15.524059253854,0.278395828251262,"915","Not significant"
"230200","2302008","Barro","CE",711.346,"23","230200 BARRO",0,0,19669,15.5240592532039,15.5240592539757,-3.8527094285902e-06,"916","Not significant"
"230205","2302057","Barroquinha","CE",385.583,"23","230205 BARROQUINHA",0,0,14977,15.5240592532039,15.5240592542174,-3.8527094285602e-06,"917","Not significant"
"230210","2302107","Baturité","CE",314.075,"23","230210 BATURITE",1.00032190523992,0.333333333333333,36978,15.5240592532039,15.5240592536144,0.253881200259107,"918","Low-High"
"230220","2302206","Beberibe","CE",1596.751,"23","230220 BEBERIBE",0.327684426193493,0.166666666666667,55666,15.5240592532039,15.5240592534766,0.0831635531682971,"919","Not significant"
"230230","2302305","Bela Cruz","CE",842.106,"23","230230 BELA CRUZ",0.177726592519132,0.0555555555555556,34441,15.5240592532039,15.5240592536446,0.0451037522717609,"920","Not significant"
"230240","2302404","Boa Viagem","CE",2835.037,"23","230240 BOA VIAGEM",0.421193410262336,0.222222222222222,52169,15.5240592532039,15.5240592534949,0.106896446798873,"921","Low-Low"
"230250","2302503","Brejo Santo","CE",654.658,"23","230250 BREJO SANTO",0.108740566755834,0.0555555555555555,53778,15.5240592532039,15.5240592534862,0.027594867668614,"922","Low-Low"
"230260","2302602","Camocim","CE",1120.452,"23","230260 CAMOCIM",0.361722226542611,0.222222222222222,65031,15.5240592532039,15.5240592534373,0.0918024610033205,"923","Low-Low"
"230270","2302701","Campos Sales","CE",1082.582,"23","230270 CAMPOS SALES",0.221028667418164,0.0555555555555555,26082,15.5240592532039,15.5240592537859,0.0560939640441256,"924","Low-Low"
"230280","2302800","Canindé","CE",3032.39,"23","230280 CANINDE",0.215432380423626,0.166666666666667,77207,15.5240592532039,15.5240592534005,0.0546736076449443,"925","Not significant"
"230290","2302909","Capistrano","CE",226.549,"23","230290 CAPISTRANO",0,0,17760,15.5240592532039,15.5240592540586,-3.8527094285799e-06,"926","Not significant"
"230300","2303006","Caridade","CE",926.271,"23","230300 CARIDADE",0.288870401183213,0.0555555555555556,16419,15.5240592532039,15.5240592541284,0.0733124235013157,"927","Low-High"
"230310","2303105","Cariré","CE",755.597,"23","230310 CARIRE",0,0,18075,15.5240592532039,15.5240592540437,-3.85270942858175e-06,"928","Not significant"
"230320","2303204","Caririaçu","CE",634.179,"23","230320 CARIRIACU",0.422154677473827,0.111111111111111,27482,15.5240592532039,15.5240592537562,0.107140419638743,"929","Not significant"
"230330","2303303","Cariús","CE",1036.417,"23","230330 CARIUS",1.55728217650671,0.277777777777778,17333,15.5240592532039,15.5240592540797,0.395239584220617,"930","Not significant"
"230340","2303402","Carnaubal","CE",363.22,"23","230340 CARNAUBAL",0,0,17758,15.5240592532039,15.5240592540587,-3.85270942857989e-06,"931","Low-Low"
"230350","2303501","Cascavel","CE",838.115,"23","230350 CASCAVEL",0.556343997143221,0.388888888888889,76365,15.5240592532039,15.5240592534027,0.141198118820445,"932","Not significant"
"230360","2303600","Catarina","CE",488.153,"23","230360 CATARINA",0.558347292015633,0.0555555555555555,9577,15.5240592532039,15.5240592547889,0.141706561768464,"933","Low-Low"
"230365","2303659","Catunda","CE",784.022,"23","230365 CATUNDA",0.532907007727152,0.0555555555555556,10817,15.5240592532039,15.5240592546072,0.135249732332614,"934","Not significant"
"230370","2303709","Caucaia","CE",1223.246,"23","230370 CAUCAIA",0.866001274541109,3,375730,15.5240592532039,15.5240592532443,0.219790173902011,"935","Not significant"
"230380","2303808","Cedro","CE",729.97,"23","230380 CEDRO",3.35059087519174,0.833333333333332,22678,15.5240592532039,15.5240592538733,0.85038734372531,"936","Not significant"
"230390","2303907","Chaval","CE",237.248,"23","230390 CHAVAL",0,0,12805,15.5240592532039,15.5240592543894,-3.85270942853886e-06,"937","Not significant"
"230393","2303931","Choró","CE",815.268,"23","230393 CHORO",1.80144566871475,0.222222222222222,12380,15.5240592532039,15.5240592544301,0.457209097055849,"938","Not significant"
"230395","2303956","Chorozinho","CE",296.431,"23","230395 CHOROZINHO",0.295980583673711,0.0555555555555556,20763,15.5240592532039,15.524059253935,0.0751170116535878,"939","Not significant"
"230400","2304004","Coreaú","CE",750.332,"23","230400 COREAU",0.25002500250025,0.0555555555555556,21438,15.5240592532039,15.524059253912,0.0634533310932205,"940","Low-Low"
"230410","2304103","Crateús","CE",2981.459,"23","230410 CRATEUS",0.0761462678429744,0.0555555555555557,79809,15.5240592532039,15.5240592533941,0.0193223253373974,"941","Not significant"
"230420","2304202","Crato","CE",1138.15,"23","230420 CRATO",0.217844880380628,0.277777777777778,138232,15.5240592532039,15.5240592533137,0.0552859082217091,"942","Not significant"
"230423","2304236","Croatá","CE",696.348,"23","230423 CROATA",0,0,18007,15.5240592532039,15.5240592540469,-3.85270942858136e-06,"943","Not significant"
"230425","2304251","Cruz","CE",335.921,"23","230425 CRUZ",0.223770715573994,0.0555555555555556,31847,15.5240592532039,15.5240592536805,0.0567899050585407,"944","Not significant"
"230426","2304269","Deputado Irapuan Pinheiro","CE",471.134,"23","230426 DEPUTADO IRAPUAN PINHEIRO",0.60570819402045,0.0555555555555557,9172,15.5240592532039,15.5240592548589,0.153726917466309,"945","Not significant"
"230427","2304277","Ereré","CE",362.906,"23","230427 ERERE",25.3878396274558,1.83333333333334,6393,15.5240592532039,15.5240592555783,6.44351495298907,"946","Not significant"
"230428","2304285","Eusébio","CE",78.818,"23","230428 EUSEBIO",0.91665689691571,0.5,80304,15.5240592532039,15.5240592533929,0.232646740674569,"947","Not significant"
"230430","2304301","Farias Brito","CE",530.54,"23","230430 FARIAS BRITO",3.82381661243735,0.722222222222223,18557,15.5240592532039,15.5240592540219,0.970493622245934,"948","Not significant"
"230435","2304350","Forquilha","CE",568.778,"23","230435 FORQUILHA",0,0,25127,15.5240592532039,15.524059253808,-3.852709428611e-06,"949","Not significant"
"230440","2304400","Fortaleza","CE",312.353,"23","230440 FORTALEZA",1.31232715599634,33.6111111111111,2574412,15.5240592532039,15.5240592532098,0.333069178852954,"950","Not significant"
"230445","2304459","Fortim","CE",285.024,"23","230445 FORTIM",0.321241792272207,0.0555555555555555,18052,15.5240592532039,15.5240592540448,0.0815283910796792,"951","Not significant"
"230450","2304509","Frecheirinha","CE",210.284,"23","230450 FRECHEIRINHA",0,0,16362,15.5240592532039,15.5240592541316,-3.85270942857084e-06,"952","Not significant"
"230460","2304608","General Sampaio","CE",230.371,"23","230460 GENERAL SAMPAIO",0.802362154181911,0.0555555555555555,6924,15.5240592532039,15.5240592553963,0.203638351800603,"953","Not significant"
"230465","2304657","Graça","CE",258.942,"23","230465 GRACA",0,0,14174,15.5240592532039,15.5240592542749,-3.85270942855307e-06,"954","Not significant"
"230470","2304707","Granja","CE",2663.174,"23","230470 GRANJA",0.207461332377873,0.111111111111111,55633,15.5240592532039,15.5240592534767,0.0526505289291298,"955","Low-Low"
"230480","2304806","Granjeiro","CE",111.528,"23","230480 GRANJEIRO",0,0,4960,15.5240592532039,15.5240592562644,-3.8527094283062e-06,"956","Low-High"
"230490","2304905","Groaíras","CE",155.681,"23","230490 GROAIRAS",0.543171251032026,0.0555555555555556,11313,15.5240592532039,15.5240592545457,0.137854831692809,"957","Not significant"
"230495","2304954","Guaiúba","CE",256.053,"23","230495 GUAIUBA",0.69002478848901,0.166666666666667,25085,15.5240592532039,15.524059253809,0.175126751805344,"958","Not significant"
"230500","2305001","Guaraciaba do Norte","CE",624.606,"23","230500 GUARACIABA DO NORTE",0.290136066077473,0.111111111111111,44294,15.5240592532039,15.5240592535466,0.0736336534957918,"959","Low-Low"
"230510","2305100","Guaramiranga","CE",90.817,"23","230510 GUARAMIRANGA",11.7376851886391,0.5,5819,15.5240592532039,15.5240592558126,2.97905999666204,"960","High-High"
"230520","2305209","Hidrolândia","CE",926.592,"23","230520 HIDROLANDIA",2.65207103041461,0.5,18225,15.5240592532039,15.5240592540368,0.673100665443135,"961","High-Low"
"230523","2305233","Horizonte","CE",160.557,"23","230523 HORIZONTE",0.16829695337312,0.111111111111111,79934,15.5240592532039,15.5240592533938,0.0427104782454985,"962","Not significant"
"230526","2305266","Ibaretama","CE",879.255,"23","230526 IBARETAMA",0.465796558695024,0.0555555555555556,12191,15.5240592532039,15.5240592544491,0.118216875392397,"963","Not significant"
"230530","2305308","Ibiapina","CE",414.092,"23","230530 IBIAPINA",0,0,24649,15.5240592532039,15.5240592538197,-3.85270942860955e-06,"964","Low-Low"
"230533","2305332","Ibicuitinga","CE",423.856,"23","230533 IBICUITINGA",0,0,11979,15.5240592532039,15.5240592544711,-3.85270942852872e-06,"965","Not significant"
"230535","2305357","Icapuí","CE",421.44,"23","230535 ICAPUI",0.276946936966877,0.0555555555555556,22367,15.5240592532039,15.5240592538826,0.0702862083123161,"966","Not significant"
"230540","2305407","Icó","CE",1865.862,"23","230540 ICO",0.169261929591588,0.111111111111111,64802,15.5240592532039,15.5240592534381,0.0429553924446141,"967","Not significant"
"230550","2305506","Iguatu","CE",992.208,"23","230550 IGUATU",0.734730643801509,0.722222222222221,102251,15.5240592532039,15.5240592533523,0.186473247755533,"968","Not significant"
"230560","2305605","Independência","CE",3222.381,"23","230560 INDEPENDENCIA",1.30496738590183,0.333333333333333,24530,15.5240592532039,15.5240592538227,0.331201244523957,"969","Low-Low"
"230565","2305654","Ipaporanga","CE",704.773,"23","230565 IPAPORANGA",0,0,11937,15.5240592532039,15.5240592544756,-3.85270942852817e-06,"970","Not significant"
"230570","2305704","Ipaumirim","CE",276.508,"23","230570 IPAUMIRIM",0,0,12441,15.5240592532039,15.524059254424,-3.85270942853456e-06,"971","Not significant"
"230580","2305803","Ipu","CE",626.049,"23","230580 IPU",0.135234185038231,0.0555555555555555,42968,15.5240592532039,15.5240592535572,0.0343190368042388,"972","Not significant"
"230590","2305902","Ipueiras","CE",1483.258,"23","230590 IPUEIRAS",0.283053400086013,0.111111111111111,38285,15.5240592532039,15.5240592536004,0.0718360491235299,"973","Not significant"
"230600","2306009","Iracema","CE",839.174,"23","230600 IRACEMA",0.394066928327107,0.0555555555555556,14411,15.5240592532039,15.5240592542572,0.100011654744053,"974","Low-High"
"230610","2306108","Irauçuba","CE",1466.412,"23","230610 IRAUCUBA",0,0,24751,15.5240592532039,15.5240592538172,-3.85270942860986e-06,"975","Not significant"
"230620","2306207","Itaiçaba","CE",213.604,"23","230620 ITAICABA",2.11144601105656,0.166666666666667,7779,15.5240592532039,15.5240592551553,0.535888223154011,"976","Not significant"
"230625","2306256","Itaitinga","CE",153.686,"23","230625 ITAITINGA",0.898022553484693,0.333333333333333,70679,15.5240592532039,15.5240592534187,0.227917281842908,"977","Not significant"
"230630","2306306","Itapajé","CE",432.188,"23","230630 ITAPAGE",0.677734055353285,0.333333333333333,49086,15.5240592532039,15.5240592535131,0.172007322534446,"978","Not significant"
"230640","2306405","Itapipoca","CE",1600.358,"23","230640 ITAPIPOCA",0.499528455544578,0.611111111111111,137892,15.5240592532039,15.524059253314,0.126778143897989,"979","Not significant"
"230650","2306504","Itapiúna","CE",593.231,"23","230650 ITAPIUNA",0,0,18228,15.5240592532039,15.5240592540367,-3.85270942858263e-06,"980","Not significant"
"230655","2306553","Itarema","CE",714.833,"23","230655 ITAREMA",0,0,45465,15.5240592532039,15.5240592535378,-3.85270942864454e-06,"981","Not significant"
"230660","2306603","Itatira","CE",829.626,"23","230660 ITATIRA",0,0,21087,15.5240592532039,15.5240592539238,-3.85270942859664e-06,"982","Not significant"
"230670","2306702","Jaguaretama","CE",1826.826,"23","230670 JAGUARETAMA",1.54077079853315,0.277777777777778,17625,15.5240592532039,15.5240592540652,0.391048941139427,"983","Not significant"
"230680","2306801","Jaguaribara","CE",622.963,"23","230680 JAGUARIBARA",0,0,10656,15.5240592532039,15.5240592546284,-3.8527094285092e-06,"984","Not significant"
"230690","2306900","Jaguaribe","CE",1877.062,"23","230690 JAGUARIBE",3.04104383705488,1.05555555555555,35124,15.5240592532039,15.5240592536361,0.77182326774596,"985","Not significant"
"230700","2307007","Jaguaruana","CE",854.362,"23","230700 JAGUARUANA",1.0204870368736,0.333333333333333,33070,15.5240592532039,15.5240592536629,0.258999178267698,"986","Not significant"
"230710","2307106","Jardim","CE",544.98,"23","230710 JARDIM",0,0,28707,15.5240592532039,15.5240592537327,-3.85270942862035e-06,"987","Low-Low"
"230720","2307205","Jati","CE",368.359,"23","230720 JATI",0,0,8100,15.5240592532039,15.524059255078,-3.85270942845342e-06,"988","Low-Low"
"230725","2307254","Jijoca de Jericoacoara","CE",209.029,"23","230725 JIJOCA DE JERICOACOARA",0,0,27662,15.5240592532039,15.5240592537527,-3.85270942861787e-06,"989","Not significant"
"230730","2307304","Juazeiro do Norte","CE",258.788,"23","230730 JUAZEIRO DO NORTE",0.16098817916614,0.444444444444444,303004,15.5240592532039,15.524059253254,0.0408554868504452,"990","Not significant"
"230740","2307403","Jucás","CE",940.336,"23","230740 JUCAS",0.941393541706817,0.222222222222222,24591,15.5240592532039,15.5240592538212,0.238924984044932,"991","Not significant"
"230750","2307502","Lavras da Mangabeira","CE",945.263,"23","230750 LAVRAS DA MANGABEIRA",4.0037416785869,1.22222222222222,32123,15.5240592532039,15.5240592536764,1.0161592072153,"992","Not significant"
"230760","2307601","Limoeiro do Norte","CE",744.525,"23","230760 LIMOEIRO DO NORTE",0.970928445924748,0.555555555555556,62285,15.5240592532039,15.5240592534476,0.246421041749385,"993","Not significant"
"230763","2307635","Madalena","CE",997.781,"23","230763 MADALENA",0,0,17264,15.5240592532039,15.5240592540832,-3.85270942857686e-06,"994","Not significant"
"230765","2307650","Maracanaú","CE",105.071,"23","230765 MARACANAU",1.07279704117936,2.33333333333333,249684,15.5240592532039,15.5240592532647,0.272275632724865,"995","Not significant"
"230770","2307700","Maranguape","CE",583.505,"23","230770 MARANGUAPE",1.61386130353374,1.77777777777778,108937,15.5240592532039,15.5240592533432,0.409599556342019,"996","Not significant"
"230780","2307809","Marco","CE",573.61,"23","230780 MARCO",0,0,27064,15.5240592532039,15.5240592537648,-3.85270942861637e-06,"997","Low-Low"
"230790","2307908","Martinópole","CE",303.445,"23","230790 MARTINOPOLE",0,0,11232,15.5240592532039,15.5240592545554,-3.85270942851826e-06,"998","Not significant"
"230800","2308005","Massapê","CE",567.78,"23","230800 MASSAPE",0.311179461055142,0.111111111111111,39633,15.5240592532039,15.5240592535869,0.0789745376856377,"999","Not significant"
"230810","2308104","Mauriti","CE",1079.011,"23","230810 MAURITI",0,0,47406,15.5240592532039,15.5240592535241,-3.85270942864623e-06,"1000","Low-Low"
"230820","2308203","Meruoca","CE",151.651,"23","230820 MERUOCA",0,0,15749,15.5240592532039,15.5240592541678,-3.85270942856636e-06,"1001","Not significant"
"230830","2308302","Milagres","CE",579.097,"23","230830 MILAGRES",0,0,26860,15.5240592532039,15.524059253769,-3.85270942861584e-06,"1002","Low-Low"
"230835","2308351","Milhã","CE",502.137,"23","230835 MILHA",0,0,14635,15.5240592532039,15.5240592542411,-3.85270942855726e-06,"1003","Not significant"
"230837","2308377","Miraíma","CE",708.678,"23","230837 MIRAIMA",0.436414419132408,0.0555555555555556,14736,15.5240592532039,15.524059254234,0.110759589873465,"1004","Not significant"
"230840","2308401","Missão Velha","CE",613.317,"23","230840 MISSAO VELHA",0,0,38767,15.5240592532039,15.5240592535955,-3.85270942863738e-06,"1005","Low-Low"
"230850","2308500","Mombaça","CE",2115.748,"23","230850 MOMBACA",0.127546790540109,0.0555555555555555,38649,15.5240592532039,15.5240592535967,0.0323679503098146,"1006","Not significant"
"230860","2308609","Monsenhor Tabosa","CE",892.538,"23","230860 MONSENHOR TABOSA",0,0,17664,15.5240592532039,15.5240592540633,-3.85270942857933e-06,"1007","Not significant"
"230870","2308708","Morada Nova","CE",2763.971,"23","230870 MORADA NOVA",1.46448437487307,0.944444444444445,65323,15.5240592532039,15.5240592534363,0.371687191084317,"1008","Not significant"
"230880","2308807","Moraújo","CE",414.446,"23","230880 MORAUJO",0,0,8516,15.5240592532039,15.5240592549864,-3.85270942846478e-06,"1009","Not significant"
"230890","2308906","Morrinhos","CE",411.586,"23","230890 MORRINHOS",0,0,23608,15.5240592532039,15.5240592538469,-3.85270942860618e-06,"1010","Not significant"
"230900","2309003","Mucambo","CE",192.19,"23","230900 MUCAMBO",0,0,14009,15.5240592532039,15.5240592542875,-3.85270942855151e-06,"1011","Low-Low"
"230910","2309102","Mulungu","CE",97.951,"23","230910 MULUNGU",1.98382392057455,0.222222222222222,10993,15.5240592532039,15.5240592545848,0.503497308767961,"1012","Not significant"
"230920","2309201","Nova Olinda","CE",282.584,"23","230920 NOVA OLINDA",0,0,15960,15.5240592532039,15.524059254155,-3.85270942856794e-06,"1013","Not significant"
"230930","2309300","Nova Russas","CE",736.911,"23","230930 NOVA RUSSAS",0,0,32014,15.5240592532039,15.5240592536781,-3.85270942862713e-06,"1014","Not significant"
"230940","2309409","Novo Oriente","CE",947.44,"23","230940 NOVO ORIENTE",0,0,29043,15.5240592532039,15.5240592537266,-3.85270942862111e-06,"1015","Not significant"
"230945","2309458","Ocara","CE",763.075,"23","230945 OCARA",0.214020939808751,0.0555555555555556,25218,15.5240592532039,15.5240592538058,0.0543153792845495,"1016","Not significant"
"230950","2309508","Orós","CE",577.526,"23","230950 OROS",0,0,20019,15.5240592532039,15.5240592539622,-3.85270942859187e-06,"1017","Not significant"
"230960","2309607","Pacajus","CE",250.304,"23","230960 PACAJUS",0.256717532600037,0.166666666666667,74825,15.5240592532039,15.5240592534068,0.0651519176692234,"1018","Not significant"
"230970","2309706","Pacatuba","CE",133.236,"23","230970 PACATUBA",0.797097763688111,0.611111111111111,85873,15.5240592532039,15.5240592533807,0.202302231858462,"1019","Not significant"
"230980","2309805","Pacoti","CE",112.433,"23","230980 PACOTI",38.6078146370081,4.5,11442,15.5240592532039,15.5240592545306,9.79878892837639,"1020","Not significant"
"230990","2309904","Pacujá","CE",88.355,"23","230990 PACUJA",0,0,6345,15.5240592532039,15.5240592555963,-3.8527094283891e-06,"1021","Not significant"
"231000","2310001","Palhano","CE",436.98,"23","231000 PALHANO",0.599240163472717,0.0555555555555556,9671,15.5240592532039,15.5240592547735,0.152085309630744,"1022","Not significant"
"231010","2310100","Palmácia","CE",128.896,"23","231010 PALMACIA",0,0,10339,15.5240592532039,15.5240592546721,-3.85270942850378e-06,"1023","Low-High"
"231020","2310209","Paracuru","CE",304.734,"23","231020 PARACURU",0.336148290309264,0.111111111111111,41447,15.5240592532039,15.5240592535701,0.0853117102543782,"1024","Not significant"
"231025","2310258","Paraipaba","CE",289.231,"23","231025 PARAIPABA",0,0,33896,15.5240592532039,15.5240592536517,-3.85270942863039e-06,"1025","Not significant"
"231030","2310308","Parambu","CE",2313.868,"23","231030 PARAMBU",0,0,32816,15.5240592532039,15.5240592536665,-3.85270942862857e-06,"1026","Low-Low"
"231040","2310407","Paramoti","CE",539.238,"23","231040 PARAMOTI",0,0,10528,15.5240592532039,15.5240592546458,-3.85270942850705e-06,"1027","Not significant"
"231050","2310506","Pedra Branca","CE",1302.081,"23","231050 PEDRA BRANCA",0.268060470246516,0.111111111111111,42257,15.5240592532039,15.5240592535631,0.0680307932689544,"1028","Not significant"
"231060","2310605","Penaforte","CE",150.536,"23","231060 PENAFORTE",0,0,9308,15.5240592532039,15.5240592548347,-3.8527094284836e-06,"1029","Low-Low"
"231070","2310704","Pentecoste","CE",1379.836,"23","231070 PENTECOSTE",0.449884343129391,0.166666666666667,39715,15.5240592532039,15.5240592535861,0.114178301741972,"1030","Not significant"
"231080","2310803","Pereiro","CE",435.868,"23","231080 PEREIRO",9.46916699062855,1.5,15869,15.5240592532039,15.5240592541605,2.40330247333244,"1031","Not significant"
"231085","2310852","Pindoretama","CE",74.033,"23","231085 PINDORETAMA",1.16860401600065,0.222222222222222,24607,15.5240592532039,15.5240592538208,0.296591764106977,"1032","Not significant"
"231090","2310902","Piquet Carneiro","CE",589.601,"23","231090 PIQUET CARNEIRO",2.68881062535544,0.444444444444445,17202,15.5240592532039,15.5240592540863,0.682425297801496,"1033","Not significant"
"231095","2310951","Pires Ferreira","CE",244.464,"23","231095 PIRES FERREIRA",0,0,10952,15.5240592532039,15.5240592545899,-3.85270942851397e-06,"1034","Not significant"
"231100","2311009","Poranga","CE",1310.771,"23","231100 PORANGA",0,0,12423,15.5240592532039,15.5240592544258,-3.85270942853434e-06,"1035","Not significant"
"231110","2311108","Porteiras","CE",224.86,"23","231110 PORTEIRAS",0,0,17745,15.5240592532039,15.5240592540593,-3.85270942857981e-06,"1036","Low-Low"
"231120","2311207","Potengi","CE",343.264,"23","231120 POTENGI",0.500230105848691,0.0555555555555556,8926,15.5240592532039,15.5240592549045,0.12695622509084,"1037","Low-Low"
"231123","2311231","Potiretama","CE",409.137,"23","231123 POTIRETAMA",0,0,6129,15.5240592532039,15.5240592556806,-3.85270942837863e-06,"1038","Not significant"
"231126","2311264","Quiterianópolis","CE",1041.832,"23","231126 QUITERIANOPOLIS",0,0,20506,15.5240592532039,15.5240592539442,-3.85270942859411e-06,"1039","Not significant"
"231130","2311306","Quixadá","CE",2020.586,"23","231130 QUIXADA",0.611667757881319,0.5,88483,15.5240592532039,15.5240592533754,0.155239474760035,"1040","Not significant"
"231135","2311355","Quixelô","CE",605.345,"23","231135 QUIXELO",0,0,16992,15.5240592532039,15.5240592540972,-3.85270942857511e-06,"1041","Not significant"
"231140","2311405","Quixeramobim","CE",3324.987,"23","231140 QUIXERAMOBIM",0.357914841127712,0.277777777777778,85797,15.5240592532039,15.5240592533808,0.0908361338215303,"1042","Not significant"
"231150","2311504","Quixeré","CE",613.099,"23","231150 QUIXERE",0.564042276606257,0.111111111111111,21607,15.5240592532039,15.5240592539064,0.143151967953101,"1043","Not significant"
"231160","2311603","Redenção","CE",247.989,"23","231160 REDENCAO",0.190011476693192,0.0555555555555556,28359,15.5240592532039,15.5240592537392,0.04822169705809,"1044","Low-High"
"231170","2311702","Reriutaba","CE",372.949,"23","231170 RERIUTABA",1.09178105064387,0.222222222222222,19059,15.5240592532039,15.5240592540004,0.277093837961292,"1045","Low-Low"
"231180","2311801","Russas","CE",1611.091,"23","231180 RUSSAS",1.2433046644247,0.888888888888889,74582,15.5240592532039,15.5240592534074,0.315551039103012,"1046","Not significant"
"231190","2311900","Saboeiro","CE",1381.274,"23","231190 SABOEIRO",0,0,14036,15.5240592532039,15.5240592542854,-3.85270942855176e-06,"1047","Not significant"
"231195","2311959","Salitre","CE",806.253,"23","231195 SALITRE",0,0,17220,15.5240592532039,15.5240592540854,-3.85270942857658e-06,"1048","Low-Low"
"231200","2312007","Santana do Acaraú","CE",972.573,"23","231200 SANTANA DO ACARAU",0.891383844238054,0.277777777777778,32043,15.5240592532039,15.5240592536776,0.226232355179006,"1049","Not significant"
"231210","2312106","Santana do Cariri","CE",855.165,"23","231210 SANTANA DO CARIRI",0,0,17388,15.5240592532039,15.5240592540769,-3.85270942857764e-06,"1050","Low-Low"
"231220","2312205","Santa Quitéria","CE",4262.293,"23","231220 SANTA QUITERIA",0.123234967182528,0.0555555555555556,41647,15.5240592532039,15.5240592535684,0.0312735950869926,"1051","Low-Low"
"231230","2312304","São Benedito","CE",350.847,"23","231230 SAO BENEDITO",0,0,49829,15.5240592532039,15.5240592535085,-3.85270942864816e-06,"1052","Low-Low"
"231240","2312403","São Gonçalo do Amarante","CE",842.635,"23","231240 SAO GONCALO DO AMARANTE",0.822117564873172,0.388888888888889,57499,15.5240592532039,15.5240592534679,0.20865234127356,"1053","Not significant"
"231250","2312502","São João do Jaguaribe","CE",279.451,"23","231250 SAO JOAO DO JAGUARIBE",0,0,5792,15.5240592532039,15.5240592558247,-3.85270942836075e-06,"1054","Not significant"
"231260","2312601","São Luís do Curu","CE",122.865,"23","231260 SAO LUIS DO CURU",0.445907019468301,0.0555555555555556,10962,15.5240592532039,15.5240592545887,0.113168843659793,"1055","Not significant"
"231270","2312700","Senador Pompeu","CE",956.882,"23","231270 SENADOR POMPEU",0.229038405159777,0.0555555555555556,25143,15.5240592532039,15.5240592538076,0.0581268623342555,"1056","Not significant"
"231280","2312809","Senador Sá","CE",424.642,"23","231280 SENADOR SA",0,0,7519,15.5240592532039,15.5240592552228,-3.85270942843545e-06,"1057","Low-Low"
"231290","2312908","Sobral","CE",2068.474,"23","231290 SOBRAL",0.31912994418916,0.666666666666666,215286,15.5240592532039,15.5240592532744,0.0809923969585871,"1058","Low-Low"
"231300","2313005","Solonópole","CE",1535.855,"23","231300 SOLONOPOLE",0.313554326422596,0.0555555555555556,18736,15.5240592532039,15.5240592540141,0.0795772864761581,"1059","Not significant"
"231310","2313104","Tabuleiro do Norte","CE",1047.637,"23","231310 TABULEIRO DO NORTE",0.549040002620471,0.166666666666667,32044,15.5240592532039,15.5240592536776,0.139344340523855,"1060","Not significant"
"231320","2313203","Tamboril","CE",2014.543,"23","231320 TAMBORIL",0.418473638556338,0.111111111111111,25331,15.5240592532039,15.5240592538032,0.106206159621236,"1061","Not significant"
"231325","2313252","Tarrafas","CE",412.719,"23","231325 TARRAFAS",2.72594283931741,0.222222222222222,7626,15.5240592532039,15.5240592551944,0.691849578159998,"1062","Not significant"
"231330","2313302","Tauá","CE",4010.618,"23","231330 TAUA",0.284852435127941,0.166666666666667,64255,15.5240592532039,15.5240592534401,0.0722926502485207,"1063","Not significant"
"231335","2313351","Tejuçuoca","CE",758.707,"23","231335 TEJUCUOCA",0.616954781942118,0.111111111111111,17626,15.5240592532039,15.5240592540651,0.156581339187098,"1064","Not significant"
"231340","2313401","Tianguá","CE",909.853,"23","231340 TIANGUA",0.150142352578917,0.111111111111111,86137,15.5240592532039,15.5240592533801,0.0381027797035284,"1065","Low-Low"
"231350","2313500","Trairi","CE",928.725,"23","231350 TRAIRI",0.30401945265414,0.166666666666667,61516,15.5240592532039,15.5240592534507,0.0771573035510213,"1066","Not significant"
"231355","2313559","Tururu","CE",201.27,"23","231355 TURURU",0,0,15457,15.5240592532039,15.524059254186,-3.8527094285641e-06,"1067","Not significant"
"231360","2313609","Ubajara","CE",423.673,"23","231360 UBAJARA",0.163072547715027,0.0555555555555555,34312,15.5240592532039,15.5240592536463,0.0413845065751471,"1068","Low-Low"
"231370","2313708","Umari","CE",263.183,"23","231370 UMARI",0,0,6993,15.5240592532039,15.5240592553746,-3.8527094284166e-06,"1069","Not significant"
"231375","2313757","Umirim","CE",315.648,"23","231375 UMIRIM",0.578983676604782,0.111111111111111,17804,15.5240592532039,15.5240592540565,0.146944145360626,"1070","Not significant"
"231380","2313807","Uruburetama","CE",99.4,"23","231380 URUBURETAMA",0.547642126822964,0.111111111111111,21279,15.5240592532039,15.5240592539173,0.138989554959222,"1071","Not significant"
"231390","2313906","Uruoca","CE",697.683,"23","231390 URUOCA",0,0,14243,15.5240592532039,15.5240592542697,-3.85270942855372e-06,"1072","Low-Low"
"231395","2313955","Varjota","CE",179.239,"23","231395 VARJOTA",0,0,18660,15.5240592532039,15.5240592540174,-3.85270942858502e-06,"1073","Not significant"
"231400","2314003","Várzea Alegre","CE",829.976,"23","231400 VARZEA ALEGRE",14.2936152040787,5.66666666666668,40771,15.5240592532039,15.5240592535762,3.62776360314116,"1074","Not significant"
"231410","2314102","Viçosa do Ceará","CE",1310.91,"23","231410 VICOSA DO CEARA",0.191842398892397,0.111111111111111,62609,15.5240592532039,15.5240592534463,0.0486863912505782,"1075","Low-Low"
"240010","2400109","Acari","RN",608.466,"24","240010 ACARI",0,0,10865,15.5240592532039,15.524059254601,-3.8527094285126e-06,"1076","Not significant"
"240020","2400208","Açu","RN",1303.442,"24","240020 ACU",0.192753991935173,0.111111111111111,58906,15.5240592532039,15.5240592534616,0.0489177566207814,"1077","Not significant"
"240030","2400307","Afonso Bezerra","RN",576.179,"24","240030 AFONSO BEZERRA",0,0,11149,15.5240592532039,15.5240592545654,-3.85270942851701e-06,"1078","Low-Low"
"240040","2400406","Água Nova","RN",50.684,"24","240040 AGUA NOVA",0,0,3028,15.5240592532039,15.5240592582171,-3.85270942806389e-06,"1079","Not significant"
"240050","2400505","Alexandria","RN",381.205,"24","240050 ALEXANDRIA",0,0,14042,15.5240592532039,15.5240592542849,-3.85270942855182e-06,"1080","Low-Low"
"240060","2400604","Almino Afonso","RN",128.038,"24","240060 ALMINO AFONSO",1.09210842452439,0.0555555555555557,4806,15.5240592532039,15.5240592563624,0.277176926528547,"1081","Not significant"
"240070","2400703","Alto do Rodrigues","RN",191.334,"24","240070 ALTO DO RODRIGUES",0,0,12857,15.5240592532039,15.5240592543846,-3.85270942853946e-06,"1082","Low-Low"
"240080","2400802","Angicos","RN",741.582,"24","240080 ANGICOS",0.481042129669717,0.0555555555555556,11973,15.5240592532039,15.5240592544717,0.12208625241391,"1083","Not significant"
"240090","2400901","Antônio Martins","RN",244.897,"24","240090 ANTONIO MARTINS",0,0,6738,15.5240592532039,15.5240592554568,-3.85270942840641e-06,"1084","Not significant"
"240100","2401008","Apodi","RN",1602.477,"24","240100 APODI",0.155326293945692,0.0555555555555555,37390,15.5240592532039,15.5240592536099,0.0394184814004654,"1085","Low-Low"
"240110","2401107","Areia Branca","RN",342.749,"24","240110 AREIA BRANCA",0,0,24643,15.5240592532039,15.5240592538199,-3.85270942860953e-06,"1086","Low-Low"
"240120","2401206","Arês","RN",115.407,"24","240120 ARES",0,0,13657,15.5240592532039,15.5240592543154,-3.85270942854804e-06,"1087","Low-Low"
"240130","2401305","Campo Grande","RN",890.89,"24","240130 AUGUSTO SEVERO",0,0,10045,15.5240592532039,15.5240592547151,-3.85270942849844e-06,"1088","Not significant"
"240140","2401404","Baía Formosa","RN",247.484,"24","240140 BAIA FORMOSA",0,0,9098,15.5240592532039,15.5240592548724,-3.85270942847893e-06,"1089","Low-Low"
"240145","2401453","Baraúna","RN",825.681,"24","240145 BARAUNA",1.23444695681179,0.333333333333333,28268,15.5240592532039,15.5240592537409,0.31330292321343,"1090","Not significant"
"240150","2401503","Barcelona","RN",152.626,"24","240150 BARCELONA",0,0,4103,15.5240592532039,15.5240592569036,-3.85270942822688e-06,"1091","Low-Low"
"240160","2401602","Bento Fernandes","RN",301.069,"24","240160 BENTO FERNANDES",0,0,4920,15.5240592532039,15.5240592562892,-3.85270942830311e-06,"1092","Low-Low"
"240165","2401651","Bodó","RN",253.519,"24","240165 BODO",0,0,2363,15.5240592532039,15.5240592596279,-3.85270942788882e-06,"1093","Not significant"
"240170","2401701","Bom Jesus","RN",122.035,"24","240170 BOM JESUS",0,0,10279,15.5240592532039,15.5240592546807,-3.85270942850271e-06,"1094","Low-Low"
"240180","2401800","Brejinho","RN",61.559,"24","240180 BREJINHO",0,0,12603,15.5240592532039,15.5240592544084,-3.85270942853651e-06,"1095","Not significant"
"240185","2401859","Caiçara do Norte","RN",225.633,"24","240185 CAICARA DO NORTE",0,0,6474,15.5240592532039,15.5240592555486,-3.85270942839501e-06,"1096","Low-Low"
"240190","2401909","Caiçara do Rio do Vento","RN",261.194,"24","240190 CAICARA DO RIO DO VENTO",0,0,3359,15.5240592532039,15.5240592577231,-3.85270942812519e-06,"1097","Low-Low"
"240200","2402006","Caicó","RN",1228.584,"24","240200 CAICO",0.686987965209756,0.444444444444444,63339,15.5240592532039,15.5240592534436,0.174355995878664,"1098","Not significant"
"240210","2402105","Campo Redondo","RN",213.727,"24","240210 CAMPO REDONDO",1.55820956035799,0.166666666666667,10504,15.5240592532039,15.524059254649,0.395474957343722,"1099","Not significant"
"240220","2402204","Canguaretama","RN",245.485,"24","240220 CANGUARETAMA",0,0,30806,15.5240592532039,15.5240592536966,-3.85270942862482e-06,"1100","Low-Low"
"240230","2402303","Caraúbas","RN",1095.803,"24","240230 CARAUBAS",0.599773941879451,0.111111111111111,20161,15.5240592532039,15.5240592539568,0.152220784383778,"1101","Low-Low"
"240240","2402402","Carnaúba dos Dantas","RN",246.308,"24","240240 CARNAUBA DOS DANTAS",0,0,8267,15.5240592532039,15.5240592550401,-3.85270942845811e-06,"1102","Not significant"
"240250","2402501","Carnaubais","RN",517.737,"24","240250 CARNAUBAIS",0,0,10010,15.5240592532039,15.5240592547204,-3.85270942849779e-06,"1103","Low-Low"
"240260","2402600","Ceará-Mirim","RN",724.838,"24","240260 CEARA-MIRIM",0.237106731488654,0.166666666666667,83009,15.5240592532039,15.5240592533868,0.0601746306050964,"1104","Not significant"
"240270","2402709","Cerro Corá","RN",393.573,"24","240270 CERRO CORA",0.50865734806405,0.0555555555555556,11322,15.5240592532039,15.5240592545446,0.129095087417483,"1105","Not significant"
"240280","2402808","Coronel Ezequiel","RN",185.748,"24","240280 CORONEL EZEQUIEL",0.995084283638822,0.0555555555555554,5241,15.5240592532039,15.5240592561003,0.252551874318241,"1106","Not significant"
"240290","2402907","Coronel João Pessoa","RN",117.139,"24","240290 CORONEL JOAO PESSOA",0,0,4315,15.5240592532039,15.5240592567218,-3.85270942824943e-06,"1107","Not significant"
"240300","2403004","Cruzeta","RN",295.83,"24","240300 CRUZETA",9.73387079075127,0.777777777777776,8238,15.5240592532039,15.5240592550466,2.4704851851089,"1108","Not significant"
"240310","2403103","Currais Novos","RN",864.349,"24","240310 CURRAIS NOVOS",0.257669025047063,0.111111111111111,42930,15.5240592532039,15.5240592535575,0.0653934096416885,"1109","Not significant"
"240320","2403202","Doutor Severiano","RN",113.737,"24","240320 DOUTOR SEVERIANO",2.41094154859323,0.166666666666667,7253,15.5240592532039,15.5240592552968,0.611901194584981,"1110","High-High"
"240325","2403251","Parnamirim","RN",124.006,"24","240325 PARNAMIRIM",0.116647801257908,0.277777777777778,269298,15.5240592532039,15.5240592532603,0.0296017502931987,"1111","Not significant"
"240330","2403301","Encanto","RN",125.749,"24","240330 ENCANTO",2.06987911905944,0.111111111111111,6252,15.5240592532039,15.5240592556319,0.525338406611269,"1112","Not significant"
"240340","2403400","Equador","RN",264.985,"24","240340 EQUADOR",0,0,5476,15.5240592532039,15.524059255976,-3.85270942834198e-06,"1113","Not significant"
"240350","2403509","Espírito Santo","RN",135.838,"24","240350 ESPIRITO SANTO",0,0,10936,15.5240592532039,15.524059254592,-3.85270942851372e-06,"1114","Low-Low"
"240360","2403608","Extremoz","RN",140.639,"24","240360 EXTREMOZ",0,0,66993,15.5240592532039,15.5240592534305,-3.85270942865785e-06,"1115","Not significant"
"240370","2403707","Felipe Guerra","RN",268.591,"24","240370 FELIPE GUERRA",0,0,6458,15.5240592532039,15.5240592555544,-3.85270942839429e-06,"1116","Not significant"
"240375","2403756","Fernando Pedroza","RN",322.628,"24","240375 FERNANDO PEDROZA",5.49890699510483,0.166666666666667,3029,15.5240592532039,15.5240592582154,1.39563717664453,"1117","Not significant"
"240380","2403806","Florânia","RN",507.892,"24","240380 FLORANIA",0.527693346842283,0.0555555555555555,10528,15.5240592532039,15.5240592546458,0.133926487721949,"1118","Not significant"
"240390","2403905","Francisco Dantas","RN",181.558,"24","240390 FRANCISCO DANTAS",1.85000185000185,0.0555555555555556,2763,15.5240592532039,15.5240592586979,0.469532818578456,"1119","Not significant"
"240400","2404002","Frutuoso Gomes","RN",63.279,"24","240400 FRUTUOSO GOMES",22.5664839655056,1,4231,15.5240592532039,15.5240592567917,5.72744542766552,"1120","Not significant"
"240410","2404101","Galinhos","RN",340.769,"24","240410 GALINHOS",0,0,2160,15.5240592532039,15.5240592602316,-3.85270942781391e-06,"1121","Low-Low"
"240420","2404200","Goianinha","RN",192.279,"24","240420 GOIANINHA",0.196921719677994,0.0555555555555556,28212,15.5240592532039,15.524059253742,0.0499755398931017,"1122","Low-Low"
"240430","2404309","Governador Dix-Sept Rosado","RN",1129.55,"24","240430 GOVERNADOR DIX-SEPT ROSADO",0.433181719731427,0.0555555555555555,12239,15.5240592532039,15.5240592544442,0.109939119927662,"1123","Not significant"
"240440","2404408","Grossos","RN",124.538,"24","240440 GROSSOS",0,0,10251,15.5240592532039,15.5240592546847,-3.85270942850221e-06,"1124","Not significant"
"240450","2404507","Guamaré","RN",258.307,"24","240450 GUAMARE",0,0,15947,15.5240592532039,15.5240592541558,-3.85270942856785e-06,"1125","Low-Low"
"240460","2404606","Ielmo Marinho","RN",312.028,"24","240460 IELMO MARINHO",0,0,11903,15.5240592532039,15.5240592544792,-3.85270942852772e-06,"1126","Low-Low"
"240470","2404705","Ipanguaçu","RN",374.245,"24","240470 IPANGUACU",0.393146667295701,0.0555555555555555,14539,15.5240592532039,15.524059254248,0.0997780894092893,"1127","Not significant"
"240480","2404804","Ipueira","RN",127.348,"24","240480 IPUEIRA",0,0,2090,15.5240592532039,15.524059260467,-3.8527094277847e-06,"1128","Not significant"
"240485","2404853","Itajá","RN",203.624,"24","240485 ITAJA",0,0,7531,15.5240592532039,15.5240592552195,-3.85270942843585e-06,"1129","Not significant"
"240490","2404903","Itaú","RN",133.031,"24","240490 ITAU",0,0,5452,15.5240592532039,15.5240592559882,-3.85270942834047e-06,"1130","Not significant"
"240500","2405009","Jaçanã","RN",54.561,"24","240500 JACANA",0,0,8051,15.5240592532039,15.5240592550894,-3.852709428452e-06,"1131","Not significant"
"240510","2405108","Jandaíra","RN",442.754,"24","240510 JANDAIRA",0,0,6748,15.5240592532039,15.5240592554534,-3.85270942840682e-06,"1132","Low-Low"
"240520","2405207","Janduís","RN",303.448,"24","240520 JANDUIS",1.0626540848423,0.0555555555555554,4834,15.5240592532039,15.5240592563441,0.269701316377107,"1133","Not significant"
"240530","2405306","Januário Cicco","RN",170.737,"24","240530 JANUARIO CICCO",0,0,8836,15.5240592532039,15.5240592549219,-3.85270942847279e-06,"1134","Low-Low"
"240540","2405405","Japi","RN",188.99,"24","240540 JAPI",0,0,5231,15.5240592532039,15.5240592561058,-3.85270942832587e-06,"1135","Low-Low"
"240550","2405504","Jardim de Angicos","RN",254.022,"24","240550 JARDIM DE ANGICOS",0,0,2493,15.5240592532039,15.5240592592929,-3.85270942793039e-06,"1136","Not significant"
"240560","2405603","Jardim de Piranhas","RN",330.53,"24","240560 JARDIM DE PIRANHAS",0,0,14416,15.5240592532039,15.5240592542569,-3.8527094285553e-06,"1137","Not significant"
"240570","2405702","Jardim do Seridó","RN",367.645,"24","240570 JARDIM DO SERIDO",2.32897261110792,0.277777777777778,11952,15.5240592532039,15.524059254474,0.591097203480294,"1138","Not significant"
"240580","2405801","João Câmara","RN",714.961,"24","240580 JOAO CAMARA",0.50107206398584,0.166666666666667,34768,15.5240592532039,15.5240592536405,0.127169916893747,"1139","Low-Low"
"240590","2405900","João Dias","RN",88.173,"24","240590 JOAO DIAS",0,0,2093,15.5240592532039,15.5240592604566,-3.85270942778599e-06,"1140","Not significant"
"240600","2406007","José da Penha","RN",117.635,"24","240600 JOSE DA PENHA",0,0,5964,15.5240592532039,15.5240592557491,-3.85270942837013e-06,"1141","Low-Low"
"240610","2406106","Jucurutu","RN",933.73,"24","240610 JUCURUTU",2.47093235868181,0.444444444444445,18286,15.5240592532039,15.524059254034,0.627127063319706,"1142","High-Low"
"240615","2406155","Jundiá","RN",44.641,"24","240615 JUNDIA",0,0,3859,15.5240592532039,15.5240592571375,-3.85270942819785e-06,"1143","Not significant"
"240620","2406205","Lagoa d'Anta","RN",105.652,"24","240620 LAGOA D'ANTA",0,0,6733,15.5240592532039,15.5240592554584,-3.8527094284062e-06,"1144","Not significant"
"240630","2406304","Lagoa de Pedras","RN",117.971,"24","240630 LAGOA DE PEDRAS",1.52604190511072,0.111111111111111,7577,15.5240592532039,15.5240592552073,0.387310698598369,"1145","Not significant"
"240640","2406403","Lagoa de Velhos","RN",111.607,"24","240640 LAGOA DE VELHOS",0,0,2633,15.5240592532039,15.5240592589691,-3.85270942797057e-06,"1146","Low-Low"
"240650","2406502","Lagoa Nova","RN",176.302,"24","240650 LAGOA NOVA",0,0,16126,15.5240592532039,15.5240592541452,-3.85270942856916e-06,"1147","Not significant"
"240660","2406601","Lagoa Salgada","RN",79.128,"24","240660 LAGOA SALGADA",0,0,8619,15.5240592532039,15.5240592549651,-3.85270942846742e-06,"1148","Not significant"
"240670","2406700","Lajes","RN",676.625,"24","240670 LAJES",1.08089589495701,0.111111111111111,10108,15.5240592532039,15.5240592547057,0.274331148951032,"1149","Not significant"
"240680","2406809","Lajes Pintadas","RN",130.211,"24","240680 LAJES PINTADAS",0,0,4939,15.5240592532039,15.5240592562774,-3.85270942830458e-06,"1150","Not significant"
"240690","2406908","Lucrécia","RN",30.931,"24","240690 LUCRECIA",1.39027916805694,0.0555555555555555,3579,15.5240592532039,15.5240592574453,0.352853660787669,"1151","Low-High"
"240700","2407005","Luís Gomes","RN",166.638,"24","240700 LUIS GOMES",0,0,9286,15.5240592532039,15.5240592548386,-3.85270942848312e-06,"1152","Low-Low"
"240710","2407104","Macaíba","RN",510.092,"24","240710 MACAIBA",0.148373334752108,0.111111111111111,86433,15.5240592532039,15.5240592533795,0.0376537970487333,"1153","Low-Low"
"240720","2407203","Macau","RN",775.302,"24","240720 MACAU",0.175897782280761,0.0555555555555556,28384,15.5240592532039,15.5240592537387,0.0446395941023347,"1154","Low-Low"
"240725","2407252","Major Sales","RN",31.971,"24","240725 MAJOR SALES",0,0,4067,15.5240592532039,15.5240592569363,-3.85270942822281e-06,"1155","Not significant"
"240730","2407302","Marcelino Vieira","RN",345.711,"24","240730 MARCELINO VIEIRA",0,0,8092,15.5240592532039,15.5240592550798,-3.85270942845319e-06,"1156","Low-Low"
"240740","2407401","Martins","RN",169.464,"24","240740 MARTINS",0,0,8411,15.5240592532039,15.5240592550087,-3.85270942846202e-06,"1157","Not significant"
"240750","2407500","Maxaranguape","RN",132.129,"24","240750 MAXARANGUAPE",0.592845540023,0.0555555555555553,10534,15.5240592532039,15.5240592546449,0.15046233276294,"1158","Not significant"
"240760","2407609","Messias Targino","RN",142.608,"24","240760 MESSIAS TARGINO",0,0,4404,15.5240592532039,15.5240592566507,-3.85270942825825e-06,"1159","Not significant"
"240770","2407708","Montanhas","RN",82.214,"24","240770 MONTANHAS",0.971495127663353,0.111111111111111,11774,15.5240592532039,15.5240592544932,0.24656486746605,"1160","Not significant"
"240780","2407807","Monte Alegre","RN",211.259,"24","240780 MONTE ALEGRE",0,0,23843,15.5240592532039,15.5240592538406,-3.85270942860696e-06,"1161","Not significant"
"240790","2407906","Monte das Gameleiras","RN",71.946,"24","240790 MONTE DAS GAMELEIRAS",0,0,2343,15.5240592532039,15.5240592596827,-3.85270942788202e-06,"1162","Not significant"
"240800","2408003","Mossoró","RN",2099.334,"24","240800 MOSSORO",0.207252081304486,0.555555555555555,278034,15.5240592532039,15.5240592532585,0.0525974203055932,"1163","Low-Low"
"240810","2408102","Natal","RN",167.401,"24","240810 NATAL",0.547158152828315,4.5,785368,15.5240592532039,15.5240592532232,0.13886672074004,"1164","Not significant"
"240820","2408201","Nísia Floresta","RN",307.719,"24","240820 NISIA FLORESTA",0.226748114589427,0.0555555555555556,33949,15.5240592532039,15.524059253651,0.0575455789099629,"1165","Low-Low"
"240830","2408300","Nova Cruz","RN",277.658,"24","240830 NOVA CRUZ",0.605160300996644,0.222222222222222,35534,15.5240592532039,15.5240592536311,0.153587860386223,"1166","Low-Low"
"240840","2408409","Olho d'Água do Borges","RN",141.17,"24","240840 OLHO-D'AGUA DO BORGES",0,0,3748,15.5240592532039,15.524059257254,-3.85270942818339e-06,"1167","Not significant"
"240850","2408508","Ouro Branco","RN",253.21,"24","240850 OURO BRANCO",0,0,5071,15.5240592532039,15.5240592561974,-3.85270942831451e-06,"1168","Not significant"
"240860","2408607","Paraná","RN",81.39,"24","240860 PARANA",0,0,4046,15.5240592532039,15.5240592569557,-3.85270942822041e-06,"1169","Low-Low"
"240870","2408706","Paraú","RN",383.214,"24","240870 PARAU",0,0,3659,15.5240592532039,15.5240592573525,-3.85270942817117e-06,"1170","Not significant"
"240880","2408805","Parazinho","RN",231.007,"24","240880 PARAZINHO",0,0,4940,15.5240592532039,15.5240592562767,-3.85270942830466e-06,"1171","Low-Low"
"240890","2408904","Parelhas","RN",513.507,"24","240890 PARELHAS",0,0,22179,15.5240592532039,15.5240592538883,-3.85270942860104e-06,"1172","Not significant"
"240895","2408953","Rio do Fogo","RN",151.097,"24","240895 RIO DO FOGO",1.01369501971637,0.111111111111111,10672,15.5240592532039,15.5240592546263,0.257275341536064,"1173","Not significant"
"240910","2409100","Passa e Fica","RN",42.137,"24","240910 PASSA E FICA",0,0,11406,15.5240592532039,15.5240592545348,-3.85270942852082e-06,"1174","Not significant"
"240920","2409209","Passagem","RN",41.215,"24","240920 PASSAGEM",0,0,3222,15.5240592532039,15.5240592579152,-3.85270942810135e-06,"1175","Not significant"
"240930","2409308","Patu","RN",319.135,"24","240930 PATU",0,0,11245,15.5240592532039,15.5240592545538,-3.85270942851846e-06,"1176","Not significant"
"240933","2409332","Santa Maria","RN",219.57,"24","240933 SANTA MARIA",0,0,4992,15.5240592532039,15.5240592562447,-3.85270942830863e-06,"1177","Low-Low"
"240940","2409407","Pau dos Ferros","RN",259.959,"24","240940 PAU DOS FERROS",0,0,31975,15.5240592532039,15.5240592536786,-3.85270942862706e-06,"1178","Not significant"
"240950","2409506","Pedra Grande","RN",221.167,"24","240950 PEDRA GRANDE",0,0,3729,15.5240592532039,15.5240592572747,-3.85270942818083e-06,"1179","Low-Low"
"240960","2409605","Pedra Preta","RN",294.985,"24","240960 PEDRA PRETA",0,0,2499,15.5240592532039,15.5240592592783,-3.8527094279322e-06,"1180","Not significant"
"240970","2409704","Pedro Avelino","RN",952.755,"24","240970 PEDRO AVELINO",0,0,6345,15.5240592532039,15.5240592555963,-3.8527094283891e-06,"1181","Low-Low"
"240980","2409803","Pedro Velho","RN",192.708,"24","240980 PEDRO VELHO",0,0,14197,15.5240592532039,15.5240592542731,-3.85270942855329e-06,"1182","Not significant"
"240990","2409902","Pendências","RN",419.137,"24","240990 PENDENCIAS",0,0,12536,15.5240592532039,15.5240592544148,-3.85270942853571e-06,"1183","Low-Low"
"241000","2410009","Pilões","RN",82.69,"24","241000 PILOES",0,0,3010,15.5240592532039,15.524059258247,-3.85270942806017e-06,"1184","Low-Low"
"241010","2410108","Poço Branco","RN",230.401,"24","241010 POCO BRANCO",0.448426471511466,0.0555555555555555,12619,15.5240592532039,15.5240592544068,0.113808289035054,"1185","Not significant"
"241020","2410207","Portalegre","RN",110.054,"24","241020 PORTALEGRE",1.50327408550285,0.111111111111111,7842,15.5240592532039,15.5240592551396,0.38153214965756,"1186","Not significant"
"241025","2410256","Porto do Mangue","RN",361.237,"24","241025 PORTO DO MANGUE",0,0,5357,15.5240592532039,15.5240592560375,-3.85270942833434e-06,"1187","Low-Low"
"241030","2410306","Serra Caiada","RN",217.539,"24","241030 SERRA CAIADA",0,0,11146,15.5240592532039,15.5240592545658,-3.85270942851697e-06,"1188","Low-Low"
"241040","2410405","Pureza","RN",504.294,"24","241040 PUREZA",0,0,9707,15.5240592532039,15.5240592547677,-3.85270942849192e-06,"1189","Not significant"
"241050","2410504","Rafael Fernandes","RN",78.231,"24","241050 RAFAEL FERNANDES",0,0,5647,15.5240592532039,15.524059255892,-3.8527094283524e-06,"1190","Not significant"
"241060","2410603","Rafael Godeiro","RN",100.073,"24","241060 RAFAEL GODEIRO",1.72211889508852,0.0555555555555556,3008,15.5240592532039,15.5240592582504,0.437075695925983,"1191","Not significant"
"241070","2410702","Riacho da Cruz","RN",127.223,"24","241070 RIACHO DA CRUZ",0,0,2741,15.5240592532039,15.524059258742,-3.85270942799875e-06,"1192","Not significant"
"241080","2410801","Riacho de Santana","RN",128.106,"24","241080 RIACHO DE SANTANA",0,0,4243,15.5240592532039,15.5240592567815,-3.85270942824202e-06,"1193","Low-Low"
"241090","2410900","Riachuelo","RN",262.887,"24","241090 RIACHUELO",0,0,7627,15.5240592532039,15.5240592551942,-3.85270942843899e-06,"1194","Low-Low"
"241100","2411007","Rodolfo Fernandes","RN",154.84,"24","241100 RODOLFO FERNANDES",0,0,4349,15.5240592532039,15.5240592566943,-3.85270942825284e-06,"1195","Not significant"
"241105","2411056","Tibau","RN",169.365,"24","241105 TIBAU",0,0,5674,15.5240592532039,15.5240592558792,-3.85270942835399e-06,"1196","Not significant"
"241110","2411106","Ruy Barbosa","RN",125.809,"24","241110 RUY BARBOSA",0,0,3266,15.5240592532039,15.5240592578517,-3.85270942810922e-06,"1197","Low-Low"
"241120","2411205","Santa Cruz","RN",624.356,"24","241120 SANTA CRUZ",0.158300485982492,0.0555555555555557,38996,15.5240592532039,15.5240592535932,0.0401733413099286,"1198","Low-Low"
"241140","2411403","Santana do Matos","RN",1422.268,"24","241140 SANTANA DO MATOS",1.25499598832004,0.166666666666667,12746,15.5240592532039,15.5240592543948,0.318518336290825,"1199","Not significant"
"241142","2411429","Santana do Seridó","RN",188.403,"24","241142 SANTANA DO SERIDO",2.17950394490214,0.0555555555555555,2787,15.5240592532039,15.5240592586506,0.55316155485419,"1200","Not significant"
"241150","2411502","Santo Antônio","RN",301.082,"24","241150 SANTO ANTONIO",0.251701502154565,0.0555555555555556,22779,15.5240592532039,15.5240592538703,0.0638788323257633,"1201","Not significant"
"241160","2411601","São Bento do Norte","RN",288.761,"24","241160 SAO BENTO DO NORTE",0,0,3426,15.5240592532039,15.5240592576347,-3.85270942813616e-06,"1202","Not significant"
"241170","2411700","São Bento do Trairí","RN",190.818,"24","241170 SAO BENTO DO TRAIRI",0,0,3892,15.5240592532039,15.5240592571042,-3.85270942820199e-06,"1203","Not significant"
"241180","2411809","São Fernando","RN",404.427,"24","241180 SAO FERNANDO",0,0,3600,15.5240592532039,15.5240592574205,-3.85270942816273e-06,"1204","Not significant"
"241190","2411908","São Francisco do Oeste","RN",75.588,"24","241190 SAO FRANCISCO DO OESTE",0,0,4304,15.5240592532039,15.5240592567308,-3.85270942824832e-06,"1205","Not significant"
"241200","2412005","São Gonçalo do Amarante","RN",249.8,"24","241200 SAO GONCALO DO AMARANTE",0.330175607114437,0.333333333333333,123207,15.5240592532039,15.5240592533271,0.0837958232377231,"1206","Not significant"
"241210","2412104","São João do Sabugi","RN",277.011,"24","241210 SAO JOAO DO SABUGI",13.4428375033227,0.833333333333335,6130,15.5240592532039,15.5240592556802,3.41183337036213,"1207","Not significant"
"241220","2412203","São José de Mipibu","RN",289.987,"24","241220 SAO JOSE DE MIPIBU",0,0,49693,15.5240592532039,15.5240592535094,-3.85270942864806e-06,"1208","Low-Low"
"241230","2412302","São José do Campestre","RN",341.115,"24","241230 SAO JOSE DO CAMPESTRE",0,0,11340,15.5240592532039,15.5240592545425,-3.85270942851986e-06,"1209","Not significant"
"241240","2412401","São José do Seridó","RN",174.505,"24","241240 SAO JOSE DO SERIDO",6.71700131295944,0.277777777777778,4716,15.5240592532039,15.5240592564227,1.70479359803435,"1210","Not significant"
"241250","2412500","São Miguel","RN",166.233,"24","241250 SAO MIGUEL",1.18890066791127,0.277777777777778,24329,15.5240592532039,15.5240592538278,0.301743122403056,"1211","Not significant"
"241255","2412559","São Miguel do Gostoso","RN",431.444,"24","241255 SAO MIGUEL DO GOSTOSO",0,0,10590,15.5240592532039,15.5240592546373,-3.8527094285081e-06,"1212","Not significant"
"241260","2412609","São Paulo do Potengi","RN",240.425,"24","241260 SAO PAULO DO POTENGI",0,0,17320,15.5240592532039,15.5240592540803,-3.85270942857721e-06,"1213","Low-Low"
"241270","2412708","São Pedro","RN",195.237,"24","241270 SAO PEDRO",0,0,5905,15.5240592532039,15.5240592557746,-3.85270942836697e-06,"1214","Low-Low"
"241280","2412807","São Rafael","RN",469.101,"24","241280 SAO RAFAEL",1.34876638315548,0.111111111111111,7899,15.5240592532039,15.5240592551256,0.342317576841604,"1215","Not significant"
"241290","2412906","São Tomé","RN",862.585,"24","241290 SAO TOME",0,0,10188,15.5240592532039,15.5240592546939,-3.85270942850108e-06,"1216","Low-Low"
"241300","2413003","São Vicente","RN",197.817,"24","241300 SAO VICENTE",3.43902844770171,0.222222222222222,6514,15.5240592532039,15.5240592555342,0.872833096054228,"1217","Not significant"
"241310","2413102","Senador Elói de Souza","RN",152.376,"24","241310 SENADOR ELOI DE SOUZA",0,0,6007,15.5240592532039,15.5240592557309,-3.85270942837239e-06,"1218","Low-Low"
"241320","2413201","Senador Georgino Avelino","RN",26.1,"24","241320 SENADOR GEORGINO AVELINO",0,0,4193,15.5240592532039,15.5240592568242,-3.85270942823673e-06,"1219","Not significant"
"241330","2413300","Serra de São Bento","RN",96.628,"24","241330 SERRA DE SAO BENTO",0.945304671695689,0.0555555555555556,5864,15.5240592532039,15.5240592557926,0.239917641932304,"1220","Low-Low"
"241335","2413359","Serra do Mel","RN",620.241,"24","241335 SERRA DO MEL",0,0,13694,15.5240592532039,15.5240592543124,-3.85270942854841e-06,"1221","Low-Low"
"241340","2413409","Serra Negra do Norte","RN",562.396,"24","241340 SERRA NEGRA DO NORTE",3.48617788754863,0.277777777777777,7801,15.5240592532039,15.5240592551498,0.884799781958521,"1222","Not significant"
"241350","2413508","Serrinha","RN",193.351,"24","241350 SERRINHA",2.5218136884047,0.166666666666667,6609,15.5240592532039,15.5240592555007,0.640040915344457,"1223","Not significant"
"241355","2413557","Serrinha dos Pintos","RN",122.375,"24","241355 SERRINHA DOS PINTOS",7.05462341584777,0.333333333333333,4802,15.5240592532039,15.5240592563651,1.7904832195669,"1224","Not significant"
"241360","2413607","Severiano Melo","RN",157.85,"24","241360 SEVERIANO MELO",2.02498835631695,0.111111111111111,5623,15.5240592532039,15.5240592559035,0.513944980534391,"1225","High-Low"
"241370","2413706","Sítio Novo","RN",213.456,"24","241370 SITIO NOVO",0,0,4758,15.5240592532039,15.5240592563943,-3.85270942829008e-06,"1226","Low-Low"
"241380","2413805","Taboleiro Grande","RN",124.093,"24","241380 TABOLEIRO GRANDE",0,0,2406,15.5240592532039,15.5240592595131,-3.85270942790307e-06,"1227","Not significant"
"241390","2413904","Taipu","RN",352.818,"24","241390 TAIPU",0.468427955780401,0.0555555555555556,11716,15.5240592532039,15.5240592544995,0.118884732793791,"1228","Not significant"
"241400","2414001","Tangará","RN",339.484,"24","241400 TANGARA",0,0,13602,15.5240592532039,15.5240592543199,-3.85270942854748e-06,"1229","Low-Low"
"241410","2414100","Tenente Ananias","RN",223.671,"24","241410 TENENTE ANANIAS",0,0,10587,15.5240592532039,15.5240592546377,-3.85270942850804e-06,"1230","Low-Low"
"241415","2414159","Tenente Laurentino Cruz","RN",68.556,"24","241415 TENENTE LAURENTINO CRUZ",0.908067269623333,0.0555555555555555,6118,15.5240592532039,15.5240592556851,0.230466664455387,"1231","Not significant"
"241420","2414209","Tibau do Sul","RN",102.68,"24","241420 TIBAU DO SUL",0,0,17840,15.5240592532039,15.5240592540548,-3.85270942858038e-06,"1232","Low-Low"
"241430","2414308","Timbaúba dos Batistas","RN",135.456,"24","241430 TIMBAUBA DOS BATISTAS",0,0,2420,15.5240592532039,15.5240592594766,-3.8527094279076e-06,"1233","Not significant"
"241440","2414407","Touros","RN",753.961,"24","241440 TOUROS",0.166898655798226,0.0555555555555555,34624,15.5240592532039,15.5240592536423,0.0423555856330807,"1234","Not significant"
"241445","2414456","Triunfo Potiguar","RN",268.725,"24","241445 TRIUNFO POTIGUAR",0,0,3474,15.5240592532039,15.5240592575735,-3.85270942814375e-06,"1235","Not significant"
"241450","2414506","Umarizal","RN",213.584,"24","241450 UMARIZAL",0,0,10671,15.5240592532039,15.5240592546264,-3.85270942850945e-06,"1236","Not significant"
"241460","2414605","Upanema","RN",873.14,"24","241460 UPANEMA",0.757971970196544,0.111111111111111,14013,15.5240592532039,15.5240592542872,0.192371974301667,"1237","Not significant"
"241470","2414704","Várzea","RN",72.684,"24","241470 VARZEA",1.01434280729516,0.0555555555555557,5383,15.5240592532039,15.5240592560239,0.257439752183571,"1238","Low-Low"
"241475","2414753","Venha-Ver","RN",71.621,"24","241475 VENHA-VER",0,0,3035,15.5240592532039,15.5240592582055,-3.85270942806532e-06,"1239","Not significant"
"241480","2414803","Vera Cruz","RN",84.127,"24","241480 VERA CRUZ",0,0,11044,15.5240592532039,15.5240592545784,-3.85270942851541e-06,"1240","Low-Low"
"241490","2414902","Viçosa","RN",37.905,"24","241490 VICOSA",3.22061191626409,0.0555555555555555,1890,15.5240592532039,15.5240592612356,0.817398248022322,"1241","Not significant"
"241500","2415008","Vila Flor","RN",47.656,"24","241500 VILA FLOR",0,0,3289,15.5240592532039,15.5240592578192,-3.85270942811325e-06,"1242","Low-Low"
"250010","2500106","Água Branca","PB",241.662,"25","250010 AGUA BRANCA",0,0,9578,15.5240592532039,15.5240592547888,-3.8527094284893e-06,"1243","Low-Low"
"250020","2500205","Aguiar","PB",351.607,"25","250020 AGUIAR",0,0,5061,15.5240592532039,15.5240592562033,-3.85270942831378e-06,"1244","Low-Low"
"250030","2500304","Alagoa Grande","PB",322.071,"25","250030 ALAGOA GRANDE",0.194959136564976,0.0555555555555556,26774,15.5240592532039,15.5240592537709,0.0494774297197289,"1245","Low-Low"
"250040","2500403","Alagoa Nova","PB",128.23,"25","250040 ALAGOA NOVA",0,0,21724,15.5240592532039,15.5240592539027,-3.85270942859926e-06,"1246","Low-Low"
"250050","2500502","Alagoinha","PB",111.361,"25","250050 ALAGOINHA",0,0,14118,15.5240592532039,15.5240592542791,-3.85270942855254e-06,"1247","Not significant"
"250053","2500536","Alcantil","PB",309.896,"25","250053 ALCANTIL",0,0,5777,15.5240592532039,15.5240592558315,-3.85270942835991e-06,"1248","Low-Low"
"250057","2500577","Algodão de Jandaíra","PB",222.74,"25","250057 ALGODAO DE JANDAIRA",0,0,3105,15.5240592532039,15.5240592580927,-3.85270942807932e-06,"1249","Low-Low"
"250060","2500601","Alhandra","PB",183.974,"25","250060 ALHANDRA",0.255662933987831,0.0555555555555556,22797,15.5240592532039,15.5240592538698,0.0648842570051034,"1250","Not significant"
"250070","2500700","São João do Rio do Peixe","PB",476.238,"25","250070 SAO JOAO DO RIO DO PEIXE",0,0,18468,15.5240592532039,15.5240592540258,-3.85270942858397e-06,"1251","Low-Low"
"250073","2500734","Amparo","PB",122.094,"25","250073 AMPARO",0,0,2316,15.5240592532039,15.5240592597583,-3.85270942787265e-06,"1252","Low-Low"
"250077","2500775","Aparecida","PB",291.478,"25","250077 APARECIDA",0,0,8225,15.5240592532039,15.5240592550495,-3.85270942845695e-06,"1253","Low-Low"
"250080","2500809","Araçagi","PB",232.177,"25","250080 ARACAGI",0,0,17012,15.5240592532039,15.5240592540962,-3.85270942857524e-06,"1254","Low-Low"
"250090","2500908","Arara","PB",91.306,"25","250090 ARARA",0,0,12496,15.5240592532039,15.5240592544187,-3.85270942853523e-06,"1255","Low-Low"
"250100","2501005","Araruna","PB",246.717,"25","250100 ARARUNA",0,0,17442,15.5240592532039,15.5240592540742,-3.85270942857797e-06,"1256","Low-Low"
"250110","2501104","Areia","PB",269.13,"25","250110 AREIA",0,0,23082,15.5240592532039,15.5240592538615,-3.85270942860436e-06,"1257","Low-Low"
"250115","2501153","Areia de Baraúnas","PB",114.078,"25","250115 AREIA DE BARAUNAS",0,0,2036,15.5240592532039,15.5240592606596,-3.85270942776079e-06,"1258","Not significant"
"250120","2501203","Areial","PB",35.81,"25","250120 AREIAL",0,0,7393,15.5240592532039,15.5240592552572,-3.85270942843118e-06,"1259","Low-Low"
"250130","2501302","Aroeiras","PB",376.118,"25","250130 AROEIRAS",0,0,19148,15.5240592532039,15.5240592539967,-3.85270942858759e-06,"1260","Not significant"
"250135","2501351","Assunção","PB",132.139,"25","250135 ASSUNCAO",0,0,4342,15.5240592532039,15.5240592567,-3.85270942825215e-06,"1261","Not significant"
"250140","2501401","Baía da Traição","PB",102.756,"25","250140 BAIA DA TRAICAO",0,0,9648,15.5240592532039,15.5240592547773,-3.85270942849073e-06,"1262","Not significant"
"250150","2501500","Bananeiras","PB",255.641,"25","250150 BANANEIRAS",0,0,23989,15.5240592532039,15.5240592538367,-3.85270942860744e-06,"1263","Low-Low"
"250153","2501534","Baraúna","PB",50.03,"25","250153 BARAUNA",0,0,4968,15.5240592532039,15.5240592562594,-3.85270942830681e-06,"1264","Not significant"
"250157","2501575","Barra de Santana","PB",375.177,"25","250157 BARRA DE SANTANA",0,0,8253,15.5240592532039,15.5240592550432,-3.85270942845773e-06,"1265","Low-Low"
"250160","2501609","Barra de Santa Rosa","PB",781.187,"25","250160 BARRA DE SANTA ROSA",0,0,13094,15.5240592532039,15.5240592543632,-3.85270942854211e-06,"1266","Low-Low"
"250170","2501708","Barra de São Miguel","PB",609.697,"25","250170 BARRA DE SAO MIGUEL",0,0,6101,15.5240592532039,15.524059255692,-3.85270942837722e-06,"1267","Low-Low"
"250180","2501807","Bayeux","PB",27.705,"25","250180 BAYEUX",1.46938047762577,1.33333333333333,84404,15.5240592532039,15.5240592533837,0.37292983837699,"1268","Not significant"
"250190","2501906","Belém","PB",99.609,"25","250190 BELEM",0,0,16740,15.5240592532039,15.5240592541107,-3.85270942857344e-06,"1269","Low-Low"
"250200","2502003","Belém do Brejo do Cruz","PB",601.549,"25","250200 BELEM DO BREJO DO CRUZ",0,0,6324,15.5240592532039,15.5240592556043,-3.85270942838811e-06,"1270","Not significant"
"250205","2502052","Bernardino Batista","PB",57.453,"25","250205 BERNARDINO BATISTA",0,0,3650,15.5240592532039,15.5240592573628,-3.8527094281699e-06,"1271","Low-Low"
"250210","2502102","Boa Ventura","PB",168.664,"25","250210 BOA VENTURA",0,0,5277,15.5240592532039,15.5240592560805,-3.85270942832901e-06,"1272","Low-Low"
"250215","2502151","Boa Vista","PB",468.933,"25","250215 BOA VISTA",0,0,6575,15.5240592532039,15.5240592555126,-3.85270942839948e-06,"1273","Low-Low"
"250220","2502201","Bom Jesus","PB",47.367,"25","250220 BOM JESUS",0,0,2333,15.5240592532039,15.5240592597105,-3.85270942787857e-06,"1274","Not significant"
"250230","2502300","Bom Sucesso","PB",186.059,"25","250230 BOM SUCESSO",0,0,4740,15.5240592532039,15.5240592564064,-3.85270942828857e-06,"1275","Not significant"
"250240","2502409","Bonito de Santa Fé","PB",226.798,"25","250240 BONITO DE SANTA FE",0,0,10460,15.5240592532039,15.5240592546551,-3.85270942850588e-06,"1276","Low-Low"
"250250","2502508","Boqueirão","PB",373.077,"25","250250 BOQUEIRAO",0,0,18153,15.5240592532039,15.5240592540401,-3.8527094285822e-06,"1277","Low-Low"
"250260","2502607","Igaracy","PB",197.058,"25","250260 IGARACY",0,0,5743,15.5240592532039,15.5240592558471,-3.85270942835798e-06,"1278","Low-Low"
"250270","2502706","Borborema","PB",26.107,"25","250270 BORBOREMA",0,0,4231,15.5240592532039,15.5240592567917,-3.85270942824076e-06,"1279","Low-Low"
"250280","2502805","Brejo do Cruz","PB",401.315,"25","250280 BREJO DO CRUZ",0.408106630100313,0.0555555555555556,14050,15.5240592532039,15.5240592542843,0.103574978119775,"1280","Low-Low"
"250290","2502904","Brejo dos Santos","PB",93.857,"25","250290 BREJO DOS SANTOS",0,0,5840,15.5240592532039,15.5240592558032,-3.85270942836342e-06,"1281","Not significant"
"250300","2503001","Caaporã","PB",151.018,"25","250300 CAAPORA",0.520709914547863,0.111111111111111,21865,15.5240592532039,15.5240592538981,0.13215406919803,"1282","Not significant"
"250310","2503100","Cabaceiras","PB",469.171,"25","250310 CABACEIRAS",0,0,5515,15.5240592532039,15.5240592559564,-3.85270942834442e-06,"1283","Low-Low"
"250320","2503209","Cabedelo","PB",29.873,"25","250320 CABEDELO",0.811067670290298,0.555555555555556,70067,15.5240592532039,15.5240592534205,0.205847840985729,"1284","Not significant"
"250330","2503308","Cachoeira dos Índios","PB",193.215,"25","250330 CACHOEIRA DOS INDIOS",1.26037975437113,0.111111111111111,9351,15.5240592532039,15.5240592548272,0.319884754158313,"1285","Low-Low"
"250340","2503407","Cacimba de Areia","PB",213.018,"25","250340 CACIMBA DE AREIA",0,0,3354,15.5240592532039,15.5240592577298,-3.85270942812435e-06,"1286","Not significant"
"250350","2503506","Cacimba de Dentro","PB",165.072,"25","250350 CACIMBA DE DENTRO",0,0,16373,15.5240592532039,15.524059254131,-3.85270942857092e-06,"1287","Low-Low"
"250355","2503555","Cacimbas","PB",124.068,"25","250355 CACIMBAS",0,0,7478,15.5240592532039,15.5240592552338,-3.85270942843407e-06,"1288","Not significant"
"250360","2503605","Caiçara","PB",123.677,"25","250360 CAICARA",0.77106947335955,0.0555555555555556,6713,15.5240592532039,15.5240592554652,0.195696164504219,"1289","Low-Low"
"250370","2503704","Cajazeiras","PB",562.703,"25","250370 CAJAZEIRAS",0.0910299124292245,0.0555555555555557,66171,15.5240592532039,15.5240592534333,0.0230998442284151,"1290","Not significant"
"250375","2503753","Cajazeirinhas","PB",282.693,"25","250375 CAJAZEIRINHAS",0,0,2776,15.5240592532039,15.5240592586722,-3.85270942800742e-06,"1291","Low-Low"
"250380","2503803","Caldas Brandão","PB",55.963,"25","250380 CALDAS BRANDAO",0,0,5928,15.5240592532039,15.5240592557646,-3.85270942836821e-06,"1292","Low-Low"
"250390","2503902","Camalaú","PB",541.841,"25","250390 CAMALAU",0,0,6298,15.5240592532039,15.5240592556142,-3.85270942838688e-06,"1293","Low-Low"
"250400","2504009","Campina Grande","PB",591.658,"25","250400 CAMPINA GRANDE",0.709108625674908,2.88888888888889,440939,15.5240592532039,15.5240592532383,0.179970293661904,"1294","Low-Low"
"250403","2504033","Capim","PB",79.876,"25","250403 CAPIM",0,0,7347,15.5240592532039,15.52405925527,-3.85270942842958e-06,"1295","Not significant"
"250407","2504074","Caraúbas","PB",486.622,"25","250407 CARAUBAS",0,0,4059,15.5240592532039,15.5240592569437,-3.8527094282219e-06,"1296","Low-Low"
"250410","2504108","Carrapateira","PB",59.07,"25","250410 CARRAPATEIRA",2.04699909932039,0.0555555555555555,2367,15.5240592532039,15.524059259617,0.519531380833598,"1297","Not significant"
"250415","2504157","Casserengue","PB",202.761,"25","250415 CASSERENGUE",0,0,7056,15.5240592532039,15.5240592553552,-3.85270942841901e-06,"1298","Low-Low"
"250420","2504207","Catingueira","PB",527.424,"25","250420 CATINGUEIRA",0,0,4572,15.5240592532039,15.5240592565241,-3.85270942827397e-06,"1299","Low-Low"
"250430","2504306","Catolé do Rocha","PB",551.765,"25","250430 CATOLE DO ROCHA",0.379641824595844,0.111111111111111,32118,15.5240592532039,15.5240592536765,0.0963505150610911,"1300","Low-Low"
"250435","2504355","Caturité","PB",117.823,"25","250435 CATURITE",0,0,5492,15.5240592532039,15.5240592559679,-3.85270942834299e-06,"1301","Not significant"
"250440","2504405","Conceição","PB",580.65,"25","250440 CONCEICAO",0,0,18723,15.5240592532039,15.5240592540147,-3.85270942858536e-06,"1302","Low-Low"
"250450","2504504","Condado","PB",265.473,"25","250450 CONDADO",0,0,6624,15.5240592532039,15.5240592554955,-3.8527094284016e-06,"1303","Low-Low"
"250460","2504603","Conde","PB",171.267,"25","250460 CONDE",0.250769863480886,0.0555555555555555,29543,15.5240592532039,15.5240592537177,0.0636423793075292,"1304","Not significant"
"250470","2504702","Congo","PB",324.686,"25","250470 CONGO",0,0,5102,15.5240592532039,15.5240592561792,-3.85270942831677e-06,"1305","Low-Low"
"250480","2504801","Coremas","PB",372.012,"25","250480 COREMAS",0,0,15005,15.5240592532039,15.5240592542155,-3.85270942856043e-06,"1306","Low-Low"
"250485","2504850","Coxixola","PB",173.942,"25","250485 COXIXOLA",0,0,1882,15.5240592532039,15.5240592612697,-3.85270942768509e-06,"1307","Low-Low"
"250490","2504900","Cruz do Espírito Santo","PB",192.512,"25","250490 CRUZ DO ESPIRITO SANTO",0.65639761753474,0.111111111111111,17718,15.5240592532039,15.5240592540606,0.16659206308616,"1308","Not significant"
"250500","2505006","Cubati","PB",163.57,"25","250500 CUBATI",0.800627692110617,0.0555555555555557,7820,15.5240592532039,15.5240592551451,0.203198139514072,"1309","Low-Low"
"250510","2505105","Cuité","PB",733.818,"25","250510 CUITE",0,0,20205,15.5240592532039,15.5240592539552,-3.85270942859274e-06,"1310","Low-Low"
"250520","2505204","Cuitegi","PB",42.091,"25","250520 CUITEGI",0.820008200082,0.0555555555555555,6894,15.5240592532039,15.5240592554058,0.208116977405261,"1311","Not significant"
"250523","2505238","Cuité de Mamanguape","PB",107.68,"25","250523 CUITE DE MAMANGUAPE",0,0,6431,15.5240592532039,15.5240592555643,-3.85270942839306e-06,"1312","Low-Low"
"250527","2505279","Curral de Cima","PB",86.428,"25","250527 CURRAL DE CIMA",1.06285738579597,0.0555555555555555,5406,15.5240592532039,15.5240592560119,0.269752914843565,"1313","Low-Low"
"250530","2505303","Curral Velho","PB",217.624,"25","250530 CURRAL VELHO",0,0,2327,15.5240592532039,15.5240592597273,-3.85270942787649e-06,"1314","Not significant"
"250535","2505352","Damião","PB",186.198,"25","250535 DAMIAO",0,0,5131,15.5240592532039,15.5240592561624,-3.85270942831885e-06,"1315","Low-Low"
"250540","2505402","Desterro","PB",182.018,"25","250540 DESTERRO",0,0,8300,15.5240592532039,15.5240592550328,-3.85270942845902e-06,"1316","Not significant"
"250550","2505501","Vista Serrana","PB",60.39,"25","250550 VISTA SERRANA",0,0,3759,15.5240592532039,15.5240592572422,-3.85270942818486e-06,"1317","Low-Low"
"250560","2505600","Diamante","PB",271.791,"25","250560 DIAMANTE",0,0,6431,15.5240592532039,15.5240592555643,-3.85270942839306e-06,"1318","Low-Low"
"250570","2505709","Dona Inês","PB",173.648,"25","250570 DONA INES",0,0,10640,15.5240592532039,15.5240592546306,-3.85270942850893e-06,"1319","Low-Low"
"250580","2505808","Duas Estradas","PB",27.012,"25","250580 DUAS ESTRADAS",0,0,3377,15.5240592532039,15.524059257699,-3.85270942812818e-06,"1320","Not significant"
"250590","2505907","Emas","PB",248.226,"25","250590 EMAS",0,0,3053,15.5240592532039,15.524059258176,-3.85270942806898e-06,"1321","Low-Low"
"250600","2506004","Esperança","PB",157.851,"25","250600 ESPERANCA",0.16734105110261,0.0555555555555555,32522,15.5240592532039,15.5240592536706,0.0424678670443537,"1322","Low-Low"
"250610","2506103","Fagundes","PB",185.061,"25","250610 FAGUNDES",0,0,11315,15.5240592532039,15.5240592545455,-3.85270942851949e-06,"1323","Not significant"
"250620","2506202","Frei Martinho","PB",238.658,"25","250620 FREI MARTINHO",3.70136928470114,0.111111111111111,2913,15.5240592532039,15.524059258415,0.939416079848956,"1324","Not significant"
"250625","2506251","Gado Bravo","PB",192.42,"25","250625 GADO BRAVO",0.661769571835089,0.0555555555555557,8395,15.5240592532039,15.5240592550121,0.167955483091037,"1325","Not significant"
"250630","2506301","Guarabira","PB",162.387,"25","250630 GUARABIRA",0.402831080822309,0.222222222222222,59836,15.5240592532039,15.5240592534576,0.102236026030337,"1326","Low-Low"
"250640","2506400","Gurinhém","PB",340.408,"25","250640 GURINHEM",0,0,14133,15.5240592532039,15.524059254278,-3.85270942855269e-06,"1327","Low-Low"
"250650","2506509","Gurjão","PB",344.502,"25","250650 GURJAO",0,0,3343,15.5240592532039,15.5240592577447,-3.8527094281225e-06,"1328","Not significant"
"250660","2506608","Ibiara","PB",240.357,"25","250660 IBIARA",0,0,5733,15.5240592532039,15.5240592558517,-3.8527094283574e-06,"1329","Not significant"
"250670","2506707","Imaculada","PB",317.804,"25","250670 IMACULADA",0,0,10550,15.5240592532039,15.5240592546427,-3.85270942850742e-06,"1330","Low-Low"
"250680","2506806","Ingá","PB",262.179,"25","250680 INGA",0.306852005277854,0.0555555555555556,18197,15.5240592532039,15.5240592540381,0.0778762149011284,"1331","Low-Low"
"250690","2506905","Itabaiana","PB",210.572,"25","250690 ITABAIANA",0.226415436098772,0.0555555555555556,23621,15.5240592532039,15.5240592538465,0.0574611439934216,"1332","Not significant"
"250700","2507002","Itaporanga","PB",460.21,"25","250700 ITAPORANGA",0,0,24686,15.5240592532039,15.5240592538188,-3.85270942860966e-06,"1333","Low-Low"
"250710","2507101","Itapororoca","PB",145.806,"25","250710 ITAPOROROCA",0,0,19054,15.5240592532039,15.5240592540006,-3.85270942858711e-06,"1334","Not significant"
"250720","2507200","Itatuba","PB",251.749,"25","250720 ITATUBA",0,0,10816,15.5240592532039,15.5240592546074,-3.85270942851181e-06,"1335","Low-Low"
"250730","2507309","Jacaraú","PB",256.845,"25","250730 JACARAU",0.384467512495194,0.0555555555555556,14923,15.5240592532039,15.5240592542211,0.0975752908255766,"1336","Not significant"
"250740","2507408","Jericó","PB",177.356,"25","250740 JERICO",1.37157278250971,0.111111111111111,7721,15.5240592532039,15.5240592551699,0.348105917451721,"1337","Not significant"
"250750","2507507","João Pessoa","PB",210.044,"25","250750 JOAO PESSOA",0.917490736322837,7.11111111111111,888679,15.5240592532039,15.524059253221,0.232858371912701,"1338","Not significant"
"250760","2507606","Juarez Távora","PB",75.678,"25","250760 JUAREZ TAVORA",0,0,8057,15.5240592532039,15.524059255088,-3.85270942845218e-06,"1339","Low-Low"
"250770","2507705","Juazeirinho","PB",474.606,"25","250770 JUAZEIRINHO",0,0,17488,15.5240592532039,15.5240592540719,-3.85270942857826e-06,"1340","Not significant"
"250780","2507804","Junco do Seridó","PB",180.425,"25","250780 JUNCO DO SERIDO",0,0,7002,15.5240592532039,15.5240592553718,-3.85270942841695e-06,"1341","Low-Low"
"250790","2507903","Juripiranga","PB",78.706,"25","250790 JURIPIRANGA",0.526094276094276,0.0555555555555556,10259,15.5240592532039,15.5240592546836,0.133520638205327,"1342","Low-Low"
"250800","2508000","Juru","PB",395.075,"25","250800 JURU",0,0,9410,15.5240592532039,15.5240592548171,-3.85270942848579e-06,"1343","Low-Low"
"250810","2508109","Lagoa","PB",176.649,"25","250810 LAGOA",0,0,4502,15.5240592532039,15.5240592565757,-3.85270942826756e-06,"1344","Low-Low"
"250820","2508208","Lagoa de Dentro","PB",83.508,"25","250820 LAGOA DE DENTRO",0,0,8088,15.5240592532039,15.5240592550807,-3.85270942845307e-06,"1345","Not significant"
"250830","2508307","Lagoa Seca","PB",108.219,"25","250830 LAGOA SECA",0.411285755792232,0.111111111111111,29053,15.5240592532039,15.5240592537264,0.104381850879752,"1346","Low-Low"
"250840","2508406","Lastro","PB",107.416,"25","250840 LASTRO",0,0,3292,15.5240592532039,15.524059257815,-3.85270942811378e-06,"1347","Not significant"
"250850","2508505","Livramento","PB",266.948,"25","250850 LIVRAMENTO",1.57207757297094,0.111111111111111,7045,15.5240592532039,15.5240592553586,0.39899470542594,"1348","Low-Low"
"250855","2508554","Logradouro","PB",42.876,"25","250855 LOGRADOURO",0,0,5045,15.5240592532039,15.5240592562128,-3.8527094283126e-06,"1349","Not significant"
"250860","2508604","Lucena","PB",93.8,"25","250860 LUCENA",0.467560642615347,0.0555555555555556,13019,15.5240592532039,15.5240592543699,0.118664605805474,"1350","Not significant"
"250870","2508703","Mãe d'Água","PB",228.676,"25","250870 MAE D'AGUA",0,0,3624,15.5240592532039,15.5240592573926,-3.8527094281662e-06,"1351","Low-Low"
"250880","2508802","Malta","PB",172.01,"25","250880 MALTA",0,0,6259,15.5240592532039,15.5240592556292,-3.85270942838502e-06,"1352","Low-Low"
"250890","2508901","Mamanguape","PB",337.434,"25","250890 MAMANGUAPE",0,0,46719,15.5240592532039,15.5240592535288,-3.85270942864565e-06,"1353","Low-Low"
"250900","2509008","Manaíra","PB",352.025,"25","250900 MANAIRA",0,0,10700,15.5240592532039,15.5240592546226,-3.85270942850992e-06,"1354","Not significant"
"250905","2509057","Marcação","PB",122.665,"25","250905 MARCACAO",0,0,9435,15.5240592532039,15.5240592548128,-3.85270942848632e-06,"1355","Not significant"
"250910","2509107","Mari","PB",155.265,"25","250910 MARI",0,0,22126,15.5240592532039,15.52405925389,-3.85270942860083e-06,"1356","Low-Low"
"250915","2509156","Marizópolis","PB",69.952,"25","250915 MARIZOPOLIS",0,0,6960,15.5240592532039,15.5240592553849,-3.85270942841533e-06,"1357","Not significant"
"250920","2509206","Massaranduba","PB",209.402,"25","250920 MASSARANDUBA",0.392924220634808,0.0555555555555556,14666,15.5240592532039,15.5240592542389,0.0997216317010682,"1358","Low-Low"
"250930","2509305","Mataraca","PB",182.439,"25","250930 MATARACA",0,0,8585,15.5240592532039,15.5240592549721,-3.85270942846655e-06,"1359","Not significant"
"250933","2509339","Matinhas","PB",36.522,"25","250933 MATINHAS",0,0,4735,15.5240592532039,15.5240592564098,-3.85270942828815e-06,"1360","Not significant"
"250937","2509370","Mato Grosso","PB",85.275,"25","250937 MATO GROSSO",0,0,2592,15.5240592532039,15.5240592590603,-3.85270942795925e-06,"1361","Not significant"
"250939","2509396","Maturéia","PB",83.053,"25","250939 MATUREIA",0,0,6677,15.5240592532039,15.5240592554774,-3.85270942840386e-06,"1362","Low-Low"
"250940","2509404","Mogeiro","PB",214.093,"25","250940 MOGEIRO",0,0,14375,15.5240592532039,15.5240592542599,-3.85270942855493e-06,"1363","Low-Low"
"250950","2509503","Montadas","PB",31.793,"25","250950 MONTADAS",0,0,6083,15.5240592532039,15.5240592556994,-3.85270942837631e-06,"1364","Low-Low"
"250960","2509602","Monte Horebe","PB",116.854,"25","250960 MONTE HOREBE",0,0,4435,15.5240592532039,15.5240592566266,-3.85270942826124e-06,"1365","Low-Low"
"250970","2509701","Monteiro","PB",992.62,"25","250970 MONTEIRO",0,0,33742,15.5240592532039,15.5240592536538,-3.85270942863014e-06,"1366","Low-Low"
"250980","2509800","Mulungu","PB",187.259,"25","250980 MULUNGU",0.567124903588767,0.0555555555555556,8945,15.5240592532039,15.5240592549009,0.143934349010656,"1367","Low-Low"
"250990","2509909","Natuba","PB",202.173,"25","250990 NATUBA",0,0,9014,15.5240592532039,15.5240592548879,-3.852709428477e-06,"1368","Low-Low"
"251000","2510006","Nazarezinho","PB",193.203,"25","251000 NAZAREZINHO",0,0,7392,15.5240592532039,15.5240592552574,-3.85270942843114e-06,"1369","Not significant"
"251010","2510105","Nova Floresta","PB",47.572,"25","251010 NOVA FLORESTA",0,0,9884,15.5240592532039,15.5240592547397,-3.85270942849539e-06,"1370","Not significant"
"251020","2510204","Nova Olinda","PB",81.516,"25","251020 NOVA OLINDA",0,0,5909,15.5240592532039,15.5240592557728,-3.85270942836719e-06,"1371","Not significant"
"251030","2510303","Nova Palmeira","PB",314.748,"25","251030 NOVA PALMEIRA",0,0,4362,15.5240592532039,15.5240592566839,-3.85270942825413e-06,"1372","Not significant"
"251040","2510402","Olho d'Água","PB",580.47,"25","251040 OLHO D'AGUA",0,0,6111,15.5240592532039,15.5240592556879,-3.85270942837773e-06,"1373","Low-Low"
"251050","2510501","Olivedos","PB",314.625,"25","251050 OLIVEDOS",0,0,3674,15.5240592532039,15.5240592573356,-3.85270942817327e-06,"1374","Low-Low"
"251060","2510600","Ouro Velho","PB",128.11,"25","251060 OURO VELHO",0,0,2998,15.5240592532039,15.5240592582672,-3.85270942805766e-06,"1375","Not significant"
"251065","2510659","Parari","PB",207.814,"25","251065 PARARI",0,0,1751,15.5240592532039,15.5240592618732,-3.85270942761021e-06,"1376","Not significant"
"251070","2510709","Passagem","PB",123.422,"25","251070 PASSAGEM",0,0,2562,15.5240592532039,15.5240592591289,-3.85270942795074e-06,"1377","Not significant"
"251080","2510808","Patos","PB",472.892,"25","251080 PATOS",0.0555683362728983,0.0555555555555556,107774,15.5240592532039,15.5240592533447,0.0140995773206845,"1378","Not significant"
"251090","2510907","Paulista","PB",577.379,"25","251090 PAULISTA",0,0,12160,15.5240592532039,15.5240592544522,-3.85270942853106e-06,"1379","Not significant"
"251100","2511004","Pedra Branca","PB",116.873,"25","251100 PEDRA BRANCA",0,0,3846,15.5240592532039,15.5240592571508,-3.8527094281962e-06,"1380","Low-Low"
"251110","2511103","Pedra Lavrada","PB",335.615,"25","251110 PEDRA LAVRADA",0,0,6998,15.5240592532039,15.5240592553731,-3.8527094284168e-06,"1381","Low-Low"
"251120","2511202","Pedras de Fogo","PB",406.729,"25","251120 PEDRAS DE FOGO",0.212449543233482,0.0555555555555556,31152,15.5240592532039,15.5240592536912,0.053916553566093,"1382","Not significant"
"251130","2511301","Piancó","PB",576.986,"25","251130 PIANCO",0,0,17006,15.5240592532039,15.5240592540965,-3.8527094285752e-06,"1383","Low-Low"
"251140","2511400","Picuí","PB",667.714,"25","251140 PICUI",0.875701408995107,0.166666666666667,18835,15.5240592532039,15.5240592540098,0.222252100539129,"1384","Not significant"
"251150","2511509","Pilar","PB",103.306,"25","251150 PILAR",0,0,12801,15.5240592532039,15.5240592543897,-3.85270942853882e-06,"1385","Not significant"
"251160","2511608","Pilões","PB",65.574,"25","251160 PILOES",0,0,6979,15.5240592532039,15.524059255379,-3.85270942841606e-06,"1386","Low-Low"
"251170","2511707","Pilõezinhos","PB",40.908,"25","251170 PILOEZINHOS",0,0,5514,15.5240592532039,15.5240592559569,-3.85270942834435e-06,"1387","Not significant"
"251180","2511806","Pirpirituba","PB",80.672,"25","251180 PIRPIRITUBA",0,0,9467,15.5240592532039,15.5240592548073,-3.852709428487e-06,"1388","Low-Low"
"251190","2511905","Pitimbu","PB",135.801,"25","251190 PITIMBU",0,0,17164,15.5240592532039,15.5240592540883,-3.85270942857622e-06,"1389","Not significant"
"251200","2512002","Pocinhos","PB",623.967,"25","251200 POCINHOS",0,0,17990,15.5240592532039,15.5240592540477,-3.85270942858126e-06,"1390","Low-Low"
"251203","2512036","Poço Dantas","PB",97.758,"25","251203 POCO DANTAS",0,0,3932,15.5240592532039,15.5240592570645,-3.85270942820691e-06,"1391","Low-Low"
"251207","2512077","Poço de José de Moura","PB",94.646,"25","251207 POCO DE JOSE DE MOURA",0,0,4120,15.5240592532039,15.5240592568883,-3.85270942822877e-06,"1392","Low-Low"
"251210","2512101","Pombal","PB",894.099,"25","251210 POMBAL",0,0,33796,15.5240592532039,15.5240592536531,-3.85270942863023e-06,"1393","Low-Low"
"251220","2512200","Prata","PB",201.788,"25","251220 PRATA",0,0,4027,15.5240592532039,15.5240592569734,-3.85270942821821e-06,"1394","Low-Low"
"251230","2512309","Princesa Isabel","PB",368.569,"25","251230 PRINCESA ISABEL",0.256501018309043,0.0555555555555556,21659,15.5240592532039,15.5240592539047,0.0650969656152951,"1395","Low-Low"
"251240","2512408","Puxinanã","PB",71.118,"25","251240 PUXINANA",0,0,14837,15.5240592532039,15.524059254227,-3.85270942855901e-06,"1396","Not significant"
"251250","2512507","Queimadas","PB",402.748,"25","251250 QUEIMADAS",0.827881250241197,0.388888888888889,50214,15.5240592532039,15.5240592535062,0.210115183941542,"1397","Not significant"
"251260","2512606","Quixaba","PB",147.158,"25","251260 QUIXABA",2.80159130386059,0.0555555555555556,1798,15.5240592532039,15.5240592616465,0.711049411911654,"1398","High-Low"
"251270","2512705","Remígio","PB",183.459,"25","251270 REMIGIO",0,0,18373,15.5240592532039,15.5240592540301,-3.85270942858344e-06,"1399","Low-Low"
"251272","2512721","Pedro Régis","PB",74.216,"25","251272 PEDRO REGIS",0,0,5925,15.5240592532039,15.5240592557659,-3.85270942836805e-06,"1400","Not significant"
"251274","2512747","Riachão","PB",85.291,"25","251274 RIACHAO",0,0,2964,15.5240592532039,15.5240592583253,-3.85270942805046e-06,"1401","Low-Low"
"251275","2512754","Riachão do Bacamarte","PB",40.281,"25","251275 RIACHAO DO BACAMARTE",0,0,4877,15.5240592532039,15.5240592563164,-3.85270942829973e-06,"1402","Not significant"
"251276","2512762","Riachão do Poço","PB",40.46,"25","251276 RIACHAO DO POCO",0,0,4946,15.5240592532039,15.524059256273,-3.85270942830512e-06,"1403","Low-Low"
"251278","2512788","Riacho de Santo Antônio","PB",93.654,"25","251278 RIACHO DE SANTO ANTONIO",0,0,2044,15.5240592532039,15.5240592606305,-3.85270942776442e-06,"1404","Low-Low"
"251280","2512804","Riacho dos Cavalos","PB",262.532,"25","251280 RIACHO DOS CAVALOS",1.30573510621641,0.111111111111111,8762,15.5240592532039,15.5240592549364,0.331396094501568,"1405","Not significant"
"251290","2512903","Rio Tinto","PB",465.24,"25","251290 RIO TINTO",0.731026214600055,0.166666666666667,25394,15.5240592532039,15.5240592538017,0.185533051203007,"1406","Low-Low"
"251300","2513000","Salgadinho","PB",179.005,"25","251300 SALGADINHO",0,0,3437,15.5240592532039,15.5240592576205,-3.85270942813792e-06,"1407","Low-Low"
"251310","2513109","Salgado de São Félix","PB",204.079,"25","251310 SALGADO DE SAO FELIX",0,0,11760,15.5240592532039,15.5240592544947,-3.85270942852579e-06,"1408","Not significant"
"251315","2513158","Santa Cecília","PB",217.577,"25","251315 SANTA CECILIA",0,0,8031,15.5240592532039,15.5240592550941,-3.85270942845142e-06,"1409","Low-Low"
"251320","2513208","Santa Cruz","PB",217.677,"25","251320 SANTA CRUZ",0,0,6041,15.5240592532039,15.5240592557167,-3.85270942837416e-06,"1410","Low-Low"
"251330","2513307","Santa Helena","PB",211.143,"25","251330 SANTA HELENA",0,0,6020,15.5240592532039,15.5240592557255,-3.85270942837307e-06,"1411","Low-Low"
"251335","2513356","Santa Inês","PB",327.635,"25","251335 SANTA INES",0,0,3274,15.5240592532039,15.5240592578404,-3.85270942811063e-06,"1412","Low-Low"
"251340","2513406","Santa Luzia","PB",440.766,"25","251340 SANTA LUZIA",0,0,15387,15.5240592532039,15.5240592541904,-3.85270942856355e-06,"1413","Low-Low"
"251350","2513505","Santana de Mangueira","PB",405.164,"25","251350 SANTANA DE MANGUEIRA",1.92583606804058,0.111111111111111,5106,15.5240592532039,15.5240592561768,0.488779797375267,"1414","High-Low"
"251360","2513604","Santana dos Garrotes","PB",361.484,"25","251360 SANTANA DOS GARROTES",0,0,6657,15.5240592532039,15.5240592554842,-3.85270942840301e-06,"1415","Low-Low"
"251365","2513653","Joca Claudino","PB",71.799,"25","251365 JOCA CLAUDINO",0,0,2606,15.5240592532039,15.5240592590289,-3.85270942796315e-06,"1416","Low-Low"
"251370","2513703","Santa Rita","PB",718.576,"25","251370 SANTA RITA",0.679353266012392,0.944444444444445,159121,15.5240592532039,15.5240592532993,0.17241828362906,"1417","Not significant"
"251380","2513802","Santa Teresinha","PB",359.442,"25","251380 SANTA TERESINHA",0,0,4499,15.5240592532039,15.524059256578,-3.85270942826728e-06,"1418","Low-Low"
"251385","2513851","Santo André","PB",197.791,"25","251385 SANTO ANDRE",2.11882362912111,0.0555555555555555,2702,15.5240592532039,15.5240592588219,0.537760687287476,"1419","High-Low"
"251390","2513901","São Bento","PB",245.84,"25","251390 SAO BENTO",0.161762041566374,0.0555555555555556,33700,15.5240592532039,15.5240592536543,0.0410518957213472,"1420","Not significant"
"251392","2513927","São Bentinho","PB",199.635,"25","251392 SAO BENTINHO",0,0,4473,15.5240592532039,15.5240592565976,-3.85270942826485e-06,"1421","Not significant"
"251394","2513943","São Domingos do Cariri","PB",233.835,"25","251394 SAO DOMINGOS DO CARIRI",0,0,2676,15.5240592532039,15.5240592588765,-3.85270942798206e-06,"1422","Low-Low"
"251396","2513968","São Domingos","PB",170.361,"25","251396 SAO DOMINGOS",0,0,2636,15.5240592532039,15.5240592589626,-3.85270942797138e-06,"1423","Low-Low"
"251398","2513984","São Francisco","PB",90.724,"25","251398 SAO FRANCISCO",0,0,3190,15.5240592532039,15.5240592579625,-3.85270942809548e-06,"1424","Low-Low"
"251400","2514008","São João do Cariri","PB",612.966,"25","251400 SAO JOAO DO CARIRI",0,0,4341,15.5240592532039,15.5240592567008,-3.85270942825205e-06,"1425","Low-Low"
"251410","2514107","São João do Tigre","PB",812.617,"25","251410 SAO JOAO DO TIGRE",0,0,4363,15.5240592532039,15.5240592566831,-3.85270942825423e-06,"1426","Low-Low"
"251420","2514206","São José da Lagoa Tapada","PB",333.724,"25","251420 SAO JOSE DA LAGOA TAPADA",0,0,7270,15.5240592532039,15.5240592552919,-3.85270942842687e-06,"1427","Low-Low"
"251430","2514305","São José de Caiana","PB",183.273,"25","251430 SAO JOSE DE CAIANA",0,0,5032,15.5240592532039,15.5240592562206,-3.85270942831163e-06,"1428","Low-Low"
"251440","2514404","São José de Espinharas","PB",726.757,"25","251440 SAO JOSE DE ESPINHARAS",0,0,4099,15.5240592532039,15.5240592569072,-3.85270942822643e-06,"1429","Not significant"
"251445","2514453","São José dos Ramos","PB",100.642,"25","251445 SAO JOSE DOS RAMOS",0.946431951542683,0.0555555555555555,6105,15.5240592532039,15.5240592556904,0.240203749337266,"1430","Low-Low"
"251450","2514503","São José de Piranhas","PB",686.918,"25","251450 SAO JOSE DE PIRANHAS",0.575294946075355,0.111111111111111,19552,15.5240592532039,15.5240592539803,0.146007933186752,"1431","Low-Low"
"251455","2514552","São José de Princesa","PB",158.052,"25","251455 SAO JOSE DE PRINCESA",0,0,3383,15.5240592532039,15.524059257691,-3.85270942812917e-06,"1432","Low-Low"
"251460","2514602","São José do Bonfim","PB",153.629,"25","251460 SAO JOSE DO BONFIM",0,0,3333,15.5240592532039,15.5240592577583,-3.85270942812082e-06,"1433","Low-Low"
"251465","2514651","São José do Brejo do Cruz","PB",253.787,"25","251465 SAO JOSE DO BREJO DO CRUZ",0,0,1748,15.5240592532039,15.524059261888,-3.85270942760836e-06,"1434","Not significant"
"251470","2514701","São José do Sabugi","PB",213.555,"25","251470 SAO JOSE DO SABUGI",0,0,4270,15.5240592532039,15.5240592567589,-3.85270942824483e-06,"1435","Not significant"
"251480","2514800","São José dos Cordeiros","PB",376.661,"25","251480 SAO JOSE DOS CORDEIROS",0,0,3474,15.5240592532039,15.5240592575735,-3.85270942814375e-06,"1436","Not significant"
"251490","2514909","São Mamede","PB",533.446,"25","251490 SAO MAMEDE",0,0,7640,15.5240592532039,15.5240592551908,-3.85270942843941e-06,"1437","Not significant"
"251500","2515005","São Miguel de Taipu","PB",92.413,"25","251500 SAO MIGUEL DE TAIPU",0,0,7287,15.5240592532039,15.524059255287,-3.85270942842747e-06,"1438","Not significant"
"251510","2515104","São Sebastião de Lagoa de Roça","PB",46.372,"25","251510 SAO SEBASTIAO DE LAGOA DE ROCA",0,0,11365,15.5240592532039,15.5240592545396,-3.85270942852023e-06,"1439","Low-Low"
"251520","2515203","São Sebastião do Umbuzeiro","PB",464.327,"25","251520 SAO SEBASTIAO DO UMBUZEIRO",0,0,3376,15.5240592532039,15.5240592577003,-3.85270942812801e-06,"1440","Low-Low"
"251530","2515302","Sapé","PB",313.678,"25","251530 SAPE",0,0,53309,15.5240592532039,15.5240592534886,-3.85270942865063e-06,"1441","Low-Low"
"251540","2515401","São Vicente do Seridó","PB",262.751,"25","251540 SAO VICENTE DO SERIDO",0,0,10620,15.5240592532039,15.5240592546333,-3.8527094285086e-06,"1442","Low-Low"
"251550","2515500","Serra Branca","PB",698.102,"25","251550 SERRA BRANCA",0,0,14075,15.5240592532039,15.5240592542824,-3.85270942855214e-06,"1443","Low-Low"
"251560","2515609","Serra da Raiz","PB",31.679,"25","251560 SERRA DA RAIZ",0,0,3162,15.5240592532039,15.5240592580046,-3.85270942809025e-06,"1444","Not significant"
"251570","2515708","Serra Grande","PB",64.352,"25","251570 SERRA GRANDE",0,0,3043,15.5240592532039,15.5240592581924,-3.85270942806696e-06,"1445","Not significant"
"251580","2515807","Serra Redonda","PB",55.197,"25","251580 SERRA REDONDA",0,0,6984,15.5240592532039,15.5240592553774,-3.85270942841626e-06,"1446","Not significant"
"251590","2515906","Serraria","PB",65.062,"25","251590 SERRARIA",0,0,4839,15.5240592532039,15.5240592563409,-3.8527094282967e-06,"1447","Low-Low"
"251593","2515930","Sertãozinho","PB",32.455,"25","251593 SERTAOZINHO",0,0,5282,15.5240592532039,15.5240592560778,-3.85270942832935e-06,"1448","Low-Low"
"251597","2515971","Sobrado","PB",61.953,"25","251597 SOBRADO",0,0,8579,15.5240592532039,15.5240592549733,-3.8527094284664e-06,"1449","Low-Low"
"251600","2516003","Solânea","PB",233.043,"25","251600 SOLANEA",0,0,27749,15.5240592532039,15.5240592537509,-3.85270942861808e-06,"1450","Low-Low"
"251610","2516102","Soledade","PB",578.178,"25","251610 SOLEDADE",0,0,14381,15.5240592532039,15.5240592542594,-3.85270942855498e-06,"1451","Low-Low"
"251615","2516151","Sossêgo","PB",147.264,"25","251615 SOSSEGO",0,0,3461,15.5240592532039,15.5240592575899,-3.85270942814172e-06,"1452","Low-Low"
"251620","2516201","Sousa","PB",728.492,"25","251620 SOUSA",0.488920989411139,0.333333333333333,69876,15.5240592532039,15.5240592534211,0.12408593343304,"1453","Low-Low"
"251630","2516300","Sumé","PB",833.315,"25","251630 SUME",0.329276645066119,0.0555555555555556,17763,15.5240592532039,15.5240592540585,0.0835676636542633,"1454","Low-Low"
"251640","2516409","Tacima","PB",245.236,"25","251640 TACIMA",0,0,7934,15.5240592532039,15.5240592551172,-3.85270942844855e-06,"1455","Low-Low"
"251650","2516508","Taperoá","PB",628.365,"25","251650 TAPEROA",0.386446546713658,0.0555555555555555,14376,15.5240592532039,15.5240592542598,0.0980775763444852,"1456","Low-Low"
"251660","2516607","Tavares","PB",239.507,"25","251660 TAVARES",0,0,14464,15.5240592532039,15.5240592542534,-3.85270942855574e-06,"1457","Low-Low"
"251670","2516706","Teixeira","PB",155.452,"25","251670 TEIXEIRA",0,0,15082,15.5240592532039,15.5240592542104,-3.85270942856107e-06,"1458","Low-Low"
"251675","2516755","Tenório","PB",87.452,"25","251675 TENORIO",0,0,3069,15.5240592532039,15.5240592581501,-3.8527094280722e-06,"1459","Low-Low"
"251680","2516805","Triunfo","PB",224.336,"25","251680 TRIUNFO",0,0,10259,15.5240592532039,15.5240592546836,-3.85270942850236e-06,"1460","Low-Low"
"251690","2516904","Uiraúna","PB",293.182,"25","251690 UIRAUNA",0,0,15386,15.5240592532039,15.5240592541905,-3.85270942856354e-06,"1461","Low-Low"
"251700","2517001","Umbuzeiro","PB",185.578,"25","251700 UMBUZEIRO",0,0,9302,15.5240592532039,15.5240592548358,-3.85270942848347e-06,"1462","Not significant"
"251710","2517100","Várzea","PB",191.282,"25","251710 VARZEA",0,0,2764,15.5240592532039,15.5240592586959,-3.85270942800447e-06,"1463","Not significant"
"251720","2517209","Vieirópolis","PB",147.098,"25","251720 VIEIROPOLIS",1.0388099393335,0.0555555555555556,4974,15.5240592532039,15.5240592562557,0.263649592314585,"1464","Low-Low"
"251740","2517407","Zabelê","PB",106.811,"25","251740 ZABELE",0,0,2310,15.5240592532039,15.5240592597753,-3.85270942787053e-06,"1465","Low-Low"
"260005","2600054","Abreu e Lima","PE",126.384,"26","260005 ABREU E LIMA",2.66872296019003,2.61111111111111,103945,15.5240592532039,15.5240592533499,0.677326981057984,"1466","Not significant"
"260010","2600104","Afogados da Ingazeira","PE",377.696,"26","260010 AFOGADOS DA INGAZEIRA",0.131005625381554,0.0555555555555556,42407,15.5240592532039,15.5240592535618,0.0332458141877997,"1467","Not significant"
"260020","2600203","Afrânio","PE",1490.594,"26","260020 AFRANIO",0.312390663267856,0.0555555555555555,19349,15.5240592532039,15.5240592539884,0.0792819448665605,"1468","Low-Low"
"260030","2600302","Agrestina","PE",200.369,"26","260030 AGRESTINA",0.673682255807172,0.166666666666667,24615,15.5240592532039,15.5240592538206,0.170978962224938,"1469","Not significant"
"260040","2600401","Água Preta","PE",531.935,"26","260040 AGUA PRETA",2.26830054536827,0.777777777777777,27221,15.5240592532039,15.5240592537615,0.575698429815843,"1470","Not significant"
"260050","2600500","Águas Belas","PE",885.988,"26","260050 AGUAS BELAS",0.15792698719528,0.0555555555555556,43713,15.5240592532039,15.5240592535512,0.0400785460656936,"1471","Low-Low"
"260060","2600609","Alagoinha","PE",214.267,"26","260060 ALAGOINHA",0.401036277741684,0.0555555555555556,14355,15.5240592532039,15.5240592542614,0.101780498989048,"1472","Not significant"
"260070","2600708","Aliança","PE",272.773,"26","260070 ALIANCA",0.459610581997029,0.166666666666667,37372,15.5240592532039,15.5240592536101,0.116646853772146,"1473","Not significant"
"260080","2600807","Altinho","PE",450.178,"26","260080 ALTINHO",2.00736277902073,0.444444444444444,21185,15.5240592532039,15.5240592539204,0.50947154996256,"1474","Not significant"
"260090","2600906","Amaraji","PE",233.239,"26","260090 AMARAJI",0.74431090082825,0.166666666666667,18471,15.5240592532039,15.5240592540257,0.188904749101118,"1475","Not significant"
"260100","2601003","Angelim","PE",118.088,"26","260100 ANGELIM",0,0,10580,15.5240592532039,15.5240592546387,-3.85270942850793e-06,"1476","Low-Low"
"260105","2601052","Araçoiaba","PE",96.36,"26","260105 ARACOIABA",1.75106822607984,0.333333333333333,19936,15.5240592532039,15.5240592539653,0.444423133239807,"1477","Not significant"
"260110","2601102","Araripina","PE",2037.394,"26","260110 ARARIPINA",0.197124479170763,0.166666666666666,90104,15.5240592532039,15.5240592533724,0.0500270009326804,"1478","Low-Low"
"260120","2601201","Arcoverde","PE",343.923,"26","260120 ARCOVERDE",0.444144503780322,0.333333333333333,82003,15.5240592532039,15.524059253389,0.112721511274003,"1479","Low-Low"
"260130","2601300","Barra de Guabiraba","PE",118.639,"26","260130 BARRA DE GUABIRABA",1.24050861380739,0.166666666666667,12616,15.5240592532039,15.5240592544071,0.314841392072883,"1480","Not significant"
"260140","2601409","Barreiros","PE",233.433,"26","260140 BARREIROS",0.138913198698661,0.0555555555555555,42056,15.5240592532039,15.5240592535648,0.035252782804552,"1481","Not significant"
"260150","2601508","Belém de Maria","PE",73.145,"26","260150 BELEM DE MARIA",0.463271810836854,0.0555555555555555,10829,15.5240592532039,15.5240592546057,0.117576085921605,"1482","Not significant"
"260160","2601607","Belém do São Francisco","PE",1830.797,"26","260160 BELEM DE SAO FRANCISCO",0,0,18713,15.5240592532039,15.5240592540151,-3.85270942858531e-06,"1483","Low-Low"
"260170","2601706","Belo Jardim","PE",647.445,"26","260170 BELO JARDIM",0.366608809439152,0.277777777777778,83647,15.5240592532039,15.5240592533854,0.0930426921241103,"1484","Not significant"
"260180","2601805","Betânia","PE",1244.074,"26","260180 BETANIA",0,0,11981,15.5240592532039,15.5240592544709,-3.85270942852875e-06,"1485","Low-Low"
"260190","2601904","Bezerros","PE",492.632,"26","260190 BEZERROS",1.0165445397397,0.611111111111111,64809,15.5240592532039,15.5240592534381,0.257998559280393,"1486","Not significant"
"260200","2602001","Bodocó","PE",1621.786,"26","260200 BODOCO",0.146549778563284,0.0555555555555555,36129,15.5240592532039,15.524059253624,0.0371909723745339,"1487","Low-Low"
"260210","2602100","Bom Conselho","PE",792.185,"26","260210 BOM CONSELHO",0.121440871654001,0.0555555555555556,46192,15.5240592532039,15.5240592535325,0.0308182476274699,"1488","Not significant"
"260220","2602209","Bom Jardim","PE",224.108,"26","260220 BOM JARDIM",1.59762356091982,0.611111111111111,39278,15.5240592532039,15.5240592535904,0.405478362828918,"1489","Not significant"
"260230","2602308","Bonito","PE",393.191,"26","260230 BONITO",0.291867690538525,0.111111111111111,39163,15.5240592532039,15.5240592535915,0.0740731455888937,"1490","Not significant"
"260240","2602407","Brejão","PE",159.786,"26","260240 BREJAO",0,0,9399,15.5240592532039,15.5240592548189,-3.85270942848556e-06,"1491","Not significant"
"260250","2602506","Brejinho","PE",106.039,"26","260250 BREJINHO",0,0,8010,15.5240592532039,15.524059255099,-3.8527094284508e-06,"1492","Low-Low"
"260260","2602605","Brejo da Madre de Deus","PE",762.346,"26","260260 BREJO DA MADRE DE DEUS",0,0,51107,15.5240592532039,15.5240592535009,-3.85270942864911e-06,"1493","Not significant"
"260270","2602704","Buenos Aires","PE",93.187,"26","260270 BUENOS AIRES",2.16552578348751,0.277777777777777,13254,15.5240592532039,15.5240592543492,0.549613850704334,"1494","Not significant"
"260280","2602803","Buíque","PE",1336.544,"26","260280 BUIQUE",0,0,54425,15.5240592532039,15.5240592534828,-3.85270942865136e-06,"1495","Low-Low"
"260290","2602902","Cabo de Santo Agostinho","PE",445.386,"26","260290 CABO DE SANTO AGOSTINHO",5.8904933654173,11.6666666666667,216969,15.5240592532039,15.5240592532739,1.49502311038351,"1496","Not significant"
"260300","2603009","Cabrobó","PE",1658.616,"26","260300 CABROBO",0.324686920636776,0.111111111111111,31746,15.5240592532039,15.5240592536821,0.0824027762087973,"1497","Low-Low"
"260310","2603108","Cachoeirinha","PE",179.262,"26","260310 CACHOEIRINHA",0.543770235770025,0.111111111111111,20612,15.5240592532039,15.5240592539404,0.138006856029999,"1498","Not significant"
"260320","2603207","Caetés","PE",294.946,"26","260320 CAETES",0.192207153181413,0.0555555555555556,30441,15.5240592532039,15.5240592537026,0.0487789671115087,"1499","Not significant"
"260330","2603306","Calçado","PE",121.945,"26","260330 CALCADO",0,0,11445,15.5240592532039,15.5240592545302,-3.85270942852138e-06,"1500","Low-Low"
"260340","2603405","Calumbi","PE",179.314,"26","260340 CALUMBI",0,0,5367,15.5240592532039,15.5240592560323,-3.852709428335e-06,"1501","Low-Low"
"260345","2603454","Camaragibe","PE",51.321,"26","260345 CAMARAGIBE",5.48026964497003,8.27777777777779,155771,15.5240592532039,15.5240592533013,1.39090695492243,"1502","Not significant"
"260350","2603504","Camocim de São Félix","PE",72.01,"26","260350 CAMOCIM DE SAO FELIX",0,0,17991,15.5240592532039,15.5240592540476,-3.85270942858127e-06,"1503","Not significant"
"260360","2603603","Camutanga","PE",39.116,"26","260360 CAMUTANGA",0,0,7972,15.5240592532039,15.524059255108,-3.85270942844968e-06,"1504","Not significant"
"260370","2603702","Canhotinho","PE",423.168,"26","260370 CANHOTINHO",0,0,25090,15.5240592532039,15.5240592538089,-3.85270942861089e-06,"1505","Low-Low"
"260380","2603801","Capoeiras","PE",337.13,"26","260380 CAPOEIRAS",0,0,18890,15.5240592532039,15.5240592540075,-3.85270942858625e-06,"1506","Not significant"
"260390","2603900","Carnaíba","PE",427.802,"26","260390 CARNAIBA",0.877108650132267,0.166666666666666,19513,15.5240592532039,15.5240592539818,0.222609263057487,"1507","Low-Low"
"260392","2603926","Carnaubeira da Penha","PE",1004.667,"26","260392 CARNAUBEIRA DA PENHA",0.438066200564229,0.0555555555555556,12682,15.5240592532039,15.5240592544009,0.111178817537588,"1508","Low-Low"
"260400","2604007","Carpina","PE",147.017,"26","260400 CARPINA",0.430740283275266,0.333333333333334,83205,15.5240592532039,15.5240592533863,0.109319475174306,"1509","Not significant"
"260410","2604106","Caruaru","PE",923.15,"26","260410 CARUARU",0.95268002913905,3.11111111111111,402290,15.5240592532039,15.5240592532416,0.241789532395865,"1510","Not significant"
"260415","2604155","Casinhas","PE",115.868,"26","260415 CASINHAS",0.810863702185469,0.111111111111111,13489,15.5240592532039,15.5240592543292,0.20579607319093,"1511","Not significant"
"260420","2604205","Catende","PE",208.594,"26","260420 CATENDE",0.491478545272776,0.166666666666666,33279,15.5240592532039,15.52405925366,0.124735049683563,"1512","Not significant"
"260430","2604304","Cedro","PE",148.746,"26","260430 CEDRO",0.515453289622894,0.0555555555555556,10845,15.5240592532039,15.5240592546036,0.130819920167121,"1513","Not significant"
"260440","2604403","Chã de Alegria","PE",49.327,"26","260440 CHA DE ALEGRIA",0,0,13461,15.5240592532039,15.5240592543316,-3.85270942854603e-06,"1514","Not significant"
"260450","2604502","Chã Grande","PE",84.787,"26","260450 CHA GRANDE",3.14350550979741,0.666666666666667,21224,15.5240592532039,15.5240592539191,0.797828383767038,"1515","Not significant"
"260460","2604601","Condado","PE",89.645,"26","260460 CONDADO",0.873287853454179,0.222222222222222,25383,15.5240592532039,15.5240592538019,0.221639532053276,"1516","Not significant"
"260470","2604700","Correntes","PE",317.793,"26","260470 CORRENTES",0.318936538007667,0.0555555555555556,17660,15.5240592532039,15.5240592540635,0.0809433098193034,"1517","Not significant"
"260480","2604809","Cortês","PE",102.852,"26","260480 CORTES",0,0,10512,15.5240592532039,15.5240592546479,-3.85270942850678e-06,"1518","Not significant"
"260490","2604908","Cumaru","PE",292.231,"26","260490 CUMARU",0.318005469694079,0.0555555555555556,16252,15.5240592532039,15.5240592541379,0.0807070015598675,"1519","Not significant"
"260500","2605004","Cupira","PE",95.155,"26","260500 CUPIRA",0.465343251151407,0.111111111111111,24301,15.5240592532039,15.5240592538286,0.118101824420549,"1520","Not significant"
"260510","2605103","Custódia","PE",1404.126,"26","260510 CUSTODIA",0.303793560333741,0.111111111111111,39403,15.5240592532039,15.5240592535891,0.0770999713224921,"1521","Low-Low"
"260515","2605152","Dormentes","PE",1539.052,"26","260515 DORMENTES",0.313006679562542,0.0555555555555555,17749,15.5240592532039,15.5240592540591,0.0794382918670646,"1522","Low-Low"
"260520","2605202","Escada","PE",342.584,"26","260520 ESCADA",4.78167901295346,3.05555555555556,62252,15.5240592532039,15.5240592534477,1.21360231059614,"1523","Not significant"
"260530","2605301","Exu","PE",1336.786,"26","260530 EXU",0,0,33436,15.5240592532039,15.5240592536579,-3.85270942862963e-06,"1524","Low-Low"
"260540","2605400","Feira Nova","PE",107.726,"26","260540 FEIRA NOVA",0.278376286794386,0.0555555555555555,22169,15.5240592532039,15.5240592538886,0.0706489820901866,"1525","Not significant"
"260545","2605459","Fernando de Noronha","PE",18.609,"26","260545 FERNANDO DE NORONHA",11.9107148009695,0.333333333333333,3316,15.5240592532039,15.5240592577817,3.02297549213067,"1526","Isolated"
"260550","2605509","Ferreiros","PE",92.516,"26","260550 FERREIROS",0,0,15794,15.5240592532039,15.524059254165,-3.8527094285667e-06,"1527","Not significant"
"260560","2605608","Flores","PE",995.558,"26","260560 FLORES",0,0,20835,15.5240592532039,15.5240592539325,-3.85270942859556e-06,"1528","Low-Low"
"260570","2605707","Floresta","PE",3604.948,"26","260570 FLORESTA",0,0,31627,15.5240592532039,15.5240592536839,-3.85270942862641e-06,"1529","Low-Low"
"260580","2605806","Frei Miguelinho","PE",212.707,"26","260580 FREI MIGUELINHO",0.373985564157223,0.0555555555555555,14070,15.5240592532039,15.5240592542828,0.0949149371982135,"1530","Not significant"
"260590","2605905","Gameleira","PE",257.781,"26","260590 GAMELEIRA",0,0,17973,15.5240592532039,15.5240592540485,-3.85270942858116e-06,"1531","Not significant"
"260600","2606002","Garanhuns","PE",458.552,"26","260600 GARANHUNS",0.197816308288903,0.277777777777778,151064,15.5240592532039,15.5240592533044,0.0502025894822218,"1532","Low-Low"
"260610","2606101","Glória do Goitá","PE",234.708,"26","260610 GLORIA DO GOITA",0.563737613234337,0.166666666666667,30370,15.5240592532039,15.5240592537037,0.143074643368907,"1533","Not significant"
"260620","2606200","Goiana","PE",445.405,"26","260620 GOIANA",2.38769217376531,1.83333333333333,85160,15.5240592532039,15.5240592533821,0.606000425351547,"1534","Not significant"
"260630","2606309","Granito","PE",521.69,"26","260630 GRANITO",0,0,7206,15.5240592532039,15.5240592553105,-3.85270942842457e-06,"1535","Low-Low"
"260640","2606408","Gravatá","PE",507.36,"26","260640 GRAVATA",1.32856013437805,1.05555555555556,91887,15.5240592532039,15.5240592533691,0.337189163183011,"1536","Not significant"
"260650","2606507","Iati","PE",635.137,"26","260650 IATI",0.592152141291503,0.111111111111111,17605,15.5240592532039,15.5240592540661,0.150286345843186,"1537","Not significant"
"260660","2606606","Ibimirim","PE",1882.498,"26","260660 IBIMIRIM",0,0,28760,15.5240592532039,15.5240592537317,-3.85270942862047e-06,"1538","Low-Low"
"260670","2606705","Ibirajuba","PE",189.596,"26","260670 IBIRAJUBA",0,0,7344,15.5240592532039,15.5240592552709,-3.85270942842948e-06,"1539","Not significant"
"260680","2606804","Igarassu","PE",306.879,"26","260680 IGARASSU",1.75561076629375,1.88888888888889,122312,15.5240592532039,15.524059253328,0.445576045183368,"1540","Not significant"
"260690","2606903","Iguaracy","PE",838.132,"26","260690 IGUARACY",0,0,11366,15.5240592532039,15.5240592545394,-3.85270942852024e-06,"1541","Not significant"
"260700","2607000","Inajá","PE",1231.362,"26","260700 INAJA",0,0,27488,15.5240592532039,15.5240592537561,-3.85270942861744e-06,"1542","Low-Low"
"260710","2607109","Ingazeira","PE",243.586,"26","260710 INGAZEIRA",1.22153816085214,0.0555555555555555,4959,15.5240592532039,15.524059256265,0.310026627499016,"1543","Low-Low"
"260720","2607208","Ipojuca","PE",521.801,"26","260720 IPOJUCA",1.60476683483945,1.5,105638,15.5240592532039,15.5240592533476,0.407291349699585,"1544","Not significant"
"260730","2607307","Ipubi","PE",693.914,"26","260730 IPUBI",0,0,30603,15.5240592532039,15.5240592536999,-3.85270942862441e-06,"1545","Low-Low"
"260740","2607406","Itacuruba","PE",430.038,"26","260740 ITACURUBA",0,0,4490,15.5240592532039,15.5240592565847,-3.85270942826645e-06,"1546","Not significant"
"260750","2607505","Itaíba","PE",1061.694,"26","260750 ITAIBA",0.165847380606471,0.0555555555555555,33691,15.5240592532039,15.5240592536545,0.0420887684651656,"1547","Low-Low"
"260760","2607604","Ilha de Itamaracá","PE",66.146,"26","260760 ILHA DE ITAMARACA",0.884634766405742,0.222222222222222,25529,15.5240592532039,15.5240592537985,0.224519416599095,"1548","Not significant"
"260765","2607653","Itambé","PE",304.006,"26","260765 ITAMBE",0.152428335817915,0.0555555555555555,36626,15.5240592532039,15.5240592536183,0.0386829699126855,"1549","Not significant"
"260770","2607703","Itapetim","PE",411.901,"26","260770 ITAPETIM",0,0,14232,15.5240592532039,15.5240592542705,-3.85270942855361e-06,"1550","Low-Low"
"260775","2607752","Itapissuma","PE",73.968,"26","260775 ITAPISSUMA",1.52296136359205,0.388888888888889,29463,15.5240592532039,15.5240592537191,0.386528846852478,"1551","Not significant"
"260780","2607802","Itaquitinga","PE",162.739,"26","260780 ITAQUITINGA",0.684517717442342,0.111111111111111,17109,15.5240592532039,15.5240592540911,0.173729038710558,"1552","Not significant"
"260790","2607901","Jaboatão dos Guararapes","PE",258.724,"26","260790 JABOATAO DOS GUARARAPES",4.0172512359036,27,683285,15.5240592532039,15.5240592532261,1.01958797816569,"1553","Not significant"
"260795","2607950","Jaqueira","PE",87.208,"26","260795 JAQUEIRA",0.434435060647134,0.0555555555555556,10483,15.5240592532039,15.5240592546519,0.110257222052947,"1554","Not significant"
"260800","2608008","Jataúba","PE",714.601,"26","260800 JATAUBA",0.331279401046843,0.0555555555555555,16323,15.5240592532039,15.5240592541339,0.0840759698358776,"1555","Low-Low"
"260805","2608057","Jatobá","PE",277.862,"26","260805 JATOBA",0,0,14463,15.5240592532039,15.5240592542535,-3.85270942855573e-06,"1556","Not significant"
"260810","2608107","João Alfredo","PE",134.147,"26","260810 JOAO ALFREDO",0.200380723374411,0.0555555555555555,28903,15.5240592532039,15.5240592537291,0.0508534466270246,"1557","Not significant"
"260820","2608206","Joaquim Nabuco","PE",122.592,"26","260820 JOAQUIM NABUCO",1.37056545146572,0.222222222222222,13506,15.5240592532039,15.5240592543278,0.347850253465289,"1558","Not significant"
"260825","2608255","Jucati","PE",120.527,"26","260825 JUCATI",0.482294952301029,0.0555555555555556,11975,15.5240592532039,15.5240592544715,0.122404222997616,"1559","Low-Low"
"260830","2608305","Jupi","PE",104.835,"26","260830 JUPI",0,0,15943,15.5240592532039,15.524059254156,-3.85270942856782e-06,"1560","Low-Low"
"260840","2608404","Jurema","PE",148.254,"26","260840 JUREMA",0.362563176633528,0.0555555555555556,14027,15.5240592532039,15.5240592542861,0.0920158969530313,"1561","Not significant"
"260845","2608453","Lagoa do Carro","PE",69.666,"26","260845 LAGOA DO CARRO",0.93945034937368,0.166666666666667,18708,15.5240592532039,15.5240592540153,0.238431795315054,"1562","Not significant"
"260850","2608503","Lagoa de Itaenga","PE",56.131,"26","260850 LAGOA DE ITAENGA",0.285867837581329,0.0555555555555556,19915,15.5240592532039,15.5240592539661,0.0725503627939368,"1563","Not significant"
"260860","2608602","Lagoa do Ouro","PE",198.762,"26","260860 LAGOA DO OURO",0,0,12364,15.5240592532039,15.5240592544316,-3.85270942853362e-06,"1564","Not significant"
"260870","2608701","Lagoa dos Gatos","PE",224.947,"26","260870 LAGOA DOS GATOS",0.342554911552322,0.0555555555555555,14386,15.5240592532039,15.5240592542591,0.086937732201109,"1565","Not significant"
"260875","2608750","Lagoa Grande","PE",1850.07,"26","260875 LAGOA GRANDE",0,0,24952,15.5240592532039,15.5240592538123,-3.85270942861047e-06,"1566","Low-Low"
"260880","2608800","Lajedo","PE",189.096,"26","260880 LAJEDO",0.136873427666499,0.0555555555555555,41786,15.5240592532039,15.5240592535672,0.0347350820785809,"1567","Low-Low"
"260890","2608909","Limoeiro","PE",273.733,"26","260890 LIMOEIRO",0.886430695709208,0.5,59125,15.5240592532039,15.5240592534606,0.224975229479325,"1568","Not significant"
"260900","2609006","Macaparana","PE",108.049,"26","260900 MACAPARANA",0.217310993763174,0.0555555555555556,24624,15.5240592532039,15.5240592538204,0.055150406007529,"1569","Not significant"
"260910","2609105","Machados","PE",61.619,"26","260910 MACHADOS",2.29998626540865,0.277777777777778,11471,15.5240592532039,15.5240592545272,0.583740371768951,"1570","Not significant"
"260915","2609154","Manari","PE",344.685,"26","260915 MANARI",0,0,26773,15.5240592532039,15.5240592537709,-3.85270942861561e-06,"1571","Low-Low"
"260920","2609204","Maraial","PE",199.865,"26","260920 MARAIAL",0.489691983742226,0.0555555555555556,9432,15.5240592532039,15.5240592548133,0.124281614373333,"1572","Not significant"
"260930","2609303","Mirandiba","PE",821.676,"26","260930 MIRANDIBA",0,0,14599,15.5240592532039,15.5240592542437,-3.85270942855694e-06,"1573","Low-Low"
"260940","2609402","Moreno","PE",194.197,"26","260940 MORENO",3.43131766789845,2,57647,15.5240592532039,15.5240592534672,0.870876074349109,"1574","Not significant"
"260950","2609501","Nazaré da Mata","PE",130.572,"26","260950 NAZARE DA MATA",0.171647888387677,0.0555555555555556,32153,15.5240592532039,15.524059253676,0.0435609567852751,"1575","Not significant"
"260960","2609600","Olinda","PE",41.3,"26","260960 OLINDA",6.63613024135246,25.1111111111111,365402,15.5240592532039,15.5240592532454,1.68426824912743,"1576","Not significant"
"260970","2609709","Orobó","PE",138.521,"26","260970 OROBO",0.496562385070492,0.111111111111111,22438,15.5240592532039,15.5240592538804,0.126025345266084,"1577","Not significant"
"260980","2609808","Orocó","PE",554.76,"26","260980 OROCO",0.370592726005974,0.0555555555555555,14100,15.5240592532039,15.5240592542805,0.0940538235015064,"1578","Not significant"
"260990","2609907","Ouricuri","PE",2381.57,"26","260990 OURICURI",0.0805865410806011,0.0555555555555556,68329,15.5240592532039,15.524059253426,0.0204492815703974,"1579","Low-Low"
"261000","2610004","Palmares","PE",339.401,"26","261000 PALMARES",3.34874029425921,2,56615,15.5240592532039,15.524059253472,0.849917660091845,"1580","Not significant"
"261010","2610103","Palmeirina","PE",168.796,"26","261010 PALMEIRINA",0,0,7154,15.5240592532039,15.5240592553258,-3.85270942842267e-06,"1581","Not significant"
"261020","2610202","Panelas","PE",380.428,"26","261020 PANELAS",0.209706913617528,0.0555555555555556,23449,15.5240592532039,15.5240592538512,0.0532204649750656,"1582","Not significant"
"261030","2610301","Paranatama","PE",185.371,"26","261030 PARANATAMA",0,0,12712,15.5240592532039,15.524059254398,-3.85270942853779e-06,"1583","Not significant"
"261040","2610400","Parnamirim","PE",2609.548,"26","261040 PARNAMIRIM",0,0,19028,15.5240592532039,15.5240592540017,-3.85270942858697e-06,"1584","Low-Low"
"261050","2610509","Passira","PE",327.21,"26","261050 PASSIRA",1.15941571683264,0.333333333333333,29719,15.5240592532039,15.5240592537147,0.294259742976858,"1585","Not significant"
"261060","2610608","Paudalho","PE",269.651,"26","261060 PAUDALHO",1.20602141273907,0.666666666666667,59638,15.5240592532039,15.5240592534584,0.306088424838515,"1586","Not significant"
"261070","2610707","Paulista","PE",96.932,"26","261070 PAULISTA",3.40266723731828,11.0555555555556,362960,15.5240592532039,15.5240592532457,0.863604499028018,"1587","Not significant"
"261080","2610806","Pedra","PE",922.602,"26","261080 PEDRA",0.243718164314787,0.0555555555555556,23605,15.5240592532039,15.524059253847,0.0618526344192319,"1588","Low-Low"
"261090","2610905","Pesqueira","PE",960.042,"26","261090 PESQUEIRA",0.082018979191785,0.0555555555555556,65408,15.5240592532039,15.524059253436,0.0208128391650303,"1589","Low-Low"
"261100","2611002","Petrolândia","PE",1056.589,"26","261100 PETROLANDIA",0.313181579663894,0.111111111111111,35991,15.5240592532039,15.5240592536257,0.0794826821002214,"1590","Low-Low"
"261110","2611101","Petrolina","PE",4561.87,"26","261110 PETROLINA",0.0143130931882558,0.0555555555555556,414083,15.5240592532039,15.5240592532405,0.00362885832414216,"1591","Low-Low"
"261120","2611200","Poção","PE",205.119,"26","261120 POCAO",0,0,10805,15.5240592532039,15.5240592546088,-3.85270942851164e-06,"1592","Not significant"
"261130","2611309","Pombos","PE",239.832,"26","261130 POMBOS",0.682061828924968,0.166666666666667,26847,15.5240592532039,15.5240592537693,0.17310572597368,"1593","Not significant"
"261140","2611408","Primavera","PE",113.135,"26","261140 PRIMAVERA",1.62729139137891,0.222222222222223,14351,15.5240592532039,15.5240592542616,0.413008157647151,"1594","Not significant"
"261150","2611507","Quipapá","PE",230.617,"26","261150 QUIPAPA",0.241503893042756,0.0555555555555556,17974,15.5240592532039,15.5240592540484,0.061290644947008,"1595","Not significant"
"261153","2611533","Quixaba","PE",210.705,"26","261153 QUIXABA",0,0,6755,15.5240592532039,15.5240592554511,-3.85270942840711e-06,"1596","Not significant"
"261160","2611606","Recife","PE",218.843,"26","261160 RECIFE",5.88146006691615,92.6111111111111,1587707,15.5240592532039,15.5240592532135,1.49273042894411,"1597","Not significant"
"261170","2611705","Riacho das Almas","PE",314.003,"26","261170 RIACHO DAS ALMAS",0,0,21411,15.5240592532039,15.5240592539129,-3.85270942859799e-06,"1598","Not significant"
"261180","2611804","Ribeirão","PE",289.566,"26","261180 RIBEIRAO",0.283785240365586,0.111111111111111,34255,15.5240592532039,15.524059253647,0.0720217926397543,"1599","Not significant"
"261190","2611903","Rio Formoso","PE",227.458,"26","261190 RIO FORMOSO",0,0,20460,15.5240592532039,15.5240592539458,-3.8527094285939e-06,"1600","Not significant"
"261200","2612000","Sairé","PE",190.455,"26","261200 SAIRE",0.51029260177786,0.0555555555555556,11218,15.5240592532039,15.5240592545571,0.129510120291909,"1601","Not significant"
"261210","2612109","Salgadinho","PE",87.217,"26","261210 SALGADINHO",0,0,5620,15.5240592532039,15.5240592559049,-3.8527094283508e-06,"1602","Not significant"
"261220","2612208","Salgueiro","PE",1678.564,"26","261220 SALGUEIRO",0.100792023722411,0.0555555555555555,65635,15.5240592532039,15.5240592534352,0.02557750080055,"1603","Low-Low"
"261230","2612307","Saloá","PE",251.549,"26","261230 SALOA",0.704572906153041,0.111111111111111,14173,15.5240592532039,15.5240592542749,0.178819112835998,"1604","Not significant"
"261240","2612406","Sanharó","PE",268.065,"26","261240 SANHARO",0.714124462794282,0.166666666666667,18933,15.5240592532039,15.5240592540057,0.181243329933126,"1605","Not significant"
"261245","2612455","Santa Cruz","PE",1245.983,"26","261245 SANTA CRUZ",0,0,14320,15.5240592532039,15.5240592542639,-3.85270942855443e-06,"1606","Low-Low"
"261247","2612471","Santa Cruz da Baixa Verde","PE",114.932,"26","261247 SANTA CRUZ DA BAIXA VERDE",0,0,11933,15.5240592532039,15.524059254476,-3.85270942852811e-06,"1607","Low-Low"
"261250","2612505","Santa Cruz do Capibaribe","PE",335.309,"26","261250 SANTA CRUZ DO CAPIBARIBE",0.335087554796522,0.333333333333333,104277,15.5240592532039,15.5240592533495,0.0850424920259028,"1608","Low-Low"
"261255","2612554","Santa Filomena","PE",1005.341,"26","261255 SANTA FILOMENA",0,0,12402,15.5240592532039,15.5240592544279,-3.85270942853408e-06,"1609","Not significant"
"261260","2612604","Santa Maria da Boa Vista","PE",3000.774,"26","261260 SANTA MARIA DA BOA VISTA",0,0,42682,15.5240592532039,15.5240592535595,-3.85270942864183e-06,"1610","Low-Low"
"261270","2612703","Santa Maria do Cambucá","PE",92.148,"26","261270 SANTA MARIA DO CAMBUCA",0,0,14533,15.5240592532039,15.5240592542484,-3.85270942855635e-06,"1611","Not significant"
"261280","2612802","Santa Terezinha","PE",200.327,"26","261280 SANTA TEREZINHA",0,0,10513,15.5240592532039,15.5240592546478,-3.85270942850679e-06,"1612","Low-Low"
"261290","2612901","São Benedito do Sul","PE",160.477,"26","261290 SAO BENEDITO DO SUL",0.398504809953056,0.0555555555555556,13479,15.5240592532039,15.5240592543301,0.101138003977744,"1613","Not significant"
"261300","2613008","São Bento do Una","PE",719.148,"26","261300 SAO BENTO DO UNA",0.302891046978979,0.166666666666667,51264,15.5240592532039,15.5240592535,0.0768709104077429,"1614","Not significant"
"261310","2613107","São Caitano","PE",382.483,"26","261310 SAO CAITANO",1.07003298064665,0.388888888888889,39117,15.5240592532039,15.524059253592,0.271574104892723,"1615","Not significant"
"261320","2613206","São João","PE",258.519,"26","261320 SAO JOAO",0,0,24772,15.5240592532039,15.5240592538167,-3.85270942860993e-06,"1616","Not significant"
"261330","2613305","São Joaquim do Monte","PE",227.385,"26","261330 SAO JOAQUIM DO MONTE",0.279820467188252,0.0555555555555556,20440,15.5240592532039,15.5240592539465,0.0710155199153973,"1617","Not significant"
"261340","2613404","São José da Coroa Grande","PE",69.184,"26","261340 SAO JOSE DA COROA GRANDE",0.578787764304939,0.111111111111111,19468,15.5240592532039,15.5240592539836,0.146894422162507,"1618","Not significant"
"261350","2613503","São José do Belmonte","PE",1474.086,"26","261350 SAO JOSE DO BELMONTE",0,0,36752,15.5240592532039,15.5240592536169,-3.85270942863471e-06,"1619","Low-Low"
"261360","2613602","São José do Egito","PE",774.037,"26","261360 SAO JOSE DO EGITO",0,0,32491,15.5240592532039,15.5240592536711,-3.85270942862799e-06,"1620","Low-Low"
"261370","2613701","São Lourenço da Mata","PE",263.687,"26","261370 SAO LOURENCO DA MATA",4.23427448769108,4.55555555555556,117759,15.5240592532039,15.5240592533328,1.07466920700197,"1621","Not significant"
"261380","2613800","São Vicente Férrer","PE",112.554,"26","261380 SAO VICENTE FERRER",0.308333641666975,0.0555555555555556,17176,15.5240592532039,15.5240592540877,0.0782522591835053,"1622","Not significant"
"261390","2613909","Serra Talhada","PE",2980.007,"26","261390 SERRA TALHADA",0.149826539767726,0.111111111111111,98143,15.5240592532039,15.5240592533586,0.038022625353362,"1623","Low-Low"
"261400","2614006","Serrita","PE",1535.19,"26","261400 SERRITA",0.579325656188695,0.111111111111111,18759,15.5240592532039,15.5240592540131,0.147030940925659,"1624","Low-Low"
"261410","2614105","Sertânia","PE",2421.527,"26","261410 SERTANIA",0,0,34269,15.5240592532039,15.5240592536469,-3.852709428631e-06,"1625","Low-Low"
"261420","2614204","Sirinhaém","PE",374.321,"26","261420 SIRINHAEM",0.533099423466952,0.222222222222222,39233,15.5240592532039,15.5240592535908,0.135298568096845,"1626","Not significant"
"261430","2614303","Moreilândia","PE",404.287,"26","261430 MOREILANDIA",0,0,10849,15.5240592532039,15.5240592546031,-3.85270942851234e-06,"1627","Not significant"
"261440","2614402","Solidão","PE",138.398,"26","261440 SOLIDAO",0,0,5403,15.5240592532039,15.5240592560134,-3.85270942833734e-06,"1628","Not significant"
"261450","2614501","Surubim","PE",252.896,"26","261450 SURUBIM",0.358031884865981,0.222222222222222,67515,15.5240592532039,15.5240592534287,0.0908658399145334,"1629","Not significant"
"261460","2614600","Tabira","PE",390.434,"26","261460 TABIRA",0,0,29093,15.5240592532039,15.5240592537257,-3.85270942862122e-06,"1630","Low-Low"
"261470","2614709","Tacaimbó","PE",227.601,"26","261470 TACAIMBO",1.67444586470527,0.222222222222222,14277,15.5240592532039,15.5240592542671,0.42497612105486,"1631","Not significant"
"261480","2614808","Tacaratu","PE",1264.532,"26","261480 TACARATU",0.218576368397354,0.0555555555555556,24803,15.5240592532039,15.5240592538159,0.0554715623316551,"1632","Low-Low"
"261485","2614857","Tamandaré","PE",213.75,"26","261485 TAMANDARE",0.268189985785931,0.0555555555555555,24534,15.5240592532039,15.5240592538226,0.068063664746469,"1633","Not significant"
"261500","2615003","Taquaritinga do Norte","PE",475.184,"26","261500 TAQUARITINGA DO NORTE",0,0,25497,15.5240592532039,15.5240592537993,-3.85270942861209e-06,"1634","Low-Low"
"261510","2615102","Terezinha","PE",151.45,"26","261510 TEREZINHA",0,0,6857,15.5240592532039,15.5240592554177,-3.85270942841126e-06,"1635","Not significant"
"261520","2615201","Terra Nova","PE",318.709,"26","261520 TERRA NOVA",0,0,9221,15.5240592532039,15.5240592548501,-3.85270942848169e-06,"1636","Not significant"
"261530","2615300","Timbaúba","PE",287.683,"26","261530 TIMBAUBA",2.37878077598934,1.22222222222222,47575,15.5240592532039,15.524059253523,0.603738682719219,"1637","High-Low"
"261540","2615409","Toritama","PE",25.704,"26","261540 TORITAMA",0.167310813297863,0.0555555555555555,43636,15.5240592532039,15.5240592535518,0.0424601925883042,"1638","Not significant"
"261550","2615508","Tracunhaém","PE",137.321,"26","261550 TRACUNHAEM",1.21634598173089,0.166666666666667,14393,15.5240592532039,15.5240592542586,0.308708835052157,"1639","Not significant"
"261560","2615607","Trindade","PE",295.765,"26","261560 TRINDADE",0,0,32086,15.5240592532039,15.524059253677,-3.85270942862726e-06,"1640","Not significant"
"261570","2615706","Triunfo","PE",191.518,"26","261570 TRIUNFO",0,0,15142,15.5240592532039,15.5240592542064,-3.85270942856157e-06,"1641","Low-Low"
"261580","2615805","Tupanatinga","PE",934.801,"26","261580 TUPANATINGA",0,0,27009,15.5240592532039,15.5240592537659,-3.85270942861622e-06,"1642","Low-Low"
"261590","2615904","Tuparetama","PE",189.509,"26","261590 TUPARETAMA",0,0,8252,15.5240592532039,15.5240592550434,-3.8527094284577e-06,"1643","Not significant"
"261600","2616001","Venturosa","PE",336.107,"26","261600 VENTUROSA",0.314299363858088,0.0555555555555556,17609,15.5240592532039,15.5240592540659,0.0797663794747687,"1644","Not significant"
"261610","2616100","Verdejante","PE",476.039,"26","261610 VERDEJANTE",0,0,9474,15.5240592532039,15.5240592548062,-3.85270942848714e-06,"1645","Low-Low"
"261618","2616183","Vertente do Lério","PE",73.631,"26","261618 VERTENTE DO LERIO",0,0,7782,15.5240592532039,15.5240592551545,-3.85270942844391e-06,"1646","Not significant"
"261620","2616209","Vertentes","PE",196.325,"26","261620 VERTENTES",0.296834556291705,0.0555555555555555,22955,15.5240592532039,15.5240592538652,0.0753337527670079,"1647","Not significant"
"261630","2616308","Vicência","PE",228.017,"26","261630 VICENCIA",0.341743644422573,0.111111111111111,27297,15.5240592532039,15.52405925376,0.0867318298853343,"1648","Not significant"
"261640","2616407","Vitória de Santo Antão","PE",336.573,"26","261640 VITORIA DE SANTO ANTAO",3.14211780497446,4.16666666666666,143799,15.5240592532039,15.5240592533095,0.797476179646579,"1649","Not significant"
"261650","2616506","Xexéu","PE",110.815,"26","261650 XEXEU",1.23430336912575,0.166666666666667,11791,15.5240592532039,15.5240592544913,0.313266480169787,"1650","Not significant"
"270010","2700102","Água Branca","AL",468.229,"27","270010 AGUA BRANCA",0.284171639670361,0.0555555555555556,19550,15.5240592532039,15.5240592539804,0.0721198620778736,"1651","Low-Low"
"270020","2700201","Anadia","AL",186.134,"27","270020 ANADIA",0.706914294853004,0.111111111111111,14193,15.5240592532039,15.5240592542734,0.179413365137175,"1652","Not significant"
"270030","2700300","Arapiraca","AL",345.655,"27","270030 ARAPIRACA",0.103833781332521,0.222222222222222,243661,15.5240592532039,15.5240592532662,0.0263495090791482,"1653","Low-Low"
"270040","2700409","Atalaia","AL",533.258,"27","270040 ATALAIA",6.10447443847042,2.72222222222222,38530,15.5240592532039,15.5240592535979,1.54933222404602,"1654","Not significant"
"270050","2700508","Barra de Santo Antônio","AL",131.364,"27","270050 BARRA DE SANTO ANTONIO",2.19061684041657,0.333333333333333,16735,15.5240592532039,15.524059254111,0.555982045070784,"1655","Not significant"
"270060","2700607","Barra de São Miguel","AL",74.247,"27","270060 BARRA DE SAO MIGUEL",1.38283709668526,0.111111111111111,8118,15.5240592532039,15.5240592550738,0.350964838152226,"1656","Not significant"
"270070","2700706","Batalha","AL",315.87,"27","270070 BATALHA",0.304714543415728,0.0555555555555556,17103,15.5240592532039,15.5240592540914,0.0773337199148975,"1657","Not significant"
"270080","2700805","Belém","AL",66.628,"27","270080 BELEM",1.17280041282574,0.0555555555555555,4820,15.5240592532039,15.5240592563532,0.297656823664647,"1658","Not significant"
"270090","2700904","Belo Monte","AL",334.136,"27","270090 BELO MONTE",0.820008200082,0.0555555555555555,5898,15.5240592532039,15.5240592557776,0.208116977402769,"1659","Low-Low"
"270100","2701001","Boca da Mata","AL",193.002,"27","270100 BOCA DA MATA",0.213371569518591,0.0555555555555556,21517,15.5240592532039,15.5240592539094,0.0541505669278176,"1660","Not significant"
"270110","2701100","Branquinha","AL",168.048,"27","270110 BRANQUINHA",1.09265534745462,0.111111111111111,9786,15.5240592532039,15.5240592547551,0.277315737416056,"1661","Not significant"
"270120","2701209","Cacimbinhas","AL",281.692,"27","270120 CACIMBINHAS",0,0,10701,15.5240592532039,15.5240592546224,-3.85270942850994e-06,"1662","Not significant"
"270130","2701308","Cajueiro","AL",94.357,"27","270130 CAJUEIRO",1.0471612723959,0.222222222222222,16605,15.5240592532039,15.5240592541181,0.265769188660445,"1663","Not significant"
"270135","2701357","Campestre","AL",65.91,"27","270135 CAMPESTRE",0,0,6807,15.5240592532039,15.5240592554339,-3.85270942840924e-06,"1664","Not significant"
"270140","2701407","Campo Alegre","AL",312.726,"27","270140 CAMPO ALEGRE",0.297265031308855,0.166666666666667,32714,15.5240592532039,15.5240592536679,0.0754430087699375,"1665","Not significant"
"270150","2701506","Campo Grande","AL",170.144,"27","270150 CAMPO GRANDE",0,0,8293,15.5240592532039,15.5240592550343,-3.85270942845883e-06,"1666","Not significant"
"270160","2701605","Canapi","AL",602.778,"27","270160 CANAPI",0.31071339796172,0.0555555555555555,15743,15.5240592532039,15.5240592541681,0.0788562493086491,"1667","Low-Low"
"270170","2701704","Capela","AL",263.735,"27","270170 CAPELA",7.4852181514876,1.22222222222222,15068,15.5240592532039,15.5240592542113,1.89976960709413,"1668","Not significant"
"270180","2701803","Carneiros","AL",111.696,"27","270180 CARNEIROS",0,0,9200,15.5240592532039,15.5240592548539,-3.85270942848122e-06,"1669","Not significant"
"270190","2701902","Chã Preta","AL",157.831,"27","270190 CHA PRETA",0.777762222533328,0.0555555555555556,6010,15.5240592532039,15.5240592557297,0.197394806679108,"1670","Not significant"
"270200","2702009","Coité do Nóia","AL",88.759,"27","270200 COITE DO NOIA",0.50340300430913,0.0555555555555556,11036,15.5240592532039,15.5240592545794,0.127761517358037,"1671","Not significant"
"270210","2702108","Colônia Leopoldina","AL",207.935,"27","270210 COLONIA LEOPOLDINA",1.14149907757156,0.222222222222222,15949,15.5240592532039,15.5240592541557,0.289712439865639,"1672","Not significant"
"270220","2702207","Coqueiro Seco","AL",39.608,"27","270220 COQUEIRO SECO",2.89675771835668,0.166666666666667,5700,15.5240592532039,15.524059255867,0.735202967071499,"1673","Not significant"
"270230","2702306","Coruripe","AL",897.8,"27","270230 CORURIPE",0.297248339786957,0.166666666666667,51788,15.5240592532039,15.524059253497,0.0754387724061393,"1674","Not significant"
"270235","2702355","Craíbas","AL",278.879,"27","270235 CRAIBAS",0,0,26115,15.5240592532039,15.5240592537852,-3.85270942861384e-06,"1675","Low-Low"
"270240","2702405","Delmiro Gouveia","AL",628.545,"27","270240 DELMIRO GOUVEIA",0.454260039301264,0.222222222222222,52809,15.5240592532039,15.5240592534913,0.115288868099566,"1676","Low-Low"
"270250","2702504","Dois Riachos","AL",141.621,"27","270250 DOIS RIACHOS",0,0,9906,15.5240592532039,15.5240592547363,-3.85270942849581e-06,"1677","Not significant"
"270255","2702553","Estrela de Alagoas","AL",260.772,"27","270255 ESTRELA DE ALAGOAS",0,0,15701,15.5240592532039,15.5240592541707,-3.852709428566e-06,"1678","Not significant"
"270260","2702603","Feira Grande","AL",175.906,"27","270260 FEIRA GRANDE",0.254958951608791,0.0555555555555556,23191,15.5240592532039,15.5240592538585,0.0647055839173403,"1679","Low-Low"
"270270","2702702","Feliz Deserto","AL",110.062,"27","270270 FELIZ DESERTO",1.23952600525559,0.0555555555555555,4038,15.5240592532039,15.5240592569632,0.314592002702507,"1680","Not significant"
"270280","2702801","Flexeiras","AL",333.756,"27","270280 FLEXEIRAS",1.76831424505346,0.222222222222222,9767,15.5240592532039,15.5240592547581,0.448800230658313,"1681","Not significant"
"270290","2702900","Girau do Ponciano","AL",513.454,"27","270290 GIRAU DO PONCIANO",0.151791135397693,0.0555555555555556,37335,15.5240592532039,15.5240592536105,0.0385212463099308,"1682","Low-Low"
"270300","2703007","Ibateguara","AL",265.312,"27","270300 IBATEGUARA",2.47084876817226,0.388888888888889,13992,15.5240592532039,15.5240592542888,0.627105847763014,"1683","Not significant"
"270310","2703106","Igaci","AL",334.346,"27","270310 IGACI",0,0,24452,15.5240592532039,15.5240592538247,-3.85270942860893e-06,"1684","Not significant"
"270320","2703205","Igreja Nova","AL",426.538,"27","270320 IGREJA NOVA",0.98768943537039,0.222222222222222,22125,15.5240592532039,15.52405925389,0.250675037055667,"1685","Not significant"
"270330","2703304","Inhapi","AL",372.019,"27","270330 INHAPI",0,0,15417,15.5240592532039,15.5240592541885,-3.85270942856379e-06,"1686","Low-Low"
"270340","2703403","Jacaré dos Homens","AL",148.992,"27","270340 JACARE DOS HOMENS",0,0,5182,15.5240592532039,15.5240592561332,-3.85270942832247e-06,"1687","Not significant"
"270350","2703502","Jacuípe","AL",208.738,"27","270350 JACUIPE",2.38743881842158,0.166666666666667,5432,15.5240592532039,15.5240592559984,0.605936122864916,"1688","Not significant"
"270360","2703601","Japaratinga","AL",85.356,"27","270360 JAPARATINGA",1.43295216805663,0.111111111111111,9443,15.5240592532039,15.5240592548114,0.363684211271488,"1689","Not significant"
"270370","2703700","Jaramataia","AL",105.416,"27","270370 JARAMATAIA",0,0,5075,15.5240592532039,15.524059256195,-3.8527094283148e-06,"1690","Not significant"
"270375","2703759","Jequiá da Praia","AL",334.265,"27","270375 JEQUIA DA PRAIA",1.41042212268092,0.166666666666667,9625,15.5240592532039,15.524059254781,0.357966010227342,"1691","Not significant"
"270380","2703809","Joaquim Gomes","AL",298.17,"27","270380 JOAQUIM GOMES",1.4466019778206,0.277777777777778,17386,15.5240592532039,15.524059254077,0.367148578756931,"1692","Not significant"
"270390","2703908","Jundiá","AL",88.793,"27","270390 JUNDIA",0,0,4176,15.5240592532039,15.5240592568389,-3.8527094282349e-06,"1693","Not significant"
"270400","2704005","Junqueiro","AL",247.724,"27","270400 JUNQUEIRO",0.219665317921614,0.0555555555555555,24381,15.5240592532039,15.5240592538265,0.05574794137142,"1694","Not significant"
"270410","2704104","Lagoa da Canoa","AL",83.621,"27","270410 LAGOA DA CANOA",0,0,18831,15.5240592532039,15.52405925401,-3.85270942858594e-06,"1695","Not significant"
"270420","2704203","Limoeiro de Anadia","AL",309.205,"27","270420 LIMOEIRO DE ANADIA",0.391209420735521,0.111111111111111,25197,15.5240592532039,15.5240592538063,0.0992864097394296,"1696","Not significant"
"270430","2704302","Maceió","AL",509.32,"27","270430 MACEIO",3.53719750899931,34.4444444444444,994464,15.5240592532039,15.5240592532192,0.897748732972981,"1697","Not significant"
"270440","2704401","Major Isidoro","AL",442.744,"27","270440 MAJOR ISIDORO",0.292490026090111,0.0555555555555556,17834,15.5240592532039,15.5240592540551,0.0742310964370579,"1698","Low-Low"
"270450","2704500","Maragogi","AL",334.165,"27","270450 MARAGOGI",1.81740731337111,0.555555555555555,33232,15.5240592532039,15.5240592536607,0.46126021598981,"1699","Not significant"
"270460","2704609","Maravilha","AL",332.37,"27","270460 MARAVILHA",0,0,9715,15.5240592532039,15.5240592547664,-3.85270942849208e-06,"1700","Low-Low"
"270470","2704708","Marechal Deodoro","AL",340.98,"27","270470 MARECHAL DEODORO",2.51633363985468,1.27777777777778,62341,15.5240592532039,15.5240592534474,0.6386500606938,"1701","Not significant"
"270480","2704807","Maribondo","AL",180.107,"27","270480 MARIBONDO",0,0,13968,15.5240592532039,15.5240592542907,-3.85270942855111e-06,"1702","Not significant"
"270490","2704906","Mar Vermelho","AL",91.741,"27","270490 MAR VERMELHO",3.08610118595942,0.111111111111111,3212,15.5240592532039,15.5240592579299,0.783258973837134,"1703","Not significant"
"270500","2705002","Mata Grande","AL",914.722,"27","270500 MATA GRANDE",0.256880545408774,0.0555555555555555,22147,15.5240592532039,15.5240592538893,0.0651932908655421,"1704","Low-Low"
"270510","2705101","Matriz de Camaragibe","AL",238.113,"27","270510 MATRIZ DE CAMARAGIBE",1.13593930213737,0.277777777777778,24330,15.5240592532039,15.5240592538278,0.288301350225255,"1705","Not significant"
"270520","2705200","Messias","AL",114.156,"27","270520 MESSIAS",1.02273362069566,0.166666666666667,15707,15.5240592532039,15.5240592541703,0.259569368768804,"1706","Not significant"
"270530","2705309","Minador do Negrão","AL",167.462,"27","270530 MINADOR DO NEGRAO",1.05558722317225,0.0555555555555555,4938,15.5240592532039,15.524059256278,0.267907723195457,"1707","Not significant"
"270540","2705408","Monteirópolis","AL",86.604,"27","270540 MONTEIROPOLIS",0,0,7341,15.5240592532039,15.5240592552717,-3.85270942842937e-06,"1708","Low-Low"
"270550","2705507","Murici","AL",418.028,"27","270550 MURICI",5.29678550088051,1.38888888888889,25933,15.5240592532039,15.5240592537892,1.34433806402977,"1709","Not significant"
"270560","2705606","Novo Lino","AL",215.547,"27","270560 NOVO LINO",0,0,10298,15.5240592532039,15.524059254678,-3.85270942850305e-06,"1710","Not significant"
"270570","2705705","Olho d'Água das Flores","AL",188.221,"27","270570 OLHO D'AGUA DAS FLORES",0,0,21132,15.5240592532039,15.5240592539222,-3.85270942859683e-06,"1711","Low-Low"
"270580","2705804","Olho d'Água do Casado","AL",327.678,"27","270580 OLHO D'AGUA DO CASADO",0,0,8522,15.5240592532039,15.5240592549852,-3.85270942846493e-06,"1712","Not significant"
"270590","2705903","Olho d'Água Grande","AL",117.006,"27","270590 OLHO D'AGUA GRANDE",0,0,4384,15.5240592532039,15.5240592566665,-3.8527094282563e-06,"1713","Not significant"
"270600","2706000","Olivença","AL",175.288,"27","270600 OLIVENCA",0,0,11048,15.5240592532039,15.5240592545779,-3.85270942851547e-06,"1714","Not significant"
"270610","2706109","Ouro Branco","AL",196.56,"27","270610 OURO BRANCO",0,0,11699,15.5240592532039,15.5240592545014,-3.85270942852496e-06,"1715","Not significant"
"270620","2706208","Palestina","AL",38.189,"27","270620 PALESTINA",0,0,4410,15.5240592532039,15.524059256646,-3.85270942825883e-06,"1716","Not significant"
"270630","2706307","Palmeira dos Índios","AL",450.99,"27","270630 PALMEIRA DOS INDIOS",0.542099963849882,0.388888888888889,73596,15.5240592532039,15.5240592534102,0.137582935419702,"1717","Not significant"
"270640","2706406","Pão de Açúcar","AL",688.87,"27","270640 PAO DE ACUCAR",0,0,24291,15.5240592532039,15.5240592538288,-3.85270942860842e-06,"1718","Low-Low"
"270642","2706422","Pariconha","AL",254.719,"27","270642 PARICONHA",0,0,10803,15.5240592532039,15.524059254609,-3.8527094285116e-06,"1719","Not significant"
"270644","2706448","Paripueira","AL",92.788,"27","270644 PARIPUEIRA",1.39289564180597,0.166666666666667,14176,15.5240592532039,15.5240592542747,0.353517730632499,"1720","Not significant"
"270650","2706505","Passo de Camaragibe","AL",251.29,"27","270650 PASSO DE CAMARAGIBE",0,0,14076,15.5240592532039,15.5240592542823,-3.85270942855215e-06,"1721","Not significant"
"270660","2706604","Paulo Jacinto","AL",118.457,"27","270660 PAULO JACINTO",2.29169473722138,0.166666666666667,6697,15.5240592532039,15.5240592554706,0.581635954101392,"1722","Not significant"
"270670","2706703","Penedo","AL",688.452,"27","270670 PENEDO",1.1736937201294,0.722222222222222,60189,15.5240592532039,15.5240592534561,0.29788354808076,"1723","Not significant"
"270680","2706802","Piaçabuçu","AL",243.686,"27","270680 PIACABUCU",0,0,16201,15.5240592532039,15.5240592541409,-3.8527094285697e-06,"1724","Not significant"
"270690","2706901","Pilar","AL",259.614,"27","270690 PILAR",5.34249727863451,1.83333333333333,36499,15.5240592532039,15.5240592536198,1.35593986647247,"1725","Not significant"
"270700","2707008","Pindoba","AL",117.086,"27","270700 PINDOBA",1.91043863671099,0.0555555555555556,2786,15.5240592532039,15.5240592586525,0.48487187764806,"1726","Not significant"
"270710","2707107","Piranhas","AL",403.995,"27","270710 PIRANHAS",0.452480498090532,0.111111111111111,23053,15.5240592532039,15.5240592538624,0.114837214573281,"1727","Low-Low"
"270720","2707206","Poço das Trincheiras","AL",284.26,"27","270720 POCO DAS TRINCHEIRAS",0,0,12974,15.5240592532039,15.5240592543739,-3.85270942854078e-06,"1728","Not significant"
"270730","2707305","Porto Calvo","AL",313.231,"27","270730 PORTO CALVO",1.4989134809607,0.388888888888889,24520,15.5240592532039,15.524059253823,0.380425413622722,"1729","Not significant"
"270740","2707404","Porto de Pedras","AL",257.105,"27","270740 PORTO DE PEDRAS",1.03825909379654,0.111111111111111,9508,15.5240592532039,15.5240592548004,0.263509785883046,"1730","Not significant"
"270750","2707503","Porto Real do Colégio","AL",235.852,"27","270750 PORTO REAL DO COLEGIO",0.552738371645383,0.111111111111111,20262,15.5240592532039,15.5240592539531,0.14028299897932,"1731","Not significant"
"270760","2707602","Quebrangulo","AL",319.829,"27","270760 QUEBRANGULO",0.483933410762679,0.0555555555555555,11305,15.5240592532039,15.5240592545467,0.122820069247543,"1732","Not significant"
"270770","2707701","Rio Largo","AL",293.816,"27","270770 RIO LARGO",1.2919194446774,0.944444444444445,97435,15.5240592532039,15.5240592533597,0.327889633304981,"1733","Not significant"
"270780","2707800","Roteiro","AL",128.926,"27","270780 ROTEIRO",0,0,6607,15.5240592532039,15.5240592555014,-3.85270942840087e-06,"1734","Not significant"
"270790","2707909","Santa Luzia do Norte","AL",28.857,"27","270790 SANTA LUZIA DO NORTE",1.54373561725494,0.111111111111111,7065,15.5240592532039,15.5240592553525,0.391801422053842,"1735","Not significant"
"270800","2708006","Santana do Ipanema","AL",436.16,"27","270800 SANTANA DO IPANEMA",0.354072146689799,0.166666666666667,47397,15.5240592532039,15.5240592535242,0.0898608450907496,"1736","Not significant"
"270810","2708105","Santana do Mundaú","AL",232.169,"27","270810 SANTANA DO MUNDAU",3.47812410668404,0.388888888888889,11568,15.5240592532039,15.5240592545161,0.8827557053942,"1737","Not significant"
"270820","2708204","São Brás","AL",139.038,"27","270820 SAO BRAS",1.61487600175383,0.111111111111111,6557,15.5240592532039,15.524059255519,0.409857090123172,"1738","Not significant"
"270830","2708303","São José da Laje","AL",256.603,"27","270830 SAO JOSE DA LAJE",0.987084868370401,0.222222222222222,21193,15.5240592532039,15.5240592539202,0.250521595924114,"1739","Not significant"
"270840","2708402","São José da Tapera","AL",490.879,"27","270840 SAO JOSE DA TAPERA",0.355866067500749,0.111111111111111,31557,15.5240592532039,15.5240592536849,0.0903161482059338,"1740","Not significant"
"270850","2708501","São Luís do Quitunde","AL",397.257,"27","270850 SAO LUIS DO QUITUNDE",0.652353715142504,0.222222222222222,31792,15.5240592532039,15.5240592536814,0.165565707104514,"1741","Not significant"
"270860","2708600","São Miguel dos Campos","AL",335.683,"27","270860 SAO MIGUEL DOS CAMPOS",0.297514495259411,0.166666666666667,53391,15.5240592532039,15.5240592534882,0.0755063235573132,"1742","Not significant"
"270870","2708709","São Miguel dos Milagres","AL",76.731,"27","270870 SAO MIGUEL DOS MILAGRES",0,0,8687,15.5240592532039,15.5240592549513,-3.85270942846913e-06,"1743","Not significant"
"270880","2708808","São Sebastião","AL",314.924,"27","270880 SAO SEBASTIAO",0,0,32701,15.5240592532039,15.5240592536681,-3.85270942862836e-06,"1744","Not significant"
"270890","2708907","Satuba","AL",41.268,"27","270890 SATUBA",1.15462435111097,0.166666666666667,25000,15.5240592532039,15.5240592538111,0.293043678293508,"1745","Not significant"
"270895","2708956","Senador Rui Palmeira","AL",338.569,"27","270895 SENADOR RUI PALMEIRA",0.852668855972966,0.111111111111111,12549,15.5240592532039,15.5240592544135,0.216406361366433,"1746","Low-Low"
"270900","2709004","Tanque d'Arca","AL",124.617,"27","270900 TANQUE D'ARCA",0,0,5909,15.5240592532039,15.5240592557728,-3.85270942836719e-06,"1747","Not significant"
"270910","2709103","Taquarana","AL",153.841,"27","270910 TAQUARANA",0.575223822675607,0.111111111111111,19422,15.5240592532039,15.5240592539855,0.145989881829442,"1748","Not significant"
"270915","2709152","Teotônio Vilela","AL",299.221,"27","270915 TEOTONIO VILELA",0.132486479754741,0.0555555555555556,39161,15.5240592532039,15.5240592535915,0.0336216599920097,"1749","Not significant"
"270920","2709202","Traipu","AL",681.577,"27","270920 TRAIPU",0.202108394774286,0.0555555555555556,24124,15.5240592532039,15.5240592538331,0.0512919354198803,"1750","Not significant"
"270930","2709301","União dos Palmares","AL",420.376,"27","270930 UNIAO DOS PALMARES",3.00480919120745,1.88888888888889,60874,15.5240592532039,15.5240592534533,0.762626793163545,"1751","Not significant"
"270940","2709400","Viçosa","AL",367.888,"27","270940 VICOSA",1.07799964572909,0.277777777777778,24423,15.5240592532039,15.5240592538254,0.273596071195557,"1752","Not significant"
"280010","2800100","Amparo do São Francisco","SE",35.683,"28","280010 AMPARO DE SAO FRANCISCO",0,0,2206,15.5240592532039,15.5240592600851,-3.85270942783209e-06,"1753","Not significant"
"280020","2800209","Aquidabã","SE",359.543,"28","280020 AQUIDABA",0.281123143181639,0.0555555555555556,20542,15.5240592532039,15.5240592539429,0.0713461434495361,"1754","Not significant"
"280030","2800308","Aracaju","SE",182.163,"28","280030 ARACAJU",2.62644550890258,15.3888888888889,628849,15.5240592532039,15.524059253228,0.666596822195385,"1755","Not significant"
"280040","2800407","Arauá","SE",198.967,"28","280040 ARAUA",0.510714796429082,0.0555555555555556,10483,15.5240592532039,15.5240592546519,0.12961727470933,"1756","Not significant"
"280050","2800506","Areia Branca","SE",148.134,"28","280050 AREIA BRANCA",0.6145186168415,0.111111111111112,18560,15.5240592532039,15.5240592540218,0.155963032317935,"1757","Not significant"
"280060","2800605","Barra dos Coqueiros","SE",92.268,"28","280060 BARRA DOS COQUEIROS",2.17740786828703,0.611111111111111,44384,15.5240592532039,15.5240592535459,0.552629563673461,"1758","Not significant"
"280067","2800670","Boquim","SE",205.443,"28","280067 BOQUIM",0.417956310564399,0.111111111111111,25038,15.5240592532039,15.5240592538102,0.1060748600426,"1759","Not significant"
"280070","2800704","Brejo Grande","SE",141.464,"28","280070 BREJO GRANDE",4.18604220814427,0.333333333333333,8016,15.5240592532039,15.5240592550976,1.06242769270151,"1760","Not significant"
"280100","2801009","Campo do Brito","SE",201.518,"28","280100 CAMPO DO BRITO",0,0,18646,15.5240592532039,15.524059254018,-3.85270942858494e-06,"1761","Not significant"
"280110","2801108","Canhoba","SE",171.581,"28","280110 CANHOBA",1.40433659139423,0.0555555555555556,3855,15.5240592532039,15.5240592571416,0.356421481958973,"1762","Not significant"
"280120","2801207","Canindé de São Francisco","SE",934.167,"28","280120 CANINDE DE SAO FRANCISCO",0.192687137748181,0.0555555555555556,27885,15.5240592532039,15.5240592537483,0.0489007888035534,"1763","Low-Low"
"280130","2801306","Capela","SE",442.211,"28","280130 CAPELA",1.23792795938411,0.388888888888889,32716,15.5240592532039,15.5240592536679,0.314186413336523,"1764","Not significant"
"280140","2801405","Carira","SE",638.743,"28","280140 CARIRA",0.516569996432559,0.111111111111111,20315,15.5240592532039,15.5240592539511,0.131103344101741,"1765","Not significant"
"280150","2801504","Carmópolis","SE",46.395,"28","280150 CARMOPOLIS",0.743290902504125,0.111111111111111,14179,15.5240592532039,15.5240592542745,0.188645870105566,"1766","Not significant"
"280160","2801603","Cedro de São João","SE",83.711,"28","280160 CEDRO DE SAO JOAO",1.89350905097326,0.111111111111111,5482,15.5240592532039,15.5240592559729,0.480575092076278,"1767","Not significant"
"280170","2801702","Cristinápolis","SE",228.556,"28","280170 CRISTINAPOLIS",0.618830932225897,0.111111111111111,17539,15.5240592532039,15.5240592540694,0.157057512418585,"1768","Not significant"
"280190","2801900","Cumbe","SE",128.393,"28","280190 CUMBE",0,0,3906,15.5240592532039,15.5240592570902,-3.85270942820372e-06,"1769","Not significant"
"280200","2802007","Divina Pastora","SE",90.508,"28","280200 DIVINA PASTORA",2.93401402458704,0.111111111111111,4433,15.5240592532039,15.5240592566282,0.74465874246961,"1770","High-High"
"280210","2802106","Estância","SE",647.344,"28","280210 ESTANCIA",0.341529030714772,0.222222222222223,66978,15.5240592532039,15.5240592534305,0.0866773602077566,"1771","Not significant"
"280220","2802205","Feira Nova","SE",183.273,"28","280220 FEIRA NOVA",0,0,6207,15.5240592532039,15.5240592556495,-3.85270942838249e-06,"1772","Not significant"
"280230","2802304","Frei Paulo","SE",399.178,"28","280230 FREI PAULO",1.21070770998617,0.166666666666666,14884,15.5240592532039,15.5240592542238,0.307277822782318,"1773","Low-Low"
"280240","2802403","Gararu","SE",656.956,"28","280240 GARARU",0.486816995754956,0.0555555555555556,11301,15.5240592532039,15.5240592545471,0.123551932785315,"1774","Low-Low"
"280250","2802502","General Maynard","SE",19.793,"28","280250 GENERAL MAYNARD",0,0,3111,15.5240592532039,15.5240592580833,-3.85270942808049e-06,"1775","Not significant"
"280260","2802601","Gracho Cardoso","SE",242.679,"28","280260 GRACHO CARDOSO",0,0,5979,15.5240592532039,15.5240592557428,-3.85270942837092e-06,"1776","Low-Low"
"280270","2802700","Ilha das Flores","SE",52.693,"28","280270 ILHA DAS FLORES",1.29244051542528,0.111111111111111,8495,15.5240592532039,15.5240592549908,0.328021882790366,"1777","Not significant"
"280280","2802809","Indiaroba","SE",316.316,"28","280280 INDIAROBA",0.639715346308289,0.111111111111111,16949,15.5240592532039,15.5240592540995,0.162358046724108,"1778","Not significant"
"280290","2802908","Itabaiana","SE",337.295,"28","280290 ITABAIANA",0.949628739887648,0.888888888888888,108408,15.5240592532039,15.5240592533439,0.241015104954098,"1779","Not significant"
"280300","2803005","Itabaianinha","SE",501.794,"28","280300 ITABAIANINHA",0.266681478043053,0.111111111111111,42114,15.5240592532039,15.5240592535643,0.0676808004248622,"1780","Not significant"
"280310","2803104","Itabi","SE",183.422,"28","280310 ITABI",0,0,4823,15.5240592532039,15.5240592563513,-3.85270942829541e-06,"1781","Not significant"
"280320","2803203","Itaporanga d'Ajuda","SE",739.702,"28","280320 ITAPORANGA D'AJUDA",1.94555829879715,0.611111111111111,35863,15.5240592532039,15.5240592536272,0.493785365697035,"1782","Not significant"
"280330","2803302","Japaratuba","SE",365.677,"28","280330 JAPARATUBA",0.342745114168398,0.0555555555555556,16472,15.5240592532039,15.5240592541254,0.0869860062630663,"1783","Not significant"
"280340","2803401","Japoatã","SE",402.353,"28","280340 JAPOATA",1.21156862067713,0.166666666666666,13707,15.5240592532039,15.5240592543113,0.307496324800879,"1784","Not significant"
"280350","2803500","Lagarto","SE",968.921,"28","280350 LAGARTO",0.577864410225849,0.555555555555555,105558,15.5240592532039,15.5240592533477,0.146660071804844,"1785","Not significant"
"280360","2803609","Laranjeiras","SE",162.273,"28","280360 LARANJEIRAS",7.18186487996854,1.94444444444444,24170,15.5240592532039,15.5240592538319,1.82277752986319,"1786","High-High"
"280370","2803708","Macambira","SE",137.496,"28","280370 MACAMBIRA",0,0,7024,15.5240592532039,15.524059255365,-3.85270942841779e-06,"1787","Not significant"
"280380","2803807","Malhada dos Bois","SE",63.199,"28","280380 MALHADA DOS BOIS",0,0,3666,15.5240592532039,15.5240592573446,-3.85270942817215e-06,"1788","Not significant"
"280390","2803906","Malhador","SE",101.888,"28","280390 MALHADOR",1.83732254017016,0.222222222222222,11728,15.5240592532039,15.5240592544982,0.466314767301423,"1789","Not significant"
"280400","2804003","Maruim","SE",95.554,"28","280400 MARUIM",10.7193914298044,1.72222222222222,15975,15.5240592532039,15.5240592541541,2.72061362716703,"1790","High-High"
"280410","2804102","Moita Bonita","SE",95.416,"28","280410 MOITA BONITA",0.489476260401371,0.0555555555555556,11288,15.5240592532039,15.5240592545487,0.124226863067307,"1791","Not significant"
"280420","2804201","Monte Alegre de Sergipe","SE",386.912,"28","280420 MONTE ALEGRE DE SERGIPE",0.407687352722944,0.0555555555555556,14732,15.5240592532039,15.5240592542343,0.103468564116008,"1792","Not significant"
"280430","2804300","Muribeca","SE",74.31,"28","280430 MURIBECA",0.73003358154475,0.0555555555555555,8033,15.5240592532039,15.5240592550936,0.185281117598219,"1793","Not significant"
"280440","2804409","Neópolis","SE",271.323,"28","280440 NEOPOLIS",2.41821627236561,0.444444444444444,16558,15.5240592532039,15.5240592541207,0.613747543888905,"1794","Not significant"
"280445","2804458","Nossa Senhora Aparecida","SE",340.772,"28","280445 NOSSA SENHORA APARECIDA",0,0,9496,15.5240592532039,15.5240592548024,-3.8527094284876e-06,"1795","Not significant"
"280450","2804508","Nossa Senhora da Glória","SE",758.429,"28","280450 NOSSA SENHORA DA GLORIA",0.354969077586822,0.111111111111111,43255,15.5240592532039,15.5240592535548,0.0900884891591424,"1796","Low-Low"
"280460","2804607","Nossa Senhora das Dores","SE",482.412,"28","280460 NOSSA SENHORA DAS DORES",1.10944125952151,0.277777777777778,25537,15.5240592532039,15.5240592537983,0.281576058179228,"1797","Not significant"
"280470","2804706","Nossa Senhora de Lourdes","SE",83.767,"28","280470 NOSSA SENHORA DE LOURDES",0,0,6404,15.5240592532039,15.5240592555743,-3.85270942839183e-06,"1798","Not significant"
"280480","2804805","Nossa Senhora do Socorro","SE",155.018,"28","280480 NOSSA SENHORA DO SOCORRO",4.60726769277141,8,202450,15.5240592532039,15.5240592532789,1.1693361328541,"1799","Not significant"
"280490","2804904","Pacatuba","SE",381.428,"28","280490 PACATUBA",1.30277511376173,0.166666666666667,12709,15.5240592532039,15.5240592543983,0.330644838499433,"1800","Not significant"
"280500","2805000","Pedra Mole","SE",82.211,"28","280500 PEDRA MOLE",0,0,2818,15.5240592532039,15.5240592585907,-3.85270942801753e-06,"1801","Not significant"
"280510","2805109","Pedrinhas","SE",33.344,"28","280510 PEDRINHAS",0,0,7416,15.5240592532039,15.5240592552508,-3.85270942843197e-06,"1802","Not significant"
"280520","2805208","Pinhão","SE",156.373,"28","280520 PINHAO",0,0,5769,15.5240592532039,15.5240592558352,-3.85270942835945e-06,"1803","Not significant"
"280530","2805307","Pirambu","SE",208.681,"28","280530 PIRAMBU",1.19345984007638,0.111111111111111,8037,15.5240592532039,15.5240592550926,0.302900255570109,"1804","Not significant"
"280540","2805406","Poço Redondo","SE",1220.426,"28","280540 POCO REDONDO",0.15999641608028,0.0555555555555556,34723,15.5240592532039,15.5240592536411,0.0406037740540183,"1805","Not significant"
"280550","2805505","Poço Verde","SE",441.326,"28","280550 POCO VERDE",0.255768866790459,0.0555555555555556,22214,15.5240592532039,15.5240592538872,0.0649111431054964,"1806","Low-Low"
"280560","2805604","Porto da Folha","SE",878.043,"28","280560 PORTO DA FOLHA",0.209044083216269,0.0555555555555556,27350,15.5240592532039,15.5240592537589,0.0530522363973525,"1807","Not significant"
"280570","2805703","Propriá","SE",96.32,"28","280570 PROPRIA",0.585994757594312,0.166666666666667,27273,15.5240592532039,15.5240592537605,0.148723581220685,"1808","Not significant"
"280580","2805802","Riachão do Dantas","SE",530.607,"28","280580 RIACHAO DO DANTAS",0.58537747215969,0.111111111111111,18579,15.5240592532039,15.5240592540209,0.148566912106782,"1809","Not significant"
"280590","2805901","Riachuelo","SE",78.308,"28","280590 RIACHUELO",9.92277162102043,0.944444444444444,8875,15.5240592532039,15.5240592549143,2.51842884909945,"1810","Not significant"
"280600","2806008","Ribeirópolis","SE",259.044,"28","280600 RIBEIROPOLIS",0.34427437290423,0.0555555555555556,17362,15.5240592532039,15.5240592540782,0.0873741372569415,"1811","Not significant"
"280610","2806107","Rosário do Catete","SE",102.683,"28","280610 ROSARIO DO CATETE",3.85591411171238,0.388888888888889,9499,15.5240592532039,15.5240592548019,0.978640075138956,"1812","Not significant"
"280620","2806206","Salgado","SE",247.579,"28","280620 SALGADO",0.277805558333611,0.0555555555555556,20772,15.5240592532039,15.5240592539347,0.0705041292934632,"1813","Not significant"
"280630","2806305","Santa Luzia do Itanhy","SE",325.258,"28","280630 SANTA LUZIA DO ITANHY",0.413667576735336,0.0555555555555556,13965,15.5240592532039,15.5240592542909,0.104986365017873,"1814","Not significant"
"280640","2806404","Santana do São Francisco","SE",44.017,"28","280640 SANTANA DO SAO FRANCISCO",0.86914198303435,0.0555555555555557,7530,15.5240592532039,15.5240592552198,0.220587296232291,"1815","Not significant"
"280650","2806503","Santa Rosa de Lima","SE",67.672,"28","280650 SANTA ROSA DE LIMA",2.80441976555051,0.111111111111111,4038,15.5240592532039,15.5240592569632,0.711767285077697,"1816","Not significant"
"280660","2806602","Santo Amaro das Brotas","SE",236.965,"28","280660 SANTO AMARO DAS BROTAS",4.29996673439591,0.5,11297,15.5240592532039,15.5240592545476,1.09134211939582,"1817","Not significant"
"280670","2806701","São Cristóvão","SE",438.037,"28","280670 SAO CRISTOVAO",3.69052873474478,3.11111111111111,100360,15.5240592532039,15.5240592533551,0.936664712081901,"1818","Not significant"
"280680","2806800","São Domingos","SE",101.999,"28","280680 SAO DOMINGOS",1.03504177794486,0.111111111111111,10550,15.5240592532039,15.5240592546427,0.26269322033572,"1819","Not significant"
"280690","2806909","São Francisco","SE",83.985,"28","280690 SAO FRANCISCO",0,0,3323,15.5240592532039,15.524059257772,-3.85270942811911e-06,"1820","Not significant"
"280700","2807006","São Miguel do Aleixo","SE",144.868,"28","280700 SAO MIGUEL DO ALEIXO",0,0,3481,15.5240592532039,15.5240592575647,-3.85270942814484e-06,"1821","Not significant"
"280710","2807105","Simão Dias","SE",560.199,"28","280710 SIMAO DIAS",0.553820678791212,0.222222222222222,44285,15.5240592532039,15.5240592535467,0.140557692163029,"1822","Not significant"
"280720","2807204","Siriri","SE",168.343,"28","280720 SIRIRI",0,0,7984,15.5240592532039,15.5240592551052,-3.85270942845004e-06,"1823","Not significant"
"280730","2807303","Telha","SE",47.86,"28","280730 TELHA",3.69017306911694,0.111111111111111,3373,15.5240592532039,15.5240592577043,0.936574442822047,"1824","Not significant"
"280740","2807402","Tobias Barreto","SE",1024.645,"28","280740 TOBIAS BARRETO",0.3439095113508,0.166666666666666,52613,15.5240592532039,15.5240592534924,0.0872815341731893,"1825","Not significant"
"280750","2807501","Tomar do Geru","SE",304.837,"28","280750 TOMAR DO GERU",1.32164274910273,0.166666666666667,12145,15.5240592532039,15.5240592544538,0.33543350759898,"1826","Not significant"
"280760","2807600","Umbaúba","SE",117.514,"28","280760 UMBAUBA",0.259653933237781,0.0555555555555555,24538,15.5240592532039,15.5240592538225,0.0658971859940171,"1827","Not significant"
"290010","2900108","Abaíra","BA",538.677,"29","290010 ABAIRA",0.639967233677633,0.0555555555555553,7452,15.5240592532039,15.5240592552409,0.162421976576887,"1828","Low-Low"
"290020","2900207","Abaré","BA",1604.923,"29","290020 ABARE",0,0,18240,15.5240592532039,15.5240592540361,-3.8527094285827e-06,"1829","Not significant"
"290030","2900306","Acajutiba","BA",181.475,"29","290030 ACAJUTIBA",0,0,14215,15.5240592532039,15.5240592542718,-3.85270942855346e-06,"1830","Not significant"
"290035","2900355","Adustina","BA",629.099,"29","290035 ADUSTINA",0.381720183836441,0.0555555555555556,14554,15.5240592532039,15.5240592542469,0.0968780096019396,"1831","Low-Low"
"290040","2900405","Água Fria","BA",742.775,"29","290040 AGUA FRIA",0,0,14871,15.5240592532039,15.5240592542247,-3.8527094285593e-06,"1832","Low-Low"
"290050","2900504","Érico Cardoso","BA",735.249,"29","290050 ERICO CARDOSO",0,0,10948,15.5240592532039,15.5240592545904,-3.85270942851391e-06,"1833","Low-Low"
"290060","2900603","Aiquara","BA",167.877,"29","290060 AIQUARA",0,0,4586,15.5240592532039,15.5240592565139,-3.85270942827523e-06,"1834","Not significant"
"290070","2900702","Alagoinhas","BA",707.835,"29","290070 ALAGOINHAS",0.271464520585078,0.388888888888889,160662,15.5240592532039,15.5240592532984,0.0688947526570028,"1835","Low-Low"
"290080","2900801","Alcobaça","BA",1477.929,"29","290080 ALCOBACA",0,0,25494,15.5240592532039,15.5240592537993,-3.85270942861208e-06,"1836","Not significant"
"290090","2900900","Almadina","BA",245.236,"29","290090 ALMADINA",0,0,5327,15.5240592532039,15.5240592560535,-3.85270942833236e-06,"1837","Not significant"
"290100","2901007","Amargosa","BA",431.655,"29","290100 AMARGOSA",0,0,38478,15.5240592532039,15.5240592535984,-3.85270942863701e-06,"1838","Low-Low"
"290110","2901106","Amélia Rodrigues","BA",166.872,"29","290110 AMELIA RODRIGUES",0.22358159834013,0.0555555555555555,24848,15.5240592532039,15.5240592538148,0.0567419064703554,"1839","Not significant"
"290115","2901155","América Dourada","BA",822.373,"29","290115 AMERICA DOURADA",0.345194206260442,0.0555555555555556,15583,15.5240592532039,15.524059254178,0.0876075940460567,"1840","Low-Low"
"290120","2901205","Anagé","BA",1899.683,"29","290120 ANAGE",0.221787518685598,0.0555555555555555,26715,15.5240592532039,15.5240592537721,0.0562865630397515,"1841","Low-Low"
"290130","2901304","Andaraí","BA",1590.316,"29","290130 ANDARAI",0,0,13531,15.5240592532039,15.5240592543258,-3.85270942854676e-06,"1842","Low-Low"
"290135","2901353","Andorinha","BA",1362.386,"29","290135 ANDORINHA",0,0,15485,15.5240592532039,15.5240592541842,-3.85270942856432e-06,"1843","Low-Low"
"290140","2901403","Angical","BA",1530.05,"29","290140 ANGICAL",0,0,14178,15.5240592532039,15.5240592542746,-3.85270942855311e-06,"1844","Low-Low"
"290150","2901502","Anguera","BA",187.84,"29","290150 ANGUERA",0,0,11456,15.5240592532039,15.524059254529,-3.85270942852154e-06,"1845","Not significant"
"290160","2901601","Antas","BA",319.745,"29","290160 ANTAS",0,0,15061,15.5240592532039,15.5240592542118,-3.8527094285609e-06,"1846","Low-Low"
"290170","2901700","Antônio Cardoso","BA",293.53,"29","290170 ANTONIO CARDOSO",0.493038299215083,0.0555555555555555,11501,15.5240592532039,15.5240592545238,0.125130920459464,"1847","Low-Low"
"290180","2901809","Antônio Gonçalves","BA",345.284,"29","290180 ANTONIO GONCALVES",0,0,11236,15.5240592532039,15.5240592545549,-3.85270942851832e-06,"1848","Low-Low"
"290190","2901908","Aporá","BA",479.262,"29","290190 APORA",0,0,16379,15.5240592532039,15.5240592541307,-3.85270942857096e-06,"1849","Low-Low"
"290195","2901957","Apuarema","BA",150.83,"29","290195 APUAREMA",0.805152979066022,0.0555555555555555,7114,15.5240592532039,15.5240592553377,0.204346672512327,"1850","Not significant"
"290200","2902005","Aracatu","BA",1489.803,"29","290200 ARACATU",0,0,14422,15.5240592532039,15.5240592542564,-3.85270942855536e-06,"1851","Low-Low"
"290205","2902054","Araçás","BA",474.577,"29","290205 ARACAS",0,0,11946,15.5240592532039,15.5240592544746,-3.85270942852829e-06,"1852","Low-Low"
"290210","2902104","Araci","BA",1496.245,"29","290210 ARACI",0,0,50336,15.5240592532039,15.5240592535055,-3.85270942864854e-06,"1853","Low-Low"
"290220","2902203","Aramari","BA",368.947,"29","290220 ARAMARI",0,0,10122,15.5240592532039,15.5240592547036,-3.85270942849987e-06,"1854","Low-Low"
"290225","2902252","Arataca","BA",435.962,"29","290225 ARATACA",0,0,10463,15.5240592532039,15.5240592546547,-3.85270942850594e-06,"1855","Not significant"
"290230","2902302","Aratuípe","BA",174.012,"29","290230 ARATUIPE",1.82925713628156,0.166666666666667,8981,15.5240592532039,15.5240592548941,0.464267740750662,"1856","Not significant"
"290240","2902401","Aurelino Leal","BA",445.394,"29","290240 AURELINO LEAL",0.417679539550076,0.0555555555555556,11409,15.5240592532039,15.5240592545344,0.106004614628861,"1857","Not significant"
"290250","2902500","Baianópolis","BA",3320.723,"29","290250 BAIANOPOLIS",0,0,14110,15.5240592532039,15.5240592542797,-3.85270942855247e-06,"1858","Low-Low"
"290260","2902609","Baixa Grande","BA",967.514,"29","290260 BAIXA GRANDE",0,0,18680,15.5240592532039,15.5240592540165,-3.85270942858513e-06,"1859","Low-Low"
"290265","2902658","Banzaê","BA",409.507,"29","290265 BANZAE",0,0,12309,15.5240592532039,15.5240592544371,-3.85270942853294e-06,"1860","Not significant"
"290270","2902708","Barra","BA",11428.112,"29","290270 BARRA",0.11177055739977,0.0555555555555557,53528,15.5240592532039,15.5240592534875,0.0283638894516043,"1861","Low-Low"
"290280","2902807","Barra da Estiva","BA",1657.413,"29","290280 BARRA DA ESTIVA",0,0,27582,15.5240592532039,15.5240592537542,-3.85270942861767e-06,"1862","Low-Low"
"290290","2902906","Barra do Choça","BA",765.936,"29","290290 BARRA DO CHOCA",0,0,38481,15.5240592532039,15.5240592535984,-3.85270942863702e-06,"1863","Low-Low"
"290300","2903003","Barra do Mendes","BA",1436.298,"29","290300 BARRA DO MENDES",0,0,14345,15.5240592532039,15.5240592542621,-3.85270942855466e-06,"1864","Low-Low"
"290310","2903102","Barra do Rocha","BA",214.411,"29","290310 BARRA DO ROCHA",0,0,5920,15.5240592532039,15.5240592557681,-3.85270942836778e-06,"1865","Not significant"
"290320","2903201","Barreiras","BA",8051.274,"29","290320 BARREIRAS",0.0357410659844412,0.0555555555555556,170667,15.5240592532039,15.5240592532928,0.009067349653704,"1866","Low-Low"
"290323","2903235","Barro Alto","BA",414.51,"29","290323 BARRO ALTO",0,0,13911,15.5240592532039,15.5240592542951,-3.85270942855056e-06,"1867","Low-Low"
"290327","2903276","Barrocas","BA",207.297,"29","290327 BARROCAS",0,0,15743,15.5240592532039,15.5240592541681,-3.85270942856632e-06,"1868","Not significant"
"290330","2903300","Barro Preto","BA",201.585,"29","290330 BARRO PRETO",0.866430997435367,0.0555555555555557,5966,15.5240592532039,15.5240592557483,0.219899238995417,"1869","Not significant"
"290340","2903409","Belmonte","BA",1939.447,"29","290340 BELMONTE",1.87800513174344,0.388888888888889,20567,15.5240592532039,15.524059253942,0.476640145432826,"1870","Not significant"
"290350","2903508","Belo Campo","BA",772.756,"29","290350 BELO CAMPO",0,0,19042,15.5240592532039,15.5240592540011,-3.85270942858704e-06,"1871","Not significant"
"290360","2903607","Biritinga","BA",553.762,"29","290360 BIRITINGA",0,0,15606,15.5240592532039,15.5240592541766,-3.85270942856527e-06,"1872","Low-Low"
"290370","2903706","Boa Nova","BA",848.857,"29","290370 BOA NOVA",0,0,14052,15.5240592532039,15.5240592542842,-3.85270942855192e-06,"1873","Not significant"
"290380","2903805","Boa Vista do Tupim","BA",2972.109,"29","290380 BOA VISTA DO TUPIM",0,0,17307,15.5240592532039,15.524059254081,-3.85270942857713e-06,"1874","Low-Low"
"290390","2903904","Bom Jesus da Lapa","BA",4115.51,"29","290390 BOM JESUS DA LAPA",0.0847529451648444,0.0555555555555555,68704,15.5240592532039,15.5240592534248,0.0215067288941867,"1875","Low-Low"
"290395","2903953","Bom Jesus da Serra","BA",467.909,"29","290395 BOM JESUS DA SERRA",1.12460638776428,0.111111111111111,10028,15.5240592532039,15.5240592547176,0.285425018557429,"1876","Low-Low"
"290400","2904001","Boninal","BA",896.857,"29","290400 BONINAL",0,0,14104,15.5240592532039,15.5240592542802,-3.85270942855241e-06,"1877","Low-Low"
"290405","2904050","Bonito","BA",791.276,"29","290405 BONITO",0.324298380453888,0.0555555555555555,16393,15.5240592532039,15.5240592541299,0.0823041634066747,"1878","Low-Low"
"290410","2904100","Boquira","BA",1426.233,"29","290410 BOQUIRA",0,0,19829,15.5240592532039,15.5240592539694,-3.85270942859097e-06,"1879","Low-Low"
"290420","2904209","Botuporã","BA",627.612,"29","290420 BOTUPORA",0,0,11411,15.5240592532039,15.5240592545342,-3.85270942852089e-06,"1880","Low-Low"
"290430","2904308","Brejões","BA",518.566,"29","290430 BREJOES",0,0,13272,15.5240592532039,15.5240592543476,-3.85270942854404e-06,"1881","Low-Low"
"290440","2904407","Brejolândia","BA",2247.208,"29","290440 BREJOLANDIA",0,0,9377,15.5240592532039,15.5240592548227,-3.85270942848509e-06,"1882","Low-Low"
"290450","2904506","Brotas de Macaúbas","BA",2520.817,"29","290450 BROTAS DE MACAUBAS",0,0,12169,15.5240592532039,15.5240592544513,-3.85270942853117e-06,"1883","Low-Low"
"290460","2904605","Brumado","BA",2207.612,"29","290460 BRUMADO",0,0,74095,15.5240592532039,15.5240592534088,-3.85270942866054e-06,"1884","Low-Low"
"290470","2904704","Buerarema","BA",219.487,"29","290470 BUERAREMA",0.618734977466172,0.111111111111111,15056,15.5240592532039,15.5240592542121,0.157033158778173,"1885","Not significant"
"290475","2904753","Buritirama","BA",4046.736,"29","290475 BURITIRAMA",0,0,20212,15.5240592532039,15.5240592539549,-3.85270942859277e-06,"1886","Low-Low"
"290480","2904803","Caatiba","BA",512.436,"29","290480 CAATIBA",0,0,6224,15.5240592532039,15.5240592556428,-3.85270942838332e-06,"1887","Low-Low"
"290485","2904852","Cabaceiras do Paraguaçu","BA",222.026,"29","290485 CABACEIRAS DO PARAGUACU",0.320629973772468,0.0555555555555556,17039,15.5240592532039,15.5240592540948,0.0813731094932932,"1888","Low-Low"
"290490","2904902","Cachoeira","BA",394.894,"29","290490 CACHOEIRA",0.339571057151421,0.111111111111111,30550,15.5240592532039,15.5240592537008,0.0861804199528327,"1889","Not significant"
"290500","2905008","Caculé","BA",610.983,"29","290500 CACULE",0,0,23246,15.5240592532039,15.5240592538569,-3.85270942860494e-06,"1890","Low-Low"
"290510","2905107","Caém","BA",540.908,"29","290510 CAEM",0,0,10729,15.5240592532039,15.5240592546187,-3.8527094285104e-06,"1891","Low-Low"
"290515","2905156","Caetanos","BA",767.146,"29","290515 CAETANOS",0,0,11500,15.5240592532039,15.5240592545239,-3.85270942852217e-06,"1892","Not significant"
"290520","2905206","Caetité","BA",2651.536,"29","290520 CAETITE",0,0,54572,15.5240592532039,15.5240592534821,-3.85270942865145e-06,"1893","Low-Low"
"290530","2905305","Cafarnaum","BA",643.66,"29","290530 CAFARNAUM",0,0,18039,15.5240592532039,15.5240592540454,-3.85270942858155e-06,"1894","Not significant"
"290540","2905404","Cairu","BA",448.846,"29","290540 CAIRU",0.746147508663125,0.111111111111111,18486,15.5240592532039,15.524059254025,0.18937088632654,"1895","Not significant"
"290550","2905503","Caldeirão Grande","BA",458.311,"29","290550 CALDEIRAO GRANDE",0,0,13566,15.5240592532039,15.5240592543229,-3.85270942854711e-06,"1896","Not significant"
"290560","2905602","Camacan","BA",584.848,"29","290560 CAMACAN",0.213708091843189,0.0555555555555555,22756,15.5240592532039,15.524059253871,0.0542359774220041,"1897","Not significant"
"290570","2905701","Camaçari","BA",785.421,"29","290570 CAMACARI",0.600144375187304,1.61111111111111,319394,15.5240592532039,15.5240592532514,0.152314801602589,"1898","Not significant"
"290580","2905800","Camamu","BA",839.702,"29","290580 CAMAMU",0.454271871699831,0.166666666666667,31775,15.5240592532039,15.5240592536816,0.115291871201281,"1899","Low-Low"
"290590","2905909","Campo Alegre de Lourdes","BA",2914.587,"29","290590 CAMPO ALEGRE DE LOURDES",0,0,32377,15.5240592532039,15.5240592536727,-3.85270942862779e-06,"1900","Low-Low"
"290600","2906006","Campo Formoso","BA",7161.827,"29","290600 CAMPO FORMOSO",0.0756393033922717,0.0555555555555557,74894,15.5240592532039,15.5240592534066,0.0191936560602835,"1901","Low-Low"
"290610","2906105","Canápolis","BA",460.388,"29","290610 CANAPOLIS",0,0,10612,15.5240592532039,15.5240592546343,-3.85270942850846e-06,"1902","Not significant"
"290620","2906204","Canarana","BA",579.726,"29","290620 CANARANA",0,0,24989,15.5240592532039,15.5240592538114,-3.85270942861059e-06,"1903","Low-Low"
"290630","2906303","Canavieiras","BA",1334.284,"29","290630 CANAVIEIRAS",4.5203571685036,1.5,34343,15.5240592532039,15.5240592536459,1.14727795042755,"1904","Not significant"
"290640","2906402","Candeal","BA",447.578,"29","290640 CANDEAL",0,0,7969,15.5240592532039,15.5240592551088,-3.85270942844959e-06,"1905","Not significant"
"290650","2906501","Candeias","BA",251.808,"29","290650 CANDEIAS",1.26060509542244,1.05555555555556,75083,15.5240592532039,15.5240592534061,0.319941946487198,"1906","Not significant"
"290660","2906600","Candiba","BA",433.642,"29","290660 CANDIBA",0,0,13425,15.5240592532039,15.5240592543346,-3.85270942854566e-06,"1907","Not significant"
"290670","2906709","Cândido Sales","BA",1169.814,"29","290670 CANDIDO SALES",0.221752107753784,0.0555555555555556,26465,15.5240592532039,15.5240592537775,0.056277575626538,"1908","Low-Low"
"290680","2906808","Cansanção","BA",1351.891,"29","290680 CANSANCAO",0.159715833588879,0.0555555555555556,39556,15.5240592532039,15.5240592535876,0.0405325612771627,"1909","Low-Low"
"290682","2906824","Canudos","BA",3565.377,"29","290682 CANUDOS",0,0,16662,15.5240592532039,15.5240592541149,-3.85270942857292e-06,"1910","Low-Low"
"290685","2906857","Capela do Alto Alegre","BA",629.586,"29","290685 CAPELA DO ALTO ALEGRE",1.03416894183834,0.111111111111111,11055,15.5240592532039,15.524059254577,0.262471691606405,"1911","Low-Low"
"290687","2906873","Capim Grosso","BA",464.776,"29","290687 CAPIM GROSSO",0.178894076817117,0.0555555555555556,35228,15.5240592532039,15.5240592536348,0.0454000637004072,"1912","Low-Low"
"290689","2906899","Caraíbas","BA",805.629,"29","290689 CARAIBAS",0,0,10260,15.5240592532039,15.5240592546834,-3.85270942850237e-06,"1913","Low-Low"
"290690","2906907","Caravelas","BA",2377.889,"29","290690 CARAVELAS",0,0,21229,15.5240592532039,15.5240592539189,-3.85270942859724e-06,"1914","Not significant"
"290700","2907004","Cardeal da Silva","BA",293.456,"29","290700 CARDEAL DA SILVA",0,0,8634,15.5240592532039,15.524059254962,-3.8527094284678e-06,"1915","Low-Low"
"290710","2907103","Carinhanha","BA",2525.906,"29","290710 CARINHANHA",0,0,30375,15.5240592532039,15.5240592537036,-3.85270942862395e-06,"1916","Low-Low"
"290720","2907202","Casa Nova","BA",9647.072,"29","290720 CASA NOVA",0.0757073336179928,0.0555555555555555,75815,15.5240592532039,15.5240592534041,0.0192109223596336,"1917","Low-Low"
"290730","2907301","Castro Alves","BA",713.789,"29","290730 CASTRO ALVES",0,0,25471,15.5240592532039,15.5240592537999,-3.85270942861201e-06,"1918","Not significant"
"290740","2907400","Catolândia","BA",702.504,"29","290740 CATOLANDIA",0,0,3560,15.5240592532039,15.5240592574679,-3.85270942815685e-06,"1919","Low-Low"
"290750","2907509","Catu","BA",426.955,"29","290750 CATU",0.199956482585143,0.111111111111111,50153,15.5240592532039,15.5240592535066,0.0507457728928734,"1920","Not significant"
"290755","2907558","Caturama","BA",716.261,"29","290755 CATURAMA",0,0,9115,15.5240592532039,15.5240592548693,-3.85270942847931e-06,"1921","Low-Low"
"290760","2907608","Central","BA",566.974,"29","290760 CENTRAL",0.321260368678399,0.0555555555555555,16849,15.5240592532039,15.5240592541048,0.0815331058336873,"1922","Not significant"
"290770","2907707","Chorrochó","BA",3005.319,"29","290770 CHORROCHO",0,0,10929,15.5240592532039,15.5240592545928,-3.85270942851361e-06,"1923","Low-Low"
"290780","2907806","Cícero Dantas","BA",819.969,"29","290780 CICERO DANTAS",0.331074587786048,0.111111111111111,32268,15.5240592532039,15.5240592536743,0.0840239875449287,"1924","Low-Low"
"290790","2907905","Cipó","BA",168.33,"29","290790 CIPO",0,0,17836,15.5240592532039,15.524059254055,-3.85270942858036e-06,"1925","Low-Low"
"290800","2908002","Coaraci","BA",274.5,"29","290800 COARACI",0.586302313627493,0.111111111111111,17663,15.5240592532039,15.5240592540633,0.148801639971487,"1926","Not significant"
"290810","2908101","Cocos","BA",10140.572,"29","290810 COCOS",0,0,19817,15.5240592532039,15.5240592539699,-3.85270942859091e-06,"1927","Low-Low"
"290820","2908200","Conceição da Feira","BA",164.798,"29","290820 CONCEICAO DA FEIRA",0,0,21499,15.5240592532039,15.52405925391,-3.85270942859835e-06,"1928","Not significant"
"290830","2908309","Conceição do Almeida","BA",284.836,"29","290830 CONCEICAO DO ALMEIDA",0,0,16184,15.5240592532039,15.5240592541418,-3.85270942856958e-06,"1929","Low-Low"
"290840","2908408","Conceição do Coité","BA",1015.252,"29","290840 CONCEICAO DO COITE",0.170349243854168,0.111111111111111,71316,15.5240592532039,15.5240592534167,0.0432313564495348,"1930","Low-Low"
"290850","2908507","Conceição do Jacuípe","BA",114.869,"29","290850 CONCEICAO DO JACUIPE",0,0,37409,15.5240592532039,15.5240592536097,-3.85270942863561e-06,"1931","Not significant"
"290860","2908606","Conde","BA",931.106,"29","290860 CONDE",0.645171078076172,0.166666666666667,24434,15.5240592532039,15.5240592538252,0.163742729737687,"1932","Not significant"
"290870","2908705","Condeúba","BA",1348.039,"29","290870 CONDEUBA",0,0,17571,15.5240592532039,15.5240592540678,-3.85270942857876e-06,"1933","Low-Low"
"290880","2908804","Contendas do Sincorá","BA",977.455,"29","290880 CONTENDAS DO SINCORA",0,0,4490,15.5240592532039,15.5240592565847,-3.85270942826645e-06,"1934","Low-Low"
"290890","2908903","Coração de Maria","BA",378.42,"29","290890 CORACAO DE MARIA",0,0,28258,15.5240592532039,15.5240592537411,-3.85270942861931e-06,"1935","Low-Low"
"290900","2909000","Cordeiros","BA",523.64,"29","290900 CORDEIROS",0,0,7763,15.5240592532039,15.5240592551593,-3.85270942844332e-06,"1936","Low-Low"
"290910","2909109","Coribe","BA",2662.819,"29","290910 CORIBE",0,0,14464,15.5240592532039,15.5240592542534,-3.85270942855574e-06,"1937","Low-Low"
"290920","2909208","Coronel João Sá","BA",797.434,"29","290920 CORONEL JOAO SA",0,0,17593,15.5240592532039,15.5240592540667,-3.8527094285789e-06,"1938","Not significant"
"290930","2909307","Correntina","BA",11504.314,"29","290930 CORRENTINA",0,0,34179,15.5240592532039,15.524059253648,-3.85270942863085e-06,"1939","Not significant"
"290940","2909406","Cotegipe","BA",4282.775,"29","290940 COTEGIPE",0.412377936130905,0.0555555555555555,13472,15.5240592532039,15.5240592543307,0.104659049909028,"1940","Low-Low"
"290950","2909505","Cravolândia","BA",182.585,"29","290950 CRAVOLANDIA",0,0,4514,15.5240592532039,15.5240592565667,-3.85270942826868e-06,"1941","Not significant"
"290960","2909604","Crisópolis","BA",636.609,"29","290960 CRISOPOLIS",0,0,20343,15.5240592532039,15.5240592539501,-3.85270942859337e-06,"1942","Low-Low"
"290970","2909703","Cristópolis","BA",1052.837,"29","290970 CRISTOPOLIS",0,0,14514,15.5240592532039,15.5240592542498,-3.85270942855618e-06,"1943","Low-Low"
"290980","2909802","Cruz das Almas","BA",139.117,"29","290980 CRUZ DAS ALMAS",0.278749253735192,0.166666666666667,63203,15.5240592532039,15.5240592534441,0.0707436423510873,"1944","Not significant"
"290990","2909901","Curaçá","BA",5950.614,"29","290990 CURACA",0.165329153812325,0.0555555555555556,36021,15.5240592532039,15.5240592536253,0.0419572407675788,"1945","Low-Low"
"291000","2910008","Dário Meira","BA",413.637,"29","291000 DARIO MEIRA",0,0,11094,15.5240592532039,15.5240592545722,-3.85270942851618e-06,"1946","Not significant"
"291005","2910057","Dias d'Ávila","BA",183.759,"29","291005 DIAS D'AVILA",0.600301487386126,0.444444444444444,75053,15.5240592532039,15.5240592534061,0.152354677204585,"1947","Not significant"
"291010","2910107","Dom Basílio","BA",689.516,"29","291010 DOM BASILIO",0,0,12309,15.5240592532039,15.5240592544371,-3.85270942853294e-06,"1948","Not significant"
"291020","2910206","Dom Macedo Costa","BA",94.778,"29","291020 DOM MACEDO COSTA",0,0,4588,15.5240592532039,15.5240592565125,-3.85270942827541e-06,"1949","Not significant"
"291030","2910305","Elísio Medrado","BA",179.329,"29","291030 ELISIO MEDRADO",0,0,8066,15.5240592532039,15.5240592550859,-3.85270942845244e-06,"1950","Not significant"
"291040","2910404","Encruzilhada","BA",1890.133,"29","291040 ENCRUZILHADA",0,0,19535,15.5240592532039,15.524059253981,-3.85270942858954e-06,"1951","Low-Low"
"291050","2910503","Entre Rios","BA",1187.766,"29","291050 ENTRE RIOS",0,0,39902,15.5240592532039,15.5240592535843,-3.85270942863876e-06,"1952","Low-Low"
"291060","2910602","Esplanada","BA",1299.355,"29","291060 ESPLANADA",0,0,34146,15.5240592532039,15.5240592536484,-3.8527094286308e-06,"1953","Not significant"
"291070","2910701","Euclides da Cunha","BA",2025.368,"29","291070 EUCLIDES DA CUNHA",0.0981009615856256,0.0555555555555556,64547,15.5240592532039,15.5240592534391,0.024894500208873,"1954","Low-Low"
"291072","2910727","Eunápolis","BA",1425.97,"29","291072 EUNAPOLIS",0.295881156172776,0.333333333333334,120515,15.5240592532039,15.5240592533298,0.0750917766219995,"1955","Not significant"
"291075","2910750","Fátima","BA",364.419,"29","291075 FATIMA",0,0,18469,15.5240592532039,15.5240592540258,-3.85270942858398e-06,"1956","Low-Low"
"291077","2910776","Feira da Mata","BA",1176.111,"29","291077 FEIRA DA MATA",0,0,5825,15.5240592532039,15.5240592558099,-3.85270942836259e-06,"1957","Low-Low"
"291080","2910800","Feira de Santana","BA",1304.425,"29","291080 FEIRA DE SANTANA",0.420793477170445,2.55555555555556,657948,15.5240592532039,15.524059253227,0.106794942440361,"1958","Low-Low"
"291085","2910859","Filadélfia","BA",579.686,"29","291085 FILADELFIA",0,0,18573,15.5240592532039,15.5240592540212,-3.85270942858455e-06,"1959","Low-Low"
"291090","2910909","Firmino Alves","BA",172.353,"29","291090 FIRMINO ALVES",0,0,5006,15.5240592532039,15.5240592562362,-3.85270942830969e-06,"1960","Not significant"
"291100","2911006","Floresta Azul","BA",321.013,"29","291100 FLORESTA AZUL",0.502356049873909,0.0555555555555556,11442,15.5240592532039,15.5240592545306,0.12749579681284,"1961","Not significant"
"291110","2911105","Formosa do Rio Preto","BA",15634.328,"29","291110 FORMOSA DO RIO PRETO",0,0,27421,15.5240592532039,15.5240592537575,-3.85270942861727e-06,"1962","Low-Low"
"291120","2911204","Gandu","BA",229.661,"29","291120 GANDU",0.681575499350871,0.222222222222222,33938,15.5240592532039,15.5240592536512,0.172982293898092,"1963","Not significant"
"291125","2911253","Gavião","BA",384.592,"29","291125 GAVIAO",0,0,4493,15.5240592532039,15.5240592565825,-3.85270942826673e-06,"1964","Not significant"
"291130","2911303","Gentio do Ouro","BA",3817.946,"29","291130 GENTIO DO OURO",0,0,11263,15.5240592532039,15.5240592545517,-3.85270942851872e-06,"1965","Low-Low"
"291140","2911402","Glória","BA",1566.609,"29","291140 GLORIA",0,0,16072,15.5240592532039,15.5240592541484,-3.85270942856877e-06,"1966","Not significant"
"291150","2911501","Gongogi","BA",202.194,"29","291150 GONGOGI",0.844181059953739,0.0555555555555556,5567,15.5240592532039,15.5240592559307,0.214252130272366,"1967","Not significant"
"291160","2911600","Governador Mangabeira","BA",106.848,"29","291160 GOVERNADOR MANGABEIRA",0.261228925356447,0.0555555555555555,21314,15.5240592532039,15.5240592539161,0.0662969242734403,"1968","Not significant"
"291165","2911659","Guajeru","BA",872.867,"29","291165 GUAJERU",0,0,8225,15.5240592532039,15.5240592550495,-3.85270942845695e-06,"1969","Low-Low"
"291170","2911709","Guanambi","BA",1272.366,"29","291170 GUANAMBI",0.271756263082907,0.222222222222222,93065,15.5240592532039,15.524059253367,0.06896879788082,"1970","Low-Low"
"291180","2911808","Guaratinga","BA",2189.404,"29","291180 GUARATINGA",0,0,19490,15.5240592532039,15.5240592539827,-3.85270942858932e-06,"1971","Low-Low"
"291185","2911857","Heliópolis","BA",313.438,"29","291185 HELIOPOLIS",0,0,13074,15.5240592532039,15.524059254365,-3.85270942854189e-06,"1972","Low-Low"
"291190","2911907","Iaçu","BA",2342.497,"29","291190 IACU",0,0,25333,15.5240592532039,15.5240592538031,-3.85270942861161e-06,"1973","Low-Low"
"291200","2912004","Ibiassucê","BA",483.274,"29","291200 IBIASSUCE",0.615165048782589,0.0555555555555556,10754,15.5240592532039,15.5240592546154,0.156127098908655,"1974","Low-Low"
"291210","2912103","Ibicaraí","BA",230.953,"29","291210 IBICARAI",1.48587238556334,0.333333333333333,22200,15.5240592532039,15.5240592538877,0.37711553989193,"1975","Not significant"
"291220","2912202","Ibicoara","BA",817.355,"29","291220 IBICOARA",0,0,21690,15.5240592532039,15.5240592539037,-3.85270942859912e-06,"1976","Low-Low"
"291230","2912301","Ibicuí","BA",1139.378,"29","291230 IBICUI",0,0,14306,15.5240592532039,15.524059254265,-3.8527094285543e-06,"1977","Low-Low"
"291240","2912400","Ibipeba","BA",1382.008,"29","291240 IBIPEBA",0.299652403212274,0.0555555555555556,17128,15.5240592532039,15.5240592540902,0.076048931761271,"1978","Low-Low"
"291250","2912509","Ibipitanga","BA",954.373,"29","291250 IBIPITANGA",0,0,14316,15.5240592532039,15.5240592542642,-3.85270942855439e-06,"1979","Low-Low"
"291260","2912608","Ibiquera","BA",698.245,"29","291260 IBIQUERA",0,0,3837,15.5240592532039,15.5240592571601,-3.85270942819505e-06,"1980","Low-Low"
"291270","2912707","Ibirapitanga","BA",472.664,"29","291270 IBIRAPITANGA",0,0,26794,15.5240592532039,15.5240592537704,-3.85270942861567e-06,"1981","Not significant"
"291280","2912806","Ibirapuã","BA",771.098,"29","291280 IBIRAPUA",0.636010939388156,0.0555555555555554,9259,15.5240592532039,15.5240592548434,0.161417855825495,"1982","Not significant"
"291290","2912905","Ibirataia","BA",318.129,"29","291290 IBIRATAIA",0,0,19375,15.5240592532039,15.5240592539874,-3.85270942858874e-06,"1983","Not significant"
"291300","2913002","Ibitiara","BA",1834.002,"29","291300 IBITIARA",0,0,15062,15.5240592532039,15.5240592542117,-3.85270942856091e-06,"1984","Low-Low"
"291310","2913101","Ibititá","BA",573.033,"29","291310 IBITITA",0,0,17509,15.5240592532039,15.5240592540709,-3.85270942857838e-06,"1985","Low-Low"
"291320","2913200","Ibotirama","BA",1740.113,"29","291320 IBOTIRAMA",0.407207067329549,0.111111111111111,27670,15.5240592532039,15.5240592537525,0.103346666074691,"1986","Low-Low"
"291330","2913309","Ichu","BA",138.016,"29","291330 ICHU",0,0,6415,15.5240592532039,15.5240592555702,-3.85270942839233e-06,"1987","Not significant"
"291340","2913408","Igaporã","BA",836.586,"29","291340 IGAPORA",0,0,16047,15.5240592532039,15.5240592541499,-3.85270942856858e-06,"1988","Low-Low"
"291345","2913457","Igrapiúna","BA",591.312,"29","291345 IGRAPIUNA",0,0,13528,15.5240592532039,15.524059254326,-3.85270942854672e-06,"1989","Not significant"
"291350","2913507","Iguaí","BA",860.223,"29","291350 IGUAI",0.199933622037483,0.0555555555555555,21897,15.5240592532039,15.5240592538971,0.0507399708086027,"1990","Low-Low"
"291360","2913606","Ilhéus","BA",1588.555,"29","291360 ILHEUS",4.60982966988443,8.94444444444444,189028,15.5240592532039,15.5240592532842,1.16998637123381,"1991","Not significant"
"291370","2913705","Inhambupe","BA",1082.283,"29","291370 INHAMBUPE",0,0,35397,15.5240592532039,15.5240592536327,-3.85270942863275e-06,"1992","Low-Low"
"291380","2913804","Ipecaetá","BA",372.565,"29","291380 IPECAETA",0,0,14064,15.5240592532039,15.5240592542832,-3.85270942855203e-06,"1993","Not significant"
"291390","2913903","Ipiaú","BA",280.454,"29","291390 IPIAU",0.372133497422491,0.166666666666667,42507,15.5240592532039,15.524059253561,0.0944448764543876,"1994","Not significant"
"291400","2914000","Ipirá","BA",3105.281,"29","291400 IPIRA",0.271148435538099,0.166666666666667,59264,15.5240592532039,15.52405925346,0.0688145292120961,"1995","Low-Low"
"291410","2914109","Ipupiara","BA",1055.76,"29","291410 IPUPIARA",0,0,10318,15.5240592532039,15.5240592546751,-3.85270942850341e-06,"1996","Not significant"
"291420","2914208","Irajuba","BA",459.047,"29","291420 IRAJUBA",0,0,6255,15.5240592532039,15.5240592556307,-3.85270942838482e-06,"1997","Low-Low"
"291430","2914307","Iramaia","BA",1708.115,"29","291430 IRAMAIA",0.516699735449736,0.0555555555555556,11060,15.5240592532039,15.5240592545764,0.131136272296588,"1998","Low-Low"
"291440","2914406","Iraquara","BA",991.822,"29","291440 IRAQUARA",0,0,24759,15.5240592532039,15.524059253817,-3.85270942860989e-06,"1999","Low-Low"
"291450","2914505","Irará","BA",267.88,"29","291450 IRARA",0,0,29509,15.5240592532039,15.5240592537183,-3.85270942862213e-06,"2000","Low-Low"
"291460","2914604","Irecê","BA",319.174,"29","291460 IRECE",0.0745882356451211,0.0555555555555556,78425,15.5240592532039,15.5240592533974,0.0189268915425245,"2001","Low-Low"
"291465","2914653","Itabela","BA",924.914,"29","291465 ITABELA",0,0,29563,15.5240592532039,15.5240592537174,-3.85270942862225e-06,"2002","Not significant"
"291470","2914703","Itaberaba","BA",2386.39,"29","291470 ITABERABA",0.171876235360442,0.111111111111111,68244,15.5240592532039,15.5240592534263,0.0436189120128099,"2003","Not significant"
"291480","2914802","Itabuna","BA",401.028,"29","291480 ITABUNA",2.54508752322225,5.27777777777778,196676,15.5240592532039,15.5240592532811,0.645947892688767,"2004","Not significant"
"291490","2914901","Itacaré","BA",726.265,"29","291490 ITACARE",1.41333336682418,0.388888888888889,29337,15.5240592532039,15.5240592537213,0.358704893762596,"2005","Not significant"
"291500","2915007","Itaeté","BA",1331.822,"29","291500 ITAETE",0,0,13822,15.5240592532039,15.5240592543021,-3.85270942854969e-06,"2006","Low-Low"
"291510","2915106","Itagi","BA",310.621,"29","291510 ITAGI",1.24966696869476,0.166666666666667,14314,15.5240592532039,15.5240592542644,0.317165813246611,"2007","Not significant"
"291520","2915205","Itagibá","BA",810.993,"29","291520 ITAGIBA",0,0,15792,15.5240592532039,15.5240592541651,-3.85270942856669e-06,"2008","Not significant"
"291530","2915304","Itagimirim","BA",876.8,"29","291530 ITAGIMIRIM",0,0,6512,15.5240592532039,15.524059255535,-3.85270942839671e-06,"2009","Low-Low"
"291535","2915353","Itaguaçu da Bahia","BA",4310.238,"29","291535 ITAGUACU DA BAHIA",0.388201771752886,0.0555555555555555,12683,15.5240592532039,15.5240592544008,0.098523058343095,"2010","Low-Low"
"291540","2915403","Itaju do Colônia","BA",1225.287,"29","291540 ITAJU DO COLONIA",0.8314210648841,0.0555555555555556,6157,15.5240592532039,15.5240592556694,0.211013600749873,"2011","Not significant"
"291550","2915502","Itajuípe","BA",270.752,"29","291550 ITAJUIPE",3.25465436569945,0.666666666666667,19249,15.5240592532039,15.5240592539925,0.826038336001447,"2012","Not significant"
"291560","2915601","Itamaraju","BA",2360.584,"29","291560 ITAMARAJU",0.337777213552277,0.222222222222222,62065,15.5240592532039,15.5240592534485,0.0857251364344953,"2013","Not significant"
"291570","2915700","Itamari","BA",143.479,"29","291570 ITAMARI",0.691419484201067,0.0555555555555557,7219,15.5240592532039,15.5240592553067,0.175480730244091,"2014","Not significant"
"291580","2915809","Itambé","BA",1534.575,"29","291580 ITAMBE",0,0,25108,15.5240592532039,15.5240592538085,-3.85270942861094e-06,"2015","Low-Low"
"291590","2915908","Itanagra","BA",533.634,"29","291590 ITANAGRA",0,0,6087,15.5240592532039,15.5240592556977,-3.85270942837651e-06,"2016","Low-Low"
"291600","2916005","Itanhém","BA",1394.174,"29","291600 ITANHEM",0,0,18258,15.5240592532039,15.5240592540353,-3.8527094285828e-06,"2017","Not significant"
"291610","2916104","Itaparica","BA",121.373,"29","291610 ITAPARICA",1.55628716565949,0.333333333333333,20369,15.5240592532039,15.5240592539491,0.394987047133643,"2018","Not significant"
"291620","2916203","Itapé","BA",453.144,"29","291620 ITAPE",0.669344042838017,0.0555555555555554,10658,15.5240592532039,15.5240592546282,0.169877909225792,"2019","Not significant"
"291630","2916302","Itapebi","BA",1013.074,"29","291630 ITAPEBI",0,0,9501,15.5240592532039,15.5240592548016,-3.85270942848771e-06,"2020","Not significant"
"291640","2916401","Itapetinga","BA",1651.158,"29","291640 ITAPETINGA",0.161724369921855,0.111111111111111,68735,15.5240592532039,15.5240592534247,0.0410423345319835,"2021","Not significant"
"291650","2916500","Itapicuru","BA",1557.685,"29","291650 ITAPICURU",0.167064279652239,0.0555555555555555,33254,15.5240592532039,15.5240592536604,0.0423976215224318,"2022","Low-Low"
"291660","2916609","Itapitanga","BA",420.663,"29","291660 ITAPITANGA",0,0,10630,15.5240592532039,15.5240592546319,-3.85270942850876e-06,"2023","Not significant"
"291670","2916708","Itaquara","BA",344.093,"29","291670 ITAQUARA",0,0,8448,15.5240592532039,15.5240592550008,-3.852709428463e-06,"2024","Not significant"
"291680","2916807","Itarantim","BA",1674.029,"29","291680 ITARANTIM",0,0,17517,15.5240592532039,15.5240592540705,-3.85270942857843e-06,"2025","Low-Low"
"291685","2916856","Itatim","BA",547.51,"29","291685 ITATIM",0,0,16375,15.5240592532039,15.5240592541309,-3.85270942857093e-06,"2026","Not significant"
"291690","2916906","Itiruçu","BA",322.243,"29","291690 ITIRUCU",0,0,11261,15.5240592532039,15.5240592545519,-3.85270942851869e-06,"2027","Not significant"
"291700","2917003","Itiúba","BA",1650.593,"29","291700 ITIUBA",0,0,35491,15.5240592532039,15.5240592536316,-3.85270942863289e-06,"2028","Low-Low"
"291710","2917102","Itororó","BA",313.839,"29","291710 ITORORO",0.263221622076924,0.0555555555555556,16945,15.5240592532039,15.5240592540997,0.0668026773808934,"2029","Low-Low"
"291720","2917201","Ituaçu","BA",1199.374,"29","291720 ITUACU",0,0,18493,15.5240592532039,15.5240592540247,-3.85270942858411e-06,"2030","Low-Low"
"291730","2917300","Ituberá","BA",415.428,"29","291730 ITUBERA",0.195226325879592,0.0555555555555556,22299,15.5240592532039,15.5240592538846,0.0495452432633058,"2031","Low-Low"
"291733","2917334","Iuiu","BA",1525.142,"29","291733 IUIU",0,0,11532,15.5240592532039,15.5240592545202,-3.85270942852262e-06,"2032","Low-Low"
"291735","2917359","Jaborandi","BA",9955.113,"29","291735 JABORANDI",0,0,9592,15.5240592532039,15.5240592547864,-3.85270942848959e-06,"2033","Low-Low"
"291740","2917409","Jacaraci","BA",1332.42,"29","291740 JACARACI",0.379063561377972,0.0555555555555555,14901,15.5240592532039,15.5240592542226,0.0962037499161688,"2034","Low-Low"
"291750","2917508","Jacobina","BA",2192.905,"29","291750 JACOBINA",0.06899768443771,0.0555555555555553,86649,15.5240592532039,15.5240592533791,0.0175079909046583,"2035","Low-Low"
"291760","2917607","Jaguaquara","BA",924.512,"29","291760 JAGUAQUARA",0.207242259004054,0.111111111111111,47738,15.5240592532039,15.5240592535219,0.0525949273723696,"2036","Not significant"
"291770","2917706","Jaguarari","BA",2466.009,"29","291770 JAGUARARI",0,0,34440,15.5240592532039,15.5240592536447,-3.85270942863127e-06,"2037","Low-Low"
"291780","2917805","Jaguaripe","BA",863.424,"29","291780 JAGUARIPE",0.314601934172691,0.0555555555555555,18300,15.5240592532039,15.5240592540334,0.079843172835016,"2038","Not significant"
"291790","2917904","Jandaíra","BA",640.772,"29","291790 JANDAIRA",0,0,9535,15.5240592532039,15.5240592547959,-3.85270942848841e-06,"2039","Not significant"
"291800","2918001","Jequié","BA",2969.039,"29","291800 JEQUIE",1.05753808206235,1.66666666666667,168733,15.5240592532039,15.5240592532939,0.268402857747461,"2040","Low-Low"
"291810","2918100","Jeremoabo","BA",4267.488,"29","291810 JEREMOABO",0.174035322208996,0.0555555555555556,39501,15.5240592532039,15.5240592535882,0.0441668954927381,"2041","Low-Low"
"291820","2918209","Jiquiriçá","BA",238.66,"29","291820 JIQUIRICA",0,0,14066,15.5240592532039,15.5240592542831,-3.85270942855205e-06,"2042","Not significant"
"291830","2918308","Jitaúna","BA",262.05,"29","291830 JITAUNA",0.380152973556559,0.0555555555555556,14815,15.5240592532039,15.5240592542285,0.09648024637915,"2043","Not significant"
"291835","2918357","João Dourado","BA",913.258,"29","291835 JOAO DOURADO",0,0,25799,15.5240592532039,15.5240592537923,-3.85270942861295e-06,"2044","Low-Low"
"291840","2918407","Juazeiro","BA",6721.237,"29","291840 JUAZEIRO",0.076907754069138,0.166666666666667,254481,15.5240592532039,15.5240592532635,0.0195155930944415,"2045","Low-Low"
"291845","2918456","Jucuruçu","BA",1457.656,"29","291845 JUCURUCU",0,0,9944,15.5240592532039,15.5240592547304,-3.85270942849654e-06,"2046","Not significant"
"291850","2918506","Jussara","BA",1355.173,"29","291850 JUSSARA",0,0,16956,15.5240592532039,15.5240592540991,-3.85270942857488e-06,"2047","Not significant"
"291855","2918555","Jussari","BA",329.19,"29","291855 JUSSARI",1.83381929544663,0.111111111111111,6059,15.5240592532039,15.5240592557092,0.465425632028397,"2048","Not significant"
"291860","2918605","Jussiape","BA",589.763,"29","291860 JUSSIAPE",0,0,7585,15.5240592532039,15.5240592552052,-3.85270942843763e-06,"2049","Low-Low"
"291870","2918704","Lafaiete Coutinho","BA",498.11,"29","291870 LAFAIETE COUTINHO",0,0,4221,15.5240592532039,15.5240592568002,-3.85270942823971e-06,"2050","Not significant"
"291875","2918753","Lagoa Real","BA",912.222,"29","291875 LAGOA REAL",0,0,14546,15.5240592532039,15.5240592542475,-3.85270942855647e-06,"2051","Not significant"
"291880","2918803","Laje","BA",449.834,"29","291880 LAJE",0,0,21704,15.5240592532039,15.5240592539033,-3.85270942859918e-06,"2052","Not significant"
"291890","2918902","Lajedão","BA",624.353,"29","291890 LAJEDAO",1.399031869946,0.0555555555555557,3986,15.5240592532039,15.5240592570122,0.355075125873818,"2053","Not significant"
"291900","2919009","Lajedinho","BA",846.728,"29","291900 LAJEDINHO",0,0,3621,15.5240592532039,15.5240592573961,-3.85270942816576e-06,"2054","Low-Low"
"291905","2919058","Lajedo do Tabocal","BA",382.937,"29","291905 LAJEDO DO TABOCAL",0,0,7702,15.5240592532039,15.5240592551748,-3.8527094284414e-06,"2055","Low-Low"
"291910","2919108","Lamarão","BA",189.257,"29","291910 LAMARAO",0,0,9305,15.5240592532039,15.5240592548353,-3.85270942848353e-06,"2056","Low-Low"
"291915","2919157","Lapão","BA",642.882,"29","291915 LAPAO",0,0,26998,15.5240592532039,15.5240592537662,-3.8527094286162e-06,"2057","Low-Low"
"291920","2919207","Lauro de Freitas","BA",57.942,"29","291920 LAURO DE FREITAS",0.962257617709644,1.77777777777778,217960,15.5240592532039,15.5240592532735,0.244220356482189,"2058","Not significant"
"291930","2919306","Lençóis","BA",1283.328,"29","291930 LENCOIS",0,0,11170,15.5240592532039,15.5240592545629,-3.85270942851733e-06,"2059","Low-Low"
"291940","2919405","Licínio de Almeida","BA",856.626,"29","291940 LICINIO DE ALMEIDA",0,0,12208,15.5240592532039,15.5240592544473,-3.85270942853167e-06,"2060","Not significant"
"291950","2919504","Livramento de Nossa Senhora","BA",1952.51,"29","291950 LIVRAMENTO DE NOSSA SENHORA",0.485123236280282,0.222222222222222,46249,15.5240592532039,15.5240592535321,0.123122050956624,"2061","Low-Low"
"291955","2919553","Luís Eduardo Magalhães","BA",4036.094,"29","291955 LUIS EDUARDO MAGALHAES",0.129028237226234,0.111111111111111,116662,15.5240592532039,15.524059253334,0.0327439464453425,"2062","Not significant"
"291960","2919603","Macajuba","BA",701.171,"29","291960 MACAJUBA",0,0,10758,15.5240592532039,15.5240592546149,-3.85270942851087e-06,"2063","Low-Low"
"291970","2919702","Macarani","BA",1210.106,"29","291970 MACARANI",0,0,22596,15.5240592532039,15.5240592538757,-3.8527094286026e-06,"2064","Low-Low"
"291980","2919801","Macaúbas","BA",2459.102,"29","291980 MACAUBAS",0,0,43725,15.5240592532039,15.5240592535511,-3.85270942864289e-06,"2065","Low-Low"
"291990","2919900","Macururé","BA",2545.856,"29","291990 MACURURE",0,0,7455,15.5240592532039,15.5240592552401,-3.8527094284333e-06,"2066","Low-Low"
"291992","2919926","Madre de Deus","BA",32.201,"29","291992 MADRE DE DEUS",0.824435878837203,0.166666666666667,19173,15.5240592532039,15.5240592539956,0.209240737125852,"2067","Not significant"
"291995","2919959","Maetinga","BA",614.834,"29","291995 MAETINGA",0,0,7212,15.5240592532039,15.5240592553087,-3.85270942842478e-06,"2068","Low-Low"
"292000","2920007","Maiquinique","BA",588.297,"29","292000 MAIQUINIQUE",0,0,9011,15.5240592532039,15.5240592548885,-3.85270942847693e-06,"2069","Not significant"
"292010","2920106","Mairi","BA",906.68,"29","292010 MAIRI",0,0,18161,15.5240592532039,15.5240592540397,-3.85270942858225e-06,"2070","Low-Low"
"292020","2920205","Malhada","BA",1979.193,"29","292020 MALHADA",0,0,15834,15.5240592532039,15.5240592541626,-3.852709428567e-06,"2071","Low-Low"
"292030","2920304","Malhada de Pedras","BA",550.55,"29","292030 MALHADA DE PEDRAS",0,0,8972,15.5240592532039,15.5240592548958,-3.85270942847602e-06,"2072","Low-Low"
"292040","2920403","Manoel Vitorino","BA",2201.764,"29","292040 MANOEL VITORINO",0,0,14295,15.5240592532039,15.5240592542658,-3.8527094285542e-06,"2073","Not significant"
"292045","2920452","Mansidão","BA",3129.588,"29","292045 MANSIDAO",0.407209232247713,0.0555555555555555,14484,15.5240592532039,15.5240592542519,0.103347215536516,"2074","Low-Low"
"292050","2920502","Maracás","BA",2413.27,"29","292050 MARACAS",0.427983188190273,0.111111111111111,29197,15.5240592532039,15.5240592537238,0.10861971519783,"2075","Low-Low"
"292060","2920601","Maragogipe","BA",437.61,"29","292060 MARAGOGIPE",0.373878693826078,0.166666666666667,37225,15.5240592532039,15.5240592536117,0.0948878131519548,"2076","Not significant"
"292070","2920700","Maraú","BA",848.885,"29","292070 MARAU",0,0,25626,15.5240592532039,15.5240592537963,-3.85270942861246e-06,"2077","Not significant"
"292080","2920809","Marcionílio Souza","BA",1099.283,"29","292080 MARCIONILIO SOUZA",0,0,9507,15.5240592532039,15.5240592548006,-3.85270942848783e-06,"2078","Low-Low"
"292090","2920908","Mascote","BA",742.689,"29","292090 MASCOTE",0.398790866094003,0.0555555555555555,13941,15.5240592532039,15.5240592542928,0.101210605985394,"2079","Not significant"
"292100","2921005","Mata de São João","BA",605.168,"29","292100 MATA DE SAO JOAO",0.133781769825789,0.0555555555555556,44839,15.5240592532039,15.5240592535424,0.0339504089543478,"2080","Not significant"
"292105","2921054","Matina","BA",773.278,"29","292105 MATINA",0,0,10629,15.5240592532039,15.524059254632,-3.85270942850875e-06,"2081","Not significant"
"292110","2921104","Medeiros Neto","BA",1311.739,"29","292110 MEDEIROS NETO",0.822153077792173,0.166666666666666,22925,15.5240592532039,15.524059253866,0.208661354568778,"2082","Not significant"
"292120","2921203","Miguel Calmon","BA",1599.672,"29","292120 MIGUEL CALMON",0.411356153225357,0.111111111111111,25317,15.5240592532039,15.5240592538035,0.104399717984015,"2083","Low-Low"
"292130","2921302","Milagres","BA",420.358,"29","292130 MILAGRES",0,0,11434,15.5240592532039,15.5240592545315,-3.85270942852122e-06,"2084","Low-Low"
"292140","2921401","Mirangaba","BA",1751.778,"29","292140 MIRANGABA",0,0,16185,15.5240592532039,15.5240592541418,-3.85270942856958e-06,"2085","Low-Low"
"292145","2921450","Mirante","BA",1172.86,"29","292145 MIRANTE",0,0,10523,15.5240592532039,15.5240592546464,-3.85270942850696e-06,"2086","Low-Low"
"292150","2921500","Monte Santo","BA",3034.197,"29","292150 MONTE SANTO",0.101502851215091,0.0555555555555555,49823,15.5240592532039,15.5240592535086,0.0257579112010674,"2087","Low-Low"
"292160","2921609","Morpará","BA",2093.872,"29","292160 MORPARA",0,0,8232,15.5240592532039,15.5240592550479,-3.85270942845715e-06,"2088","Low-Low"
"292170","2921708","Morro do Chapéu","BA",5744.969,"29","292170 MORRO DO CHAPEU",0,0,35224,15.5240592532039,15.5240592536348,-3.85270942863249e-06,"2089","Low-Low"
"292180","2921807","Mortugaba","BA",528.214,"29","292180 MORTUGABA",0,0,11487,15.5240592532039,15.5240592545254,-3.85270942852199e-06,"2090","Not significant"
"292190","2921906","Mucugê","BA",2462.153,"29","292190 MUCUGE",0,0,12650,15.5240592532039,15.5240592544039,-3.85270942853706e-06,"2091","Low-Low"
"292200","2922003","Mucuri","BA",1787.626,"29","292200 MUCURI",0,0,40005,15.5240592532039,15.5240592535833,-3.85270942863888e-06,"2092","Not significant"
"292205","2922052","Mulungu do Morro","BA",646.621,"29","292205 MULUNGU DO MORRO",0,0,13625,15.5240592532039,15.524059254318,-3.85270942854772e-06,"2093","Low-Low"
"292210","2922102","Mundo Novo","BA",1491.99,"29","292210 MUNDO NOVO",0,0,17417,15.5240592532039,15.5240592540754,-3.85270942857782e-06,"2094","Low-Low"
"292220","2922201","Muniz Ferreira","BA",104.54,"29","292220 MUNIZ FERREIRA",1.54535620460516,0.111111111111111,7443,15.5240592532039,15.5240592552434,0.392212732557441,"2095","Not significant"
"292225","2922250","Muquém do São Francisco","BA",3852.111,"29","292225 MUQUEM DE SAO FRANCISCO",0,0,10796,15.5240592532039,15.52405925461,-3.85270942851149e-06,"2096","Low-Low"
"292230","2922300","Muritiba","BA",86.311,"29","292230 MURITIBA",0,0,30146,15.5240592532039,15.5240592537074,-3.85270942862348e-06,"2097","Not significant"
"292240","2922409","Mutuípe","BA",275.854,"29","292240 MUTUIPE",0,0,20612,15.5240592532039,15.5240592539404,-3.85270942859458e-06,"2098","Not significant"
"292250","2922508","Nazaré","BA",278.629,"29","292250 NAZARE",3.40747327766116,0.944444444444444,28403,15.5240592532039,15.5240592537383,0.864824288164811,"2099","Not significant"
"292260","2922607","Nilo Peçanha","BA",388.936,"29","292260 NILO PECANHA",0,0,12418,15.5240592532039,15.5240592544263,-3.85270942853428e-06,"2100","Not significant"
"292265","2922656","Nordestina","BA",465.407,"29","292265 NORDESTINA",0.417052440173827,0.0555555555555555,19500,15.5240592532039,15.5240592539823,0.105845454706806,"2101","Not significant"
"292270","2922706","Nova Canaã","BA",804.617,"29","292270 NOVA CANAA",0,0,14035,15.5240592532039,15.5240592542855,-3.85270942855176e-06,"2102","Low-Low"
"292273","2922730","Nova Fátima","BA",346.784,"29","292273 NOVA FATIMA",0,0,8264,15.5240592532039,15.5240592550408,-3.85270942845803e-06,"2103","Not significant"
"292275","2922755","Nova Ibiá","BA",203.198,"29","292275 NOVA IBIA",0,0,6701,15.5240592532039,15.5240592554692,-3.85270942840487e-06,"2104","Not significant"
"292280","2922805","Nova Itarana","BA",475.381,"29","292280 NOVA ITARANA",0,0,8059,15.5240592532039,15.5240592550875,-3.85270942845223e-06,"2105","Low-Low"
"292285","2922854","Nova Redenção","BA",565.356,"29","292285 NOVA REDENCAO",0,0,7708,15.5240592532039,15.5240592551733,-3.85270942844159e-06,"2106","Low-Low"
"292290","2922904","Nova Soure","BA",966.993,"29","292290 NOVA SOURE",0,0,24906,15.5240592532039,15.5240592538134,-3.85270942861034e-06,"2107","Low-Low"
"292300","2923001","Nova Viçosa","BA",1316.379,"29","292300 NOVA VICOSA",0.128079019631952,0.0555555555555556,41551,15.5240592532039,15.5240592535692,0.0325030318375658,"2108","Not significant"
"292303","2923035","Novo Horizonte","BA",627.5,"29","292303 NOVO HORIZONTE",0,0,11565,15.5240592532039,15.5240592545165,-3.85270942852309e-06,"2109","Low-Low"
"292305","2923050","Novo Triunfo","BA",278.487,"29","292305 NOVO TRIUNFO",0,0,11197,15.5240592532039,15.5240592545596,-3.85270942851774e-06,"2110","Low-Low"
"292310","2923100","Olindina","BA",637.317,"29","292310 OLINDINA",0,0,23085,15.5240592532039,15.5240592538615,-3.85270942860437e-06,"2111","Low-Low"
"292320","2923209","Oliveira dos Brejinhos","BA",3313.418,"29","292320 OLIVEIRA DOS BREJINHOS",0,0,21334,15.5240592532039,15.5240592539154,-3.85270942859767e-06,"2112","Low-Low"
"292330","2923308","Ouriçangas","BA",156.982,"29","292330 OURICANGAS",0,0,7939,15.5240592532039,15.524059255116,-3.8527094284487e-06,"2113","Low-Low"
"292335","2923357","Ourolândia","BA",1544.988,"29","292335 OUROLANDIA",0,0,20037,15.5240592532039,15.5240592539615,-3.85270942859196e-06,"2114","Low-Low"
"292340","2923407","Palmas de Monte Alto","BA",2560.027,"29","292340 PALMAS DE MONTE ALTO",0.255427841634738,0.0555555555555556,20677,15.5240592532039,15.524059253938,0.0648245897776371,"2115","Low-Low"
"292350","2923506","Palmeiras","BA",737.454,"29","292350 PALMEIRAS",0.535062655836998,0.0555555555555555,10819,15.5240592532039,15.524059254607,0.135796843049341,"2116","Low-Low"
"292360","2923605","Paramirim","BA",1087.06,"29","292360 PARAMIRIM",0,0,21009,15.5240592532039,15.5240592539264,-3.85270942859631e-06,"2117","Low-Low"
"292370","2923704","Paratinga","BA",2624.998,"29","292370 PARATINGA",0,0,30671,15.5240592532039,15.5240592536988,-3.85270942862455e-06,"2118","Low-Low"
"292380","2923803","Paripiranga","BA",442.186,"29","292380 PARIPIRANGA",0.405197319845686,0.111111111111111,27866,15.5240592532039,15.5240592537486,0.102836585425946,"2119","Not significant"
"292390","2923902","Pau Brasil","BA",626.306,"29","292390 PAU BRASIL",1.10983067087262,0.111111111111111,9584,15.5240592532039,15.5240592547878,0.281674892076603,"2120","Not significant"
"292400","2924009","Paulo Afonso","BA",1544.388,"29","292400 PAULO AFONSO",0.0524916197129128,0.0555555555555556,119128,15.5240592532039,15.5240592533313,0.0133186963435607,"2121","Low-Low"
"292405","2924058","Pé de Serra","BA",596.771,"29","292405 PE DE SERRA",0,0,13675,15.5240592532039,15.5240592543139,-3.85270942854822e-06,"2122","Not significant"
"292410","2924108","Pedrão","BA",158.488,"29","292410 PEDRAO",0,0,6415,15.5240592532039,15.5240592555702,-3.85270942839233e-06,"2123","Low-Low"
"292420","2924207","Pedro Alexandre","BA",889.572,"29","292420 PEDRO ALEXANDRE",0,0,14288,15.5240592532039,15.5240592542663,-3.85270942855413e-06,"2124","Low-Low"
"292430","2924306","Piatã","BA",1825.857,"29","292430 PIATA",0,0,20859,15.5240592532039,15.5240592539316,-3.85270942859566e-06,"2125","Not significant"
"292440","2924405","Pilão Arcado","BA",11597.923,"29","292440 PILAO ARCADO",0,0,37272,15.5240592532039,15.5240592536112,-3.85270942863543e-06,"2126","Low-Low"
"292450","2924504","Pindaí","BA",628.468,"29","292450 PINDAI",0.332508711728247,0.0555555555555555,15146,15.5240592532039,15.5240592542061,0.0843879730076832,"2127","Low-Low"
"292460","2924603","Pindobaçu","BA",495.845,"29","292460 PINDOBACU",0,0,19625,15.5240592532039,15.5240592539774,-3.85270942858998e-06,"2128","Low-Low"
"292465","2924652","Pintadas","BA",647.144,"29","292465 PINTADAS",0,0,10656,15.5240592532039,15.5240592546284,-3.8527094285092e-06,"2129","Not significant"
"292467","2924678","Piraí do Norte","BA",193.427,"29","292467 PIRAI DO NORTE",0,0,11429,15.5240592532039,15.5240592545321,-3.85270942852115e-06,"2130","Not significant"
"292470","2924702","Piripá","BA",511.756,"29","292470 PIRIPA",0,0,9255,15.5240592532039,15.5240592548441,-3.85270942848244e-06,"2131","Low-Low"
"292480","2924801","Piritiba","BA",980.328,"29","292480 PIRITIBA",0,0,17838,15.5240592532039,15.5240592540549,-3.85270942858037e-06,"2132","Low-Low"
"292490","2924900","Planaltino","BA",955.454,"29","292490 PLANALTINO",0,0,8254,15.5240592532039,15.524059255043,-3.85270942845776e-06,"2133","Low-Low"
"292500","2925006","Planalto","BA",769,"29","292500 PLANALTO",0,0,24036,15.5240592532039,15.5240592538354,-3.8527094286076e-06,"2134","Low-Low"
"292510","2925105","Poções","BA",937.855,"29","292510 POCOES",0,0,50642,15.5240592532039,15.5240592535036,-3.85270942864877e-06,"2135","Not significant"
"292520","2925204","Pojuca","BA",314.932,"29","292520 POJUCA",0.167948110751702,0.0555555555555556,33608,15.5240592532039,15.5240592536556,0.0426219408183838,"2136","Not significant"
"292525","2925253","Ponto Novo","BA",530.144,"29","292525 PONTO NOVO",0.372506071848971,0.0555555555555556,18670,15.5240592532039,15.524059254017,0.094539437091436,"2137","Low-Low"
"292530","2925303","Porto Seguro","BA",2285.734,"29","292530 PORTO SEGURO",2.07830241285367,2.83333333333333,181007,15.5240592532039,15.5240592532878,0.52747626685367,"2138","Not significant"
"292540","2925402","Potiraguá","BA",1111.567,"29","292540 POTIRAGUA",0,0,10636,15.5240592532039,15.5240592546311,-3.85270942850886e-06,"2139","Not significant"
"292550","2925501","Prado","BA",1692.1,"29","292550 PRADO",0,0,37241,15.5240592532039,15.5240592536115,-3.85270942863539e-06,"2140","Not significant"
"292560","2925600","Presidente Dutra","BA",232.064,"29","292560 PRESIDENTE DUTRA",0,0,15650,15.5240592532039,15.5240592541739,-3.8527094285656e-06,"2141","Not significant"
"292570","2925709","Presidente Jânio Quadros","BA",1208.549,"29","292570 PRESIDENTE JANIO QUADROS",0,0,12986,15.5240592532039,15.5240592543728,-3.85270942854091e-06,"2142","Low-Low"
"292575","2925758","Presidente Tancredo Neves","BA",441.82,"29","292575 PRESIDENTE TANCREDO NEVES",0,0,29343,15.5240592532039,15.5240592537212,-3.85270942862177e-06,"2143","Not significant"
"292580","2925808","Queimadas","BA",2011.06,"29","292580 QUEIMADAS",0.209446015289559,0.0555555555555555,27362,15.5240592532039,15.5240592537587,0.0531542481049662,"2144","Not significant"
"292590","2925907","Quijingue","BA",1380.798,"29","292590 QUIJINGUE",0,0,26457,15.5240592532039,15.5240592537776,-3.85270942861477e-06,"2145","Low-Low"
"292593","2925931","Quixabeira","BA",366.387,"29","292593 QUIXABEIRA",0,0,9815,15.5240592532039,15.5240592547505,-3.85270942849405e-06,"2146","Not significant"
"292595","2925956","Rafael Jambeiro","BA",1090.552,"29","292595 RAFAEL JAMBEIRO",0,0,20146,15.5240592532039,15.5240592539574,-3.85270942859247e-06,"2147","Low-Low"
"292600","2926004","Remanso","BA",4573.505,"29","292600 REMANSO",0,0,42746,15.5240592532039,15.524059253559,-3.8527094286419e-06,"2148","Low-Low"
"292610","2926103","Retirolândia","BA",242.329,"29","292610 RETIROLANDIA",0,0,14147,15.5240592532039,15.5240592542769,-3.85270942855282e-06,"2149","Not significant"
"292620","2926202","Riachão das Neves","BA",5977.931,"29","292620 RIACHAO DAS NEVES",0,0,22323,15.5240592532039,15.5240592538839,-3.85270942860158e-06,"2150","Low-Low"
"292630","2926301","Riachão do Jacuípe","BA",1155.418,"29","292630 RIACHAO DO JACUIPE",0.315859367467152,0.111111111111111,35118,15.5240592532039,15.5240592536361,0.0801623136215148,"2151","Low-Low"
"292640","2926400","Riacho de Santana","BA",3183.911,"29","292640 RIACHO DE SANTANA",0,0,32103,15.5240592532039,15.5240592536767,-3.85270942862729e-06,"2152","Low-Low"
"292650","2926509","Ribeira do Amparo","BA",644.229,"29","292650 RIBEIRA DO AMPARO",0,0,14525,15.5240592532039,15.524059254249,-3.85270942855628e-06,"2153","Low-Low"
"292660","2926608","Ribeira do Pombal","BA",1252.144,"29","292660 RIBEIRA DO POMBAL",0,0,56170,15.5240592532039,15.5240592534741,-3.85270942865243e-06,"2154","Low-Low"
"292665","2926657","Ribeirão do Largo","BA",1363.7,"29","292665 RIBEIRAO DO LARGO",0,0,10039,15.5240592532039,15.524059254716,-3.85270942849833e-06,"2155","Low-Low"
"292670","2926707","Rio de Contas","BA",1115.252,"29","292670 RIO DE CONTAS",0,0,13627,15.5240592532039,15.5240592543178,-3.85270942854774e-06,"2156","Low-Low"
"292680","2926806","Rio do Antônio","BA",777.903,"29","292680 RIO DO ANTONIO",0,0,13520,15.5240592532039,15.5240592543267,-3.85270942854664e-06,"2157","Low-Low"
"292690","2926905","Rio do Pires","BA",656.223,"29","292690 RIO DO PIRES",0,0,10801,15.5240592532039,15.5240592546093,-3.85270942851157e-06,"2158","Low-Low"
"292700","2927002","Rio Real","BA",739.775,"29","292700 RIO REAL",0.548569983916637,0.222222222222222,36997,15.5240592532039,15.5240592536142,0.139225048201445,"2159","Not significant"
"292710","2927101","Rodelas","BA",2207.159,"29","292710 RODELAS",0,0,10801,15.5240592532039,15.5240592546093,-3.85270942851157e-06,"2160","Low-Low"
"292720","2927200","Ruy Barbosa","BA",1991.772,"29","292720 RUY BARBOSA",0,0,29606,15.5240592532039,15.5240592537166,-3.85270942862234e-06,"2161","Low-Low"
"292730","2927309","Salinas da Margarida","BA",150.569,"29","292730 SALINAS DA MARGARIDA",0,0,15568,15.5240592532039,15.524059254179,-3.85270942856497e-06,"2162","Not significant"
"292740","2927408","Salvador","BA",693.442,"29","292740 SALVADOR",2.39746289826686,66.6111111111111,2568928,15.5240592532039,15.5240592532098,0.608480267988221,"2163","Not significant"
"292750","2927507","Santa Bárbara","BA",347.021,"29","292750 SANTA BARBARA",0.293602978308612,0.0555555555555556,21723,15.5240592532039,15.5240592539027,0.074513567441469,"2164","Low-Low"
"292760","2927606","Santa Brígida","BA",934.461,"29","292760 SANTA BRIGIDA",0,0,15421,15.5240592532039,15.5240592541883,-3.85270942856382e-06,"2165","Not significant"
"292770","2927705","Santa Cruz Cabrália","BA",1462.942,"29","292770 SANTA CRUZ CABRALIA",0.1999984000128,0.0555555555555556,30862,15.5240592532039,15.5240592536958,0.0507564116762248,"2166","Not significant"
"292780","2927804","Santa Cruz da Vitória","BA",284.083,"29","292780 SANTA CRUZ DA VITORIA",0,0,4721,15.5240592532039,15.5240592564193,-3.85270942828697e-06,"2167","Not significant"
"292790","2927903","Santa Inês","BA",379.27,"29","292790 SANTA INES",0,0,10628,15.5240592532039,15.5240592546322,-3.85270942850873e-06,"2168","Low-Low"
"292800","2928000","Santaluz","BA",1623.445,"29","292800 SANTALUZ",0.144593086136993,0.0555555555555556,39922,15.5240592532039,15.5240592535841,0.0366943572772912,"2169","Low-Low"
"292805","2928059","Santa Luzia","BA",824.473,"29","292805 SANTA LUZIA",0,0,14377,15.5240592532039,15.5240592542597,-3.85270942855495e-06,"2170","Not significant"
"292810","2928109","Santa Maria da Vitória","BA",1984.91,"29","292810 SANTA MARIA DA VITORIA",0.139674558279209,0.0555555555555556,40467,15.5240592532039,15.524059253579,0.0354460184184151,"2171","Low-Low"
"292820","2928208","Santana","BA",1909.353,"29","292820 SANTANA",0,0,25520,15.5240592532039,15.5240592537987,-3.85270942861216e-06,"2172","Low-Low"
"292830","2928307","Santanópolis","BA",222.686,"29","292830 SANTANOPOLIS",0,0,9023,15.5240592532039,15.5240592548862,-3.85270942847721e-06,"2173","Low-Low"
"292840","2928406","Santa Rita de Cássia","BA",6030.491,"29","292840 SANTA RITA DE CASSIA",0,0,28826,15.5240592532039,15.5240592537305,-3.85270942862062e-06,"2174","Low-Low"
"292850","2928505","Santa Terezinha","BA",719.257,"29","292850 SANTA TERESINHA",0.575824580799706,0.0555555555555556,10847,15.5240592532039,15.5240592546033,0.146142356252373,"2175","Low-Low"
"292860","2928604","Santo Amaro","BA",494.502,"29","292860 SANTO AMARO",1.59378399112905,0.944444444444444,58413,15.5240592532039,15.5240592534638,0.404503867146127,"2176","Not significant"
"292870","2928703","Santo Antônio de Jesus","BA",261.74,"29","292870 SANTO ANTONIO DE JESUS",0.278659955428688,0.277777777777777,109267,15.5240592532039,15.5240592533428,0.0707209781417687,"2177","Not significant"
"292880","2928802","Santo Estêvão","BA",360.334,"29","292880 SANTO ESTEVAO",0,0,54940,15.5240592532039,15.5240592534802,-3.85270942865168e-06,"2178","Not significant"
"292890","2928901","São Desidério","BA",15156.712,"29","292890 SAO DESIDERIO",0,0,34783,15.5240592532039,15.5240592536403,-3.85270942863181e-06,"2179","Low-Low"
"292895","2928950","São Domingos","BA",289.963,"29","292895 SAO DOMINGOS",0,0,8693,15.5240592532039,15.5240592549501,-3.85270942846928e-06,"2180","Low-Low"
"292900","2929008","São Félix","BA",103.226,"29","292900 SAO FELIX",1.88107320472572,0.277777777777778,11198,15.5240592532039,15.5240592545595,0.477418832631449,"2181","High-Low"
"292905","2929057","São Félix do Coribe","BA",1751.671,"29","292905 SAO FELIX DO CORIBE",0,0,15740,15.5240592532039,15.5240592541683,-3.85270942856629e-06,"2182","Low-Low"
"292910","2929107","São Felipe","BA",222.407,"29","292910 SAO FELIPE",0,0,20918,15.5240592532039,15.5240592539296,-3.85270942859592e-06,"2183","Not significant"
"292920","2929206","São Francisco do Conde","BA",269.715,"29","292920 SAO FRANCISCO DO CONDE",0.948550064486863,0.333333333333333,40932,15.5240592532039,15.5240592535747,0.240741333519501,"2184","Not significant"
"292925","2929255","São Gabriel","BA",1146.054,"29","292925 SAO GABRIEL",0,0,19210,15.5240592532039,15.5240592539941,-3.85270942858791e-06,"2185","Low-Low"
"292930","2929305","São Gonçalo dos Campos","BA",294.768,"29","292930 SAO GONCALO DOS CAMPOS",0.180809593033768,0.0555555555555555,41909,15.5240592532039,15.5240592535661,0.0458862281377551,"2186","Not significant"
"292935","2929354","São José da Vitória","BA",127.925,"29","292935 SAO JOSE DA VITORIA",0.89576839012505,0.0555555555555556,5451,15.5240592532039,15.5240592559887,0.227345167606688,"2187","Not significant"
"292937","2929370","São José do Jacuípe","BA",362.365,"29","292937 SAO JOSE DO JACUIPE",0,0,10556,15.5240592532039,15.5240592546419,-3.85270942850752e-06,"2188","Not significant"
"292940","2929404","São Miguel das Matas","BA",230.906,"29","292940 SAO MIGUEL DAS MATAS",0,0,10634,15.5240592532039,15.5240592546314,-3.85270942850883e-06,"2189","Low-Low"
"292950","2929503","São Sebastião do Passé","BA",536.678,"29","292950 SAO SEBASTIAO DO PASSE",0.775638939468976,0.333333333333333,42936,15.5240592532039,15.5240592535574,0.196855910333219,"2190","Not significant"
"292960","2929602","Sapeaçu","BA",131.218,"29","292960 SAPEACU",0.934319638206123,0.166666666666667,18609,15.5240592532039,15.5240592540196,0.237129603620827,"2191","Low-Low"
"292970","2929701","Sátiro Dias","BA",949.223,"29","292970 SATIRO DIAS",0,0,16485,15.5240592532039,15.5240592541247,-3.8527094285717e-06,"2192","Low-Low"
"292975","2929750","Saubara","BA",166.428,"29","292975 SAUBARA",0,0,11842,15.5240592532039,15.5240592544858,-3.8527094285269e-06,"2193","Not significant"
"292980","2929800","Saúde","BA",509.098,"29","292980 SAUDE",0,0,10715,15.5240592532039,15.5240592546206,-3.85270942851017e-06,"2194","Low-Low"
"292990","2929909","Seabra","BA",2402.17,"29","292990 SEABRA",0.112036532872639,0.0555555555555554,48530,15.5240592532039,15.5240592535167,0.028431394918232,"2195","Low-Low"
"293000","2930006","Sebastião Laranjeiras","BA",1984.511,"29","293000 SEBASTIAO LARANJEIRAS",0,0,9610,15.5240592532039,15.5240592547835,-3.85270942848996e-06,"2196","Low-Low"
"293010","2930105","Senhor do Bonfim","BA",789.361,"29","293010 SENHOR DO BONFIM",0,0,77976,15.5240592532039,15.5240592533986,-3.85270942866181e-06,"2197","Low-Low"
"293015","2930154","Serra do Ramalho","BA",2340.684,"29","293015 SERRA DO RAMALHO",0,0,36119,15.5240592532039,15.5240592536242,-3.85270942863381e-06,"2198","Low-Low"
"293020","2930204","Sento Sé","BA",11980.172,"29","293020 SENTO SE",0.145608731864432,0.0555555555555555,40147,15.5240592532039,15.524059253582,0.0369521315677073,"2199","Low-Low"
"293030","2930303","Serra Dourada","BA",1592.245,"29","293030 SERRA DOURADA",0,0,17580,15.5240592532039,15.5240592540674,-3.85270942857882e-06,"2200","Low-Low"
"293040","2930402","Serra Preta","BA",595.297,"29","293040 SERRA PRETA",0.347852705250489,0.0555555555555556,18685,15.5240592532039,15.5240592540163,0.0882823300023693,"2201","Low-Low"
"293050","2930501","Serrinha","BA",583.314,"29","293050 SERRINHA",0.0676212076336228,0.0555555555555555,84428,15.5240592532039,15.5240592533837,0.0171586364773582,"2202","Low-Low"
"293060","2930600","Serrolândia","BA",322.022,"29","293060 SERROLANDIA",0.868173638029264,0.111111111111111,13831,15.5240592532039,15.5240592543014,0.220341527030309,"2203","Low-Low"
"293070","2930709","Simões Filho","BA",201.528,"29","293070 SIMOES FILHO",2.46545994011565,3,120394,15.5240592532039,15.52405925333,0.625738145156418,"2204","Not significant"
"293075","2930758","Sítio do Mato","BA",1627.806,"29","293075 SITIO DO MATO",0,0,13935,15.5240592532039,15.5240592542932,-3.85270942855079e-06,"2205","Low-Low"
"293076","2930766","Sítio do Quinto","BA",684.089,"29","293076 SITIO DO QUINTO",0,0,14359,15.5240592532039,15.5240592542611,-3.85270942855478e-06,"2206","Low-Low"
"293077","2930774","Sobradinho","BA",1355.972,"29","293077 SOBRADINHO",0,0,26959,15.5240592532039,15.524059253767,-3.85270942861609e-06,"2207","Low-Low"
"293080","2930808","Souto Soares","BA",1026.634,"29","293080 SOUTO SOARES",0,0,17674,15.5240592532039,15.5240592540628,-3.85270942857939e-06,"2208","Low-Low"
"293090","2930907","Tabocas do Brejo Velho","BA",1437.189,"29","293090 TABOCAS DO BREJO VELHO",0,0,12368,15.5240592532039,15.5240592544312,-3.85270942853367e-06,"2209","Low-Low"
"293100","2931004","Tanhaçu","BA",1277.514,"29","293100 TANHACU",0,0,21741,15.5240592532039,15.5240592539021,-3.85270942859933e-06,"2210","Low-Low"
"293105","2931053","Tanque Novo","BA",729.516,"29","293105 TANQUE NOVO",0,0,17770,15.5240592532039,15.5240592540581,-3.85270942857996e-06,"2211","Low-Low"
"293110","2931103","Tanquinho","BA",243.839,"29","293110 TANQUINHO",0,0,7983,15.5240592532039,15.5240592551054,-3.85270942845001e-06,"2212","Not significant"
"293120","2931202","Taperoá","BA",454.081,"29","293120 TAPEROA",0.529615546500957,0.111111111111111,18571,15.5240592532039,15.5240592540213,0.134414348441873,"2213","Not significant"
"293130","2931301","Tapiramutá","BA",714.691,"29","293130 TAPIRAMUTA",0,0,16253,15.5240592532039,15.5240592541379,-3.85270942857007e-06,"2214","Low-Low"
"293135","2931350","Teixeira de Freitas","BA",1165.622,"29","293135 TEIXEIRA DE FREITAS",0.0745177190169341,0.111111111111111,153332,15.5240592532039,15.5240592533029,0.0189089941859524,"2215","Not significant"
"293140","2931400","Teodoro Sampaio","BA",244.613,"29","293140 TEODORO SAMPAIO",0,0,7301,15.5240592532039,15.524059255283,-3.85270942842797e-06,"2216","Low-Low"
"293150","2931509","Teofilândia","BA",351.892,"29","293150 TEOFILANDIA",0.237640326612865,0.0555555555555556,21827,15.5240592532039,15.5240592538994,0.0603100588354185,"2217","Low-Low"
"293160","2931608","Teolândia","BA",289.782,"29","293160 TEOLANDIA",0.763476050384428,0.111111111111111,15919,15.5240592532039,15.5240592541575,0.193768928305677,"2218","Not significant"
"293170","2931707","Terra Nova","BA",193.241,"29","293170 TERRA NOVA",0.410397839665772,0.0555555555555556,11035,15.5240592532039,15.5240592545795,0.104156494787399,"2219","Not significant"
"293180","2931806","Tremedal","BA",2010.316,"29","293180 TREMEDAL",0,0,16691,15.5240592532039,15.5240592541134,-3.85270942857311e-06,"2220","Low-Low"
"293190","2931905","Tucano","BA",2198.237,"29","293190 TUCANO",0.106060509641961,0.0555555555555556,50959,15.5240592532039,15.5240592535018,0.0269146601886354,"2221","Low-Low"
"293200","2932002","Uauá","BA",3060.116,"29","293200 UAUA",0,0,25441,15.5240592532039,15.5240592538006,-3.85270942861193e-06,"2222","Low-Low"
"293210","2932101","Ubaíra","BA",659.08,"29","293210 UBAIRA",0.55231860334583,0.111111111111111,19162,15.5240592532039,15.5240592539961,0.140176460377495,"2223","Low-Low"
"293220","2932200","Ubaitaba","BA",181.102,"29","293220 UBAITABA",1.72165109207706,0.333333333333333,17967,15.5240592532039,15.5240592540488,0.436956966012589,"2224","Not significant"
"293230","2932309","Ubatã","BA",177.643,"29","293230 UBATA",0.632439064496133,0.166666666666666,16097,15.5240592532039,15.5240592541469,0.160511302007399,"2225","Not significant"
"293240","2932408","Uibaí","BA",545.298,"29","293240 UIBAI",0.784086173310377,0.111111111111111,13880,15.5240592532039,15.5240592542975,0.198999846595423,"2226","Not significant"
"293245","2932457","Umburanas","BA",1775.633,"29","293245 UMBURANAS",0,0,13888,15.5240592532039,15.5240592542969,-3.85270942855033e-06,"2227","Low-Low"
"293250","2932507","Una","BA",1126.733,"29","293250 UNA",2.89657799298736,0.666666666666667,18403,15.5240592532039,15.5240592540288,0.735157352213794,"2228","Not significant"
"293260","2932606","Urandi","BA",902.402,"29","293260 URANDI",0,0,15794,15.5240592532039,15.524059254165,-3.8527094285667e-06,"2229","Not significant"
"293270","2932705","Uruçuca","BA",510.098,"29","293270 URUCUCA",1.49398342841325,0.277777777777778,22130,15.5240592532039,15.5240592538898,0.379174149758161,"2230","Not significant"
"293280","2932804","Utinga","BA",633.76,"29","293280 UTINGA",0,0,16691,15.5240592532039,15.5240592541134,-3.85270942857311e-06,"2231","Low-Low"
"293290","2932903","Valença","BA",1123.975,"29","293290 VALENCA",1.66211763482954,1.55555555555556,90028,15.5240592532039,15.5240592533725,0.42184717499621,"2232","Not significant"
"293300","2933000","Valente","BA",394.877,"29","293300 VALENTE",0,0,25126,15.5240592532039,15.524059253808,-3.852709428611e-06,"2233","Low-Low"
"293305","2933059","Várzea da Roça","BA",468.407,"29","293305 VARZEA DA ROCA",0,0,14279,15.5240592532039,15.524059254267,-3.85270942855405e-06,"2234","Not significant"
"293310","2933109","Várzea do Poço","BA",206.478,"29","293310 VARZEA DO POCO",0,0,8344,15.5240592532039,15.5240592550232,-3.85270942846022e-06,"2235","Not significant"
"293315","2933158","Várzea Nova","BA",1225.892,"29","293315 VARZEA NOVA",0,0,13847,15.5240592532039,15.5240592543002,-3.85270942854993e-06,"2236","Low-Low"
"293317","2933174","Varzedo","BA",221.399,"29","293317 VARZEDO",0,0,10296,15.5240592532039,15.5240592546782,-3.85270942850302e-06,"2237","Low-Low"
"293320","2933208","Vera Cruz","BA",297.537,"29","293320 VERA CRUZ",0.531347223951672,0.222222222222222,44978,15.5240592532039,15.5240592535414,0.134853853986114,"2238","Not significant"
"293325","2933257","Vereda","BA",782.159,"29","293325 VEREDA",0,0,6171,15.5240592532039,15.5240592556638,-3.85270942838072e-06,"2239","Low-Low"
"293330","2933307","Vitória da Conquista","BA",3254.186,"29","293330 VITORIA DA CONQUISTA",0.162298022871052,0.555555555555556,394024,15.5240592532039,15.5240592532424,0.0411879295738119,"2240","Low-Low"
"293340","2933406","Wagner","BA",522.37,"29","293340 WAGNER",0,0,9847,15.5240592532039,15.5240592547455,-3.85270942849467e-06,"2241","Low-Low"
"293345","2933455","Wanderley","BA",2920.579,"29","293345 WANDERLEY",0,0,13436,15.5240592532039,15.5240592543337,-3.85270942854577e-06,"2242","Not significant"
"293350","2933505","Wenceslau Guimarães","BA",655.057,"29","293350 WENCESLAU GUIMARAES",1.18632488313344,0.277777777777778,25430,15.5240592532039,15.5240592538008,0.301089379591805,"2243","Low-Low"
"293360","2933604","Xique-Xique","BA",5079.662,"29","293360 XIQUE-XIQUE",0.241702483322941,0.111111111111111,46979,15.5240592532039,15.524059253527,0.0613410478268903,"2244","Low-Low"
"310010","3100104","Abadia dos Dourados","MG",880.461,"31","310010 ABADIA DOS DOURADOS",1.57818163895354,0.111111111111111,6365,15.5240592532039,15.5240592555888,0.400543937832168,"2245","Not significant"
"310020","3100203","Abaeté","MG",1817.067,"31","310020 ABAETE",1.65728950836397,0.388888888888889,23161,15.5240592532039,15.5240592538593,0.420621780307123,"2246","Not significant"
"310030","3100302","Abre Campo","MG",470.551,"31","310030 ABRE CAMPO",0.421514078570224,0.0555555555555556,14312,15.5240592532039,15.5240592542645,0.106977833487753,"2247","Not significant"
"310040","3100401","Acaiaca","MG",101.886,"31","310040 ACAIACA",2.80820891200747,0.111111111111111,3997,15.5240592532039,15.5240592570017,0.712728983149992,"2248","Not significant"
"310050","3100500","Açucena","MG",815.422,"31","310050 ACUCENA",0,0,8995,15.5240592532039,15.5240592548915,-3.85270942847656e-06,"2249","Not significant"
"310060","3100609","Água Boa","MG",1320.344,"31","310060 AGUA BOA",0,0,12545,15.5240592532039,15.5240592544139,-3.85270942853581e-06,"2250","Low-Low"
"310070","3100708","Água Comprida","MG",492.167,"31","310070 AGUA COMPRIDA",0,0,2165,15.5240592532039,15.5240592602154,-3.85270942781592e-06,"2251","Not significant"
"310080","3100807","Aguanil","MG",232.091,"31","310080 AGUANIL",3.73263375241121,0.166666666666667,4490,15.5240592532039,15.5240592565847,0.9473511066175,"2252","Not significant"
"310090","3100906","Águas Formosas","MG",820.079,"31","310090 AGUAS FORMOSAS",0,0,18841,15.5240592532039,15.5240592540096,-3.85270942858599e-06,"2253","Not significant"
"310100","3101003","Águas Vermelhas","MG",1256.607,"31","310100 AGUAS VERMELHAS",0.412224942906846,0.0555555555555556,14486,15.5240592532039,15.5240592542518,0.104620219716143,"2254","Low-Low"
"310110","3101102","Aimorés","MG",1348.913,"31","310110 AIMORES",0.865675296632756,0.222222222222222,26165,15.5240592532039,15.5240592537841,0.219707439612262,"2255","Low-High"
"310120","3101201","Aiuruoca","MG",649.68,"31","310120 AIURUOCA",0,0,6382,15.5240592532039,15.5240592555824,-3.85270942839082e-06,"2256","Not significant"
"310130","3101300","Alagoa","MG",161.356,"31","310130 ALAGOA",1.97285353535353,0.0555555555555555,2816,15.5240592532039,15.5240592585945,0.500712988157834,"2257","Not significant"
"310140","3101409","Albertina","MG",58.01,"31","310140 ALBERTINA",0,0,3023,15.5240592532039,15.5240592582254,-3.85270942806286e-06,"2258","Not significant"
"310150","3101508","Além Paraíba","MG",510.25,"31","310150 ALEM PARAIBA",2.09156179507746,0.722222222222222,31333,15.5240592532039,15.5240592536884,0.530841542505206,"2259","Not significant"
"310160","3101607","Alfenas","MG",850.446,"31","310160 ALFENAS",0.28380191873567,0.222222222222222,81950,15.5240592532039,15.5240592533891,0.0720260256665916,"2260","Low-Low"
"310163","3101631","Alfredo Vasconcelos","MG",130.815,"31","310163 ALFREDO VASCONCELOS",0,0,7184,15.5240592532039,15.5240592553169,-3.85270942842376e-06,"2261","Not significant"
"310170","3101706","Almenara","MG",2294.426,"31","310170 ALMENARA",0.132927108091007,0.0555555555555556,41894,15.5240592532039,15.5240592535662,0.0337334929409174,"2262","Low-Low"
"310180","3101805","Alpercata","MG",166.972,"31","310180 ALPERCATA",1.5181921792677,0.111111111111111,7029,15.5240592532039,15.5240592553635,0.385318411862629,"2263","Not significant"
"310190","3101904","Alpinópolis","MG",460.685,"31","310190 ALPINOPOLIS",0.862079077616003,0.166666666666667,18672,15.5240592532039,15.5240592540169,0.218794707168427,"2264","Not significant"
"310200","3102001","Alterosa","MG",362.01,"31","310200 ALTEROSA",0,0,14253,15.5240592532039,15.5240592542689,-3.85270942855381e-06,"2265","Not significant"
"310205","3102050","Alto Caparaó","MG",103.69,"31","310205 ALTO CAPARAO",0.982414775518222,0.0555555555555555,5982,15.5240592532039,15.5240592557415,0.249336310687879,"2266","Not significant"
"310210","3102100","Alto Rio Doce","MG",518.053,"31","310210 ALTO RIO DOCE",0.969987565720995,0.111111111111111,10994,15.5240592532039,15.5240592545846,0.246182243190505,"2267","Not significant"
"310220","3102209","Alvarenga","MG",278.175,"31","310220 ALVARENGA",1.44000921605898,0.0555555555555556,4012,15.5240592532039,15.5240592569875,0.365475313686422,"2268","Not significant"
"310230","3102308","Alvinópolis","MG",599.443,"31","310230 ALVINOPOLIS",0,0,15360,15.5240592532039,15.5240592541922,-3.85270942856333e-06,"2269","Not significant"
"310240","3102407","Alvorada de Minas","MG",374.008,"31","310240 ALVORADA DE MINAS",1.36668033347,0.0555555555555555,4322,15.5240592532039,15.5240592567161,0.346864197467082,"2270","Not significant"
"310250","3102506","Amparo do Serra","MG",136.186,"31","310250 AMPARO DO SERRA",0,0,4595,15.5240592532039,15.5240592565075,-3.85270942827603e-06,"2271","Not significant"
"310260","3102605","Andradas","MG",469.396,"31","310260 ANDRADAS",2.23229730488679,0.888888888888889,42282,15.5240592532039,15.5240592535629,0.566560686690225,"2272","Not significant"
"310270","3102704","Cachoeira de Pajeú","MG",695.672,"31","310270 CACHOEIRA DE PAJEU",0,0,9333,15.5240592532039,15.5240592548304,-3.85270942848414e-06,"2273","Not significant"
"310280","3102803","Andrelândia","MG",1005.285,"31","310280 ANDRELANDIA",2.27583867388867,0.277777777777778,12169,15.5240592532039,15.5240592544513,0.577611632091846,"2274","Not significant"
"310285","3102852","Angelândia","MG",185.211,"31","310285 ANGELANDIA",0,0,7860,15.5240592532039,15.5240592551352,-3.85270942844632e-06,"2275","Not significant"
"310290","3102902","Antônio Carlos","MG",529.915,"31","310290 ANTONIO CARLOS",0,0,11345,15.5240592532039,15.5240592545419,-3.85270942851993e-06,"2276","Low-Low"
"310300","3103009","Antônio Dias","MG",787.061,"31","310300 ANTONIO DIAS",0,0,9388,15.5240592532039,15.5240592548208,-3.85270942848532e-06,"2277","Not significant"
"310310","3103108","Antônio Prado de Minas","MG",83.802,"31","310310 ANTONIO PRADO DE MINAS",13.5549787250889,0.222222222222222,1558,15.5240592532039,15.5240592629471,3.44029518757474,"2278","High-High"
"310320","3103207","Araçaí","MG",187.538,"31","310320 ARACAI",0,0,2224,15.5240592532039,15.5240592600294,-3.852709427839e-06,"2279","Not significant"
"310330","3103306","Aracitaba","MG",106.608,"31","310330 ARACITABA",2.63047138047138,0.0555555555555556,2095,15.5240592532039,15.5240592604497,0.667618601740364,"2280","Not significant"
"310340","3103405","Araçuaí","MG",2236.279,"31","310340 ARACUAI",0,0,35250,15.5240592532039,15.5240592536345,-3.85270942863253e-06,"2281","Low-Low"
"310350","3103504","Araguari","MG",2729.777,"31","310350 ARAGUARI",0.0935360940921737,0.111111111111111,122874,15.5240592532039,15.5240592533274,0.023735921536128,"2282","Not significant"
"310360","3103603","Arantina","MG",89.42,"31","310360 ARANTINA",3.81170192490947,0.111111111111111,2991,15.5240592532039,15.5240592582791,0.967418873806205,"2283","Not significant"
"310370","3103702","Araponga","MG",303.793,"31","310370 ARAPONGA",1.32149776707342,0.111111111111111,8218,15.5240592532039,15.524059255051,0.335396710667459,"2284","Not significant"
"310375","3103751","Araporã","MG",294.354,"31","310375 ARAPORA",0,0,8935,15.5240592532039,15.5240592549028,-3.85270942847515e-06,"2285","Not significant"
"310380","3103801","Arapuá","MG",173.894,"31","310380 ARAPUA",1.93573364305072,0.0555555555555556,2674,15.5240592532039,15.5240592588807,0.491291835049879,"2286","Not significant"
"310390","3103900","Araújos","MG",245.522,"31","310390 ARAUJOS",0.693490894464556,0.0555555555555556,9556,15.5240592532039,15.5240592547924,0.176006461115921,"2287","Not significant"
"310400","3104007","Araxá","MG",1164.062,"31","310400 ARAXA",0.508535039547464,0.555555555555556,117677,15.5240592532039,15.5240592533329,0.129064045110992,"2288","Not significant"
"310410","3104106","Arceburgo","MG",162.875,"31","310410 ARCEBURGO",1.64109968772467,0.166666666666667,9348,15.5240592532039,15.5240592548278,0.416512749542134,"2289","Not significant"
"310420","3104205","Arcos","MG",509.873,"31","310420 ARCOS",0,0,43348,15.5240592532039,15.5240592535541,-3.85270942864251e-06,"2290","Not significant"
"310430","3104304","Areado","MG",283.124,"31","310430 AREADO",0,0,14212,15.5240592532039,15.524059254272,-3.85270942855343e-06,"2291","Not significant"
"310440","3104403","Argirita","MG",159.378,"31","310440 ARGIRITA",0,0,2725,15.5240592532039,15.5240592587745,-3.85270942799472e-06,"2292","Not significant"
"310445","3104452","Aricanduva","MG",243.329,"31","310445 ARICANDUVA",0,0,4820,15.5240592532039,15.5240592563532,-3.85270942829517e-06,"2293","Not significant"
"310450","3104502","Arinos","MG",5279.419,"31","310450 ARINOS",0.304898499289587,0.0555555555555556,17598,15.5240592532039,15.5240592540665,0.0773804085324268,"2294","Not significant"
"310460","3104601","Astolfo Dutra","MG",158.891,"31","310460 ASTOLFO DUTRA",1.60268365504812,0.222222222222222,14565,15.5240592532039,15.5240592542461,0.406762631673243,"2295","Not significant"
"310470","3104700","Ataléia","MG",1836.925,"31","310470 ATALEIA",0.425256855140505,0.0555555555555556,13967,15.5240592532039,15.5240592542907,0.107927762728237,"2296","Not significant"
"310480","3104809","Augusto de Lima","MG",1254.832,"31","310480 AUGUSTO DE LIMA",0,0,4593,15.5240592532039,15.5240592565089,-3.85270942827585e-06,"2297","Low-Low"
"310490","3104908","Baependi","MG",750.554,"31","310490 BAEPENDI",1.46333760005784,0.277777777777778,18768,15.5240592532039,15.5240592540127,0.371396135784936,"2298","Not significant"
"310500","3105004","Baldim","MG",556.266,"31","310500 BALDIM",0,0,7614,15.5240592532039,15.5240592551976,-3.85270942843857e-06,"2299","Low-Low"
"310510","3105103","Bambuí","MG",1455.819,"31","310510 BAMBUI",0.694966451120042,0.166666666666667,24144,15.5240592532039,15.5240592538326,0.176380962347089,"2300","Not significant"
"310520","3105202","Bandeira","MG",483.789,"31","310520 BANDEIRA",0,0,4821,15.5240592532039,15.5240592563526,-3.85270942829525e-06,"2301","Low-Low"
"310530","3105301","Bandeira do Sul","MG",47.266,"31","310530 BANDEIRA DO SUL",0,0,6146,15.5240592532039,15.5240592556738,-3.85270942837948e-06,"2302","Not significant"
"310540","3105400","Barão de Cocais","MG",340.14,"31","310540 BARAO DE COCAIS",0.169036559227029,0.0555555555555555,32095,15.5240592532039,15.5240592536769,0.0428981926902409,"2303","Not significant"
"310550","3105509","Barão de Monte Alto","MG",198.313,"31","310550 BARAO DE MONTE ALTO",2.10367303731927,0.111111111111111,4991,15.5240592532039,15.5240592562453,0.533915416343193,"2304","Not significant"
"310560","3105608","Barbacena","MG",759.186,"31","310560 BARBACENA",0.379568007047336,0.5,129630,15.5240592532039,15.524059253321,0.0963317799209216,"2305","Low-Low"
"310570","3105707","Barra Longa","MG",383.628,"31","310570 BARRA LONGA",4.19096780330968,0.222222222222222,5740,15.5240592532039,15.5240592558485,1.06367782524097,"2306","Not significant"
"310590","3105905","Barroso","MG",82.07,"31","310590 BARROSO",0.280555275000281,0.0555555555555556,20566,15.5240592532039,15.524059253942,0.0712020166014238,"2307","Not significant"
"310600","3106002","Bela Vista de Minas","MG",109.143,"31","310600 BELA VISTA DE MINAS",1.08311277520987,0.111111111111111,10412,15.5240592532039,15.5240592546618,0.274893800591309,"2308","Not significant"
"310610","3106101","Belmiro Braga","MG",393.086,"31","310610 BELMIRO BRAGA",3.4983537592317,0.111111111111111,3299,15.5240592532039,15.5240592578053,0.887890058933249,"2309","Not significant"
"310620","3106200","Belo Horizonte","MG",331.354,"31","310620 BELO HORIZONTE",0.640805082622683,15.7222222222222,2416339,15.5240592532039,15.5240592532102,0.162634625458521,"2310","Not significant"
"310630","3106309","Belo Oriente","MG",334.909,"31","310630 BELO ORIENTE",0.203671795122468,0.0555555555555555,24503,15.5240592532039,15.5240592538234,0.0516887316693111,"2311","Not significant"
"310640","3106408","Belo Vale","MG",365.923,"31","310640 BELO VALE",1.46217264624008,0.111111111111111,8946,15.5240592532039,15.5240592549007,0.371100466590057,"2312","Not significant"
"310650","3106507","Berilo","MG",587.106,"31","310650 BERILO",0,0,9769,15.5240592532039,15.5240592547578,-3.85270942849315e-06,"2313","Low-Low"
"310660","3106606","Bertópolis","MG",427.803,"31","310660 BERTOPOLIS",0,0,4546,15.5240592532039,15.5240592565431,-3.85270942827161e-06,"2314","Low-Low"
"310665","3106655","Berizal","MG",488.756,"31","310665 BERIZAL",0,0,4277,15.5240592532039,15.5240592567531,-3.85270942824555e-06,"2315","Not significant"
"310670","3106705","Betim","MG",344.062,"31","310670 BETIM",0.913703988899005,3.77777777777778,429236,15.5240592532039,15.5240592532393,0.231897282721921,"2316","Not significant"
"310680","3106804","Bias Fortes","MG",283.535,"31","310680 BIAS FORTES",0,0,3388,15.5240592532039,15.5240592576844,-3.85270942812999e-06,"2317","Not significant"
"310690","3106903","Bicas","MG",140.082,"31","310690 BICAS",0.388446060380056,0.0555555555555556,14331,15.5240592532039,15.5240592542631,0.0985850596160444,"2318","Not significant"
"310700","3107000","Biquinhas","MG",458.948,"31","310700 BIQUINHAS",0,0,2409,15.5240592532039,15.5240592595052,-3.85270942790405e-06,"2319","Not significant"
"310710","3107109","Boa Esperança","MG",860.669,"31","310710 BOA ESPERANCA",0.966418495176461,0.388888888888889,41332,15.5240592532039,15.5240592535712,0.245276401129601,"2320","Not significant"
"310720","3107208","Bocaina de Minas","MG",503.77,"31","310720 BOCAINA DE MINAS",1.04506312181256,0.0555555555555555,5508,15.5240592532039,15.5240592559599,0.265236670992953,"2321","Not significant"
"310730","3107307","Bocaiúva","MG",3206.757,"31","310730 BOCAIUVA",0.119159117936546,0.0555555555555556,49668,15.5240592532039,15.5240592535095,0.0302391308847875,"2322","Low-Low"
"310740","3107406","Bom Despacho","MG",1213.546,"31","310740 BOM DESPACHO",1.46913737830728,0.722222222222222,53995,15.5240592532039,15.524059253485,0.372868138953787,"2323","Not significant"
"310750","3107505","Bom Jardim de Minas","MG",412.021,"31","310750 BOM JARDIM DE MINAS",0,0,6968,15.5240592532039,15.5240592553824,-3.85270942841564e-06,"2324","Not significant"
"310760","3107604","Bom Jesus da Penha","MG",208.349,"31","310760 BOM JESUS DA PENHA",6.57914334697272,0.277777777777778,4642,15.5240592532039,15.524059256474,1.66980478412062,"2325","Not significant"
"310770","3107703","Bom Jesus do Amparo","MG",195.611,"31","310770 BOM JESUS DO AMPARO",0,0,5775,15.5240592532039,15.5240592558324,-3.85270942835979e-06,"2326","Not significant"
"310780","3107802","Bom Jesus do Galho","MG",592.289,"31","310780 BOM JESUS DO GALHO",0.757506893312728,0.111111111111111,14756,15.5240592532039,15.5240592542326,0.192253936229799,"2327","Not significant"
"310790","3107901","Bom Repouso","MG",229.845,"31","310790 BOM REPOUSO",0,0,13183,15.5240592532039,15.5240592543554,-3.85270942854308e-06,"2328","Not significant"
"310800","3108008","Bom Sucesso","MG",705.046,"31","310800 BOM SUCESSO",3.77972088035478,0.666666666666667,17510,15.5240592532039,15.5240592540708,0.959301977618148,"2329","Not significant"
"310810","3108107","Bonfim","MG",301.865,"31","310810 BONFIM",1.6178088397075,0.111111111111111,7672,15.5240592532039,15.5240592551825,0.410601454232086,"2330","Not significant"
"310820","3108206","Bonfinópolis de Minas","MG",1850.487,"31","310820 BONFINOPOLIS DE MINAS",0,0,5615,15.5240592532039,15.5240592559073,-3.8527094283505e-06,"2331","Not significant"
"310825","3108255","Bonito de Minas","MG",3936.455,"31","310825 BONITO DE MINAS",0,0,10491,15.5240592532039,15.5240592546508,-3.85270942850642e-06,"2332","Not significant"
"310830","3108305","Borda da Mata","MG",301.108,"31","310830 BORDA DA MATA",1.80104277614224,0.333333333333334,17811,15.5240592532039,15.5240592540562,0.45710684157582,"2333","Not significant"
"310840","3108404","Botelhos","MG",334.089,"31","310840 BOTELHOS",0.367018270169489,0.0555555555555555,15137,15.5240592532039,15.5240592542067,0.0931466146276578,"2334","Not significant"
"310850","3108503","Botumirim","MG",1568.884,"31","310850 BOTUMIRIM",0,0,5841,15.5240592532039,15.5240592558027,-3.85270942836348e-06,"2335","Low-Low"
"310855","3108552","Brasilândia de Minas","MG",2509.694,"31","310855 BRASILANDIA DE MINAS",0.331714566250033,0.0555555555555556,15432,15.5240592532039,15.5240592541876,0.0841864162231215,"2336","Low-Low"
"310860","3108602","Brasília de Minas","MG",1399.484,"31","310860 BRASILIA DE MINAS",0,0,33188,15.5240592532039,15.5240592536613,-3.85270942862921e-06,"2337","Low-Low"
"310870","3108701","Brás Pires","MG",223.351,"31","310870 BRAS PIRES",0,0,4314,15.5240592532039,15.5240592567226,-3.85270942824933e-06,"2338","Not significant"
"310880","3108800","Braúnas","MG",378.318,"31","310880 BRAUNAS",4.62032514091883,0.222222222222222,4475,15.5240592532039,15.524059256596,1.17265015684167,"2339","Not significant"
"310890","3108909","Brazópolis","MG",367.688,"31","310890 BRAZOPOLIS",5.67405181964497,0.833333333333333,14506,15.5240592532039,15.5240592542503,1.44008952043505,"2340","Not significant"
"310900","3109006","Brumadinho","MG",639.434,"31","310900 BRUMADINHO",1.02801435020411,0.388888888888889,40777,15.5240592532039,15.5240592535762,0.260909635625816,"2341","Not significant"
"310910","3109105","Bueno Brandão","MG",356.15,"31","310910 BUENO BRANDAO",2.03576428518877,0.222222222222222,11161,15.5240592532039,15.524059254564,0.516679947428722,"2342","Not significant"
"310920","3109204","Buenópolis","MG",1599.881,"31","310920 BUENOPOLIS",0.524950917089252,0.0555555555555556,9229,15.5240592532039,15.5240592548487,0.133230449856226,"2343","Low-Low"
"310925","3109253","Bugre","MG",161.491,"31","310925 BUGRE",2.72061978416323,0.111111111111111,4149,15.5240592532039,15.5240592568626,0.690498568880149,"2344","Not significant"
"310930","3109303","Buritis","MG",5225.186,"31","310930 BURITIS",0.220257525098345,0.0555555555555556,24693,15.5240592532039,15.5240592538186,0.0558982455381669,"2345","Low-Low"
"310940","3109402","Buritizeiro","MG",7218.401,"31","310940 BURITIZEIRO",0.232352804498351,0.0555555555555556,24068,15.5240592532039,15.5240592538346,0.0589680679973208,"2346","Low-Low"
"310945","3109451","Cabeceira Grande","MG",1033.055,"31","310945 CABECEIRA GRANDE",0,0,6797,15.5240592532039,15.5240592554372,-3.85270942840884e-06,"2347","Not significant"
"310950","3109501","Cabo Verde","MG",368.206,"31","310950 CABO VERDE",0,0,11396,15.5240592532039,15.5240592545359,-3.85270942852068e-06,"2348","Not significant"
"310960","3109600","Cachoeira da Prata","MG",61.381,"31","310960 CACHOEIRA DA PRATA",0,0,3781,15.5240592532039,15.5240592572187,-3.85270942818778e-06,"2349","Not significant"
"310970","3109709","Cachoeira de Minas","MG",304.243,"31","310970 CACHOEIRA DE MINAS",0.950025686384971,0.111111111111111,12248,15.5240592532039,15.5240592544433,0.241115851297282,"2350","Not significant"
"310980","3109808","Cachoeira Dourada","MG",203.07,"31","310980 CACHOEIRA DOURADA",0,0,2346,15.5240592532039,15.5240592596744,-3.85270942788305e-06,"2351","Not significant"
"310990","3109907","Caetanópolis","MG",156.039,"31","310990 CAETANOPOLIS",0,0,11832,15.5240592532039,15.5240592544868,-3.85270942852677e-06,"2352","Not significant"
"311000","3110004","Caeté","MG",542.531,"31","311000 CAETE",0.410251183673612,0.166666666666667,39850,15.5240592532039,15.5240592535848,0.104119273008284,"2353","Not significant"
"311010","3110103","Caiana","MG",106.465,"31","311010 CAIANA",0,0,5463,15.5240592532039,15.5240592559826,-3.85270942834116e-06,"2354","Not significant"
"311020","3110202","Cajuri","MG",83.038,"31","311020 CAJURI",0,0,4186,15.5240592532039,15.5240592568302,-3.85270942823598e-06,"2355","Not significant"
"311030","3110301","Caldas","MG",711.414,"31","311030 CALDAS",1.52781785970319,0.222222222222223,14588,15.5240592532039,15.5240592542445,0.387761441839544,"2356","Not significant"
"311040","3110400","Camacho","MG",223.001,"31","311040 CAMACHO",0,0,2867,15.5240592532039,15.5240592584986,-3.85270942802896e-06,"2357","Not significant"
"311050","3110509","Camanducaia","MG",528.688,"31","311050 CAMANDUCAIA",0.956569395049862,0.222222222222222,27551,15.5240592532039,15.5240592537549,0.242776666498503,"2358","Not significant"
"311060","3110608","Cambuí","MG",244.567,"31","311060 CAMBUI",1.73814767302585,0.5,30870,15.5240592532039,15.5240592536956,0.441143853564492,"2359","Not significant"
"311070","3110707","Cambuquira","MG",246.38,"31","311070 CAMBUQUIRA",0,0,12560,15.5240592532039,15.5240592544125,-3.85270942853599e-06,"2360","Not significant"
"311080","3110806","Campanário","MG",442.398,"31","311080 CAMPANARIO",1.90063481202722,0.0555555555555556,2917,15.5240592532039,15.5240592584078,0.482383634081775,"2361","Not significant"
"311090","3110905","Campanha","MG",335.587,"31","311090 CAMPANHA",0,0,16334,15.5240592532039,15.5240592541332,-3.85270942857065e-06,"2362","Not significant"
"311100","3111002","Campestre","MG",577.843,"31","311100 CAMPESTRE",0.527718410647111,0.111111111111111,21143,15.5240592532039,15.5240592539219,0.133932849002759,"2363","Not significant"
"311110","3111101","Campina Verde","MG",3650.749,"31","311110 CAMPINA VERDE",0.562730438470803,0.111111111111111,18250,15.5240592532039,15.5240592540357,0.142819019036004,"2364","Not significant"
"311115","3111150","Campo Azul","MG",505.914,"31","311115 CAMPO AZUL",0,0,3802,15.5240592532039,15.5240592571965,-3.85270942819053e-06,"2365","Low-Low"
"311120","3111200","Campo Belo","MG",528.225,"31","311120 CAMPO BELO",0.205472133869204,0.111111111111111,53943,15.5240592532039,15.5240592534853,0.0521456636791444,"2366","Not significant"
"311130","3111309","Campo do Meio","MG",275.426,"31","311130 CAMPO DO MEIO",0.468585994901784,0.0555555555555556,11624,15.5240592532039,15.5240592545098,0.118924843652558,"2367","Not significant"
"311140","3111408","Campo Florido","MG",1264.245,"31","311140 CAMPO FLORIDO",0.704483331924367,0.0555555555555556,8838,15.5240592532039,15.5240592549215,0.178796378592755,"2368","Not significant"
"311150","3111507","Campos Altos","MG",710.645,"31","311150 CAMPOS ALTOS",1.08520543879097,0.166666666666667,13136,15.5240592532039,15.5240592543595,0.275424925626177,"2369","Not significant"
"311160","3111606","Campos Gerais","MG",769.504,"31","311160 CAMPOS GERAIS",0.599101298132818,0.166666666666667,26809,15.5240592532039,15.5240592537701,0.152050065146869,"2370","Not significant"
"311170","3111705","Canaã","MG",174.9,"31","311170 CANAA",1.22558031227786,0.0555555555555554,4832,15.5240592532039,15.5240592563454,0.311052539080633,"2371","Not significant"
"311180","3111804","Canápolis","MG",843.599,"31","311180 CANAPOLIS",0,0,10755,15.5240592532039,15.5240592546153,-3.85270942851082e-06,"2372","Not significant"
"311190","3111903","Cana Verde","MG",212.721,"31","311190 CANA VERDE",0.994727941907889,0.0555555555555556,5356,15.5240592532039,15.5240592560381,0.252461433592865,"2373","Not significant"
"311200","3112000","Candeias","MG",720.512,"31","311200 CANDEIAS",0,0,14236,15.5240592532039,15.5240592542702,-3.85270942855365e-06,"2374","Not significant"
"311205","3112059","Cantagalo","MG",141.855,"31","311205 CANTAGALO",0,0,4039,15.5240592532039,15.5240592569622,-3.8527094282196e-06,"2375","Not significant"
"311210","3112109","Caparaó","MG",130.694,"31","311210 CAPARAO",2.12216329545869,0.111111111111111,5144,15.5240592532039,15.5240592561549,0.538608305845773,"2376","Not significant"
"311220","3112208","Capela Nova","MG",111.073,"31","311220 CAPELA NOVA",0,0,4416,15.5240592532039,15.5240592566414,-3.85270942825942e-06,"2377","Not significant"
"311230","3112307","Capelinha","MG",965.292,"31","311230 CAPELINHA",0.301811868713166,0.111111111111111,41536,15.5240592532039,15.5240592535694,0.0765970113459353,"2378","Not significant"
"311240","3112406","Capetinga","MG",297.937,"31","311240 CAPETINGA",1.55183309807891,0.111111111111111,6652,15.5240592532039,15.5240592554859,0.393856589830661,"2379","Not significant"
"311250","3112505","Capim Branco","MG",95.333,"31","311250 CAPIM BRANCO",0.569566901328228,0.0555555555555553,11105,15.5240592532039,15.5240592545708,0.144554136224848,"2380","Not significant"
"311260","3112604","Capinópolis","MG",620.716,"31","311260 CAPINOPOLIS",0.722597468719128,0.111111111111111,14899,15.5240592532039,15.5240592542227,0.183393807239935,"2381","Low-Low"
"311265","3112653","Capitão Andrade","MG",279.088,"31","311265 CAPITAO ANDRADE",0,0,4650,15.5240592532039,15.5240592564684,-3.85270942828088e-06,"2382","Not significant"
"311270","3112703","Capitão Enéas","MG",971.576,"31","311270 CAPITAO ENEAS",0,0,14401,15.5240592532039,15.524059254258,-3.85270942855517e-06,"2383","Not significant"
"311280","3112802","Capitólio","MG",521.802,"31","311280 CAPITOLIO",0.642409291807994,0.0555555555555554,10863,15.5240592532039,15.5240592546013,0.163041779120307,"2384","Not significant"
"311290","3112901","Caputira","MG",187.704,"31","311290 CAPUTIRA",0,0,9128,15.5240592532039,15.5240592548669,-3.85270942847961e-06,"2385","Not significant"
"311300","3113008","Caraí","MG",1242.345,"31","311300 CARAI",0.235544626284896,0.0555555555555556,19654,15.5240592532039,15.5240592539762,0.0597781630665378,"2386","Not significant"
"311310","3113107","Caranaíba","MG",159.95,"31","311310 CARANAIBA",0,0,2960,15.5240592532039,15.5240592583322,-3.8527094280496e-06,"2387","Not significant"
"311320","3113206","Carandaí","MG",487.28,"31","311320 CARANDAI",1.13061787971739,0.277777777777778,24368,15.5240592532039,15.5240592538268,0.286950755375869,"2388","Not significant"
"311330","3113305","Carangola","MG",353.404,"31","311330 CARANGOLA",0.87006957077068,0.277777777777778,32165,15.5240592532039,15.5240592536758,0.22082272112033,"2389","Not significant"
"311340","3113404","Caratinga","MG",1258.479,"31","311340 CARATINGA",0.373309477438114,0.333333333333333,90687,15.5240592532039,15.5240592533713,0.0947433441252164,"2390","Not significant"
"311350","3113503","Carbonita","MG",1456.095,"31","311350 CARBONITA",0,0,8633,15.5240592532039,15.5240592549622,-3.85270942846777e-06,"2391","Not significant"
"311360","3113602","Careaçu","MG",181.009,"31","311360 CAREACU",5.07863198092846,0.333333333333333,7029,15.5240592532039,15.5240592553635,1.28896996927624,"2392","Not significant"
"311370","3113701","Carlos Chagas","MG",3202.984,"31","311370 CARLOS CHAGAS",0.298445101023667,0.0555555555555556,18852,15.5240592532039,15.5240592540091,0.0757425144187181,"2393","Not significant"
"311380","3113800","Carmésia","MG",259.103,"31","311380 CARMESIA",0,0,2682,15.5240592532039,15.5240592588638,-3.85270942798364e-06,"2394","Low-Low"
"311390","3113909","Carmo da Cachoeira","MG",506.333,"31","311390 CARMO DA CACHOEIRA",0.935094240724693,0.111111111111111,11776,15.5240592532039,15.5240592544929,0.23732620033315,"2395","Low-Low"
"311400","3114006","Carmo da Mata","MG",357.178,"31","311400 CARMO DA MATA",0,0,11279,15.5240592532039,15.5240592545497,-3.85270942851896e-06,"2396","Not significant"
"311410","3114105","Carmo de Minas","MG",322.285,"31","311410 CARMO DE MINAS",0,0,14114,15.5240592532039,15.5240592542794,-3.85270942855251e-06,"2397","Not significant"
"311420","3114204","Carmo do Cajuru","MG",455.808,"31","311420 CARMO DO CAJURU",0.500417743726934,0.111111111111111,24376,15.5240592532039,15.5240592538266,0.127003848217772,"2398","Not significant"
"311430","3114303","Carmo do Paranaíba","MG",1307.862,"31","311430 CARMO DO PARANAIBA",1.63201655879615,0.5,29899,15.5240592532039,15.5240592537116,0.414207420985324,"2399","Not significant"
"311440","3114402","Carmo do Rio Claro","MG",1065.685,"31","311440 CARMO DO RIO CLARO",1.60813731491801,0.333333333333333,21464,15.5240592532039,15.5240592539111,0.408146788835117,"2400","Not significant"
"311450","3114501","Carmópolis de Minas","MG",400.01,"31","311450 CARMOPOLIS DE MINAS",2.34930976684131,0.444444444444444,18498,15.5240592532039,15.5240592540245,0.596258841790967,"2401","Not significant"
"311455","3114550","Carneirinho","MG",2063.462,"31","311455 CARNEIRINHO",0,0,9630,15.5240592532039,15.5240592547802,-3.85270942849036e-06,"2402","Low-Low"
"311460","3114600","Carrancas","MG",727.894,"31","311460 CARRANCAS",0,0,4153,15.5240592532039,15.5240592568591,-3.8527094282324e-06,"2403","Not significant"
"311470","3114709","Carvalhópolis","MG",81.101,"31","311470 CARVALHOPOLIS",1.62585763990505,0.0555555555555556,3417,15.5240592532039,15.5240592576464,0.412644266671687,"2404","Not significant"
"311480","3114808","Carvalhos","MG",282.254,"31","311480 CARVALHOS",0,0,4507,15.5240592532039,15.524059256572,-3.85270942826803e-06,"2405","Not significant"
"311490","3114907","Casa Grande","MG",157.727,"31","311490 CASA GRANDE",2.45821042281219,0.0555555555555556,2260,15.5240592532039,15.5240592599207,0.623898193229503,"2406","Not significant"
"311500","3115003","Cascalho Rico","MG",367.308,"31","311500 CASCALHO RICO",0,0,2757,15.5240592532039,15.5240592587098,-3.85270942800274e-06,"2407","Not significant"
"311510","3115102","Cássia","MG",665.802,"31","311510 CASSIA",0.632247888087006,0.111111111111111,17495,15.5240592532039,15.5240592540716,0.160462780794265,"2408","Not significant"
"311520","3115201","Conceição da Barra de Minas","MG",273.014,"31","311520 CONCEICAO DA BARRA DE MINAS",2.77158517376751,0.111111111111111,3596,15.5240592532039,15.5240592574252,0.703433755600902,"2409","Not significant"
"311530","3115300","Cataguases","MG",491.767,"31","311530 CATAGUASES",2.19322152521547,1.55555555555556,67872,15.5240592532039,15.5240592534275,0.556643122816776,"2410","Not significant"
"311535","3115359","Catas Altas","MG",240.042,"31","311535 CATAS ALTAS",1.03339947089947,0.0555555555555556,5668,15.5240592532039,15.5240592558821,0.262276397291575,"2411","Not significant"
"311540","3115409","Catas Altas da Noruega","MG",141.622,"31","311540 CATAS ALTAS DA NORUEGA",0,0,3141,15.5240592532039,15.5240592580367,-3.85270942808627e-06,"2412","Not significant"
"311545","3115458","Catuji","MG",419.38,"31","311545 CATUJI",0,0,7226,15.5240592532039,15.5240592553046,-3.85270942842529e-06,"2413","Not significant"
"311547","3115474","Catuti","MG",287.812,"31","311547 CATUTI",0,0,4805,15.5240592532039,15.5240592563631,-3.85270942829395e-06,"2414","Low-Low"
"311550","3115508","Caxambu","MG",100.483,"31","311550 CAXAMBU",1.02762595357066,0.222222222222222,21436,15.5240592532039,15.524059253912,0.260811059255389,"2415","Not significant"
"311560","3115607","Cedro do Abaeté","MG",283.211,"31","311560 CEDRO DO ABAETE",4.56121145776318,0.0555555555555556,1091,15.5240592532039,15.5240592671176,1.15764690549676,"2416","Not significant"
"311570","3115706","Central de Minas","MG",204.328,"31","311570 CENTRAL DE MINAS",0,0,6243,15.5240592532039,15.5240592556354,-3.85270942838424e-06,"2417","Not significant"
"311580","3115805","Centralina","MG",322.385,"31","311580 CENTRALINA",0,0,10440,15.5240592532039,15.5240592546579,-3.85270942850554e-06,"2418","Not significant"
"311590","3115904","Chácara","MG",152.807,"31","311590 CHACARA",1.74373997349515,0.0555555555555555,3177,15.5240592532039,15.524059257982,0.442563198109789,"2419","Not significant"
"311600","3116001","Chalé","MG",212.674,"31","311600 CHALE",0.954562810232911,0.0555555555555554,6261,15.5240592532039,15.5240592556284,0.24226738853059,"2420","Not significant"
"311610","3116100","Chapada do Norte","MG",830.833,"31","311610 CHAPADA DO NORTE",0,0,10024,15.5240592532039,15.5240592547182,-3.85270942849805e-06,"2421","Low-Low"
"311615","3116159","Chapada Gaúcha","MG",3255.189,"31","311615 CHAPADA GAUCHA",0,0,12810,15.5240592532039,15.5240592543889,-3.85270942853892e-06,"2422","Low-Low"
"311620","3116209","Chiador","MG",252.852,"31","311620 CHIADOR",0,0,2865,15.5240592532039,15.5240592585023,-3.8527094280285e-06,"2423","Not significant"
"311630","3116308","Cipotânea","MG",153.479,"31","311630 CIPOTANEA",1.63652739757049,0.111111111111111,5599,15.5240592532039,15.5240592559151,0.415352286958634,"2424","Not significant"
"311640","3116407","Claraval","MG",227.627,"31","311640 CLARAVAL",0,0,4777,15.5240592532039,15.5240592563816,-3.85270942829165e-06,"2425","Not significant"
"311650","3116506","Claro dos Poções","MG",720.424,"31","311650 CLARO DOS POCOES",0,0,7259,15.5240592532039,15.5240592552951,-3.85270942842647e-06,"2426","Low-Low"
"311660","3116605","Cláudio","MG",630.706,"31","311660 CLAUDIO",0.196399602487204,0.0555555555555555,31665,15.5240592532039,15.5240592536833,0.04984302479986,"2427","Not significant"
"311670","3116704","Coimbra","MG",106.875,"31","311670 COIMBRA",0,0,7285,15.5240592532039,15.5240592552876,-3.8527094284274e-06,"2428","Not significant"
"311680","3116803","Coluna","MG",348.492,"31","311680 COLUNA",0.607430084797239,0.0555555555555555,8251,15.5240592532039,15.5240592550437,0.154163939116885,"2429","Low-Low"
"311690","3116902","Comendador Gomes","MG",1041.047,"31","311690 COMENDADOR GOMES",2.00344592699443,0.0555555555555556,2813,15.5240592532039,15.5240592586002,0.508477439711038,"2430","Not significant"
"311700","3117009","Comercinho","MG",654.961,"31","311700 COMERCINHO",0,0,6627,15.5240592532039,15.5240592554945,-3.85270942840173e-06,"2431","Not significant"
"311710","3117108","Conceição da Aparecida","MG",352.521,"31","311710 CONCEICAO DA APARECIDA",0.565738854944556,0.0555555555555554,10668,15.5240592532039,15.5240592546268,0.143582565219532,"2432","Not significant"
"311720","3117207","Conceição das Pedras","MG",102.206,"31","311720 CONCEICAO DAS PEDRAS",11.8946026152716,0.333333333333333,2837,15.5240592532039,15.5240592585546,3.01888616531243,"2433","Not significant"
"311730","3117306","Conceição das Alagoas","MG",1340.25,"31","311730 CONCEICAO DAS ALAGOAS",0.44366782355856,0.111111111111111,29949,15.5240592532039,15.5240592537107,0.112600528234558,"2434","Not significant"
"311740","3117405","Conceição de Ipanema","MG",253.935,"31","311740 CONCEICAO DE IPANEMA",4.8507863286373,0.222222222222222,4503,15.5240592532039,15.524059256575,1.23114197886398,"2435","Not significant"
"311750","3117504","Conceição do Mato Dentro","MG",1720.04,"31","311750 CONCEICAO DO MATO DENTRO",0.637178065782261,0.111111111111111,24254,15.5240592532039,15.5240592538298,0.161714076422191,"2436","Low-Low"
"311760","3117603","Conceição do Pará","MG",250.306,"31","311760 CONCEICAO DO PARA",2.01289361191037,0.111111111111111,5567,15.5240592532039,15.5240592559307,0.510875293858091,"2437","High-Low"
"311770","3117702","Conceição do Rio Verde","MG",369.681,"31","311770 CONCEICAO DO RIO VERDE",0.402664025190662,0.0555555555555556,12780,15.5240592532039,15.5240592543917,0.102193626747923,"2438","Not significant"
"311780","3117801","Conceição dos Ouros","MG",180.236,"31","311780 CONCEICAO DOS OUROS",0,0,11183,15.5240592532039,15.5240592545613,-3.85270942851753e-06,"2439","Not significant"
"311783","3117836","Cônego Marinho","MG",1610.47,"31","311783 CONEGO MARINHO",0,0,7420,15.5240592532039,15.5240592552497,-3.8527094284321e-06,"2440","Low-Low"
"311787","3117876","Confins","MG",42.355,"31","311787 CONFINS",0,0,7676,15.5240592532039,15.5240592551815,-3.85270942844057e-06,"2441","Not significant"
"311790","3117900","Congonhal","MG",205.125,"31","311790 CONGONHAL",2.08707981882372,0.222222222222222,11403,15.5240592532039,15.5240592545351,0.529704001892456,"2442","Not significant"
"311800","3118007","Congonhas","MG",304.067,"31","311800 CONGONHAS",1.78441726379183,0.944444444444445,54986,15.5240592532039,15.52405925348,0.45288723081539,"2443","Not significant"
"311810","3118106","Congonhas do Norte","MG",405.671,"31","311810 CONGONHAS DO NORTE",0,0,4927,15.5240592532039,15.5240592562849,-3.85270942830365e-06,"2444","Not significant"
"311820","3118205","Conquista","MG",618.363,"31","311820 CONQUISTA",0,0,6864,15.5240592532039,15.5240592554154,-3.85270942841154e-06,"2445","Not significant"
"311830","3118304","Conselheiro Lafaiete","MG",370.246,"31","311830 CONSELHEIRO LAFAIETE",0.351666320252479,0.444444444444445,137980,15.5240592532039,15.5240592533139,0.0892502382764132,"2446","Not significant"
"311840","3118403","Conselheiro Pena","MG",1483.883,"31","311840 CONSELHEIRO PENA",0.266786186878388,0.0555555555555556,21113,15.5240592532039,15.5240592539229,0.067707375877508,"2447","Low-Low"
"311850","3118502","Consolação","MG",89.122,"31","311850 CONSOLACAO",0,0,1578,15.5240592532039,15.5240592628236,-3.85270942749227e-06,"2448","Not significant"
"311860","3118601","Contagem","MG",194.746,"31","311860 CONTAGEM",0.654866422604466,4.16666666666667,649975,15.5240592532039,15.5240592532272,0.166203440684238,"2449","Not significant"
"311870","3118700","Coqueiral","MG",296.163,"31","311870 COQUEIRAL",0.586276441067494,0.0555555555555558,9197,15.5240592532039,15.5240592548544,0.148795073425235,"2450","Not significant"
"311880","3118809","Coração de Jesus","MG",2225.216,"31","311880 CORACAO DE JESUS",0.213207796582706,0.0555555555555556,26151,15.5240592532039,15.5240592537844,0.0541090008078857,"2451","Low-Low"
"311890","3118908","Cordisburgo","MG",823.654,"31","311890 CORDISBURGO",0.639378013068889,0.0555555555555558,7592,15.5240592532039,15.5240592552034,0.162272430411324,"2452","Low-Low"
"311900","3119005","Cordislândia","MG",179.543,"31","311900 CORDISLANDIA",0,0,3247,15.5240592532039,15.5240592578789,-3.85270942810585e-06,"2453","Not significant"
"311910","3119104","Corinto","MG",2525.397,"31","311910 CORINTO",0,0,23996,15.5240592532039,15.5240592538365,-3.85270942860747e-06,"2454","Low-Low"
"311920","3119203","Coroaci","MG",576.274,"31","311920 COROACI",0,0,11200,15.5240592532039,15.5240592545592,-3.85270942851778e-06,"2455","Not significant"
"311930","3119302","Coromandel","MG",3313.313,"31","311930 COROMANDEL",0.779057292634726,0.222222222222222,30013,15.5240592532039,15.5240592537097,0.197723499825199,"2456","Not significant"
"311940","3119401","Coronel Fabriciano","MG",221.252,"31","311940 CORONEL FABRICIANO",1.03123046825691,1.11111111111111,108551,15.5240592532039,15.5240592533437,0.261725897171096,"2457","Not significant"
"311950","3119500","Coronel Murta","MG",815.413,"31","311950 CORONEL MURTA",0,0,8283,15.5240592532039,15.5240592550365,-3.85270942845855e-06,"2458","Not significant"
"311960","3119609","Coronel Pacheco","MG",131.511,"31","311960 CORONEL PACHECO",3.80933931266812,0.111111111111111,2799,15.5240592532039,15.5240592586272,0.966819234888321,"2459","Not significant"
"311970","3119708","Coronel Xavier Chaves","MG",140.954,"31","311970 CORONEL XAVIER CHAVES",0,0,3586,15.5240592532039,15.524059257437,-3.85270942816069e-06,"2460","Not significant"
"311980","3119807","Córrego Danta","MG",657.425,"31","311980 CORREGO DANTA",0,0,2978,15.5240592532039,15.5240592583012,-3.85270942805344e-06,"2461","Not significant"
"311990","3119906","Córrego do Bom Jesus","MG",123.651,"31","311990 CORREGO DO BOM JESUS",7.45947688083382,0.277777777777778,4429,15.5240592532039,15.5240592566313,1.89323638616129,"2462","Not significant"
"311995","3119955","Córrego Fundo","MG",101.112,"31","311995 CORREGO FUNDO",1.84274490888328,0.111111111111111,6310,15.5240592532039,15.5240592556096,0.467690982641654,"2463","Not significant"
"312000","3120003","Córrego Novo","MG",205.385,"31","312000 CORREGO NOVO",0,0,2912,15.5240592532039,15.5240592584168,-3.85270942803911e-06,"2464","Not significant"
"312010","3120102","Couto de Magalhães de Minas","MG",485.654,"31","312010 COUTO DE MAGALHAES DE MINAS",0,0,4346,15.5240592532039,15.5240592566967,-3.85270942825254e-06,"2465","Not significant"
"312015","3120151","Crisólita","MG",966.202,"31","312015 CRISOLITA",0,0,5296,15.5240592532039,15.5240592560702,-3.85270942833029e-06,"2466","Not significant"
"312020","3120201","Cristais","MG",628.434,"31","312020 CRISTAIS",0,0,12576,15.5240592532039,15.5240592544109,-3.85270942853618e-06,"2467","Not significant"
"312030","3120300","Cristália","MG",840.702,"31","312030 CRISTALIA",0,0,5165,15.5240592532039,15.5240592561429,-3.85270942832127e-06,"2468","Low-Low"
"312040","3120409","Cristiano Otoni","MG",132.872,"31","312040 CRISTIANO OTONI",2.13963241115177,0.111111111111111,4735,15.5240592532039,15.5240592564098,0.543042025966261,"2469","Not significant"
"312050","3120508","Cristina","MG",311.33,"31","312050 CRISTINA",2.11265308355606,0.222222222222222,10627,15.5240592532039,15.5240592546323,0.536194582209919,"2470","Not significant"
"312060","3120607","Crucilândia","MG",167.164,"31","312060 CRUCILANDIA",2.2671088987123,0.111111111111111,5633,15.5240592532039,15.5240592558987,0.575395985860149,"2471","Not significant"
"312070","3120706","Cruzeiro da Fortaleza","MG",187.446,"31","312070 CRUZEIRO DA FORTALEZA",1.59093801705486,0.0555555555555556,3610,15.5240592532039,15.5240592574088,0.403781549334116,"2472","Not significant"
"312080","3120805","Cruzília","MG",522.419,"31","312080 CRUZILIA",1.07408069670674,0.166666666666667,15779,15.5240592532039,15.5240592541659,0.272601428793055,"2473","Not significant"
"312083","3120839","Cuparaque","MG",226.75,"31","312083 CUPARAQUE",1.13494495516967,0.0555555555555554,3994,15.5240592532039,15.5240592570046,0.288048981601994,"2474","Not significant"
"312087","3120870","Curral de Dentro","MG",570.95,"31","312087 CURRAL DE DENTRO",0,0,7630,15.5240592532039,15.5240592551934,-3.85270942843909e-06,"2475","Not significant"
"312090","3120904","Curvelo","MG",3296.2,"31","312090 CURVELO",0.353261110364013,0.277777777777778,83862,15.5240592532039,15.5240592533849,0.0896550013527973,"2476","Low-Low"
"312100","3121001","Datas","MG",310.099,"31","312100 DATAS",0,0,5618,15.5240592532039,15.5240592559059,-3.85270942835068e-06,"2477","Not significant"
"312110","3121100","Delfim Moreira","MG",408.473,"31","312110 DELFIM MOREIRA",4.83290644469428,0.388888888888889,8130,15.5240592532039,15.524059255071,1.22660400443964,"2478","Not significant"
"312120","3121209","Delfinópolis","MG",1378.423,"31","312120 DELFINOPOLIS",2.19419962144423,0.166666666666667,8760,15.5240592532039,15.5240592549368,0.556891366891478,"2479","Not significant"
"312125","3121258","Delta","MG",102.784,"31","312125 DELTA",0,0,11003,15.5240592532039,15.5240592545835,-3.85270942851477e-06,"2480","Not significant"
"312130","3121308","Descoberto","MG",213.168,"31","312130 DESCOBERTO",0,0,5058,15.5240592532039,15.5240592562051,-3.85270942831356e-06,"2481","Not significant"
"312140","3121407","Desterro de Entre Rios","MG",377.165,"31","312140 DESTERRO DE ENTRE RIOS",0,0,7900,15.5240592532039,15.5240592551254,-3.85270942844753e-06,"2482","Not significant"
"312150","3121506","Desterro do Melo","MG",142.279,"31","312150 DESTERRO DO MELO",0,0,3059,15.5240592532039,15.5240592581663,-3.85270942807019e-06,"2483","Not significant"
"312160","3121605","Diamantina","MG",3891.659,"31","312160 DIAMANTINA",0.468247853537191,0.222222222222222,49353,15.5240592532039,15.5240592535115,0.118839022244483,"2484","Low-Low"
"312170","3121704","Diogo de Vasconcelos","MG",165.091,"31","312170 DIOGO DE VASCONCELOS",2.88806961816951,0.111111111111111,3596,15.5240592532039,15.5240592574252,0.732997898081906,"2485","Not significant"
"312180","3121803","Dionísio","MG",339.375,"31","312180 DIONISIO",0,0,6789,15.5240592532039,15.5240592554398,-3.85270942840851e-06,"2486","Not significant"
"312190","3121902","Divinésia","MG",116.97,"31","312190 DIVINESIA",0,0,4426,15.5240592532039,15.5240592566336,-3.85270942826038e-06,"2487","Not significant"
"312200","3122009","Divino","MG",337.776,"31","312200 DIVINO",0.842242859237751,0.166666666666667,21329,15.5240592532039,15.5240592539156,0.213760208447051,"2488","Not significant"
"312210","3122108","Divino das Laranjeiras","MG",342.249,"31","312210 DIVINO DAS LARANJEIRAS",0,0,4186,15.5240592532039,15.5240592568302,-3.85270942823598e-06,"2489","Not significant"
"312220","3122207","Divinolândia de Minas","MG",133.12,"31","312220 DIVINOLANDIA DE MINAS",0,0,6607,15.5240592532039,15.5240592555014,-3.85270942840087e-06,"2490","Not significant"
"312230","3122306","Divinópolis","MG",708.115,"31","312230 DIVINOPOLIS",1.02838536487977,2.44444444444444,242328,15.5240592532039,15.5240592532665,0.261003800396868,"2491","Not significant"
"312235","3122355","Divisa Alegre","MG",117.802,"31","312235 DIVISA ALEGRE",0,0,6513,15.5240592532039,15.5240592555346,-3.85270942839675e-06,"2492","Not significant"
"312240","3122405","Divisa Nova","MG",216.955,"31","312240 DIVISA NOVA",0,0,5993,15.5240592532039,15.5240592557368,-3.85270942837166e-06,"2493","Low-Low"
"312245","3122454","Divisópolis","MG",572.926,"31","312245 DIVISOPOLIS",0,0,10585,15.5240592532039,15.524059254638,-3.85270942850801e-06,"2494","Low-Low"
"312247","3122470","Dom Bosco","MG",817.383,"31","312247 DOM BOSCO",0,0,3767,15.5240592532039,15.5240592572336,-3.85270942818593e-06,"2495","Not significant"
"312250","3122504","Dom Cavati","MG",59.52,"31","312250 DOM CAVATI",2.26572412543049,0.111111111111111,4981,15.5240592532039,15.5240592562515,0.575044525752488,"2496","Not significant"
"312260","3122603","Dom Joaquim","MG",398.793,"31","312260 DOM JOAQUIM",0,0,5051,15.5240592532039,15.5240592562092,-3.85270942831304e-06,"2497","Not significant"
"312270","3122702","Dom Silvério","MG",194.972,"31","312270 DOM SILVERIO",0,0,5350,15.5240592532039,15.5240592560413,-3.85270942833388e-06,"2498","Not significant"
"312280","3122801","Dom Viçoso","MG",113.921,"31","312280 DOM VICOSO",0,0,3176,15.5240592532039,15.5240592579835,-3.85270942809288e-06,"2499","Low-High"
"312290","3122900","Dona Euzébia","MG",70.231,"31","312290 DONA EUSEBIA",0,0,6241,15.5240592532039,15.5240592556362,-3.85270942838415e-06,"2500","Not significant"
"312300","3123007","Dores de Campos","MG",124.842,"31","312300 DORES DE CAMPOS",0,0,10313,15.5240592532039,15.5240592546758,-3.85270942850332e-06,"2501","Not significant"
"312310","3123106","Dores de Guanhães","MG",382.124,"31","312310 DORES DE GUANHAES",0,0,5121,15.5240592532039,15.5240592561681,-3.85270942831814e-06,"2502","Not significant"
"312320","3123205","Dores do Indaiá","MG",1111.202,"31","312320 DORES DO INDAIA",0.790909074130868,0.111111111111111,12786,15.5240592532039,15.5240592543911,0.2007315216957,"2503","Not significant"
"312330","3123304","Dores do Turvo","MG",231.169,"31","312330 DORES DO TURVO",1.29530323048626,0.0555555555555555,5159,15.5240592532039,15.5240592561463,0.328748449457368,"2504","Not significant"
"312340","3123403","Doresópolis","MG",152.912,"31","312340 DORESOPOLIS",0,0,1496,15.5240592532039,15.5240592633509,-3.85270942742684e-06,"2505","Not significant"
"312350","3123502","Douradoquara","MG",312.878,"31","312350 DOURADOQUARA",2.90107339715695,0.0555555555555556,1869,15.5240592532039,15.5240592613258,0.736298300689095,"2506","Not significant"
"312352","3123528","Durandé","MG",217.461,"31","312352 DURANDE",0.704662044083656,0.0555555555555554,8038,15.5240592532039,15.5240592550924,0.1788417363369,"2507","Not significant"
"312360","3123601","Elói Mendes","MG",499.537,"31","312360 ELOI MENDES",0,0,27343,15.5240592532039,15.5240592537591,-3.85270942861708e-06,"2508","Not significant"
"312370","3123700","Engenheiro Caldas","MG",187.058,"31","312370 ENGENHEIRO CALDAS",0.513832367328483,0.0555555555555556,14308,15.5240592532039,15.5240592542648,0.130408524656354,"2509","Not significant"
"312380","3123809","Engenheiro Navarro","MG",608.306,"31","312380 ENGENHEIRO NAVARRO",0,0,6411,15.5240592532039,15.5240592555717,-3.85270942839215e-06,"2510","Low-Low"
"312385","3123858","Entre Folhas","MG",85.39,"31","312385 ENTRE FOLHAS",1.07146683810136,0.0555555555555556,5293,15.5240592532039,15.5240592560718,0.271938022699786,"2511","Not significant"
"312390","3123908","Entre Rios de Minas","MG",456.796,"31","312390 ENTRE RIOS DE MINAS",0.736146792197798,0.111111111111111,15120,15.5240592532039,15.5240592542079,0.186832670960776,"2512","Not significant"
"312400","3124005","Ervália","MG",357.489,"31","312400 ERVALIA",1.17422666194668,0.222222222222222,20951,15.5240592532039,15.5240592539284,0.298018810496054,"2513","Not significant"
"312410","3124104","Esmeraldas","MG",909.727,"31","312410 ESMERALDAS",0.489907547301642,0.333333333333333,91573,15.5240592532039,15.5240592533697,0.124336325133134,"2514","Low-Low"
"312420","3124203","Espera Feliz","MG",317.638,"31","312420 ESPERA FELIZ",3.79396448109111,0.944444444444445,24761,15.5240592532039,15.5240592538169,0.962917051242233,"2515","Not significant"
"312430","3124302","Espinosa","MG",1868.97,"31","312430 ESPINOSA",0,0,31385,15.5240592532039,15.5240592536876,-3.85270942862595e-06,"2516","Low-Low"
"312440","3124401","Espírito Santo do Dourado","MG",263.879,"31","312440 ESPIRITO SANTO DO DOURADO",3.53892853575119,0.166666666666667,7007,15.5240592532039,15.5240592553703,0.898188073303374,"2517","Not significant"
"312450","3124500","Estiva","MG",243.872,"31","312450 ESTIVA",2.92932154094278,0.333333333333333,11836,15.5240592532039,15.5240592544864,0.7434677744413,"2518","Not significant"
"312460","3124609","Estrela Dalva","MG",131.365,"31","312460 ESTRELA DALVA",4.74225826338502,0.111111111111111,2204,15.5240592532039,15.5240592600913,1.20359719194634,"2519","Not significant"
"312470","3124708","Estrela do Indaiá","MG",635.981,"31","312470 ESTRELA DO INDAIA",1.54750851129681,0.0555555555555555,2750,15.5240592532039,15.5240592587239,0.392758995166988,"2520","Not significant"
"312480","3124807","Estrela do Sul","MG",822.454,"31","312480 ESTRELA DO SUL",1.39715547261012,0.111111111111111,6926,15.5240592532039,15.5240592553956,0.354598889958166,"2521","Low-Low"
"312490","3124906","Eugenópolis","MG",309.395,"31","312490 EUGENOPOLIS",1.53084232029591,0.166666666666667,11075,15.5240592532039,15.5240592545745,0.38852906007285,"2522","Not significant"
"312500","3125002","Ewbank da Câmara","MG",103.834,"31","312500 EWBANK DA CAMARA",4.36927259850368,0.166666666666667,3977,15.5240592532039,15.5240592570208,1.10893217995429,"2523","Not significant"
"312510","3125101","Extrema","MG",244.575,"31","312510 EXTREMA",0.503903747730556,0.222222222222222,57913,15.5240592532039,15.524059253466,0.127888607721639,"2524","Not significant"
"312520","3125200","Fama","MG",86.024,"31","312520 FAMA",0,0,2662,15.5240592532039,15.5240592589063,-3.85270942797836e-06,"2525","Not significant"
"312530","3125309","Faria Lemos","MG",165.224,"31","312530 FARIA LEMOS",1.71520702548798,0.0555555555555556,3239,15.5240592532039,15.5240592578905,0.435321440255741,"2526","Not significant"
"312540","3125408","Felício dos Santos","MG",357.622,"31","312540 FELICIO DOS SANTOS",2.18679612499727,0.111111111111111,5248,15.5240592532039,15.5240592560964,0.555012334653555,"2527","High-Low"
"312550","3125507","São Gonçalo do Rio Preto","MG",314.458,"31","312550 SAO GONCALO DO RIO PRETO",0,0,3098,15.5240592532039,15.5240592581038,-3.85270942807795e-06,"2528","Not significant"
"312560","3125606","Felisburgo","MG",596.215,"31","312560 FELISBURGO",0.7498387846613,0.0555555555555557,6592,15.5240592532039,15.5240592555067,0.190307744540193,"2529","Low-Low"
"312570","3125705","Felixlândia","MG",1554.627,"31","312570 FELIXLANDIA",0.357776632892553,0.0555555555555556,14279,15.5240592532039,15.524059254267,0.0908010561055341,"2530","Not significant"
"312580","3125804","Fernandes Tourinho","MG",151.875,"31","312580 FERNANDES TOURINHO",0,0,2825,15.5240592532039,15.5240592585773,-3.85270942801919e-06,"2531","Not significant"
"312590","3125903","Ferros","MG",1088.791,"31","312590 FERROS",0,0,9666,15.5240592532039,15.5240592547743,-3.85270942849109e-06,"2532","Not significant"
"312595","3125952","Fervedouro","MG",357.683,"31","312595 FERVEDOURO",1.5431952682613,0.166666666666667,10693,15.5240592532039,15.5240592546235,0.391664279677026,"2533","Not significant"
"312600","3126000","Florestal","MG",194.242,"31","312600 FLORESTAL",0,0,8386,15.5240592532039,15.524059255014,-3.85270942846135e-06,"2534","Not significant"
"312610","3126109","Formiga","MG",1501.915,"31","312610 FORMIGA",0.655580152034625,0.444444444444444,70668,15.5240592532039,15.5240592534187,0.166384587605252,"2535","Not significant"
"312620","3126208","Formoso","MG",3686.004,"31","312620 FORMOSO",0,0,8103,15.5240592532039,15.5240592550773,-3.8527094284535e-06,"2536","Low-Low"
"312630","3126307","Fortaleza de Minas","MG",218.792,"31","312630 FORTALEZA DE MINAS",2.98947365859447,0.111111111111111,3485,15.5240592532039,15.5240592575597,0.758734583476089,"2537","Not significant"
"312640","3126406","Fortuna de Minas","MG",198.709,"31","312640 FORTUNA DE MINAS",0,0,3207,15.5240592532039,15.5240592579373,-3.85270942809861e-06,"2538","Low-Low"
"312650","3126505","Francisco Badaró","MG",461.481,"31","312650 FRANCISCO BADARO",0,0,7208,15.5240592532039,15.5240592553099,-3.85270942842464e-06,"2539","Low-Low"
"312660","3126604","Francisco Dumont","MG",1576.128,"31","312660 FRANCISCO DUMONT",0,0,4564,15.5240592532039,15.5240592565299,-3.85270942827325e-06,"2540","Low-Low"
"312670","3126703","Francisco Sá","MG",2747.295,"31","312670 FRANCISCO SA",0,0,23819,15.5240592532039,15.5240592538412,-3.85270942860688e-06,"2541","Low-Low"
"312675","3126752","Franciscópolis","MG",717.087,"31","312675 FRANCISCOPOLIS",0,0,5062,15.5240592532039,15.5240592562027,-3.85270942831385e-06,"2542","Not significant"
"312680","3126802","Frei Gaspar","MG",626.672,"31","312680 FREI GASPAR",0,0,5741,15.5240592532039,15.524059255848,-3.85270942835786e-06,"2543","Not significant"
"312690","3126901","Frei Inocêncio","MG",469.557,"31","312690 FREI INOCENCIO",0,0,8334,15.5240592532039,15.5240592550253,-3.85270942845995e-06,"2544","Not significant"
"312695","3126950","Frei Lagonegro","MG",167.474,"31","312695 FREI LAGONEGRO",0,0,3475,15.5240592532039,15.5240592575722,-3.85270942814391e-06,"2545","Not significant"
"312700","3127008","Fronteira","MG",199.987,"31","312700 FRONTEIRA",0.325419139852129,0.0555555555555555,14909,15.5240592532039,15.5240592542221,0.0825886158988645,"2546","Low-Low"
"312705","3127057","Fronteira dos Vales","MG",320.757,"31","312705 FRONTEIRA DOS VALES",0,0,4405,15.5240592532039,15.52405925665,-3.85270942825835e-06,"2547","Not significant"
"312707","3127073","Fruta de Leite","MG",762.837,"31","312707 FRUTA DE LEITE",0,0,4607,15.5240592532039,15.5240592564989,-3.8527094282771e-06,"2548","Low-Low"
"312710","3127107","Frutal","MG",2426.965,"31","312710 FRUTAL",0.192771150467856,0.111111111111111,60942,15.5240592532039,15.524059253453,0.0489221115139111,"2549","Not significant"
"312720","3127206","Funilândia","MG",199.797,"31","312720 FUNILANDIA",0,0,4886,15.5240592532039,15.5240592563107,-3.85270942830045e-06,"2550","Low-Low"
"312730","3127305","Galiléia","MG",720.303,"31","312730 GALILEIA",0,0,6281,15.5240592532039,15.5240592556207,-3.85270942838607e-06,"2551","Low-Low"
"312733","3127339","Gameleiras","MG",1733.203,"31","312733 GAMELEIRAS",0,0,4863,15.5240592532039,15.5240592563254,-3.85270942829862e-06,"2552","Low-Low"
"312735","3127354","Glaucilândia","MG",145.861,"31","312735 GLAUCILANDIA",0,0,2991,15.5240592532039,15.5240592582791,-3.85270942805619e-06,"2553","Low-Low"
"312737","3127370","Goiabeira","MG",112.443,"31","312737 GOIABEIRA",0,0,2869,15.5240592532039,15.5240592584949,-3.85270942802941e-06,"2554","Not significant"
"312738","3127388","Goianá","MG",152.039,"31","312738 GOIANA",0,0,4190,15.5240592532039,15.5240592568268,-3.85270942823641e-06,"2555","Not significant"
"312740","3127404","Gonçalves","MG",187.353,"31","312740 GONCALVES",0,0,4891,15.5240592532039,15.5240592563075,-3.85270942830084e-06,"2556","Not significant"
"312750","3127503","Gonzaga","MG",209.348,"31","312750 GONZAGA",0.93827994520445,0.0555555555555555,5271,15.5240592532039,15.5240592560838,0.238134742797451,"2557","Low-Low"
"312760","3127602","Gouveia","MG",866.601,"31","312760 GOUVEIA",1.39784313806486,0.166666666666667,11549,15.5240592532039,15.5240592545183,0.354773421765881,"2558","Low-Low"
"312770","3127701","Governador Valadares","MG",2342.376,"31","312770 GOVERNADOR VALADARES",0.615560087922873,1.66666666666667,266649,15.5240592532039,15.5240592532608,0.156227361173578,"2559","Low-Low"
"312780","3127800","Grão Mogol","MG",3885.294,"31","312780 GRAO MOGOL",0,0,14091,15.5240592532039,15.5240592542812,-3.85270942855229e-06,"2560","Low-Low"
"312790","3127909","Grupiara","MG",193.141,"31","312790 GRUPIARA",0,0,1426,15.5240592532039,15.524059263849,-3.85270942736503e-06,"2561","Not significant"
"312800","3128006","Guanhães","MG",1075.124,"31","312800 GUANHAES",0,0,33434,15.5240592532039,15.5240592536579,-3.85270942862963e-06,"2562","Not significant"
"312810","3128105","Guapé","MG",934.345,"31","312810 GUAPE",0.789760891520046,0.111111111111111,14073,15.5240592532039,15.5240592542825,0.200440109100684,"2563","Not significant"
"312820","3128204","Guaraciaba","MG",348.596,"31","312820 GUARACIABA",0,0,9921,15.5240592532039,15.524059254734,-3.8527094284961e-06,"2564","Not significant"
"312825","3128253","Guaraciama","MG",390.263,"31","312825 GUARACIAMA",0,0,5203,15.5240592532039,15.5240592561214,-3.85270942832393e-06,"2565","Low-Low"
"312830","3128303","Guaranésia","MG",294.828,"31","312830 GUARANESIA",0.292182368547152,0.0555555555555555,19611,15.5240592532039,15.5240592539779,0.0741530119214679,"2566","Not significant"
"312840","3128402","Guarani","MG",264.194,"31","312840 GUARANI",0.61886549577315,0.0555555555555557,7780,15.5240592532039,15.524059255155,0.157066284757254,"2567","Not significant"
"312850","3128501","Guarará","MG",88.655,"31","312850 GUARARA",0,0,3132,15.5240592532039,15.5240592580506,-3.85270942808455e-06,"2568","Not significant"
"312860","3128600","Guarda-Mor","MG",2068.808,"31","312860 GUARDA-MOR",0,0,6684,15.5240592532039,15.524059255475,-3.85270942840415e-06,"2569","Not significant"
"312870","3128709","Guaxupé","MG",286.398,"31","312870 GUAXUPE",0.645779092465152,0.333333333333333,52621,15.5240592532039,15.5240592534924,0.163897045829636,"2570","Not significant"
"312880","3128808","Guidoval","MG",158.375,"31","312880 GUIDOVAL",7.75482350021711,0.555555555555554,7284,15.5240592532039,15.5240592552879,1.96819634834078,"2571","Not significant"
"312890","3128907","Guimarânia","MG",366.833,"31","312890 GUIMARANIA",1.43110653157021,0.111111111111111,8808,15.5240592532039,15.5240592549273,0.363215782542697,"2572","Not significant"
"312900","3129004","Guiricema","MG",293.578,"31","312900 GUIRICEMA",0.628598727716178,0.0555555555555558,7850,15.5240592532039,15.5240592551376,0.15953661165346,"2573","Not significant"
"312910","3129103","Gurinhatã","MG",1849.137,"31","312910 GURINHATA",0,0,5203,15.5240592532039,15.5240592561214,-3.85270942832393e-06,"2574","Not significant"
"312920","3129202","Heliodora","MG",153.95,"31","312920 HELIODORA",2.65377008894419,0.166666666666667,6274,15.5240592532039,15.5240592556234,0.673531892159339,"2575","Not significant"
"312930","3129301","Iapu","MG",340.994,"31","312930 IAPU",0.536198779611578,0.0555555555555556,12486,15.5240592532039,15.5240592544196,0.136085195072813,"2576","Not significant"
"312940","3129400","Ibertioga","MG",346.24,"31","312940 IBERTIOGA",0,0,5334,15.5240592532039,15.5240592560498,-3.85270942833283e-06,"2577","Low-Low"
"312950","3129509","Ibiá","MG",2704.132,"31","312950 IBIA",1.59068548266959,0.388888888888889,22596,15.5240592532039,15.5240592538757,0.403717455306505,"2578","Not significant"
"312960","3129608","Ibiaí","MG",874.76,"31","312960 IBIAI",0,0,6254,15.5240592532039,15.5240592556311,-3.85270942838478e-06,"2579","Not significant"
"312965","3129657","Ibiracatu","MG",353.257,"31","312965 IBIRACATU",0,0,5139,15.5240592532039,15.5240592561578,-3.85270942831943e-06,"2580","Low-Low"
"312970","3129707","Ibiraci","MG",562.095,"31","312970 IBIRACI",0.507449356554216,0.0555555555555556,11057,15.5240592532039,15.5240592545768,0.128788495122566,"2581","Not significant"
"312980","3129806","Ibirité","MG",72.395,"31","312980 IBIRITE",0.951198117593377,1.61111111111111,178713,15.5240592532039,15.5240592532888,0.241413418277331,"2582","Not significant"
"312990","3129905","Ibitiúra de Minas","MG",68.316,"31","312990 IBITIURA DE MINAS",0,0,3439,15.5240592532039,15.5240592576179,-3.85270942813823e-06,"2583","Not significant"
"313000","3130002","Ibituruna","MG",153.106,"31","313000 IBITURUNA",6.16568006301142,0.166666666666667,2740,15.5240592532039,15.524059258744,1.5648664164772,"2584","Not significant"
"313005","3130051","Icaraí de Minas","MG",625.664,"31","313005 ICARAI DE MINAS",0,0,10912,15.5240592532039,15.524059254595,-3.85270942851334e-06,"2585","Low-Low"
"313010","3130101","Igarapé","MG",110.942,"31","313010 IGARAPE",0.548130841354823,0.222222222222222,48475,15.5240592532039,15.524059253517,0.139113592347536,"2586","Not significant"
"313020","3130200","Igaratinga","MG",218.343,"31","313020 IGARATINGA",0,0,11252,15.5240592532039,15.524059254553,-3.85270942851856e-06,"2587","Not significant"
"313030","3130309","Iguatama","MG",628.2,"31","313030 IGUATAMA",0,0,6845,15.5240592532039,15.5240592554216,-3.85270942841078e-06,"2588","Not significant"
"313040","3130408","Ijaci","MG",105.246,"31","313040 IJACI",0,0,7291,15.5240592532039,15.5240592552859,-3.85270942842761e-06,"2589","Not significant"
"313050","3130507","Ilicínea","MG",376.341,"31","313050 ILICINEA",0,0,13171,15.5240592532039,15.5240592543564,-3.85270942854295e-06,"2590","Not significant"
"313055","3130556","Imbé de Minas","MG",196.735,"31","313055 IMBE DE MINAS",1.61922342044756,0.111111111111111,7208,15.5240592532039,15.5240592553099,0.410960479564363,"2591","Not significant"
"313060","3130606","Inconfidentes","MG",149.611,"31","313060 INCONFIDENTES",0,0,7510,15.5240592532039,15.5240592552252,-3.85270942843515e-06,"2592","Not significant"
"313065","3130655","Indaiabira","MG",1004.149,"31","313065 INDAIABIRA",0,0,6379,15.5240592532039,15.5240592555836,-3.85270942839068e-06,"2593","Low-Low"
"313070","3130705","Indianópolis","MG",830.03,"31","313070 INDIANOPOLIS",0,0,6309,15.5240592532039,15.52405925561,-3.8527094283874e-06,"2594","Not significant"
"313080","3130804","Ingaí","MG",305.591,"31","313080 INGAI",0,0,2633,15.5240592532039,15.5240592589691,-3.85270942797057e-06,"2595","Not significant"
"313090","3130903","Inhapim","MG",858.024,"31","313090 INHAPIM",0.452390055798513,0.111111111111111,23000,15.5240592532039,15.5240592538639,0.114814260016368,"2596","Not significant"
"313100","3131000","Inhaúma","MG",244.996,"31","313100 INHAUMA",0,0,6435,15.5240592532039,15.5240592555629,-3.85270942839325e-06,"2597","Low-Low"
"313110","3131109","Inimutaba","MG",527.06,"31","313110 INIMUTABA",0,0,7587,15.5240592532039,15.5240592552047,-3.85270942843769e-06,"2598","Not significant"
"313115","3131158","Ipaba","MG",113.246,"31","313115 IPABA",0.360259098343529,0.0555555555555556,17554,15.5240592532039,15.5240592540686,0.0914311141596297,"2599","Not significant"
"313120","3131208","Ipanema","MG",456.641,"31","313120 IPANEMA",0.559271269648246,0.111111111111111,20095,15.5240592532039,15.5240592539593,0.141941070392892,"2600","Not significant"
"313130","3131307","Ipatinga","MG",164.884,"31","313130 IPATINGA",0.42474560743762,1.05555555555556,235445,15.5240592532039,15.5240592532684,0.107798006350921,"2601","Not significant"
"313140","3131406","Ipiaçu","MG",466.02,"31","313140 IPIACU",0,0,3823,15.5240592532039,15.5240592571746,-3.85270942819325e-06,"2602","Low-Low"
"313150","3131505","Ipuiúna","MG",298.195,"31","313150 IPUIUNA",1.10459837318718,0.111111111111111,9299,15.5240592532039,15.5240592548363,0.280346917383211,"2603","Not significant"
"313160","3131604","Iraí de Minas","MG",356.264,"31","313160 IRAI DE MINAS",0,0,7423,15.5240592532039,15.5240592552489,-3.85270942843221e-06,"2604","Not significant"
"313170","3131703","Itabira","MG",1253.704,"31","313170 ITABIRA",1.04775825350638,1.22222222222222,117747,15.5240592532039,15.5240592533328,0.265920704474289,"2605","Not significant"
"313180","3131802","Itabirinha","MG",209.034,"31","313180 ITABIRINHA",0,0,10560,15.5240592532039,15.5240592546414,-3.85270942850759e-06,"2606","Not significant"
"313190","3131901","Itabirito","MG",544.027,"31","313190 ITABIRITO",1.08553073880266,0.555555555555556,55877,15.5240592532039,15.5240592534756,0.275507487867502,"2607","Not significant"
"313200","3132008","Itacambira","MG",1788.445,"31","313200 ITACAMBIRA",0,0,4265,15.5240592532039,15.5240592567631,-3.85270942824431e-06,"2608","Low-Low"
"313210","3132107","Itacarambi","MG",1225.273,"31","313210 ITACARAMBI",0,0,17521,15.5240592532039,15.5240592540703,-3.85270942857846e-06,"2609","Low-Low"
"313220","3132206","Itaguara","MG",410.468,"31","313220 ITAGUARA",1.80297096967155,0.222222222222222,14325,15.5240592532039,15.5240592542636,0.457596223554455,"2610","Not significant"
"313230","3132305","Itaipé","MG",480.829,"31","313230 ITAIPE",1.85038351555614,0.222222222222222,10549,15.5240592532039,15.5240592546429,0.469629686636927,"2611","Not significant"
"313240","3132404","Itajubá","MG",294.835,"31","313240 ITAJUBA",3.93985159070766,3.72222222222222,96632,15.5240592532039,15.524059253361,0.99994368874048,"2612","High-High"
"313250","3132503","Itamarandiba","MG",2735.573,"31","313250 ITAMARANDIBA",0.322474405339951,0.111111111111111,34137,15.5240592532039,15.5240592536486,0.08184123240945,"2613","Not significant"
"313260","3132602","Itamarati de Minas","MG",94.568,"31","313260 ITAMARATI DE MINAS",0,0,3730,15.5240592532039,15.5240592572736,-3.85270942818097e-06,"2614","Not significant"
"313270","3132701","Itambacuri","MG",1419.209,"31","313270 ITAMBACURI",0.243568571860036,0.0555555555555555,21296,15.5240592532039,15.5240592539167,0.0618146673525928,"2615","Low-Low"
"313280","3132800","Itambé do Mato Dentro","MG",380.34,"31","313280 ITAMBE DO MATO DENTRO",0,0,2175,15.5240592532039,15.5240592601832,-3.85270942781992e-06,"2616","Not significant"
"313290","3132909","Itamogi","MG",243.714,"31","313290 ITAMOGI",0.529050143372589,0.0555555555555556,11062,15.5240592532039,15.5240592545761,0.134270847230072,"2617","Not significant"
"313300","3133006","Itamonte","MG",431.792,"31","313300 ITAMONTE",8.11616156594646,1.22222222222222,15193,15.5240592532039,15.524059254203,2.0599051608178,"2618","Not significant"
"313310","3133105","Itanhandu","MG",143.363,"31","313310 ITANHANDU",2.95008935841846,0.444444444444445,15684,15.5240592532039,15.5240592541717,0.748738716144843,"2619","High-High"
"313320","3133204","Itanhomi","MG",488.843,"31","313320 ITANHOMI",0.448245566851344,0.0555555555555556,11298,15.5240592532039,15.5240592545475,0.113762374825346,"2620","Not significant"
"313330","3133303","Itaobim","MG",679.024,"31","313330 ITAOBIM",0,0,19354,15.5240592532039,15.5240592539882,-3.85270942858864e-06,"2621","Not significant"
"313340","3133402","Itapagipe","MG",1802.438,"31","313340 ITAPAGIPE",2.56309573972978,0.388888888888889,14004,15.5240592532039,15.5240592542879,0.65051843838699,"2622","Not significant"
"313350","3133501","Itapecerica","MG",1040.519,"31","313350 ITAPECERICA",1.01660903886972,0.222222222222222,21462,15.5240592532039,15.5240592539112,0.258014929371884,"2623","Not significant"
"313360","3133600","Itapeva","MG",177.347,"31","313360 ITAPEVA",0,0,13332,15.5240592532039,15.5240592543425,-3.85270942854468e-06,"2624","Not significant"
"313370","3133709","Itatiaiuçu","MG",295.145,"31","313370 ITATIAIUCU",1.00671478763352,0.111111111111111,13603,15.5240592532039,15.5240592543198,0.255503735235908,"2625","Not significant"
"313375","3133758","Itaú de Minas","MG",153.421,"31","313375 ITAU DE MINAS",1.0792409873341,0.166666666666667,14655,15.5240592532039,15.5240592542397,0.27391112785265,"2626","Not significant"
"313380","3133808","Itaúna","MG",495.769,"31","313380 ITAUNA",0.360819889831084,0.333333333333333,102500,15.5240592532039,15.524059253352,0.0915734449212463,"2627","Not significant"
"313390","3133907","Itaverava","MG",284.22,"31","313390 ITAVERAVA",0,0,5752,15.5240592532039,15.524059255843,-3.85270942835849e-06,"2628","Not significant"
"313400","3134004","Itinga","MG",1649.622,"31","313400 ITINGA",0,0,13982,15.5240592532039,15.5240592542896,-3.85270942855125e-06,"2629","Low-Low"
"313410","3134103","Itueta","MG",452.676,"31","313410 ITUETA",0,0,6218,15.5240592532039,15.5240592556452,-3.85270942838303e-06,"2630","Not significant"
"313420","3134202","Ituiutaba","MG",2598.046,"31","313420 ITUIUTABA",0.111383890742736,0.111111111111111,106397,15.5240592532039,15.5240592533466,0.0282657521579391,"2631","Low-Low"
"313430","3134301","Itumirim","MG",234.802,"31","313430 ITUMIRIM",0,0,6845,15.5240592532039,15.5240592554216,-3.85270942841078e-06,"2632","Not significant"
"313440","3134400","Iturama","MG",1404.663,"31","313440 ITURAMA",0.295884595887912,0.111111111111111,40011,15.5240592532039,15.5240592535833,0.0750926496326193,"2633","Not significant"
"313450","3134509","Itutinga","MG",372.018,"31","313450 ITUTINGA",4.25035713525436,0.166666666666667,4347,15.5240592532039,15.5240592566959,1.07875103675121,"2634","Not significant"
"313460","3134608","Jaboticatubas","MG",1114.972,"31","313460 JABOTICATUBAS",0,0,21214,15.5240592532039,15.5240592539195,-3.85270942859717e-06,"2635","Not significant"
"313470","3134707","Jacinto","MG",1393.609,"31","313470 JACINTO",0.450718445201652,0.0555555555555556,11169,15.5240592532039,15.524059254563,0.114389999640506,"2636","Low-Low"
"313480","3134806","Jacuí","MG",409.229,"31","313480 JACUI",1.44469004175154,0.111111111111111,7663,15.5240592532039,15.5240592551848,0.366663322960071,"2637","Not significant"
"313490","3134905","Jacutinga","MG",347.667,"31","313490 JACUTINGA",4.24907486883167,1.05555555555555,26705,15.5240592532039,15.5240592537723,1.07842559333612,"2638","Not significant"
"313500","3135001","Jaguaraçu","MG",163.76,"31","313500 JAGUARACU",1.75088419651924,0.0555555555555556,3173,15.5240592532039,15.524059257988,0.444376425862824,"2639","Not significant"
"313505","3135050","Jaíba","MG",2635.467,"31","313505 JAIBA",0.151849219798709,0.0555555555555556,39379,15.5240592532039,15.5240592535894,0.0385359883256535,"2640","Low-Low"
"313507","3135076","Jampruca","MG",517.095,"31","313507 JAMPRUCA",0,0,4306,15.5240592532039,15.5240592567292,-3.85270942824852e-06,"2641","Not significant"
"313510","3135100","Janaúba","MG",2181.319,"31","313510 JANAUBA",0,0,73281,15.5240592532039,15.524059253411,-3.85270942866026e-06,"2642","Low-Low"
"313520","3135209","Januária","MG",6661.588,"31","313520 JANUARIA",0,0,67087,15.5240592532039,15.5240592534302,-3.85270942865789e-06,"2643","Low-Low"
"313530","3135308","Japaraíba","MG",172.141,"31","313530 JAPARAIBA",1.23292400256448,0.0555555555555556,4672,15.5240592532039,15.524059256453,0.312916392292672,"2644","Not significant"
"313535","3135357","Japonvar","MG",375.181,"31","313535 JAPONVAR",0,0,8357,15.5240592532039,15.5240592550203,-3.85270942846057e-06,"2645","Low-Low"
"313540","3135407","Jeceaba","MG",236.25,"31","313540 JECEABA",1.75143617766568,0.111111111111111,6428,15.5240592532039,15.5240592555654,0.444516520562883,"2646","Not significant"
"313545","3135456","Jenipapo de Minas","MG",284.453,"31","313545 JENIPAPO DE MINAS",0,0,6124,15.5240592532039,15.5240592556826,-3.85270942837838e-06,"2647","Not significant"
"313550","3135506","Jequeri","MG",547.897,"31","313550 JEQUERI",0.445871232388086,0.0555555555555555,12652,15.5240592532039,15.5240592544037,0.113159760779539,"2648","Not significant"
"313560","3135605","Jequitaí","MG",1268.443,"31","313560 JEQUITAI",0,0,6460,15.5240592532039,15.5240592555537,-3.85270942839438e-06,"2649","Low-Low"
"313570","3135704","Jequitibá","MG",445.03,"31","313570 JEQUITIBA",0,0,6098,15.5240592532039,15.5240592556932,-3.85270942837707e-06,"2650","Low-Low"
"313580","3135803","Jequitinhonha","MG",3514.216,"31","313580 JEQUITINHONHA",0,0,24509,15.5240592532039,15.5240592538233,-3.85270942860911e-06,"2651","Low-Low"
"313590","3135902","Jesuânia","MG",153.852,"31","313590 JESUANIA",2.27791893919367,0.111111111111111,5296,15.5240592532039,15.5240592560702,0.578139610369852,"2652","Not significant"
"313600","3136009","Joaíma","MG",1664.19,"31","313600 JOAIMA",0,0,14084,15.5240592532039,15.5240592542817,-3.85270942855222e-06,"2653","Low-Low"
"313610","3136108","Joanésia","MG",233.292,"31","313610 JOANESIA",3.45921038686153,0.166666666666667,4304,15.5240592532039,15.5240592567308,0.87795533983555,"2654","Not significant"
"313620","3136207","João Monlevade","MG",99.158,"31","313620 JOAO MONLEVADE",0.146511130450581,0.111111111111111,83360,15.5240592532039,15.524059253386,0.0371811633542532,"2655","Not significant"
"313630","3136306","João Pinheiro","MG",10727.097,"31","313630 JOAO PINHEIRO",0.114613705965414,0.0555555555555557,48532,15.5240592532039,15.5240592535167,0.0290854900887397,"2656","Not significant"
"313640","3136405","Joaquim Felício","MG",790.935,"31","313640 JOAQUIM FELICIO",0,0,3891,15.5240592532039,15.5240592571052,-3.85270942820186e-06,"2657","Not significant"
"313650","3136504","Jordânia","MG",546.705,"31","313650 JORDANIA",0.51099664786199,0.0555555555555556,10536,15.5240592532039,15.5240592546447,0.129688809547892,"2658","Low-Low"
"313652","3136520","José Gonçalves de Minas","MG",381.332,"31","313652 JOSE GONCALVES DE MINAS",0,0,3993,15.5240592532039,15.5240592570055,-3.85270942821423e-06,"2659","Low-Low"
"313655","3136553","José Raydan","MG",180.822,"31","313655 JOSE RAYDAN",0,0,4352,15.5240592532039,15.5240592566919,-3.85270942825314e-06,"2660","Not significant"
"313657","3136579","Josenópolis","MG",541.393,"31","313657 JOSENOPOLIS",0,0,3607,15.5240592532039,15.5240592574123,-3.85270942816375e-06,"2661","Not significant"
"313660","3136603","Nova União","MG",172.131,"31","313660 NOVA UNIAO",0.957194272149478,0.0555555555555557,6083,15.5240592532039,15.5240592556994,0.24293526238597,"2662","Not significant"
"313665","3136652","Juatuba","MG",97.017,"31","313665 JUATUBA",0.424486018889541,0.111111111111111,32726,15.5240592532039,15.5240592536677,0.107732121905803,"2663","Not significant"
"313670","3136702","Juiz de Fora","MG",1435.749,"31","313670 JUIZ DE FORA",0.558531036997658,3.05555555555556,565764,15.5240592532039,15.5240592532307,0.14175319686799,"2664","Not significant"
"313680","3136801","Juramento","MG",431.63,"31","313680 JURAMENTO",0,0,3815,15.5240592532039,15.5240592571829,-3.85270942819222e-06,"2665","Low-Low"
"313690","3136900","Juruaia","MG",220.353,"31","313690 JURUAIA",0,0,11543,15.5240592532039,15.524059254519,-3.85270942852278e-06,"2666","Not significant"
"313695","3136959","Juvenília","MG",1064.692,"31","313695 JUVENILIA",0,0,5929,15.5240592532039,15.5240592557642,-3.85270942836826e-06,"2667","Not significant"
"313700","3137007","Ladainha","MG",866.29,"31","313700 LADAINHA",0.306057489838891,0.0555555555555555,14399,15.5240592532039,15.5240592542581,0.0776745642186863,"2668","Not significant"
"313710","3137106","Lagamar","MG",1474.562,"31","313710 LAGAMAR",0,0,6672,15.5240592532039,15.5240592554791,-3.85270942840364e-06,"2669","Not significant"
"313720","3137205","Lagoa da Prata","MG",439.984,"31","313720 LAGOA DA PRATA",0.666462930446656,0.333333333333333,53583,15.5240592532039,15.5240592534872,0.169146673248638,"2670","Not significant"
"313730","3137304","Lagoa dos Patos","MG",600.547,"31","313730 LAGOA DOS PATOS",0,0,3285,15.5240592532039,15.5240592578249,-3.85270942811256e-06,"2671","Low-Low"
"313740","3137403","Lagoa Dourada","MG",476.693,"31","313740 LAGOA DOURADA",0,0,13116,15.5240592532039,15.5240592543612,-3.85270942854235e-06,"2672","Not significant"
"313750","3137502","Lagoa Formosa","MG",840.92,"31","313750 LAGOA FORMOSA",3.43214063029161,0.611111111111111,19507,15.5240592532039,15.5240592539821,0.871084944948898,"2673","Not significant"
"313753","3137536","Lagoa Grande","MG",1236.301,"31","313753 LAGOA GRANDE",0,0,9210,15.5240592532039,15.5240592548521,-3.85270942848144e-06,"2674","Not significant"
"313760","3137601","Lagoa Santa","MG",229.409,"31","313760 LAGOA SANTA",0.333206905653868,0.222222222222222,79981,15.5240592532039,15.5240592533937,0.0845651769687984,"2675","Not significant"
"313770","3137700","Lajinha","MG",431.92,"31","313770 LAJINHA",1.94228328160343,0.388888888888889,21422,15.5240592532039,15.5240592539125,0.492954155349769,"2676","Not significant"
"313780","3137809","Lambari","MG",213.11,"31","313780 LAMBARI",1.07191281514102,0.222222222222222,20950,15.5240592532039,15.5240592539285,0.272051213186288,"2677","Not significant"
"313790","3137908","Lamim","MG",118.602,"31","313790 LAMIM",1.58548959918823,0.0555555555555555,3226,15.5240592532039,15.5240592579094,0.402398722608301,"2678","Not significant"
"313800","3138005","Laranjal","MG",204.882,"31","313800 LARANJAL",0,0,6042,15.5240592532039,15.5240592557163,-3.85270942837421e-06,"2679","Not significant"
"313810","3138104","Lassance","MG",3204.217,"31","313810 LASSANCE",0,0,7358,15.5240592532039,15.5240592552669,-3.85270942842997e-06,"2680","Low-Low"
"313820","3138203","Lavras","MG",564.744,"31","313820 LAVRAS",0.166093794597351,0.166666666666666,109884,15.5240592532039,15.524059253342,0.0421513091625383,"2681","Not significant"
"313830","3138302","Leandro Ferreira","MG",352.005,"31","313830 LEANDRO FERREIRA",0,0,3270,15.5240592532039,15.5240592578461,-3.85270942810993e-06,"2682","Not significant"
"313835","3138351","Leme do Prado","MG",280.036,"31","313835 LEME DO PRADO",0,0,4387,15.5240592532039,15.5240592566641,-3.8527094282566e-06,"2683","Low-Low"
"313840","3138401","Leopoldina","MG",943.077,"31","313840 LEOPOLDINA",2.44184055389548,1.27777777777778,52696,15.5240592532039,15.524059253492,0.619743465750248,"2684","Not significant"
"313850","3138500","Liberdade","MG",401.337,"31","313850 LIBERDADE",0,0,4775,15.5240592532039,15.5240592563829,-3.85270942829148e-06,"2685","Not significant"
"313860","3138609","Lima Duarte","MG",848.564,"31","313860 LIMA DUARTE",0.976466528899843,0.166666666666667,17712,15.5240592532039,15.5240592540609,0.24782662576911,"2686","Not significant"
"313862","3138625","Limeira do Oeste","MG",1317.153,"31","313862 LIMEIRA DO OESTE",0,0,9087,15.5240592532039,15.5240592548744,-3.85270942847868e-06,"2687","Low-Low"
"313865","3138658","Lontra","MG",258.925,"31","313865 LONTRA",0,0,8968,15.5240592532039,15.5240592548966,-3.85270942847593e-06,"2688","Not significant"
"313867","3138674","Luisburgo","MG",145.418,"31","313867 LUISBURGO",4.28506934894198,0.277777777777777,7195,15.5240592532039,15.5240592553137,1.08756111299979,"2689","Not significant"
"313868","3138682","Luislândia","MG",411.714,"31","313868 LUISLANDIA",0,0,6329,15.5240592532039,15.5240592556024,-3.85270942838834e-06,"2690","Low-Low"
"313870","3138708","Luminárias","MG",500.143,"31","313870 LUMINARIAS",0,0,5731,15.5240592532039,15.5240592558526,-3.85270942835729e-06,"2691","Not significant"
"313880","3138807","Luz","MG",1171.659,"31","313880 LUZ",0,0,18304,15.5240592532039,15.5240592540332,-3.85270942858306e-06,"2692","Not significant"
"313890","3138906","Machacalis","MG",332.378,"31","313890 MACHACALIS",0.862663906142167,0.0555555555555555,6579,15.5240592532039,15.5240592555112,0.218943138598372,"2693","Low-Low"
"313900","3139003","Machado","MG",585.958,"31","313900 MACHADO",0.132527565733673,0.0555555555555556,38831,15.5240592532039,15.5240592535948,0.0336320877511932,"2694","Not significant"
"313910","3139102","Madre de Deus de Minas","MG",492.909,"31","313910 MADRE DE DEUS DE MINAS",1.07022838673773,0.0555555555555554,5341,15.5240592532039,15.524059256046,0.271623699592237,"2695","Not significant"
"313920","3139201","Malacacheta","MG",727.886,"31","313920 MALACACHETA",0.634340666311433,0.111111111111111,17751,15.5240592532039,15.524059254059,0.160993934923385,"2696","Low-Low"
"313925","3139250","Mamonas","MG",284.365,"31","313925 MAMONAS",0,0,6096,15.5240592532039,15.524059255694,-3.85270942837697e-06,"2697","Low-Low"
"313930","3139300","Manga","MG",1950.184,"31","313930 MANGA",0.559601219707275,0.111111111111111,19188,15.5240592532039,15.524059253995,0.142024812823814,"2698","Low-Low"
"313940","3139409","Manhuaçu","MG",628.318,"31","313940 MANHUACU",1.72217444597023,1.5,96545,15.5240592532039,15.5240592533611,0.437089794994817,"2699","Not significant"
"313950","3139508","Manhumirim","MG",182.9,"31","313950 MANHUMIRIM",2.7319615884045,0.611111111111111,20970,15.5240592532039,15.5240592539278,0.693377156883401,"2700","Not significant"
"313960","3139607","Mantena","MG",685.208,"31","313960 MANTENA",0.808446012954016,0.222222222222222,27358,15.5240592532039,15.5240592537588,0.205182455562856,"2701","Not significant"
"313970","3139706","Maravilhas","MG",261.604,"31","313970 MARAVILHAS",0.767872226061583,0.0555555555555556,7518,15.5240592532039,15.524059255223,0.194884692423304,"2702","Low-Low"
"313980","3139805","Mar de Espanha","MG",371.6,"31","313980 MAR DE ESPANHA",0.863813296747778,0.111111111111111,13119,15.5240592532039,15.524059254361,0.219234857795328,"2703","Not significant"
"313990","3139904","Maria da Fé","MG",202.898,"31","313990 MARIA DA FE",1.58097767659521,0.222222222222222,14557,15.5240592532039,15.5240592542467,0.401253581576189,"2704","Not significant"
"314000","3140001","Mariana","MG",1194.208,"31","314000 MARIANA",0.615770135923789,0.388888888888889,64058,15.5240592532039,15.5240592534409,0.156280672059457,"2705","Not significant"
"314010","3140100","Marilac","MG",158.809,"31","314010 MARILAC",0,0,4320,15.5240592532039,15.5240592567178,-3.85270942824994e-06,"2706","Low-Low"
"314015","3140159","Mário Campos","MG",35.196,"31","314015 MARIO CAMPOS",0.390631103610994,0.0555555555555556,16546,15.5240592532039,15.5240592541213,0.0991396309135045,"2707","Not significant"
"314020","3140209","Maripá de Minas","MG",77.338,"31","314020 MARIPA DE MINAS",3.49211035659219,0.111111111111111,3532,15.5240592532039,15.5240592575017,0.886305462422216,"2708","Not significant"
"314030","3140308","Marliéria","MG",545.813,"31","314030 MARLIERIA",1.37718283479314,0.0555555555555554,4761,15.5240592532039,15.5240592563923,0.349529767514225,"2709","Not significant"
"314040","3140407","Marmelópolis","MG",107.902,"31","314040 MARMELOPOLIS",0,0,3299,15.5240592532039,15.5240592578053,-3.85270942811499e-06,"2710","Low-High"
"314050","3140506","Martinho Campos","MG",1058.418,"31","314050 MARTINHO CAMPOS",1.67273566453507,0.222222222222222,14461,15.5240592532039,15.5240592542536,0.424542066518685,"2711","Not significant"
"314053","3140530","Martins Soares","MG",113.268,"31","314053 MARTINS SOARES",1.39515851987096,0.111111111111111,8725,15.5240592532039,15.5240592549437,0.354092056663685,"2712","Not significant"
"314055","3140555","Mata Verde","MG",227.539,"31","314055 MATA VERDE",0,0,9458,15.5240592532039,15.5240592548089,-3.85270942848681e-06,"2713","Low-Low"
"314060","3140605","Materlândia","MG",280.53,"31","314060 MATERLANDIA",0,0,3982,15.5240592532039,15.524059257016,-3.85270942821292e-06,"2714","Not significant"
"314070","3140704","Mateus Leme","MG",301.383,"31","314070 MATEUS LEME",0.385245844026317,0.111111111111111,40239,15.5240592532039,15.5240592535811,0.0977728339794184,"2715","Not significant"
"314080","3140803","Matias Barbosa","MG",157.066,"31","314080 MATIAS BARBOSA",0.784771625254703,0.111111111111111,14501,15.5240592532039,15.5240592542507,0.199173816597057,"2716","Not significant"
"314085","3140852","Matias Cardoso","MG",1940.598,"31","314085 MATIAS CARDOSO",0,0,8975,15.5240592532039,15.5240592548952,-3.85270942847609e-06,"2717","Low-Low"
"314090","3140902","Matipó","MG",266.99,"31","314090 MATIPO",1.18241888440161,0.222222222222222,19054,15.5240592532039,15.5240592540006,0.300098024017507,"2718","Not significant"
"314100","3141009","Mato Verde","MG",472.245,"31","314100 MATO VERDE",0,0,12238,15.5240592532039,15.5240592544443,-3.85270942853205e-06,"2719","Low-Low"
"314110","3141108","Matozinhos","MG",252.453,"31","314110 MATOZINHOS",0.434698736733883,0.166666666666667,39291,15.5240592532039,15.5240592535902,0.110324143931466,"2720","Low-Low"
"314120","3141207","Matutina","MG",260.957,"31","314120 MATUTINA",0,0,3907,15.5240592532039,15.5240592570892,-3.85270942820384e-06,"2721","Not significant"
"314130","3141306","Medeiros","MG",946.437,"31","314130 MEDEIROS",1.37513751375138,0.0555555555555557,4040,15.5240592532039,15.5240592569613,0.349010658170865,"2722","Not significant"
"314140","3141405","Medina","MG",1435.903,"31","314140 MEDINA",0.26604518511424,0.0555555555555556,20492,15.5240592532039,15.5240592539447,0.0675193071456322,"2723","Low-Low"
"314150","3141504","Mendes Pimentel","MG",305.507,"31","314150 MENDES PIMENTEL",0,0,5651,15.5240592532039,15.5240592558901,-3.85270942835264e-06,"2724","Low-Low"
"314160","3141603","Mercês","MG",348.271,"31","314160 MERCES",2.60624158710123,0.277777777777778,10609,15.5240592532039,15.5240592546347,0.661468999081765,"2725","Not significant"
"314170","3141702","Mesquita","MG",274.938,"31","314170 MESQUITA",0,0,5038,15.5240592532039,15.524059256217,-3.85270942831208e-06,"2726","Not significant"
"314180","3141801","Minas Novas","MG",1812.398,"31","314180 MINAS NOVAS",0.356691209439966,0.111111111111111,24191,15.5240592532039,15.5240592538314,0.0905255719958356,"2727","Low-Low"
"314190","3141900","Minduri","MG",219.774,"31","314190 MINDURI",0,0,3815,15.5240592532039,15.5240592571829,-3.85270942819222e-06,"2728","Not significant"
"314200","3142007","Mirabela","MG",723.278,"31","314200 MIRABELA",0.423570871878283,0.0555555555555556,14029,15.5240592532039,15.5240592542859,0.107499854524323,"2729","Low-Low"
"314210","3142106","Miradouro","MG",301.672,"31","314210 MIRADOURO",2.26732682233035,0.222222222222222,9026,15.5240592532039,15.5240592548857,0.575451295623735,"2730","Not significant"
"314220","3142205","Miraí","MG",320.695,"31","314220 MIRAI",0.777532939720087,0.111111111111111,13922,15.5240592532039,15.5240592542942,0.197336613941601,"2731","Not significant"
"314225","3142254","Miravânia","MG",602.128,"31","314225 MIRAVANIA",0,0,4011,15.5240592532039,15.5240592569885,-3.85270942821635e-06,"2732","Not significant"
"314230","3142304","Moeda","MG",155.112,"31","314230 MOEDA",2.25743825906362,0.111111111111111,5291,15.5240592532039,15.5240592560729,0.572941545095012,"2733","Not significant"
"314240","3142403","Moema","MG",202.705,"31","314240 MOEMA",1.48109244628618,0.111111111111111,7778,15.5240592532039,15.5240592551555,0.375902375264067,"2734","Not significant"
"314250","3142502","Monjolos","MG",650.911,"31","314250 MONJOLOS",0,0,2196,15.5240592532039,15.5240592601164,-3.8527094278282e-06,"2735","Not significant"
"314260","3142601","Monsenhor Paulo","MG",216.54,"31","314260 MONSENHOR PAULO",0.673890775783061,0.0555555555555556,8550,15.5240592532039,15.5240592549793,0.171031885287465,"2736","Not significant"
"314270","3142700","Montalvânia","MG",1503.755,"31","314270 MONTALVANIA",0.373432517009851,0.0555555555555556,14160,15.5240592532039,15.5240592542759,0.0947745719782325,"2737","Low-Low"
"314280","3142809","Monte Alegre de Minas","MG",2595.957,"31","314280 MONTE ALEGRE DE MINAS",0.534398633465999,0.111111111111111,20666,15.5240592532039,15.5240592539384,0.135628311948478,"2738","Low-Low"
"314290","3142908","Monte Azul","MG",1001.296,"31","314290 MONTE AZUL",0,0,20577,15.5240592532039,15.5240592539416,-3.85270942859442e-06,"2739","Low-Low"
"314300","3143005","Monte Belo","MG",421.283,"31","314300 MONTE BELO",0.8511000468105,0.111111111111111,13340,15.5240592532039,15.5240592543418,0.216008192342327,"2740","Low-Low"
"314310","3143104","Monte Carmelo","MG",1343.035,"31","314310 MONTE CARMELO",0.808881187291586,0.388888888888889,49354,15.5240592532039,15.5240592535115,0.205292904270218,"2741","Not significant"
"314315","3143153","Monte Formoso","MG",385.553,"31","314315 MONTE FORMOSO",0,0,4449,15.5240592532039,15.5240592566159,-3.85270942826258e-06,"2742","Not significant"
"314320","3143203","Monte Santo de Minas","MG",594.632,"31","314320 MONTE SANTO DE MINAS",1.8059316865906,0.388888888888889,21301,15.5240592532039,15.5240592539165,0.458347663438946,"2743","Not significant"
"314330","3143302","Montes Claros","MG",3589.811,"31","314330 MONTES CLAROS",0.085064850792261,0.333333333333333,434321,15.5240592532039,15.5240592532388,0.0215858915881683,"2744","Low-Low"
"314340","3143401","Monte Sião","MG",291.594,"31","314340 MONTE SIAO",1.17484300679968,0.277777777777778,24933,15.5240592532039,15.5240592538127,0.298175240887053,"2745","Not significant"
"314345","3143450","Montezuma","MG",1130.419,"31","314345 MONTEZUMA",0,0,6979,15.5240592532039,15.524059255379,-3.85270942841606e-06,"2746","Low-Low"
"314350","3143500","Morada Nova de Minas","MG",2084.275,"31","314350 MORADA NOVA DE MINAS",1.26451566127577,0.111111111111111,9364,15.5240592532039,15.524059254825,0.320934461195658,"2747","Not significant"
"314360","3143609","Morro da Garça","MG",414.772,"31","314360 MORRO DA GARCA",0,0,2438,15.5240592532039,15.5240592594303,-3.85270942791335e-06,"2748","Not significant"
"314370","3143708","Morro do Pilar","MG",477.548,"31","314370 MORRO DO PILAR",0,0,3174,15.5240592532039,15.5240592579865,-3.8527094280925e-06,"2749","Not significant"
"314380","3143807","Munhoz","MG",191.564,"31","314380 MUNHOZ",1.62345486701293,0.111111111111111,7857,15.5240592532039,15.5240592551359,0.412034434890152,"2750","Not significant"
"314390","3143906","Muriaé","MG",841.693,"31","314390 MURIAE",1.33951210493041,1.38888888888889,108161,15.5240592532039,15.5240592533442,0.339968810024218,"2751","Not significant"
"314400","3144003","Mutum","MG",1250.824,"31","314400 MUTUM",3.67136894077118,1,28670,15.5240592532039,15.5240592537334,0.931801892129875,"2752","Not significant"
"314410","3144102","Muzambinho","MG",409.948,"31","314410 MUZAMBINHO",0,0,22527,15.5240592532039,15.5240592538777,-3.85270942860235e-06,"2753","Not significant"
"314420","3144201","Nacip Raydan","MG",233.493,"31","314420 NACIP RAYDAN",0,0,2437,15.5240592532039,15.5240592594328,-3.85270942791303e-06,"2754","Low-Low"
"314430","3144300","Nanuque","MG",1518.166,"31","314430 NANUQUE",0.83470389895563,0.333333333333334,35554,15.5240592532039,15.5240592536308,0.211846795056256,"2755","Not significant"
"314435","3144359","Naque","MG",127.173,"31","314435 NAQUE",0,0,6442,15.5240592532039,15.5240592555603,-3.85270942839356e-06,"2756","Not significant"
"314437","3144375","Natalândia","MG",468.66,"31","314437 NATALANDIA",1.57828282828283,0.0555555555555555,3626,15.5240592532039,15.5240592573903,0.400569619999918,"2757","Not significant"
"314440","3144409","Natércia","MG",188.719,"31","314440 NATERCIA",2.33690579421922,0.111111111111111,4800,15.5240592532039,15.5240592563664,0.593110671912458,"2758","Not significant"
"314450","3144508","Nazareno","MG",341.453,"31","314450 NAZARENO",1.30368306906416,0.111111111111111,8390,15.5240592532039,15.5240592550132,0.330875280592407,"2759","Not significant"
"314460","3144607","Nepomuceno","MG",582.553,"31","314460 NEPOMUCENO",0,0,25774,15.5240592532039,15.5240592537929,-3.85270942861288e-06,"2760","Not significant"
"314465","3144656","Ninheira","MG",1108.255,"31","314465 NINHEIRA",0,0,10915,15.5240592532039,15.5240592545946,-3.85270942851339e-06,"2761","Low-Low"
"314467","3144672","Nova Belém","MG",146.775,"31","314467 NOVA BELEM",0,0,3156,15.5240592532039,15.5240592580137,-3.85270942808912e-06,"2762","Not significant"
"314470","3144706","Nova Era","MG",361.926,"31","314470 NOVA ERA",0,0,17807,15.5240592532039,15.5240592540564,-3.85270942858018e-06,"2763","Not significant"
"314480","3144805","Nova Lima","MG",429.313,"31","314480 NOVA LIMA",1.18857922626287,1.11111111111111,119142,15.5240592532039,15.5240592533313,0.301661539439936,"2764","Not significant"
"314490","3144904","Nova Módica","MG",375.973,"31","314490 NOVA MODICA",1.4747957407899,0.0555555555555555,3731,15.5240592532039,15.5240592572725,0.374304250274975,"2765","Not significant"
"314500","3145000","Nova Ponte","MG",1111.011,"31","314500 NOVA PONTE",0,0,15113,15.5240592532039,15.5240592542083,-3.85270942856133e-06,"2766","Not significant"
"314505","3145059","Nova Porteirinha","MG",120.943,"31","314505 NOVA PORTEIRINHA",0,0,6780,15.5240592532039,15.5240592554428,-3.85270942840814e-06,"2767","Low-Low"
"314510","3145109","Nova Resende","MG",390.152,"31","314510 NOVA RESENDE",0.989746604314524,0.166666666666666,16854,15.5240592532039,15.5240592541046,0.251197153428276,"2768","Not significant"
"314520","3145208","Nova Serrana","MG",282.472,"31","314520 NOVA SERRANA",0.203282362049829,0.166666666666667,112910,15.5240592532039,15.5240592533383,0.0515898922507702,"2769","Not significant"
"314530","3145307","Novo Cruzeiro","MG",1702.981,"31","314530 NOVO CRUZEIRO",0.358088382350532,0.111111111111111,27453,15.5240592532039,15.5240592537568,0.0908801791645508,"2770","Not significant"
"314535","3145356","Novo Oriente de Minas","MG",755.151,"31","314535 NOVO ORIENTE DE MINAS",0,0,10501,15.5240592532039,15.5240592546495,-3.85270942850659e-06,"2771","Not significant"
"314537","3145372","Novorizonte","MG",271.61,"31","314537 NOVORIZONTE",0,0,4630,15.5240592532039,15.5240592564825,-3.85270942827913e-06,"2772","Not significant"
"314540","3145406","Olaria","MG",178.242,"31","314540 OLARIA",0,0,1986,15.5240592532039,15.5240592608473,-3.8527094277375e-06,"2773","Not significant"
"314545","3145455","Olhos-d'Água","MG",2092.078,"31","314545 OLHOS-D'AGUA",1.03978206167987,0.0555555555555556,5520,15.5240592532039,15.5240592559539,0.263896320227523,"2774","Not significant"
"314550","3145505","Olímpio Noronha","MG",54.633,"31","314550 OLIMPIO NORONHA",0,0,2616,15.5240592532039,15.5240592590066,-3.85270942796592e-06,"2775","Not significant"
"314560","3145604","Oliveira","MG",897.294,"31","314560 OLIVEIRA",0.408875069543557,0.166666666666667,40552,15.5240592532039,15.5240592535782,0.103770010628896,"2776","Not significant"
"314570","3145703","Oliveira Fortes","MG",111.13,"31","314570 OLIVEIRA FORTES",0,0,2062,15.5240592532039,15.5240592605656,-3.85270942777246e-06,"2777","Not significant"
"314580","3145802","Onça de Pitangui","MG",246.976,"31","314580 ONCA DE PITANGUI",0,0,3027,15.5240592532039,15.5240592582187,-3.85270942806368e-06,"2778","Not significant"
"314585","3145851","Oratórios","MG",89.068,"31","314585 ORATORIOS",3.54349937887599,0.166666666666667,5076,15.5240592532039,15.5240592561944,0.899348168587527,"2779","Not significant"
"314587","3145877","Orizânia","MG",121.8,"31","314587 ORIZANIA",0.658475234746422,0.0555555555555556,8759,15.5240592532039,15.524059254937,0.167119369294639,"2780","Not significant"
"314590","3145901","Ouro Branco","MG",258.726,"31","314590 OURO BRANCO",1.161944121696,0.444444444444444,40411,15.5240592532039,15.5240592535795,0.294901460608532,"2781","Not significant"
"314600","3146008","Ouro Fino","MG",533.714,"31","314600 OURO FINO",0.164775049102964,0.0555555555555555,33227,15.5240592532039,15.5240592536607,0.0418166071347483,"2782","Not significant"
"314610","3146107","Ouro Preto","MG",1245.865,"31","314610 OURO PRETO",0.299299778305757,0.222222222222222,77601,15.5240592532039,15.5240592533995,0.0759594343795696,"2783","Not significant"
"314620","3146206","Ouro Verde de Minas","MG",175.482,"31","314620 OURO VERDE DE MINAS",0,0,5858,15.5240592532039,15.5240592557952,-3.85270942836441e-06,"2784","Not significant"
"314625","3146255","Padre Carvalho","MG",446.275,"31","314625 PADRE CARVALHO",0,0,5085,15.5240592532039,15.5240592561891,-3.85270942831553e-06,"2785","Not significant"
"314630","3146305","Padre Paraíso","MG",544.375,"31","314630 PADRE PARAISO",0,0,17537,15.5240592532039,15.5240592540695,-3.85270942857856e-06,"2786","Not significant"
"314640","3146404","Paineiras","MG",637.309,"31","314640 PAINEIRAS",2.39447476689023,0.111111111111111,4273,15.5240592532039,15.5240592567564,0.607721870158174,"2787","Not significant"
"314650","3146503","Pains","MG",421.862,"31","314650 PAINS",1.32126743117211,0.111111111111111,8341,15.5240592532039,15.5240592550238,0.33533825064384,"2788","Not significant"
"314655","3146552","Pai Pedro","MG",839.805,"31","314655 PAI PEDRO",0,0,5634,15.5240592532039,15.5240592558982,-3.85270942835163e-06,"2789","Low-Low"
"314660","3146602","Paiva","MG",58.419,"31","314660 PAIVA",0,0,1498,15.5240592532039,15.5240592633373,-3.85270942742852e-06,"2790","Not significant"
"314670","3146701","Palma","MG",316.476,"31","314670 PALMA",3.31241591605141,0.222222222222222,5742,15.5240592532039,15.5240592558476,0.840698411066692,"2791","Not significant"
"314675","3146750","Palmópolis","MG",433.154,"31","314675 PALMOPOLIS",0,0,6373,15.5240592532039,15.5240592555858,-3.8527094283904e-06,"2792","Low-Low"
"314690","3146909","Papagaios","MG",553.577,"31","314690 PAPAGAIOS",0.404805855111888,0.0555555555555556,14207,15.5240592532039,15.5240592542724,0.102737230362452,"2793","Not significant"
"314700","3147006","Paracatu","MG",8231.029,"31","314700 PARACATU",0.237232814918748,0.222222222222222,98397,15.5240592532039,15.5240592533582,0.0602066310023844,"2794","Not significant"
"314710","3147105","Pará de Minas","MG",551.247,"31","314710 PARA DE MINAS",0.259975531853707,0.222222222222222,102033,15.5240592532039,15.5240592533527,0.0659788088018448,"2795","Not significant"
"314720","3147204","Paraguaçu","MG",424.296,"31","314720 PARAGUACU",0.517132603142098,0.111111111111111,22357,15.5240592532039,15.5240592538829,0.131246135570957,"2796","Not significant"
"314730","3147303","Paraisópolis","MG",331.238,"31","314730 PARAISOPOLIS",1.07204153340838,0.222222222222222,21005,15.5240592532039,15.5240592539266,0.272083882314069,"2797","Not significant"
"314740","3147402","Paraopeba","MG",625.623,"31","314740 PARAOPEBA",0,0,24800,15.5240592532039,15.524059253816,-3.85270942861001e-06,"2798","Low-Low"
"314750","3147501","Passabém","MG",94.183,"31","314750 PASSABEM",0,0,1617,15.5240592532039,15.5240592625916,-3.85270942752106e-06,"2799","Not significant"
"314760","3147600","Passa Quatro","MG",277.221,"31","314760 PASSA QUATRO",7.63571719092198,1.22222222222222,15842,15.5240592532039,15.5240592541621,1.93796676782879,"2800","Not significant"
"314770","3147709","Passa Tempo","MG",429.172,"31","314770 PASSA TEMPO",0,0,8696,15.5240592532039,15.5240592549495,-3.85270942846935e-06,"2801","Not significant"
"314780","3147808","Passa Vinte","MG",246.565,"31","314780 PASSA-VINTE",5.14978859119259,0.111111111111111,2301,15.5240592532039,15.524059259801,1.30702975531457,"2802","Not significant"
"314790","3147907","Passos","MG",1338.07,"31","314790 PASSOS",0.942015769278395,1.05555555555556,116530,15.5240592532039,15.5240592533342,0.239082907492266,"2803","Not significant"
"314795","3147956","Patis","MG",444.196,"31","314795 PATIS",0,0,4863,15.5240592532039,15.5240592563254,-3.85270942829862e-06,"2804","Not significant"
"314800","3148004","Patos de Minas","MG",3190.456,"31","314800 PATOS DE MINAS",0.541621692200058,0.833333333333334,167870,15.5240592532039,15.5240592532943,0.13746154847216,"2805","Not significant"
"314810","3148103","Patrocínio","MG",2874.344,"31","314810 PATROCINIO",0.993772337193848,0.888888888888889,93852,15.5240592532039,15.5240592533656,0.252218897934658,"2806","Not significant"
"314820","3148202","Patrocínio do Muriaé","MG",108.246,"31","314820 PATROCINIO DO MURIAE",2.95807811012076,0.166666666666667,5735,15.5240592532039,15.5240592558508,0.750766288067259,"2807","Not significant"
"314830","3148301","Paula Cândido","MG",268.321,"31","314830 PAULA CANDIDO",1.17812476861553,0.111111111111111,8786,15.5240592532039,15.5240592549316,0.299008163026714,"2808","Not significant"
"314840","3148400","Paulistas","MG",220.564,"31","314840 PAULISTAS",0,0,4429,15.5240592532039,15.5240592566313,-3.85270942826067e-06,"2809","Not significant"
"314850","3148509","Pavão","MG",601.19,"31","314850 PAVAO",1.21340079841773,0.111111111111111,8168,15.5240592532039,15.5240592550624,0.307961337646064,"2810","Not significant"
"314860","3148608","Peçanha","MG",996.646,"31","314860 PECANHA",0.633490818078004,0.111111111111111,17843,15.5240592532039,15.5240592540546,0.160778240592786,"2811","Low-Low"
"314870","3148707","Pedra Azul","MG",1594.651,"31","314870 PEDRA AZUL",0,0,24999,15.5240592532039,15.5240592538111,-3.85270942861062e-06,"2812","Low-Low"
"314875","3148756","Pedra Bonita","MG",173.928,"31","314875 PEDRA BONITA",0.758955676988461,0.0555555555555554,7559,15.5240592532039,15.5240592552121,0.192621642377431,"2813","Not significant"
"314880","3148806","Pedra do Anta","MG",173.168,"31","314880 PEDRA DO ANTA",0,0,3371,15.5240592532039,15.524059257707,-3.85270942812718e-06,"2814","Not significant"
"314890","3148905","Pedra do Indaiá","MG",347.92,"31","314890 PEDRA DO INDAIA",1.39867964641378,0.0555555555555555,4232,15.5240592532039,15.5240592567908,0.35498573036311,"2815","Not significant"
"314900","3149002","Pedra Dourada","MG",69.99,"31","314900 PEDRA DOURADA",0,0,2883,15.5240592532039,15.5240592584692,-3.8527094280326e-06,"2816","Not significant"
"314910","3149101","Pedralva","MG",217.989,"31","314910 PEDRALVA",2.98122957487737,0.333333333333333,10924,15.5240592532039,15.5240592545935,0.756642207464274,"2817","Not significant"
"314915","3149150","Pedras de Maria da Cruz","MG",1525.648,"31","314915 PEDRAS DE MARIA DA CRUZ",0,0,10619,15.5240592532039,15.5240592546334,-3.85270942850858e-06,"2818","Low-Low"
"314920","3149200","Pedrinópolis","MG",357.891,"31","314920 PEDRINOPOLIS",0,0,3404,15.5240592532039,15.5240592576633,-3.8527094281326e-06,"2819","Not significant"
"314930","3149309","Pedro Leopoldo","MG",292.831,"31","314930 PEDRO LEOPOLDO",0.17291405134164,0.111111111111111,64910,15.5240592532039,15.5240592534378,0.043882313187935,"2820","Not significant"
"314940","3149408","Pedro Teixeira","MG",112.959,"31","314940 PEDRO TEIXEIRA",0,0,1854,15.5240592532039,15.5240592613915,-3.85270942766997e-06,"2821","Not significant"
"314950","3149507","Pequeri","MG",90.833,"31","314950 PEQUERI",0,0,3448,15.5240592532039,15.5240592576064,-3.85270942813966e-06,"2822","Not significant"
"314960","3149606","Pequi","MG",203.991,"31","314960 PEQUI",0,0,4258,15.5240592532039,15.5240592567689,-3.85270942824359e-06,"2823","Not significant"
"314970","3149705","Perdigão","MG",249.322,"31","314970 PERDIGAO",0.463194560243084,0.0555555555555556,12925,15.5240592532039,15.5240592543784,0.117556479462798,"2824","Not significant"
"314980","3149804","Perdizes","MG",2451.112,"31","314980 PERDIZES",1.1327850653617,0.166666666666667,17830,15.5240592532039,15.5240592540553,0.287500794355417,"2825","Not significant"
"314990","3149903","Perdões","MG",270.657,"31","314990 PERDOES",1.0519582026293,0.222222222222222,21991,15.5240592532039,15.5240592538942,0.266986665636525,"2826","Not significant"
"314995","3149952","Periquito","MG",228.907,"31","314995 PERIQUITO",0,0,6647,15.5240592532039,15.5240592554876,-3.85270942840258e-06,"2827","Not significant"
"315000","3150000","Pescador","MG",317.463,"31","315000 PESCADOR",1.47206029558971,0.0555555555555555,3587,15.5240592532039,15.5240592574358,0.373609985111141,"2828","Not significant"
"315010","3150109","Piau","MG",192.196,"31","315010 PIAU",2.01069690754816,0.0555555555555555,2854,15.5240592532039,15.5240592585227,0.5103177628843,"2829","Not significant"
"315015","3150158","Piedade de Caratinga","MG",109.345,"31","315015 PIEDADE DE CARATINGA",0.638422840215533,0.0555555555555557,8883,15.5240592532039,15.5240592549128,0.162030004340608,"2830","Not significant"
"315020","3150208","Piedade de Ponte Nova","MG",83.733,"31","315020 PIEDADE DE PONTE NOVA",0,0,4056,15.5240592532039,15.5240592569465,-3.85270942822156e-06,"2831","Not significant"
"315030","3150307","Piedade do Rio Grande","MG",322.814,"31","315030 PIEDADE DO RIO GRANDE",0,0,4697,15.5240592532039,15.5240592564357,-3.85270942828493e-06,"2832","Not significant"
"315040","3150406","Piedade dos Gerais","MG",259.638,"31","315040 PIEDADE DOS GERAIS",0,0,5175,15.5240592532039,15.5240592561372,-3.85270942832198e-06,"2833","Not significant"
"315050","3150505","Pimenta","MG",414.969,"31","315050 PIMENTA",4.57450258555602,0.388888888888889,8794,15.5240592532039,15.5240592549301,1.16102023874124,"2834","Not significant"
"315053","3150539","Pingo-d'Água","MG",66.57,"31","315053 PINGO-D'AGUA",0,0,4845,15.5240592532039,15.524059256337,-3.85270942829718e-06,"2835","Not significant"
"315057","3150570","Pintópolis","MG",1228.736,"31","315057 PINTOPOLIS",0,0,7231,15.5240592532039,15.5240592553032,-3.85270942842547e-06,"2836","Low-Low"
"315060","3150604","Piracema","MG",280.335,"31","315060 PIRACEMA",0.869958589971117,0.0555555555555555,6884,15.5240592532039,15.524059255409,0.22079455380903,"2837","Not significant"
"315070","3150703","Pirajuba","MG",337.98,"31","315070 PIRAJUBA",1.00335119298457,0.0555555555555555,5762,15.5240592532039,15.5240592558384,0.254650043625658,"2838","Not significant"
"315080","3150802","Piranga","MG",658.812,"31","315080 PIRANGA",0.634943419667788,0.111111111111111,17360,15.5240592532039,15.5240592540783,0.161146915745759,"2839","Not significant"
"315090","3150901","Piranguçu","MG",203.619,"31","315090 PIRANGUCU",14.9370688166252,0.833333333333333,6271,15.5240592532039,15.5240592556245,3.79107428683052,"2840","Not significant"
"315100","3151008","Piranguinho","MG",124.803,"31","315100 PIRANGUINHO",2.58239485241422,0.222222222222222,9451,15.5240592532039,15.5240592548101,0.655416617872349,"2841","Not significant"
"315110","3151107","Pirapetinga","MG",190.681,"31","315110 PIRAPETINGA",0.501539726961773,0.0555555555555556,11408,15.5240592532039,15.5240592545345,0.127288611321138,"2842","Not significant"
"315120","3151206","Pirapora","MG",549.514,"31","315120 PIRAPORA",0.0994265079024189,0.0555555555555556,57543,15.5240592532039,15.5240592534677,0.0252309283077351,"2843","Not significant"
"315130","3151305","Piraúba","MG",144.289,"31","315130 PIRAUBA",0,0,11958,15.5240592532039,15.5240592544733,-3.85270942852844e-06,"2844","Not significant"
"315140","3151404","Pitangui","MG",569.636,"31","315140 PITANGUI",0,0,27734,15.5240592532039,15.5240592537512,-3.85270942861805e-06,"2845","Not significant"
"315150","3151503","Piumhi","MG",902.468,"31","315150 PIUMHI",0,0,37742,15.5240592532039,15.5240592536061,-3.85270942863606e-06,"2846","Not significant"
"315160","3151602","Planura","MG",317.52,"31","315160 PLANURA",0,0,11484,15.5240592532039,15.5240592545257,-3.85270942852194e-06,"2847","Not significant"
"315170","3151701","Poço Fundo","MG",474.244,"31","315170 POCO FUNDO",1.97893139386389,0.333333333333334,16791,15.5240592532039,15.5240592541079,0.502255569095139,"2848","Not significant"
"315180","3151800","Poços de Caldas","MG",546.958,"31","315180 POCOS DE CALDAS",0.205859542433747,0.333333333333334,171533,15.5240592532039,15.5240592532924,0.0522439892718752,"2849","Not significant"
"315190","3151909","Pocrane","MG",691.066,"31","315190 POCRANE",0.637470516988589,0.0555555555555555,8468,15.5240592532039,15.5240592549965,0.161788301512672,"2850","Not significant"
"315200","3152006","Pompéu","MG",2551.074,"31","315200 POMPEU",0.34927420819537,0.111111111111111,32305,15.5240592532039,15.5240592536738,0.0886431122161139,"2851","Not significant"
"315210","3152105","Ponte Nova","MG",470.643,"31","315210 PONTE NOVA",3.10902160867436,1.83333333333333,59569,15.5240592532039,15.5240592534587,0.78907625407205,"2852","Not significant"
"315213","3152131","Ponto Chique","MG",602.799,"31","315213 PONTO CHIQUE",0,0,3807,15.5240592532039,15.5240592571913,-3.85270942819118e-06,"2853","Low-Low"
"315217","3152170","Ponto dos Volantes","MG",1212.413,"31","315217 PONTO DOS VOLANTES",0.458341354307034,0.0555555555555556,11077,15.5240592532039,15.5240592545743,0.11632471952593,"2854","Low-Low"
"315220","3152204","Porteirinha","MG",1749.683,"31","315220 PORTEIRINHA",0,0,38668,15.5240592532039,15.5240592535965,-3.85270942863725e-06,"2855","Low-Low"
"315230","3152303","Porto Firme","MG",284.777,"31","315230 PORTO FIRME",0,0,10825,15.5240592532039,15.5240592546062,-3.85270942851196e-06,"2856","Not significant"
"315240","3152402","Poté","MG",625.111,"31","315240 POTE",0,0,13751,15.5240592532039,15.5240592543078,-3.85270942854898e-06,"2857","Not significant"
"315250","3152501","Pouso Alegre","MG",542.797,"31","315250 POUSO ALEGRE",0.999202500862444,1.44444444444444,160751,15.5240592532039,15.5240592532983,0.253597091678061,"2858","Not significant"
"315260","3152600","Pouso Alto","MG",263.034,"31","315260 POUSO ALTO",11.15811455445,0.722222222222222,6755,15.5240592532039,15.5240592554511,2.8319630268307,"2859","High-High"
"315270","3152709","Prados","MG",264.115,"31","315270 PRADOS",0,0,9327,15.5240592532039,15.5240592548314,-3.85270942848401e-06,"2860","Not significant"
"315280","3152808","Prata","MG",4847.544,"31","315280 PRATA",0.398940802593961,0.111111111111111,29578,15.5240592532039,15.5240592537171,0.101248660373597,"2861","Not significant"
"315290","3152907","Pratápolis","MG",215.516,"31","315290 PRATAPOLIS",1.26607920591512,0.111111111111111,8551,15.5240592532039,15.5240592549791,0.321331294065047,"2862","Not significant"
"315300","3153004","Pratinha","MG",622.478,"31","315300 PRATINHA",1.58052789631737,0.0555555555555556,3673,15.5240592532039,15.5240592573367,0.401139425793938,"2863","Not significant"
"315310","3153103","Presidente Bernardes","MG",236.798,"31","315310 PRESIDENTE BERNARDES",2.19073511932663,0.111111111111111,4883,15.5240592532039,15.5240592563126,0.556012064615243,"2864","Not significant"
"315320","3153202","Presidente Juscelino","MG",695.882,"31","315320 PRESIDENTE JUSCELINO",0,0,3493,15.5240592532039,15.5240592575497,-3.8527094281467e-06,"2865","Not significant"
"315330","3153301","Presidente Kubitschek","MG",189.235,"31","315330 PRESIDENTE KUBITSCHEK",0,0,3154,15.5240592532039,15.5240592580168,-3.85270942808874e-06,"2866","Not significant"
"315340","3153400","Presidente Olegário","MG",3503.848,"31","315340 PRESIDENTE OLEGARIO",0.854374735535616,0.166666666666667,19177,15.5240592532039,15.5240592539955,0.21683931932103,"2867","Low-Low"
"315350","3153509","Alto Jequitibá","MG",152.272,"31","315350 ALTO JEQUITIBA",4.60751588411864,0.388888888888889,8596,15.5240592532039,15.5240592549698,1.16939912458636,"2868","Not significant"
"315360","3153608","Prudente de Morais","MG",124.189,"31","315360 PRUDENTE DE MORAIS",0,0,11940,15.5240592532039,15.5240592544752,-3.85270942852821e-06,"2869","Not significant"
"315370","3153707","Quartel Geral","MG",556.436,"31","315370 QUARTEL GERAL",4.75904019325766,0.166666666666667,3237,15.5240592532039,15.5240592578934,1.20785650209136,"2870","Not significant"
"315380","3153806","Queluzito","MG",153.56,"31","315380 QUELUZITO",0,0,1800,15.5240592532039,15.5240592616372,-3.85270942763949e-06,"2871","Not significant"
"315390","3153905","Raposos","MG",72.228,"31","315390 RAPOSOS",2.75398823112107,0.444444444444444,16735,15.5240592532039,15.524059254111,0.698967592641471,"2872","Not significant"
"315400","3154002","Raul Soares","MG",763.364,"31","315400 RAUL SOARES",0.460761757414427,0.111111111111111,23882,15.5240592532039,15.5240592538395,0.116939025951348,"2873","Not significant"
"315410","3154101","Recreio","MG",234.296,"31","315410 RECREIO",0,0,11337,15.5240592532039,15.5240592545429,-3.85270942851982e-06,"2874","Not significant"
"315415","3154150","Reduto","MG",151.859,"31","315415 REDUTO",3.17325559489957,0.222222222222222,8170,15.5240592532039,15.5240592550619,0.805379055068632,"2875","Not significant"
"315420","3154200","Resende Costa","MG",618.312,"31","315420 RESENDE COSTA",0.483091787439613,0.0555555555555555,11520,15.5240592532039,15.5240592545216,0.122606462426848,"2876","Low-Low"
"315430","3154309","Resplendor","MG",1081.796,"31","315430 RESPLENDOR",0,0,17612,15.5240592532039,15.5240592540658,-3.85270942857901e-06,"2877","Not significant"
"315440","3154408","Ressaquinha","MG",183.062,"31","315440 RESSAQUINHA",0,0,4641,15.5240592532039,15.5240592564747,-3.85270942828009e-06,"2878","Not significant"
"315445","3154457","Riachinho","MG",1719.266,"31","315445 RIACHINHO",0.682836228558944,0.0555555555555557,6890,15.5240592532039,15.5240592554071,0.173302271187692,"2879","Low-Low"
"315450","3154507","Riacho dos Machados","MG",1315.54,"31","315450 RIACHO DOS MACHADOS",0,0,8886,15.5240592532039,15.5240592549122,-3.85270942847399e-06,"2880","Low-Low"
"315460","3154606","Ribeirão das Neves","MG",155.105,"31","315460 RIBEIRAO DAS NEVES",0.564268621280335,1.83333333333333,344828,15.5240592532039,15.5240592532479,0.143209414993203,"2881","Not significant"
"315470","3154705","Ribeirão Vermelho","MG",49.251,"31","315470 RIBEIRAO VERMELHO",0,0,4201,15.5240592532039,15.5240592568173,-3.85270942823758e-06,"2882","Not significant"
"315480","3154804","Rio Acima","MG",228.394,"31","315480 RIO ACIMA",0,0,10626,15.5240592532039,15.5240592546325,-3.8527094285087e-06,"2883","Not significant"
"315490","3154903","Rio Casca","MG",384.381,"31","315490 RIO CASCA",0.393452943028014,0.0555555555555556,12921,15.5240592532039,15.5240592543787,0.0998558232164685,"2884","Not significant"
"315500","3155009","Rio Doce","MG",112.094,"31","315500 RIO DOCE",0,0,2542,15.5240592532039,15.5240592591755,-3.85270942794496e-06,"2885","Not significant"
"315510","3155108","Rio do Prado","MG",479.815,"31","315510 RIO DO PRADO",0,0,4679,15.5240592532039,15.5240592564482,-3.85270942828339e-06,"2886","Not significant"
"315520","3155207","Rio Espera","MG",238.602,"31","315520 RIO ESPERA",0,0,5479,15.5240592532039,15.5240592559745,-3.85270942834217e-06,"2887","Not significant"
"315530","3155306","Rio Manso","MG",231.54,"31","315530 RIO MANSO",0,0,5727,15.5240592532039,15.5240592558545,-3.85270942835706e-06,"2888","Not significant"
"315540","3155405","Rio Novo","MG",209.31,"31","315540 RIO NOVO",0.6115759088018,0.0555555555555555,8689,15.5240592532039,15.5240592549509,0.155216163147868,"2889","Not significant"
"315550","3155504","Rio Paranaíba","MG",1352.353,"31","315550 RIO PARANAIBA",0,0,15143,15.5240592532039,15.5240592542063,-3.85270942856158e-06,"2890","Not significant"
"315560","3155603","Rio Pardo de Minas","MG",3117.675,"31","315560 RIO PARDO DE MINAS",0,0,29123,15.5240592532039,15.5240592537251,-3.85270942862129e-06,"2891","Low-Low"
"315570","3155702","Rio Piracicaba","MG",373.037,"31","315570 RIO PIRACICABA",0,0,15001,15.5240592532039,15.5240592542158,-3.8527094285604e-06,"2892","Not significant"
"315580","3155801","Rio Pomba","MG",252.418,"31","315580 RIO POMBA",0.619721007979325,0.111111111111111,17856,15.5240592532039,15.524059254054,0.157283416628716,"2893","Not significant"
"315590","3155900","Rio Preto","MG",348.046,"31","315590 RIO PRETO",2.09516518521497,0.111111111111111,5240,15.5240592532039,15.5240592561008,0.531756094960571,"2894","Not significant"
"315600","3156007","Rio Vermelho","MG",986.561,"31","315600 RIO VERMELHO",0,0,12815,15.5240592532039,15.5240592543884,-3.85270942853898e-06,"2895","Not significant"
"315610","3156106","Ritápolis","MG",404.805,"31","315610 RITAPOLIS",0,0,5115,15.5240592532039,15.5240592561716,-3.85270942831771e-06,"2896","Not significant"
"315620","3156205","Rochedo de Minas","MG",79.402,"31","315620 ROCHEDO DE MINAS",0,0,2363,15.5240592532039,15.5240592596279,-3.85270942788882e-06,"2897","Not significant"
"315630","3156304","Rodeiro","MG",72.673,"31","315630 RODEIRO",2.07699096381646,0.166666666666667,9064,15.5240592532039,15.5240592548786,0.527143416664588,"2898","Not significant"
"315640","3156403","Romaria","MG",407.557,"31","315640 ROMARIA",0,0,3440,15.5240592532039,15.5240592576167,-3.85270942813839e-06,"2899","Not significant"
"315645","3156452","Rosário da Limeira","MG",111.156,"31","315645 ROSARIO DA LIMEIRA",0,0,4896,15.5240592532039,15.5240592563044,-3.85270942830123e-06,"2900","Not significant"
"315650","3156502","Rubelita","MG",1110.295,"31","315650 RUBELITA",0.958184814687056,0.0555555555555555,5572,15.5240592532039,15.5240592559282,0.243186665400833,"2901","Low-Low"
"315660","3156601","Rubim","MG",965.174,"31","315660 RUBIM",0,0,10575,15.5240592532039,15.5240592546393,-3.85270942850784e-06,"2902","Low-Low"
"315670","3156700","Sabará","MG",302.453,"31","315670 SABARA",1.20803762611297,1.61111111111111,134286,15.5240592532039,15.5240592533169,0.30660014655324,"2903","Not significant"
"315680","3156809","Sabinópolis","MG",919.811,"31","315680 SABINOPOLIS",0,0,14382,15.5240592532039,15.5240592542594,-3.85270942855499e-06,"2904","Not significant"
"315690","3156908","Sacramento","MG",3073.268,"31","315690 SACRAMENTO",1.06302783015526,0.277777777777778,27891,15.5240592532039,15.5240592537481,0.269796174213006,"2905","Not significant"
"315700","3157005","Salinas","MG",1862.117,"31","315700 SALINAS",0.138996611262617,0.0555555555555555,41641,15.5240592532039,15.5240592535684,0.0352739531929072,"2906","Low-Low"
"315710","3157104","Salto da Divisa","MG",938.008,"31","315710 SALTO DA DIVISA",0,0,6164,15.5240592532039,15.5240592556666,-3.85270942838038e-06,"2907","Low-Low"
"315720","3157203","Santa Bárbara","MG",684.505,"31","315720 SANTA BARBARA",0.182352640830944,0.0555555555555555,31756,15.5240592532039,15.5240592536819,0.0462778588413266,"2908","Not significant"
"315725","3157252","Santa Bárbara do Leste","MG",107.402,"31","315725 SANTA BARBARA DO LESTE",0,0,8737,15.5240592532039,15.5240592549413,-3.85270942847037e-06,"2909","Not significant"
"315727","3157278","Santa Bárbara do Monte Verde","MG",417.925,"31","315727 SANTA BARBARA DO MONTE VERDE",1.73665381542843,0.0555555555555556,3199,15.5240592532039,15.5240592579491,0.440764707437968,"2910","Not significant"
"315730","3157302","Santa Bárbara do Tugúrio","MG",194.564,"31","315730 SANTA BARBARA DO TUGURIO",0,0,4262,15.5240592532039,15.5240592567656,-3.852709428244e-06,"2911","Not significant"
"315733","3157336","Santa Cruz de Minas","MG",3.565,"31","315733 SANTA CRUZ DE MINAS",0,0,8321,15.5240592532039,15.5240592550282,-3.85270942845959e-06,"2912","Not significant"
"315737","3157377","Santa Cruz de Salinas","MG",589.607,"31","315737 SANTA CRUZ DE SALINAS",0,0,3944,15.5240592532039,15.5240592570528,-3.85270942820837e-06,"2913","Low-Low"
"315740","3157401","Santa Cruz do Escalvado","MG",258.726,"31","315740 SANTA CRUZ DO ESCALVADO",2.34340307200052,0.111111111111111,4743,15.5240592532039,15.5240592564044,0.59475970279356,"2914","Not significant"
"315750","3157500","Santa Efigênia de Minas","MG",131.965,"31","315750 SANTA EFIGENIA DE MINAS",0,0,4067,15.5240592532039,15.5240592569363,-3.85270942822281e-06,"2915","Not significant"
"315760","3157609","Santa Fé de Minas","MG",2917.448,"31","315760 SANTA FE DE MINAS",0,0,3551,15.5240592532039,15.5240592574787,-3.85270942815551e-06,"2916","Not significant"
"315765","3157658","Santa Helena de Minas","MG",276.433,"31","315765 SANTA HELENA DE MINAS",0,0,6059,15.5240592532039,15.5240592557092,-3.85270942837508e-06,"2917","Not significant"
"315770","3157708","Santa Juliana","MG",723.784,"31","315770 SANTA JULIANA",1.08707960215108,0.166666666666667,16568,15.5240592532039,15.5240592541201,0.275900594571921,"2918","Not significant"
"315780","3157807","Santa Luzia","MG",235.205,"31","315780 SANTA LUZIA",0.610759173742188,1.33333333333333,229483,15.5240592532039,15.52405925327,0.155008873060166,"2919","Not significant"
"315790","3157906","Santa Margarida","MG",255.73,"31","315790 SANTA MARGARIDA",0,0,16903,15.5240592532039,15.524059254102,-3.85270942857453e-06,"2920","Not significant"
"315800","3158003","Santa Maria de Itabira","MG",597.441,"31","315800 SANTA MARIA DE ITABIRA",1.03060995396216,0.111111111111111,10716,15.5240592532039,15.5240592546205,0.261568408552157,"2921","Low-Low"
"315810","3158102","Santa Maria do Salto","MG",440.605,"31","315810 SANTA MARIA DO SALTO",0,0,4803,15.5240592532039,15.5240592563644,-3.85270942829378e-06,"2922","Not significant"
"315820","3158201","Santa Maria do Suaçuí","MG",624.047,"31","315820 SANTA MARIA DO SUACUI",0.380231028372839,0.0555555555555556,12898,15.5240592532039,15.5240592543808,0.0965000569527144,"2923","Low-Low"
"315830","3158300","Santana da Vargem","MG",172.444,"31","315830 SANTANA DA VARGEM",0,0,6781,15.5240592532039,15.5240592554425,-3.85270942840818e-06,"2924","Not significant"
"315840","3158409","Santana de Cataguases","MG",161.486,"31","315840 SANTANA DE CATAGUASES",0,0,3553,15.5240592532039,15.5240592574763,-3.85270942815581e-06,"2925","Not significant"
"315850","3158508","Santana de Pirapama","MG",1255.832,"31","315850 SANTANA DE PIRAPAMA",0,0,7079,15.5240592532039,15.5240592553482,-3.85270942841988e-06,"2926","Low-Low"
"315860","3158607","Santana do Deserto","MG",182.655,"31","315860 SANTANA DO DESERTO",2.7931486969361,0.111111111111111,3819,15.5240592532039,15.5240592571787,0.708906650074299,"2927","Not significant"
"315870","3158706","Santana do Garambéu","MG",203.074,"31","315870 SANTANA DO GARAMBEU",0,0,2175,15.5240592532039,15.5240592601832,-3.85270942781992e-06,"2928","Not significant"
"315880","3158805","Santana do Jacaré","MG",106.169,"31","315880 SANTANA DO JACARE",0,0,4265,15.5240592532039,15.5240592567631,-3.85270942824431e-06,"2929","Not significant"
"315890","3158904","Santana do Manhuaçu","MG",347.362,"31","315890 SANTANA DO MANHUACU",0.601510995621,0.0555555555555556,9236,15.5240592532039,15.5240592548474,0.152661654442193,"2930","Not significant"
"315895","3158953","Santana do Paraíso","MG",276.067,"31","315895 SANTANA DO PARAISO",0.343665102025218,0.111111111111111,48286,15.5240592532039,15.5240592535183,0.0872195022669406,"2931","Not significant"
"315900","3159001","Santana do Riacho","MG",677.207,"31","315900 SANTANA DO RIACHO",0,0,5579,15.5240592532039,15.5240592559248,-3.85270942834833e-06,"2932","Low-Low"
"315910","3159100","Santana dos Montes","MG",196.565,"31","315910 SANTANA DOS MONTES",1.48029724368653,0.0555555555555556,3507,15.5240592532039,15.5240592575323,0.375700550149737,"2933","Not significant"
"315920","3159209","Santa Rita de Caldas","MG",503.011,"31","315920 SANTA RITA DE CALDAS",3.08655709116178,0.277777777777778,8588,15.5240592532039,15.5240592549715,0.783374684180471,"2934","Not significant"
"315930","3159308","Santa Rita de Jacutinga","MG",420.94,"31","315930 SANTA RITA DE JACUTINGA",3.46275818510068,0.166666666666667,4836,15.5240592532039,15.5240592563428,0.878855782932963,"2935","Not significant"
"315935","3159357","Santa Rita de Minas","MG",68.153,"31","315935 SANTA RITA DE MINAS",0,0,6952,15.5240592532039,15.5240592553874,-3.85270942841502e-06,"2936","Not significant"
"315940","3159407","Santa Rita de Ibitipoca","MG",324.234,"31","315940 SANTA RITA DE IBITIPOCA",0,0,3344,15.5240592532039,15.5240592577433,-3.85270942812267e-06,"2937","Low-Low"
"315950","3159506","Santa Rita do Itueto","MG",485.081,"31","315950 SANTA RITA DO ITUETO",0,0,5973,15.5240592532039,15.5240592557453,-3.85270942837061e-06,"2938","Not significant"
"315960","3159605","Santa Rita do Sapucaí","MG",352.969,"31","315960 SANTA RITA DO SAPUCAI",1.48850230625272,0.611111111111111,42320,15.5240592532039,15.5240592535626,0.37778302258323,"2939","Not significant"
"315970","3159704","Santa Rosa da Serra","MG",284.334,"31","315970 SANTA ROSA DA SERRA",3.28342641614356,0.111111111111111,3476,15.5240592532039,15.524059257571,0.833340778761708,"2940","Not significant"
"315980","3159803","Santa Vitória","MG",2998.364,"31","315980 SANTA VITORIA",0,0,21745,15.5240592532039,15.524059253902,-3.85270942859934e-06,"2941","Low-Low"
"315990","3159902","Santo Antônio do Amparo","MG",488.885,"31","315990 SANTO ANTONIO DO AMPARO",0.316880878140289,0.0555555555555556,17651,15.5240592532039,15.5240592540639,0.0804215764536996,"2942","Not significant"
"316000","3160009","Santo Antônio do Aventureiro","MG",202.032,"31","316000 SANTO ANTONIO DO AVENTUREIRO",0,0,3881,15.5240592532039,15.5240592571152,-3.85270942820061e-06,"2943","Not significant"
"316010","3160108","Santo Antônio do Grama","MG",130.213,"31","316010 SANTO ANTONIO DO GRAMA",0,0,4342,15.5240592532039,15.5240592567,-3.85270942825215e-06,"2944","Not significant"
"316020","3160207","Santo Antônio do Itambé","MG",305.737,"31","316020 SANTO ANTONIO DO ITAMBE",2.68647419157312,0.111111111111111,3979,15.5240592532039,15.5240592570189,0.681832303010633,"2945","High-Low"
"316030","3160306","Santo Antônio do Jacinto","MG",503.706,"31","316030 SANTO ANTONIO DO JACINTO",0,0,10397,15.5240592532039,15.5240592546639,-3.85270942850479e-06,"2946","Low-Low"
"316040","3160405","Santo Antônio do Monte","MG",1125.78,"31","316040 SANTO ANTONIO DO MONTE",0.196705575029407,0.0555555555555555,28358,15.5240592532039,15.5240592537392,0.0499206816567048,"2947","Not significant"
"316045","3160454","Santo Antônio do Retiro","MG",796.29,"31","316045 SANTO ANTONIO DO RETIRO",0,0,6743,15.5240592532039,15.5240592554551,-3.85270942840662e-06,"2948","Low-Low"
"316050","3160504","Santo Antônio do Rio Abaixo","MG",107.269,"31","316050 SANTO ANTONIO DO RIO ABAIXO",3.07276302851524,0.0555555555555555,1853,15.5240592532039,15.524059261396,0.779873704677178,"2949","Not significant"
"316060","3160603","Santo Hipólito","MG",430.656,"31","316060 SANTO HIPOLITO",0,0,2720,15.5240592532039,15.5240592587847,-3.85270942799345e-06,"2950","Low-Low"
"316070","3160702","Santos Dumont","MG",637.373,"31","316070 SANTOS DUMONT",0,0,43392,15.5240592532039,15.5240592535537,-3.85270942864256e-06,"2951","Not significant"
"316080","3160801","São Bento Abade","MG",80.403,"31","316080 SAO BENTO ABADE",0,0,4835,15.5240592532039,15.5240592563435,-3.85270942829638e-06,"2952","Not significant"
"316090","3160900","São Brás do Suaçuí","MG",110.019,"31","316090 SAO BRAS DO SUACUI",0,0,4133,15.5240592532039,15.5240592568767,-3.85270942823021e-06,"2953","Not significant"
"316095","3160959","São Domingos das Dores","MG",60.865,"31","316095 SAO DOMINGOS DAS DORES",0.979470302460428,0.0555555555555555,5778,15.5240592532039,15.5240592558311,0.248588993554271,"2954","Not significant"
"316100","3161007","São Domingos do Prata","MG",743.768,"31","316100 SAO DOMINGOS DO PRATA",0.625238372129372,0.111111111111111,17771,15.5240592532039,15.5240592540581,0.158683742146035,"2955","Not significant"
"316105","3161056","São Félix de Minas","MG",162.56,"31","316105 SAO FELIX DE MINAS",0,0,3252,15.5240592532039,15.5240592578718,-3.85270942810674e-06,"2956","Not significant"
"316110","3161106","São Francisco","MG",3308.1,"31","316110 SAO FRANCISCO",0.203961209492697,0.111111111111111,54239,15.5240592532039,15.5240592534838,0.0517621860072562,"2957","Low-Low"
"316120","3161205","São Francisco de Paula","MG",316.822,"31","316120 SAO FRANCISCO DE PAULA",0,0,6293,15.5240592532039,15.5240592556161,-3.85270942838664e-06,"2958","Not significant"
"316130","3161304","São Francisco de Sales","MG",1128.864,"31","316130 SAO FRANCISCO DE SALES",0,0,5857,15.5240592532039,15.5240592557956,-3.85270942836436e-06,"2959","Not significant"
"316140","3161403","São Francisco do Glória","MG",164.613,"31","316140 SAO FRANCISCO DO GLORIA",2.29374521791171,0.111111111111111,4866,15.5240592532039,15.5240592563235,0.582156372958483,"2960","Not significant"
"316150","3161502","São Geraldo","MG",185.578,"31","316150 SAO GERALDO",0.924225006585778,0.111111111111111,10517,15.5240592532039,15.5240592546473,0.234567552270242,"2961","Not significant"
"316160","3161601","São Geraldo da Piedade","MG",152.336,"31","316160 SAO GERALDO DA PIEDADE",0,0,3258,15.5240592532039,15.5240592578632,-3.8527094281078e-06,"2962","Not significant"
"316165","3161650","São Geraldo do Baixio","MG",280.954,"31","316165 SAO GERALDO DO BAIXIO",0,0,3175,15.5240592532039,15.524059257985,-3.85270942809269e-06,"2963","Not significant"
"316170","3161700","São Gonçalo do Abaeté","MG",2692.545,"31","316170 SAO GONCALO DO ABAETE",0,0,7521,15.5240592532039,15.5240592552222,-3.85270942843551e-06,"2964","Not significant"
"316180","3161809","São Gonçalo do Pará","MG",265.73,"31","316180 SAO GONCALO DO PARA",0.955663531491608,0.111111111111111,12192,15.5240592532039,15.524059254449,0.242546755285235,"2965","Not significant"
"316190","3161908","São Gonçalo do Rio Abaixo","MG",363.828,"31","316190 SAO GONCALO DO RIO ABAIXO",1.54743293645418,0.166666666666667,12353,15.5240592532039,15.5240592544327,0.39273981407286,"2966","Not significant"
"316200","3162005","São Gonçalo do Sapucaí","MG",516.683,"31","316200 SAO GONCALO DO SAPUCAI",0.439259867315358,0.111111111111111,24480,15.5240592532039,15.524059253824,0.111481774162664,"2967","Not significant"
"316210","3162104","São Gotardo","MG",866.087,"31","316210 SAO GOTARDO",0.271598902740433,0.111111111111111,43309,15.5240592532039,15.5240592535544,0.0689288592979583,"2968","Not significant"
"316220","3162203","São João Batista do Glória","MG",547.908,"31","316220 SAO JOAO BATISTA DO GLORIA",0.752071958244967,0.0555555555555557,7912,15.5240592532039,15.5240592551225,0.190874531484411,"2969","Not significant"
"316225","3162252","São João da Lagoa","MG",998.015,"31","316225 SAO JOAO DA LAGOA",0,0,4950,15.5240592532039,15.5240592562705,-3.85270942830543e-06,"2970","Low-Low"
"316230","3162302","São João da Mata","MG",120.536,"31","316230 SAO JOAO DA MATA",0,0,3000,15.5240592532039,15.5240592582639,-3.85270942805808e-06,"2971","Not significant"
"316240","3162401","São João da Ponte","MG",1851.102,"31","316240 SAO JOAO DA PONTE",0.449680889897468,0.111111111111111,24269,15.5240592532039,15.5240592538294,0.114126664628772,"2972","Low-Low"
"316245","3162450","São João das Missões","MG",678.274,"31","316245 SAO JOAO DAS MISSOES",0,0,13467,15.5240592532039,15.5240592543311,-3.85270942854609e-06,"2973","Not significant"
"316250","3162500","São João del Rei","MG",1452.002,"31","316250 SAO JOAO DEL REI",0.247747527597376,0.222222222222223,94062,15.5240592532039,15.5240592533653,0.0628753003291146,"2974","Not significant"
"316255","3162559","São João do Manhuaçu","MG",143.096,"31","316255 SAO JOAO DO MANHUACU",1.45863837102376,0.166666666666667,11614,15.5240592532039,15.5240592545109,0.37020345569675,"2975","Not significant"
"316257","3162575","São João do Manteninha","MG",137.928,"31","316257 SAO JOAO DO MANTENINHA",0.9646736509039,0.0555555555555556,5468,15.5240592532039,15.52405925598,0.244833553784919,"2976","Not significant"
"316260","3162609","São João do Oriente","MG",120.122,"31","316260 SAO JOAO DO ORIENTE",2.22281497288166,0.166666666666667,7139,15.5240592532039,15.5240592553302,0.56415403900721,"2977","Not significant"
"316265","3162658","São João do Pacuí","MG",415.922,"31","316265 SAO JOAO DO PACUI",0,0,4052,15.5240592532039,15.5240592569502,-3.8527094282211e-06,"2978","Not significant"
"316270","3162708","São João do Paraíso","MG",1925.575,"31","316270 SAO JOAO DO PARAISO",0,0,24604,15.5240592532039,15.5240592538209,-3.85270942860941e-06,"2979","Low-Low"
"316280","3162807","São João Evangelista","MG",478.183,"31","316280 SAO JOAO EVANGELISTA",0,0,15617,15.5240592532039,15.5240592541759,-3.85270942856535e-06,"2980","Low-Low"
"316290","3162906","São João Nepomuceno","MG",407.427,"31","316290 SAO JOAO NEPOMUCENO",0.212254739648336,0.0555555555555555,26478,15.5240592532039,15.5240592537772,0.053867111762986,"2981","Not significant"
"316292","3162922","São Joaquim de Bicas","MG",71.758,"31","316292 SAO JOAQUIM DE BICAS",0.773685482629691,0.222222222222222,36496,15.5240592532039,15.5240592536198,0.196360116438363,"2982","Not significant"
"316294","3162948","São José da Barra","MG",308.319,"31","316294 SAO JOSE DA BARRA",0.812928819952522,0.0555555555555554,8084,15.5240592532039,15.5240592550817,0.206320206998171,"2983","Not significant"
"316295","3162955","São José da Lapa","MG",47.93,"31","316295 SAO JOSE DA LAPA",0.411606638266913,0.111111111111111,27710,15.5240592532039,15.5240592537517,0.104463291927447,"2984","Not significant"
"316300","3163003","São José da Safira","MG",213.881,"31","316300 SAO JOSE DA SAFIRA",0,0,3861,15.5240592532039,15.5240592571355,-3.8527094281981e-06,"2985","Low-Low"
"316310","3163102","São José da Varginha","MG",205.501,"31","316310 SAO JOSE DA VARGINHA",0,0,4677,15.5240592532039,15.5240592564495,-3.85270942828322e-06,"2986","Low-Low"
"316320","3163201","São José do Alegre","MG",88.794,"31","316320 SAO JOSE DO ALEGRE",2.63546812502571,0.111111111111111,4242,15.5240592532039,15.5240592567824,0.668886792337763,"2987","Not significant"
"316330","3163300","São José do Divino","MG",328.704,"31","316330 SAO JOSE DO DIVINO",0,0,3501,15.5240592532039,15.5240592575398,-3.85270942814793e-06,"2988","Not significant"
"316340","3163409","São José do Goiabal","MG",189.578,"31","316340 SAO JOSE DO GOIABAL",1.0250102501025,0.0555555555555555,5492,15.5240592532039,15.5240592559679,0.260147184929224,"2989","Not significant"
"316350","3163508","São José do Jacuri","MG",345.146,"31","316350 SAO JOSE DO JACURI",0.882114251437844,0.0555555555555554,6298,15.5240592532039,15.5240592556142,0.223879701437532,"2990","Not significant"
"316360","3163607","São José do Mantimento","MG",54.701,"31","316360 SAO JOSE DO MANTIMENTO",4.09873800988923,0.111111111111111,2834,15.5240592532039,15.5240592585602,1.04026959439611,"2991","Not significant"
"316370","3163706","São Lourenço","MG",58.019,"31","316370 SAO LOURENCO",1.37689426164779,0.611111111111111,46653,15.5240592532039,15.5240592535293,0.349456526714771,"2992","Low-High"
"316380","3163805","São Miguel do Anta","MG",152.111,"31","316380 SAO MIGUEL DO ANTA",0,0,6430,15.5240592532039,15.5240592555647,-3.85270942839302e-06,"2993","Not significant"
"316390","3163904","São Pedro da União","MG",260.827,"31","316390 SAO PEDRO DA UNIAO",10.1884979179513,0.5,4979,15.5240592532039,15.5240592562527,2.58587107395098,"2994","Not significant"
"316400","3164001","São Pedro dos Ferros","MG",402.739,"31","316400 SAO PEDRO DOS FERROS",0,0,7194,15.5240592532039,15.524059255314,-3.85270942842413e-06,"2995","Not significant"
"316410","3164100","São Pedro do Suaçuí","MG",308.106,"31","316410 SAO PEDRO DO SUACUI",0,0,5166,15.5240592532039,15.5240592561423,-3.85270942832134e-06,"2996","Not significant"
"316420","3164209","São Romão","MG",2434.004,"31","316420 SAO ROMAO",0,0,10553,15.5240592532039,15.5240592546423,-3.85270942850747e-06,"2997","Low-Low"
"316430","3164308","São Roque de Minas","MG",2098.867,"31","316430 SAO ROQUE DE MINAS",1.53607417330426,0.111111111111111,7341,15.5240592532039,15.5240592552717,0.389856921896519,"2998","Not significant"
"316440","3164407","São Sebastião da Bela Vista","MG",167.428,"31","316440 SAO SEBASTIAO DA BELA VISTA",1.69934463275427,0.111111111111111,6694,15.5240592532039,15.5240592554716,0.431295511837957,"2999","Not significant"
"316443","3164431","São Sebastião da Vargem Alegre","MG",73.629,"31","316443 SAO SEBASTIAO DA VARGEM ALEGRE",1.96170747018204,0.0555555555555555,3219,15.5240592532039,15.5240592579196,0.497884079463191,"3000","Not significant"
"316447","3164472","São Sebastião do Anta","MG",80.618,"31","316447 SAO SEBASTIAO DO ANTA",0,0,6386,15.5240592532039,15.5240592555809,-3.852709428391e-06,"3001","Not significant"
"316450","3164506","São Sebastião do Maranhão","MG",517.83,"31","316450 SAO SEBASTIAO DO MARANHAO",1.05464108948554,0.111111111111111,10244,15.5240592532039,15.5240592546857,0.267667591307756,"3002","Low-Low"
"316460","3164605","São Sebastião do Oeste","MG",408.09,"31","316460 SAO SEBASTIAO DO OESTE",0,0,9355,15.5240592532039,15.5240592548265,-3.85270942848461e-06,"3003","Not significant"
"316470","3164704","São Sebastião do Paraíso","MG",814.925,"31","316470 SAO SEBASTIAO DO PARAISO",0.309273544880016,0.222222222222222,74742,15.5240592532039,15.524059253407,0.0784908097715668,"3004","Not significant"
"316480","3164803","São Sebastião do Rio Preto","MG",128.002,"31","316480 SAO SEBASTIAO DO RIO PRETO",0,0,1248,15.5240592532039,15.5240592653673,-3.85270942717663e-06,"3005","Not significant"
"316490","3164902","São Sebastião do Rio Verde","MG",90.848,"31","316490 SAO SEBASTIAO DO RIO VERDE",19.6363306379234,0.444444444444444,2373,15.5240592532039,15.5240592596008,4.98376268988158,"3006","Not significant"
"316500","3165008","São Tiago","MG",572.4,"31","316500 SAO TIAGO",0,0,11517,15.5240592532039,15.5240592545219,-3.85270942852241e-06,"3007","Not significant"
"316510","3165107","São Tomás de Aquino","MG",277.928,"31","316510 SAO TOMAS DE AQUINO",1.56290523224891,0.111111111111111,6853,15.5240592532039,15.524059255419,0.396666734601246,"3008","Not significant"
"316520","3165206","São Tomé das Letras","MG",369.747,"31","316520 SAO THOME DAS LETRAS",1.57825735641422,0.111111111111111,7089,15.5240592532039,15.5240592553452,0.40056315518066,"3009","Not significant"
"316530","3165305","São Vicente de Minas","MG",392.651,"31","316530 SAO VICENTE DE MINAS",1.42745212513264,0.111111111111111,6935,15.5240592532039,15.5240592553928,0.36228828193264,"3010","Not significant"
"316540","3165404","Sapucaí-Mirim","MG",285.073,"31","316540 SAPUCAI-MIRIM",0,0,6462,15.5240592532039,15.524059255553,-3.85270942839447e-06,"3011","Not significant"
"316550","3165503","Sardoá","MG",141.904,"31","316550 SARDOA",0,0,5164,15.5240592532039,15.5240592561435,-3.8527094283212e-06,"3012","Not significant"
"316553","3165537","Sarzedo","MG",62.134,"31","316553 SARZEDO",0.689978284545119,0.222222222222222,39327,15.5240592532039,15.5240592535899,0.175114948949724,"3013","Not significant"
"316555","3165552","Setubinha","MG",534.655,"31","316555 SETUBINHA",0,0,10032,15.5240592532039,15.524059254717,-3.8527094284982e-06,"3014","Not significant"
"316556","3165560","Sem-Peixe","MG",176.634,"31","316556 SEM-PEIXE",1.84447395602774,0.0555555555555555,2441,15.5240592532039,15.5240592594226,0.468129820545752,"3015","Not significant"
"316557","3165578","Senador Amaral","MG",151.097,"31","316557 SENADOR AMARAL",0.895191033766606,0.0555555555555556,6458,15.5240592532039,15.5240592555544,0.227198632630609,"3016","Not significant"
"316560","3165602","Senador Cortes","MG",98.336,"31","316560 SENADOR CORTES",2.79454504806618,0.0555555555555556,2319,15.5240592532039,15.5240592597498,0.709261048613382,"3017","Not significant"
"316570","3165701","Senador Firmino","MG",166.495,"31","316570 SENADOR FIRMINO",1.44000921605898,0.111111111111111,7945,15.5240592532039,15.5240592551145,0.36547531370847,"3018","Not significant"
"316580","3165800","Senador José Bento","MG",93.892,"31","316580 SENADOR JOSE BENTO",0,0,2137,15.5240592532039,15.5240592603073,-3.85270942780452e-06,"3019","Not significant"
"316590","3165909","Senador Modestino Gonçalves","MG",952.055,"31","316590 SENADOR MODESTINO GONCALVES",0,0,4035,15.5240592532039,15.5240592569659,-3.85270942821914e-06,"3020","Not significant"
"316600","3166006","Senhora de Oliveira","MG",170.749,"31","316600 SENHORA DE OLIVEIRA",0,0,5584,15.5240592532039,15.5240592559224,-3.85270942834864e-06,"3021","Not significant"
"316610","3166105","Senhora do Porto","MG",381.328,"31","316610 SENHORA DO PORTO",0,0,3088,15.5240592532039,15.5240592581197,-3.85270942807598e-06,"3022","Low-Low"
"316620","3166204","Senhora dos Remédios","MG",237.815,"31","316620 SENHORA DOS REMEDIOS",1.06742145164298,0.111111111111111,10640,15.5240592532039,15.5240592546306,0.270911290067796,"3023","Not significant"
"316630","3166303","Sericita","MG",166.012,"31","316630 SERICITA",0,0,7536,15.5240592532039,15.5240592552182,-3.85270942843601e-06,"3024","Not significant"
"316640","3166402","Seritinga","MG",114.769,"31","316640 SERITINGA",0,0,1864,15.5240592532039,15.5240592613476,-3.85270942767542e-06,"3025","Not significant"
"316650","3166501","Serra Azul de Minas","MG",218.595,"31","316650 SERRA AZUL DE MINAS",0,0,3829,15.5240592532039,15.5240592571683,-3.85270942819402e-06,"3026","Not significant"
"316660","3166600","Serra da Saudade","MG",335.659,"31","316660 SERRA DA SAUDADE",0,0,854,15.5240592532039,15.5240592709789,-3.85270942648029e-06,"3027","Not significant"
"316670","3166709","Serra dos Aimorés","MG",213.574,"31","316670 SERRA DOS AIMORES",0,0,6936,15.5240592532039,15.5240592553925,-3.85270942841439e-06,"3028","Not significant"
"316680","3166808","Serra do Salitre","MG",1295.272,"31","316680 SERRA DO SALITRE",1.87578482305247,0.222222222222222,12210,15.5240592532039,15.5240592544471,0.47607662363609,"3029","Not significant"
"316690","3166907","Serrania","MG",209.27,"31","316690 SERRANIA",0,0,7802,15.5240592532039,15.5240592551495,-3.85270942844453e-06,"3030","Not significant"
"316695","3166956","Serranópolis de Minas","MG",551.954,"31","316695 SERRANOPOLIS DE MINAS",1.16909839132061,0.0555555555555554,4496,15.5240592532039,15.5240592565802,0.296717238194125,"3031","Low-Low"
"316700","3167004","Serranos","MG",213.173,"31","316700 SERRANOS",0,0,2035,15.5240592532039,15.5240592606633,-3.85270942776034e-06,"3032","Not significant"
"316710","3167103","Serro","MG",1217.813,"31","316710 SERRO",0.253077421444768,0.0555555555555556,22550,15.5240592532039,15.5240592538771,0.0642280452541486,"3033","Not significant"
"316720","3167202","Sete Lagoas","MG",536.928,"31","316720 SETE LAGOAS",0.123242275039985,0.277777777777778,237931,15.5240592532039,15.5240592532677,0.0312754498460164,"3034","Low-Low"
"316730","3167301","Silveirânia","MG",157.456,"31","316730 SILVEIRANIA",9.55723505619785,0.222222222222222,2391,15.5240592532039,15.5240592595527,2.42565444318632,"3035","Not significant"
"316740","3167400","Silvianópolis","MG",312.166,"31","316740 SILVIANOPOLIS",0.892172082151206,0.0555555555555556,6336,15.5240592532039,15.5240592555997,0.226432412589787,"3036","Not significant"
"316750","3167509","Simão Pereira","MG",135.689,"31","316750 SIMAO PEREIRA",2.19847865277228,0.0555555555555556,3060,15.5240592532039,15.5240592581646,0.557977399329247,"3037","Not significant"
"316760","3167608","Simonésia","MG",486.543,"31","316760 SIMONESIA",1.14154814315041,0.222222222222222,20339,15.5240592532039,15.5240592539502,0.289724892875951,"3038","Not significant"
"316770","3167707","Sobrália","MG",206.787,"31","316770 SOBRALIA",0.964171391106483,0.0555555555555556,5175,15.5240592532039,15.5240592561372,0.24470607856336,"3039","Not significant"
"316780","3167806","Soledade de Minas","MG",196.866,"31","316780 SOLEDADE DE MINAS",1.81228365863825,0.111111111111111,5733,15.5240592532039,15.5240592558517,0.459959815209923,"3040","Not significant"
"316790","3167905","Tabuleiro","MG",211.084,"31","316790 TABULEIRO",1.35998912008704,0.0555555555555555,4098,15.5240592532039,15.5240592569081,0.345165945077303,"3041","Not significant"
"316800","3168002","Taiobeiras","MG",1220.046,"31","316800 TAIOBEIRAS",0,0,34392,15.5240592532039,15.5240592536453,-3.8527094286312e-06,"3042","Low-Low"
"316805","3168051","Taparuba","MG",193.082,"31","316805 TAPARUBA",1.73665381542843,0.0555555555555556,3492,15.5240592532039,15.5240592575509,0.440764707443621,"3043","Not significant"
"316810","3168101","Tapira","MG",1179.248,"31","316810 TAPIRA",0,0,4212,15.5240592532039,15.5240592568079,-3.85270942823876e-06,"3044","Not significant"
"316820","3168200","Tapiraí","MG",407.92,"31","316820 TAPIRAI",0,0,1707,15.5240592532039,15.5240592620966,-3.85270942758248e-06,"3045","Not significant"
"316830","3168309","Taquaraçu de Minas","MG",329.287,"31","316830 TAQUARACU DE MINAS",1.46430035728929,0.0555555555555556,4368,15.5240592532039,15.5240592566791,0.371640486765847,"3046","Not significant"
"316840","3168408","Tarumirim","MG",731.753,"31","316840 TARUMIRIM",0,0,15072,15.5240592532039,15.524059254211,-3.85270942856099e-06,"3047","Not significant"
"316850","3168507","Teixeiras","MG",166.735,"31","316850 TEIXEIRAS",0,0,12634,15.5240592532039,15.5240592544054,-3.85270942853687e-06,"3048","Not significant"
"316860","3168606","Teófilo Otoni","MG",3242.27,"31","316860 TEOFILO OTONI",1.12295944563737,1.55555555555556,142571,15.5240592532039,15.5240592533104,0.285007019137443,"3049","Low-Low"
"316870","3168705","Timóteo","MG",144.381,"31","316870 TIMOTEO",0.877212832514037,0.722222222222222,84087,15.5240592532039,15.5240592533844,0.222635704899518,"3050","Not significant"
"316880","3168804","Tiradentes","MG",83.047,"31","316880 TIRADENTES",0.704483331924367,0.0555555555555556,8008,15.5240592532039,15.5240592550995,0.17879637859173,"3051","Low-Low"
"316890","3168903","Tiros","MG",2091.774,"31","316890 TIROS",1.65815447318107,0.111111111111111,8172,15.5240592532039,15.5240592550614,0.420841311261063,"3052","Not significant"
"316900","3169000","Tocantins","MG",173.866,"31","316900 TOCANTINS",0.343253355301548,0.0555555555555556,16574,15.5240592532039,15.5240592541198,0.0871149995664705,"3053","Not significant"
"316905","3169059","Tocos do Moji","MG",114.705,"31","316905 TOCOS DO MOJI",5.41313213698383,0.222222222222222,3899,15.5240592532039,15.5240592570972,1.37386723015968,"3054","Not significant"
"316910","3169109","Toledo","MG",136.776,"31","316910 TOLEDO",1.91372909250967,0.111111111111111,7541,15.5240592532039,15.5240592552169,0.4857070064141,"3055","Not significant"
"316920","3169208","Tombos","MG",285.124,"31","316920 TOMBOS",8.03432853515231,0.666666666666667,8699,15.5240592532039,15.5240592549489,2.03913566322155,"3056","High-High"
"316930","3169307","Três Corações","MG",828.038,"31","316930 TRES CORACOES",0.435698877420653,0.333333333333333,78079,15.5240592532039,15.5240592533983,0.110577982991263,"3057","Not significant"
"316935","3169356","Três Marias","MG",2678.253,"31","316935 TRES MARIAS",0,0,29927,15.5240592532039,15.5240592537111,-3.85270942862302e-06,"3058","Not significant"
"316940","3169406","Três Pontas","MG",689.794,"31","316940 TRES PONTAS",0.793467202410171,0.444444444444444,57086,15.5240592532039,15.5240592534698,0.201380783234661,"3059","Not significant"
"316950","3169505","Tumiritinga","MG",500.073,"31","316950 TUMIRITINGA",0,0,5973,15.5240592532039,15.5240592557453,-3.85270942837061e-06,"3060","Not significant"
"316960","3169604","Tupaciguara","MG",1822.53,"31","316960 TUPACIGUARA",0.217864923747277,0.0555555555555556,26482,15.5240592532039,15.5240592537771,0.0552909952945316,"3061","Not significant"
"316970","3169703","Turmalina","MG",1153.111,"31","316970 TURMALINA",0.273942581634889,0.0555555555555556,20650,15.5240592532039,15.524059253939,0.0695236928573187,"3062","Low-Low"
"316980","3169802","Turvolândia","MG",221,"31","316980 TURVOLANDIA",0,0,5078,15.5240592532039,15.5240592561932,-3.85270942831502e-06,"3063","Not significant"
"316990","3169901","Ubá","MG",407.452,"31","316990 UBA",2.00441795207594,2.16666666666667,107222,15.5240592532039,15.5240592533455,0.508724143021341,"3064","Not significant"
"317000","3170008","Ubaí","MG",820.524,"31","317000 UBAI",0,0,11977,15.5240592532039,15.5240592544713,-3.85270942852869e-06,"3065","Low-Low"
"317005","3170057","Ubaporanga","MG",189.045,"31","317005 UBAPORANGA",0.44014859416539,0.0555555555555555,13423,15.5240592532039,15.5240592543348,0.111707336014677,"3066","Not significant"
"317010","3170107","Uberaba","MG",4523.957,"31","317010 UBERABA",0.342886912227088,1.11111111111111,354142,15.5240592532039,15.5240592532468,0.0870219950881793,"3067","Not significant"
"317020","3170206","Uberlândia","MG",4115.206,"31","317020 UBERLANDIA",0.383523839841131,2.61111111111111,754954,15.5240592532039,15.524059253224,0.0973357835455949,"3068","Not significant"
"317030","3170305","Umburatiba","MG",405.834,"31","317030 UMBURATIBA",0,0,2742,15.5240592532039,15.52405925874,-3.85270942799901e-06,"3069","Not significant"
"317040","3170404","Unaí","MG",8445.432,"31","317040 UNAI",0.524181543651819,0.444444444444444,90724,15.5240592532039,15.5240592533712,0.133035180304943,"3070","Low-Low"
"317043","3170438","União de Minas","MG",1147.407,"31","317043 UNIAO DE MINAS",0,0,3848,15.5240592532039,15.5240592571488,-3.85270942819645e-06,"3071","Not significant"
"317047","3170479","Uruana de Minas","MG",598.221,"31","317047 URUANA DE MINAS",0,0,3360,15.5240592532039,15.5240592577217,-3.85270942812536e-06,"3072","Not significant"
"317050","3170503","Urucânia","MG",138.792,"31","317050 URUCANIA",1.07338216607806,0.111111111111111,10875,15.5240592532039,15.5240592545997,0.272424139373979,"3073","Not significant"
"317052","3170529","Urucuia","MG",2076.942,"31","317052 URUCUIA",0.455112276198538,0.0555555555555556,18291,15.5240592532039,15.5240592540338,0.115505168679064,"3074","Not significant"
"317057","3170578","Vargem Alegre","MG",116.664,"31","317057 VARGEM ALEGRE",0.837310558486144,0.0555555555555557,5834,15.5240592532039,15.5240592558059,0.212508373968621,"3075","Not significant"
"317060","3170602","Vargem Bonita","MG",409.888,"31","317060 VARGEM BONITA",0,0,2206,15.5240592532039,15.5240592600851,-3.85270942783209e-06,"3076","Not significant"
"317065","3170651","Vargem Grande do Rio Pardo","MG",491.512,"31","317065 VARGEM GRANDE DO RIO PARDO",0,0,4727,15.5240592532039,15.5240592564152,-3.85270942828748e-06,"3077","Low-Low"
"317070","3170701","Varginha","MG",395.396,"31","317070 VARGINHA",0.367413229907987,0.5,142802,15.5240592532039,15.5240592533102,0.0932468567360184,"3078","Not significant"
"317075","3170750","Varjão de Minas","MG",651.505,"31","317075 VARJAO DE MINAS",0,0,7243,15.5240592532039,15.5240592552997,-3.8527094284259e-06,"3079","Not significant"
"317080","3170800","Várzea da Palma","MG",2220.279,"31","317080 VARZEA DA PALMA",0,0,34639,15.5240592532039,15.5240592536421,-3.85270942863159e-06,"3080","Low-Low"
"317090","3170909","Varzelândia","MG",814.994,"31","317090 VARZELANDIA",0,0,19214,15.5240592532039,15.5240592539939,-3.85270942858793e-06,"3081","Low-Low"
"317100","3171006","Vazante","MG",1913.396,"31","317100 VAZANTE",0.271891330473037,0.0555555555555556,20433,15.5240592532039,15.5240592539468,0.0690030784359383,"3082","Not significant"
"317103","3171030","Verdelândia","MG",1570.582,"31","317103 VERDELANDIA",0,0,7770,15.5240592532039,15.5240592551575,-3.85270942844354e-06,"3083","Not significant"
"317107","3171071","Veredinha","MG",631.692,"31","317107 VEREDINHA",1.05679200219813,0.0555555555555556,5257,15.5240592532039,15.5240592560914,0.268213500152638,"3084","Not significant"
"317110","3171105","Veríssimo","MG",1031.823,"31","317110 VERISSIMO",2.04850868567683,0.0555555555555556,3480,15.5240592532039,15.5240592575659,0.519914518945779,"3085","Not significant"
"317115","3171154","Vermelho Novo","MG",115.242,"31","317115 VERMELHO NOVO",0,0,5034,15.5240592532039,15.5240592562194,-3.85270942831178e-06,"3086","Not significant"
"317120","3171204","Vespasiano","MG",71.04,"31","317120 VESPASIANO",0.529268243234766,0.611111111111111,136826,15.5240592532039,15.5240592533148,0.134326201711693,"3087","Not significant"
"317130","3171303","Viçosa","MG",299.418,"31","317130 VICOSA",0.510060978618771,0.388888888888889,79221,15.5240592532039,15.5240592533955,0.129451333562498,"3088","Low-Low"
"317140","3171402","Vieiras","MG",112.691,"31","317140 VIEIRAS",3.00300300300301,0.111111111111111,3780,15.5240592532039,15.5240592572197,0.762168376449839,"3089","Not significant"
"317150","3171501","Mathias Lobato","MG",172.297,"31","317150 MATHIAS LOBATO",0,0,3069,15.5240592532039,15.5240592581501,-3.8527094280722e-06,"3090","Not significant"
"317160","3171600","Virgem da Lapa","MG",868.914,"31","317160 VIRGEM DA LAPA",0.395976874950503,0.0555555555555555,11867,15.5240592532039,15.5240592544831,0.100496405599119,"3091","Low-Low"
"317170","3171709","Virgínia","MG",326.515,"31","317170 VIRGINIA",12.5280806739927,1.11111111111111,9142,15.5240592532039,15.5240592548643,3.1796650206017,"3092","High-High"
"317180","3171808","Virginópolis","MG",439.878,"31","317180 VIRGINOPOLIS",1.0749914000688,0.111111111111111,10519,15.5240592532039,15.524059254647,0.2728325683551,"3093","Not significant"
"317190","3171907","Virgolândia","MG",281.022,"31","317190 VIRGOLANDIA",0,0,4530,15.5240592532039,15.5240592565549,-3.85270942827015e-06,"3094","Not significant"
"317200","3172004","Visconde do Rio Branco","MG",243.351,"31","317200 VISCONDE DO RIO BRANCO",0.699430166660167,0.277777777777778,40608,15.5240592532039,15.5240592535777,0.177513868316512,"3095","Not significant"
"317210","3172103","Volta Grande","MG",205.552,"31","317210 VOLTA GRANDE",2.10381113543111,0.111111111111111,4473,15.5240592532039,15.5240592565976,0.53395046610087,"3096","Not significant"
"317220","3172202","Wenceslau Braz","MG",102.487,"31","317220 WENCESLAU BRAZ",8.53801909147538,0.222222222222222,2387,15.5240592532039,15.5240592595633,2.16697401463054,"3097","High-High"
"320010","3200102","Afonso Cláudio","ES",941.188,"32","320010 AFONSO CLAUDIO",12.6388396109599,4,32446,15.5240592532039,15.5240592536717,3.20777601022762,"3098","High-High"
"320013","3200136","Águia Branca","ES",454.448,"32","320013 AGUIA BRANCA",0.583996168985133,0.0555555555555557,10124,15.5240592532039,15.5240592547033,0.14821633272723,"3099","Not significant"
"320016","3200169","Água Doce do Norte","ES",473.729,"32","320016 AGUA DOCE DO NORTE",0.459364606875769,0.0555555555555556,12559,15.5240592532039,15.5240592544126,0.116584424458765,"3100","Not significant"
"320020","3200201","Alegre","ES",756.86,"32","320020 ALEGRE",8.85244036695834,2.77777777777778,30744,15.5240592532039,15.5240592536976,2.24677518880416,"3101","High-High"
"320030","3200300","Alfredo Chaves","ES",615.677,"32","320030 ALFREDO CHAVES",12.6551560078117,1.83333333333333,14373,15.5240592532039,15.52405925426,3.21191716638586,"3102","High-High"
"320035","3200359","Alto Rio Novo","ES",227.617,"32","320035 ALTO RIO NOVO",0,0,7747,15.5240592532039,15.5240592551633,-3.85270942844282e-06,"3103","Not significant"
"320040","3200409","Anchieta","ES",409.691,"32","320040 ANCHIETA",0.909584815935975,0.222222222222222,32584,15.5240592532039,15.5240592536698,0.230851822811824,"3104","Not significant"
"320050","3200508","Apiacá","ES",193.984,"32","320050 APIACA",9.26094057234223,0.722222222222222,7474,15.5240592532039,15.5240592552349,2.35045391024531,"3105","High-High"
"320060","3200607","Aracruz","ES",1420.285,"32","320060 ARACRUZ",0.549887010474861,0.444444444444444,102410,15.5240592532039,15.5240592533521,0.13955931395822,"3106","Not significant"
"320070","3200706","Atílio Vivácqua","ES",232.868,"32","320070 ATILIO VIVACQUA",3.09314061321986,0.333333333333333,11013,15.5240592532039,15.5240592545823,0.785045604158781,"3107","High-High"
"320080","3200805","Baixo Guandu","ES",909.039,"32","320080 BAIXO GUANDU",15.7965603895935,4.66666666666667,32694,15.5240592532039,15.5240592536682,4.00921612959594,"3108","High-High"
"320090","3200904","Barra de São Francisco","ES",944.521,"32","320090 BARRA DE SAO FRANCISCO",3.99087913059502,1.66666666666667,45250,15.5240592532039,15.5240592535394,1.01289464941981,"3109","Not significant"
"320100","3201001","Boa Esperança","ES",428.716,"32","320100 BOA ESPERANCA",1.17049418264391,0.166666666666666,14079,15.5240592532039,15.5240592542821,0.2970714947331,"3110","Not significant"
"320110","3201100","Bom Jesus do Norte","ES",89.084,"32","320110 BOM JESUS DO NORTE",17.4049772606231,1.66666666666666,10764,15.5240592532039,15.5240592546141,4.41743772328737,"3111","Not significant"
"320115","3201159","Brejetuba","ES",354.404,"32","320115 BREJETUBA",3.66939598362876,0.444444444444445,13642,15.5240592532039,15.5240592543166,0.931301148975612,"3112","High-High"
"320120","3201209","Cachoeiro de Itapemirim","ES",864.583,"32","320120 CACHOEIRO DE ITAPEMIRIM",1.79246688032431,3.61111111111111,198323,15.5240592532039,15.5240592532804,0.454930250479314,"3113","High-High"
"320130","3201308","Cariacica","ES",279.718,"32","320130 CARIACICA",2.43062569542331,8.83333333333333,375485,15.5240592532039,15.5240592532443,0.616897097078907,"3114","Not significant"
"320140","3201407","Castelo","ES",663.515,"32","320140 CASTELO",16.5235037016293,5.66666666666666,39396,15.5240592532039,15.5240592535892,4.19371677916175,"3115","High-High"
"320150","3201506","Colatina","ES",1398.219,"32","320150 COLATINA",2.93833050806291,3.38888888888889,128622,15.5240592532039,15.5240592533219,0.745754280525413,"3116","High-High"
"320160","3201605","Conceição da Barra","ES",1182.587,"32","320160 CONCEICAO DA BARRA",0,0,28953,15.5240592532039,15.5240592537282,-3.85270942862091e-06,"3117","Not significant"
"320170","3201704","Conceição do Castelo","ES",369.778,"32","320170 CONCEICAO DO CASTELO",7.40701124396849,0.88888888888889,12448,15.5240592532039,15.5240592544234,1.87992043177722,"3118","High-High"
"320180","3201803","Divino de São Lourenço","ES",174.039,"32","320180 DIVINO DE SAO LOURENCO",2.22355635603584,0.111111111111111,5359,15.5240592532039,15.5240592560365,0.564342204524264,"3119","Not significant"
"320190","3201902","Domingos Martins","ES",1229.21,"32","320190 DOMINGOS MARTINS",8.27726173097803,2.72222222222222,37972,15.5240592532039,15.5240592536037,2.10079292280504,"3120","High-High"
"320200","3202009","Dores do Rio Preto","ES",159.298,"32","320200 DORES DO RIO PRETO",0,0,6885,15.5240592532039,15.5240592554087,-3.85270942841238e-06,"3121","Not significant"
"320210","3202108","Ecoporanga","ES",2285.369,"32","320210 ECOPORANGA",8.55679057971753,2,22670,15.5240592532039,15.5240592538735,2.17173828167188,"3122","Not significant"
"320220","3202207","Fundão","ES",286.854,"32","320220 FUNDAO",0.953787433933619,0.166666666666667,18824,15.5240592532039,15.5240592540103,0.242070595439134,"3123","Not significant"
"320225","3202256","Governador Lindenberg","ES",360.016,"32","320225 GOVERNADOR LINDENBERG",4.56661064806071,0.500000000000001,11467,15.5240592532039,15.5240592545277,1.15901723856358,"3124","Not significant"
"320230","3202306","Guaçuí","ES",468.185,"32","320230 GUACUI",1.33581324189268,0.388888888888889,31290,15.5240592532039,15.524059253689,0.339030026181625,"3125","Not significant"
"320240","3202405","Guarapari","ES",589.825,"32","320240 GUARAPARI",1.25978464525498,1.44444444444444,134944,15.5240592532039,15.5240592533164,0.319733713485191,"3126","Low-High"
"320245","3202454","Ibatiba","ES",240.278,"32","320245 IBATIBA",5.7418604810662,1.38888888888889,27308,15.5240592532039,15.5240592537598,1.45729958604409,"3127","Not significant"
"320250","3202504","Ibiraçu","ES",201.248,"32","320250 IBIRACU",3.54170677496313,0.388888888888889,12261,15.5240592532039,15.524059254442,0.8988931997558,"3128","Not significant"
"320255","3202553","Ibitirama","ES",330.874,"32","320255 IBITIRAMA",0,0,9973,15.5240592532039,15.524059254726,-3.85270942849709e-06,"3129","Not significant"
"320260","3202603","Iconha","ES",203.528,"32","320260 ICONHA",7.88812829684825,1.05555555555556,12793,15.5240592532039,15.5240592543905,2.00202955266475,"3130","Not significant"
"320265","3202652","Irupi","ES",184.807,"32","320265 IRUPI",0.473902205540864,0.0555555555555555,14513,15.5240592532039,15.5240592542498,0.120274115735468,"3131","Not significant"
"320270","3202702","Itaguaçu","ES",535.021,"32","320270 ITAGUACU",16.0432635801023,2.27777777777778,14065,15.5240592532039,15.5240592542832,4.07183022629917,"3132","High-High"
"320280","3202801","Itapemirim","ES",550.71,"32","320280 ITAPEMIRIM",4.41759900605963,1.44444444444445,43362,15.5240592532039,15.524059253554,1.12119758432236,"3133","Not significant"
"320290","3202900","Itarana","ES",295.189,"32","320290 ITARANA",11.6837770287966,1.27777777777778,10984,15.5240592532039,15.5240592545859,2.96537792509369,"3134","High-High"
"320300","3203007","Iúna","ES",460.586,"32","320300 IUNA",2.72635321594194,0.777777777777777,30444,15.5240592532039,15.5240592537025,0.691953733156271,"3135","Not significant"
"320305","3203056","Jaguaré","ES",659.751,"32","320305 JAGUARE",1.9895400795421,0.555555555555556,31232,15.5240592532039,15.5240592536899,0.504948089090938,"3136","Not significant"
"320310","3203106","Jerônimo Monteiro","ES",177.342,"32","320310 JERONIMO MONTEIRO",14.6413241428661,1.66666666666667,12079,15.5240592532039,15.5240592544606,3.71601329733807,"3137","High-High"
"320313","3203130","João Neiva","ES",284.735,"32","320313 JOAO NEIVA",0.729762884306786,0.111111111111111,14391,15.5240592532039,15.5240592542587,0.185212413736738,"3138","Not significant"
"320316","3203163","Laranja da Terra","ES",458.37,"32","320316 LARANJA DA TERRA",20.4673216536087,2.27777777777778,11572,15.5240592532039,15.5240592545157,5.19467099623666,"3139","High-High"
"320320","3203205","Linhares","ES",3496.263,"32","320320 LINHARES",3.72470195174435,5.44444444444444,181912,15.5240592532039,15.5240592532873,0.945337989118752,"3140","Not significant"
"320330","3203304","Mantenópolis","ES",321.418,"32","320330 MANTENOPOLIS",0.995313372290049,0.111111111111111,13173,15.5240592532039,15.5240592543562,0.252610017800091,"3141","Not significant"
"320332","3203320","Marataízes","ES",130.268,"32","320332 MARATAIZES",3.92464104662553,1.44444444444444,45418,15.5240592532039,15.5240592535381,0.996083201655813,"3142","Not significant"
"320334","3203346","Marechal Floriano","ES",285.495,"32","320334 MARECHAL FLORIANO",21.2631778753562,3.05555555555556,18743,15.5240592532039,15.5240592540138,5.39666197337782,"3143","High-High"
"320335","3203353","Marilândia","ES",327.642,"32","320335 MARILANDIA",4.65910540221032,0.555555555555556,13014,15.5240592532039,15.5240592543703,1.18249271724587,"3144","Not significant"
"320340","3203403","Mimoso do Sul","ES",869.439,"32","320340 MIMOSO DO SUL",14.6796040471668,3.88888888888889,25179,15.5240592532039,15.5240592538068,3.72572886545502,"3145","High-High"
"320350","3203502","Montanha","ES",1099.06,"32","320350 MONTANHA",0.620961792390093,0.111111111111111,19752,15.5240592532039,15.5240592539724,0.157598331872109,"3146","Not significant"
"320360","3203601","Mucurici","ES",540.529,"32","320360 MUCURICI",0,0,5660,15.5240592532039,15.5240592558859,-3.85270942835317e-06,"3147","Not significant"
"320370","3203700","Muniz Freire","ES",678.804,"32","320370 MUNIZ FREIRE",5.49896101772223,1,18811,15.5240592532039,15.5240592540109,1.39565088795492,"3148","High-High"
"320380","3203809","Muqui","ES",327.268,"32","320380 MUQUI",5.37851486816284,0.777777777777777,14213,15.5240592532039,15.5240592542719,1.36508125140928,"3149","High-High"
"320390","3203908","Nova Venécia","ES",1439.571,"32","320390 NOVA VENECIA",15.0822419590194,7.05555555555555,52084,15.5240592532039,15.5240592534953,3.82791971729996,"3150","Not significant"
"320400","3204005","Pancas","ES",837.842,"32","320400 PANCAS",3.25516748528951,0.666666666666667,19270,15.5240592532039,15.5240592539916,0.826168567473576,"3151","Not significant"
"320405","3204054","Pedro Canário","ES",433.453,"32","320405 PEDRO CANARIO",1.40396568485674,0.333333333333333,22048,15.5240592532039,15.5240592538924,0.356327344673654,"3152","Not significant"
"320410","3204104","Pinheiros","ES",973.136,"32","320410 PINHEIROS",0.922254450649893,0.222222222222222,24825,15.5240592532039,15.5240592538154,0.23406741857403,"3153","Not significant"
"320420","3204203","Piúma","ES",74.046,"32","320420 PIUMA",0.302524262445848,0.0555555555555556,23682,15.5240592532039,15.5240592538449,0.0767778192627948,"3154","Not significant"
"320425","3204252","Ponto Belo","ES",360.11,"32","320425 PONTO BELO",3.93830766285358,0.277777777777778,6696,15.5240592532039,15.5240592554709,0.999551834607415,"3155","Not significant"
"320430","3204302","Presidente Kennedy","ES",594.897,"32","320430 PRESIDENTE KENNEDY",3.37135592383952,0.333333333333333,14647,15.5240592532039,15.5240592542403,0.85565758267345,"3156","Not significant"
"320435","3204351","Rio Bananal","ES",641.929,"32","320435 RIO BANANAL",4.28383862863164,0.777777777777779,20229,15.5240592532039,15.5240592539543,1.08724875210686,"3157","Not significant"
"320440","3204401","Rio Novo do Sul","ES",204.464,"32","320440 RIO NOVO DO SUL",2.40431063334902,0.277777777777778,11479,15.5240592532039,15.5240592545263,0.610218246082156,"3158","High-High"
"320450","3204500","Santa Leopoldina","ES",718.325,"32","320450 SANTA LEOPOLDINA",1.29863607400522,0.166666666666667,13747,15.5240592532039,15.5240592543081,0.32959433633475,"3159","Not significant"
"320455","3204559","Santa Maria de Jetibá","ES",735.198,"32","320455 SANTA MARIA DE JETIBA",2.70151341263163,0.999999999999999,45062,15.5240592532039,15.5240592535408,0.685649307808249,"3160","High-High"
"320460","3204609","Santa Teresa","ES",683.032,"32","320460 SANTA TERESA",7.58825934310713,1.66666666666667,23796,15.5240592532039,15.5240592538418,1.92592180697865,"3161","High-High"
"320465","3204658","São Domingos do Norte","ES",298.58,"32","320465 SAO DOMINGOS DO NORTE",0,0,9008,15.5240592532039,15.524059254889,-3.85270942847686e-06,"3162","Not significant"
"320470","3204708","São Gabriel da Palha","ES",434.887,"32","320470 SAO GABRIEL DA PALHA",4.51225695469558,1.44444444444444,34210,15.5240592532039,15.5240592536476,1.14522208900834,"3163","Not significant"
"320480","3204807","São José do Calçado","ES",273.489,"32","320480 SAO JOSE DO CALCADO",0,0,11373,15.5240592532039,15.5240592545386,-3.85270942852034e-06,"3164","Low-High"
"320490","3204906","São Mateus","ES",2346.049,"32","320490 SAO MATEUS",0.526003355767721,0.611111111111111,133359,15.5240592532039,15.5240592533177,0.133497562327525,"3165","Not significant"
"320495","3204955","São Roque do Canaã","ES",341.944,"32","320495 SAO ROQUE DO CANAA",6.26917149046302,0.722222222222222,11271,15.5240592532039,15.5240592545507,1.59113288791337,"3166","High-High"
"320500","3205002","Serra","ES",547.631,"32","320500 SERRA",2.06010447752943,9.77777777777779,572274,15.5240592532039,15.5240592532304,0.522857569863636,"3167","Not significant"
"320501","3205010","Sooretama","ES",587.036,"32","320501 SOORETAMA",1.12912866419042,0.277777777777778,28453,15.5240592532039,15.5240592537374,0.286572787483595,"3168","Not significant"
"320503","3205036","Vargem Alta","ES",417.76,"32","320503 VARGEM ALTA",5.78386568590703,1.16666666666667,20353,15.5240592532039,15.5240592539497,1.46796064783937,"3169","High-High"
"320506","3205069","Venda Nova do Imigrante","ES",185.909,"32","320506 VENDA NOVA DO IMIGRANTE",9.12916124620292,1.94444444444444,25168,15.5240592532039,15.524059253807,2.31700787561042,"3170","High-High"
"320510","3205101","Viana","ES",312.279,"32","320510 VIANA",1.70744766592651,1.16666666666667,78442,15.5240592532039,15.5240592533974,0.433352088850015,"3171","Low-High"
"320515","3205150","Vila Pavão","ES",433.257,"32","320515 VILA PAVAO",2.57066746487437,0.222222222222222,9298,15.5240592532039,15.5240592548365,0.652440167600109,"3172","High-High"
"320517","3205176","Vila Valério","ES",470.343,"32","320517 VILA VALERIO",4.35366818456305,0.611111111111111,14263,15.5240592532039,15.5240592542682,1.10497172748326,"3173","Not significant"
"320520","3205200","Vila Velha","ES",210.225,"32","320520 VILA VELHA",1.41147889465801,6.38888888888889,502899,15.5240592532039,15.5240592532341,0.358234222515624,"3174","Not significant"
"320530","3205309","Vitória","ES",97.123,"32","320530 VITORIA",2.88553928366775,9.88888888888889,342800,15.5240592532039,15.5240592532482,0.732355690801426,"3175","Not significant"
"330010","3300100","Angra dos Reis","RJ",813.42,"33","330010 ANGRA DOS REIS",2.32109528857957,4.11111111111111,179120,15.5240592532039,15.5240592532886,0.589097912637685,"3176","Not significant"
"330015","3300159","Aperibé","RJ",94.542,"33","330015 APERIBE",3.52634745735266,0.388888888888889,11420,15.5240592532039,15.5240592545331,0.894994953454093,"3177","Not significant"
"330020","3300209","Araruama","RJ",638.276,"33","330020 ARARUAMA",0.333235667602661,0.388888888888889,137773,15.5240592532039,15.5240592533141,0.0845724768480386,"3178","Not significant"
"330022","3300225","Areal","RJ",110.724,"33","330022 AREAL",5.23974200454486,0.611111111111111,12236,15.5240592532039,15.5240592544445,1.32986023340264,"3179","Not significant"
"330023","3300233","Armação dos Búzios","RJ",70.977,"33","330023 ARMACAO DOS BUZIOS",0.323556531777723,0.111111111111111,42442,15.5240592532039,15.5240592535616,0.0821158797272418,"3180","Not significant"
"330025","3300258","Arraial do Cabo","RJ",152.106,"33","330025 ARRAIAL DO CABO",0,0,32794,15.5240592532039,15.5240592536668,-3.85270942862853e-06,"3181","Not significant"
"330030","3300308","Barra do Piraí","RJ",584.61,"33","330030 BARRA DO PIRAI",1.64328035918185,1.61111111111111,98501,15.5240592532039,15.524059253358,0.41706621128804,"3182","Not significant"
"330040","3300407","Barra Mansa","RJ",547.133,"33","330040 BARRA MANSA",2.15236069511287,3.83333333333333,181688,15.5240592532039,15.5240592532874,0.546272507159763,"3183","Not significant"
"330045","3300456","Belford Roxo","RJ",78.985,"33","330045 BELFORD ROXO",2.15149685261278,10.3888888888889,518263,15.5240592532039,15.5240592532332,0.5460532610383,"3184","Not significant"
"330050","3300506","Bom Jardim","RJ",382.43,"33","330050 BOM JARDIM",2.5257770094372,0.666666666666666,29736,15.5240592532039,15.5240592537144,0.641046819545725,"3185","Not significant"
"330060","3300605","Bom Jesus do Itabapoana","RJ",596.659,"33","330060 BOM JESUS DO ITABAPOANA",2.8843558639432,1.05555555555556,37172,15.5240592532039,15.5240592536123,0.732055334899522,"3186","High-High"
"330070","3300704","Cabo Frio","RJ",413.449,"33","330070 CABO FRIO",0.0995073407393326,0.222222222222222,238166,15.5240592532039,15.5240592532676,0.0252514439528857,"3187","Not significant"
"330080","3300803","Cachoeiras de Macacu","RJ",954.749,"33","330080 CACHOEIRAS DE MACACU",0.986474798824955,0.555555555555555,59837,15.5240592532039,15.5240592534576,0.250366758232051,"3188","Not significant"
"330090","3300902","Cambuci","RJ",558.281,"33","330090 CAMBUCI",3.32969139853631,0.5,15070,15.5240592532039,15.5240592542112,0.845082986478867,"3189","Not significant"
"330093","3300936","Carapebus","RJ",304.885,"33","330093 CARAPEBUS",0,0,14325,15.5240592532039,15.5240592542636,-3.85270942855447e-06,"3190","Not significant"
"330095","3300951","Comendador Levy Gasparian","RJ",108.639,"33","330095 COMENDADOR LEVY GASPARIAN",1.26839167935058,0.111111111111111,9044,15.5240592532039,15.5240592548823,0.321918207576141,"3191","Not significant"
"330100","3301009","Campos dos Goytacazes","RJ",4032.487,"33","330100 CAMPOS DOS GOYTACAZES",1.60621320636175,7.5,519011,15.5240592532039,15.5240592532331,0.40765844364218,"3192","Not significant"
"330110","3301108","Cantagalo","RJ",747.21,"33","330110 CANTAGALO",1.12971215006929,0.222222222222222,19996,15.5240592532039,15.524059253963,0.286720878153612,"3193","Not significant"
"330115","3301157","Cardoso Moreira","RJ",522.596,"33","330115 CARDOSO MOREIRA",2.18467153440484,0.277777777777778,13403,15.5240592532039,15.5240592543365,0.554473106470321,"3194","Not significant"
"330120","3301207","Carmo","RJ",305.749,"33","330120 CARMO",1.62185588834769,0.277777777777778,17740,15.5240592532039,15.5240592540596,0.411628608758883,"3195","Not significant"
"330130","3301306","Casimiro de Abreu","RJ",462.918,"33","330130 CASIMIRO DE ABREU",0.985775413049141,0.444444444444445,48563,15.5240592532039,15.5240592535165,0.250189251777095,"3196","Not significant"
"330140","3301405","Conceição de Macabu","RJ",338.26,"33","330140 CONCEICAO DE MACABU",1.27250283773191,0.277777777777778,21769,15.5240592532039,15.5240592539012,0.322961633365483,"3197","Not significant"
"330150","3301504","Cordeiro","RJ",113.048,"33","330150 CORDEIRO",1.38378266156844,0.277777777777777,21444,15.5240592532039,15.5240592539118,0.351204825702564,"3198","Not significant"
"330160","3301603","Duas Barras","RJ",379.619,"33","330160 DUAS BARRAS",0.489303818527,0.0555555555555556,11354,15.5240592532039,15.5240592545409,0.124183096741541,"3199","Not significant"
"330170","3301702","Duque de Caxias","RJ",467.319,"33","330170 DUQUE DE CAXIAS",1.49483950968142,13,866347,15.5240592532039,15.5240592532214,0.379391426062063,"3200","Not significant"
"330180","3301801","Engenheiro Paulo de Frontin","RJ",139.381,"33","330180 ENGENHEIRO PAULO DE FRONTIN",2.10745212191325,0.277777777777778,12648,15.5240592532039,15.5240592544041,0.534874560713558,"3201","Not significant"
"330185","3301850","Guapimirim","RJ",358.443,"33","330185 GUAPIMIRIM",1.44470175853491,0.777777777777777,54300,15.5240592532039,15.5240592534834,0.366666296739061,"3202","Not significant"
"330187","3301876","Iguaba Grande","RJ",50.977,"33","330187 IGUABA GRANDE",1.73287489793949,0.388888888888888,29577,15.5240592532039,15.5240592537171,0.439805605571142,"3203","Not significant"
"330190","3301900","Itaboraí","RJ",429.961,"33","330190 ITABORAI",1.07208145761752,2.44444444444444,240040,15.5240592532039,15.5240592532671,0.272094015217966,"3204","Not significant"
"330200","3302007","Itaguaí","RJ",282.606,"33","330200 ITAGUAI",1.09180284515636,1.27777777777778,123980,15.5240592532039,15.5240592533263,0.27709936948764,"3205","Not significant"
"330205","3302056","Italva","RJ",291.193,"33","330205 ITALVA",1.53059715734481,0.222222222222222,14517,15.5240592532039,15.5240592542496,0.388466836898059,"3206","Not significant"
"330210","3302106","Itaocara","RJ",433.182,"33","330210 ITAOCARA",2.18399877975372,0.5,23643,15.5240592532039,15.5240592538459,0.554302359093325,"3207","Not significant"
"330220","3302205","Itaperuna","RJ",1106.694,"33","330220 ITAPERUNA",5.85596316317118,5.83333333333333,107246,15.5240592532039,15.5240592533454,1.48625922929296,"3208","Not significant"
"330225","3302254","Itatiaia","RJ",241.035,"33","330225 ITATIAIA",0.929276768863672,0.277777777777779,32694,15.5240592532039,15.5240592536682,0.235849706478989,"3209","Not significant"
"330227","3302270","Japeri","RJ",81.697,"33","330227 JAPERI",0.332029935530288,0.333333333333334,102149,15.5240592532039,15.5240592533525,0.0842664580059398,"3210","Not significant"
"330230","3302304","Laje do Muriaé","RJ",253.53,"33","330230 LAJE DO MURIAE",5.40273908928715,0.388888888888889,7584,15.5240592532039,15.5240592552055,1.37122943989708,"3211","Not significant"
"330240","3302403","Macaé","RJ",1216.989,"33","330240 MACAE",0.783976320889216,1.88888888888889,264138,15.5240592532039,15.5240592532614,0.19897196568931,"3212","Not significant"
"330245","3302452","Macuco","RJ",78.364,"33","330245 MACUCO",2.99007295778017,0.166666666666667,5601,15.5240592532039,15.5240592559141,0.758886687658676,"3213","Not significant"
"330250","3302502","Magé","RJ",390.775,"33","330250 MAGE",1.22049232085831,2.94444444444444,244092,15.5240592532039,15.5240592532661,0.309761189832511,"3214","Not significant"
"330260","3302601","Mangaratiba","RJ",367.606,"33","330260 MANGARATIBA",2.46211644564166,1,43624,15.5240592532039,15.5240592535519,0.624889555045917,"3215","Not significant"
"330270","3302700","Maricá","RJ",361.572,"33","330270 MARICA",1.34897696813725,1.77777777777778,211986,15.5240592532039,15.5240592532755,0.342371024036327,"3216","Not significant"
"330280","3302809","Mendes","RJ",95.324,"33","330280 MENDES",0.317424040427126,0.0555555555555555,18049,15.5240592532039,15.5240592540449,0.0805594328630102,"3217","Not significant"
"330285","3302858","Mesquita","RJ",41.169,"33","330285 MESQUITA",0.607071670045682,1.05555555555556,178803,15.5240592532039,15.5240592532888,0.154072972260125,"3218","Not significant"
"330290","3302908","Miguel Pereira","RJ",287.933,"33","330290 MIGUEL PEREIRA",0.406541810321733,0.111111111111111,28123,15.5240592532039,15.5240592537437,0.10317782161597,"3219","Not significant"
"330300","3303005","Miracema","RJ",303.27,"33","330300 MIRACEMA",0.615861169862334,0.166666666666667,28411,15.5240592532039,15.5240592537382,0.15630377677674,"3220","Not significant"
"330310","3303104","Natividade","RJ",387.073,"33","330310 NATIVIDADE",4.01956187349065,0.611111111111111,15550,15.5240592532039,15.5240592541801,1.02017442569998,"3221","High-High"
"330320","3303203","Nilópolis","RJ",19.393,"33","330320 NILOPOLIS",0.600554876534252,0.944444444444444,155544,15.5240592532039,15.5240592533015,0.15241898822034,"3222","Not significant"
"330330","3303302","Niterói","RJ",133.757,"33","330330 NITEROI",2.00364641972447,9.83333333333334,516720,15.5240592532039,15.5240592532333,0.508528325525937,"3223","Not significant"
"330340","3303401","Nova Friburgo","RJ",935.429,"33","330340 NOVA FRIBURGO",7.40441168657748,13.6111111111111,203328,15.5240592532039,15.5240592532785,1.87926065546609,"3224","Not significant"
"330350","3303500","Nova Iguaçu","RJ",520.581,"33","330350 NOVA IGUACU",1.37107662829678,11.2222222222222,843046,15.5240592532039,15.5240592532219,0.347979991871043,"3225","Not significant"
"330360","3303609","Paracambi","RJ",190.949,"33","330360 PARACAMBI",2.0566133654334,0.944444444444445,43656,15.5240592532039,15.5240592535516,0.521971513904862,"3226","Not significant"
"330370","3303708","Paraíba do Sul","RJ",571.118,"33","330370 PARAIBA DO SUL",1.43027439821426,0.611111111111111,44467,15.5240592532039,15.5240592535453,0.363004584323532,"3227","Not significant"
"330380","3303807","Paraty","RJ",924.296,"33","330380 PARATY",6.53621177706315,2.77777777777778,47614,15.5240592532039,15.5240592535227,1.65890860791507,"3228","Not significant"
"330385","3303856","Paty do Alferes","RJ",314.341,"33","330385 PATY DO ALFERES",1.7911468288098,0.500000000000001,31345,15.5240592532039,15.5240592536882,0.454595216973697,"3229","Not significant"
"330390","3303906","Petrópolis","RJ",791.144,"33","330390 PETROPOLIS",5.71953630949219,17.3333333333333,294983,15.5240592532039,15.5240592532554,1.45163363648401,"3230","Not significant"
"330395","3303955","Pinheiral","RJ",82.254,"33","330395 PINHEIRAL",4.00493130644762,0.944444444444445,25085,15.5240592532039,15.524059253809,1.01646113875005,"3231","Not significant"
"330400","3304003","Piraí","RJ",490.255,"33","330400 PIRAI",3.30671828799793,0.88888888888889,29054,15.5240592532039,15.5240592537264,0.839252334023776,"3232","Not significant"
"330410","3304102","Porciúncula","RJ",291.847,"33","330410 PORCIUNCULA",13.6204168136216,2.5,17832,15.5240592532039,15.5240592540552,3.45690359480006,"3233","Not significant"
"330411","3304110","Porto Real","RJ",50.892,"33","330411 PORTO REAL",3.99019549923279,0.722222222222221,21064,15.5240592532039,15.5240592539245,1.01272114147575,"3234","Not significant"
"330412","3304128","Quatis","RJ",284.826,"33","330412 QUATIS",0.81064246092355,0.111111111111111,14158,15.5240592532039,15.5240592542761,0.205739921417332,"3235","Not significant"
"330414","3304144","Queimados","RJ",75.927,"33","330414 QUEIMADOS",0.933743416915849,1.33333333333333,149093,15.5240592532039,15.5240592533057,0.236983356731117,"3236","Not significant"
"330415","3304151","Quissamã","RJ",719.643,"33","330415 QUISSAMA",0.843186297675416,0.166666666666667,23126,15.5240592532039,15.5240592538603,0.213999656285635,"3237","Not significant"
"330420","3304201","Resende","RJ",1099.336,"33","330420 RESENDE",1.91966221943286,2.44444444444444,137612,15.5240592532039,15.5240592533142,0.487212853946842,"3238","Not significant"
"330430","3304300","Rio Bonito","RJ",459.458,"33","330430 RIO BONITO",2.35457564693983,1.33333333333333,59113,15.5240592532039,15.5240592534607,0.597595339823825,"3239","Not significant"
"330440","3304409","Rio Claro","RJ",846.797,"33","330440 RIO CLARO",2.49282239184093,0.444444444444445,17950,15.5240592532039,15.5240592540496,0.632682827117921,"3240","Not significant"
"330450","3304508","Rio das Flores","RJ",478.783,"33","330450 RIO DAS FLORES",14.1187203483467,1.27777777777778,9264,15.5240592532039,15.5240592548425,3.58337470230324,"3241","Not significant"
"330452","3304524","Rio das Ostras","RJ",228.044,"33","330452 RIO DAS OSTRAS",0.316913402064512,0.388888888888889,168099,15.5240592532039,15.5240592532942,0.0804298311366923,"3242","Not significant"
"330455","3304557","Rio de Janeiro","RJ",1200.329,"33","330455 RIO DE JANEIRO",0.868579009600888,56,6729894,15.5240592532039,15.5240592532061,0.220444411701905,"3243","Not significant"
"330460","3304607","Santa Maria Madalena","RJ",810.963,"33","330460 SANTA MARIA MADALENA",0.544769126844043,0.0555555555555555,10579,15.5240592532039,15.5240592546388,0.138260377930094,"3244","Not significant"
"330470","3304706","Santo Antônio de Pádua","RJ",603.633,"33","330470 SANTO ANTONIO DE PADUA",1.06403683747724,0.444444444444445,43686,15.5240592532039,15.5240592535514,0.270052263655571,"3245","Not significant"
"330475","3304755","São Francisco de Itabapoana","RJ",1118.037,"33","330475 SAO FRANCISCO DE ITABAPOANA",0.502189028032912,0.222222222222222,47368,15.5240592532039,15.5240592535244,0.127453406113813,"3246","Not significant"
"330480","3304805","São Fidélis","RJ",1034.833,"33","330480 SAO FIDELIS",3.48165014247463,1.33333333333333,41197,15.5240592532039,15.5240592535724,0.883650625125154,"3247","Not significant"
"330490","3304904","São Gonçalo","RJ",248.16,"33","330490 SAO GONCALO",1.57361980970672,15.7777777777778,960652,15.5240592532039,15.5240592532197,0.399386130307072,"3248","Not significant"
"330500","3305000","São João da Barra","RJ",452.396,"33","330500 SAO JOAO DA BARRA",1.8941413038235,0.611111111111111,38708,15.5240592532039,15.5240592535961,0.480735560005984,"3249","Not significant"
"330510","3305109","São João de Meriti","RJ",35.216,"33","330510 SAO JOAO DE MERITI",0.953801943191204,4.38888888888889,466536,15.5240592532039,15.5240592532364,0.242074277943382,"3250","Not significant"
"330513","3305133","São José de Ubá","RJ",249.688,"33","330513 SAO JOSE DE UBA",3.12311287487576,0.222222222222222,7315,15.5240592532039,15.5240592552791,0.792652664626218,"3251","Not significant"
"330515","3305158","São José do Vale do Rio Preto","RJ",220.178,"33","330515 SAO JOSE DO VALE DO RIO PRETO",1.52536760119314,0.333333333333333,22799,15.5240592532039,15.5240592538697,0.387139558020281,"3252","Not significant"
"330520","3305208","São Pedro da Aldeia","RJ",332.488,"33","330520 SAO PEDRO DA ALDEIA",0.726197195572574,0.722222222222222,110556,15.5240592532039,15.5240592533412,0.184307429988062,"3253","Not significant"
"330530","3305307","São Sebastião do Alto","RJ",397.214,"33","330530 SAO SEBASTIAO DO ALTO",0.615028844852822,0.0555555555555554,7999,15.5240592532039,15.5240592551016,0.156092529892236,"3254","Not significant"
"330540","3305406","Sapucaia","RJ",540.673,"33","330540 SAPUCAIA",3.38267980796567,0.611111111111112,18289,15.5240592532039,15.5240592540339,0.858531622431822,"3255","Not significant"
"330550","3305505","Saquarema","RJ",352.13,"33","330550 SAQUAREMA",0.443033976647163,0.388888888888889,95201,15.5240592532039,15.5240592533633,0.112439655764834,"3256","Not significant"
"330555","3305554","Seropédica","RJ",265.189,"33","330555 SEROPEDICA",0.943782728808738,0.777777777777779,84737,15.5240592532039,15.524059253383,0.239531367744143,"3257","Not significant"
"330560","3305604","Silva Jardim","RJ",937.755,"33","330560 SILVA JARDIM",1.55797669684469,0.333333333333333,22026,15.5240592532039,15.5240592538931,0.395415855813038,"3258","Not significant"
"330570","3305703","Sumidouro","RJ",413.407,"33","330570 SUMIDOURO",0.736812844120326,0.111111111111111,15690,15.5240592532039,15.5240592541714,0.187001717171763,"3259","Not significant"
"330575","3305752","Tanguá","RJ",143.007,"33","330575 TANGUA",1.9188636772363,0.611111111111111,32858,15.5240592532039,15.5240592536659,0.487010181254851,"3260","Not significant"
"330580","3305802","Teresópolis","RJ",773.338,"33","330580 TERESOPOLIS",2.92092403043522,4.94444444444445,176692,15.5240592532039,15.5240592532898,0.741336458151806,"3261","Not significant"
"330590","3305901","Trajano de Moraes","RJ",591.151,"33","330590 TRAJANO DE MORAES",0,0,10652,15.5240592532039,15.524059254629,-3.85270942850913e-06,"3262","Not significant"
"330600","3306008","Três Rios","RJ",322.843,"33","330600 TRES RIOS",1.33520409740716,1.05555555555556,82300,15.5240592532039,15.5240592533883,0.338875423272422,"3263","Not significant"
"330610","3306107","Valença","RJ",1300.767,"33","330610 VALENCA",3.63350984748052,2.61111111111111,71462,15.5240592532039,15.5240592534163,0.922193127345624,"3264","Not significant"
"330615","3306156","Varre-Sai","RJ",201.938,"33","330615 VARRE-SAI",1.02930789445841,0.111111111111111,10559,15.5240592532039,15.5240592546415,0.261237941484994,"3265","Not significant"
"330620","3306206","Vassouras","RJ",536.073,"33","330620 VASSOURAS",1.56441731208358,0.555555555555556,35904,15.5240592532039,15.5240592536267,0.397050505555188,"3266","Not significant"
"330630","3306305","Volta Redonda","RJ",182.105,"33","330630 VOLTA REDONDA",1.99308091057146,5.27777777777778,279898,15.5240592532039,15.5240592532581,0.505846763883291,"3267","Not significant"
"350010","3500105","Adamantina","SP",411.987,"35","350010 ADAMANTINA",0.953341455219094,0.333333333333333,35642,15.5240592532039,15.5240592536298,0.241957404549282,"3268","Not significant"
"350020","3500204","Adolfo","SP",211.055,"35","350020 ADOLFO",0,0,4478,15.5240592532039,15.5240592565938,-3.85270942826532e-06,"3269","Not significant"
"350030","3500303","Aguaí","SP",474.554,"35","350030 AGUAI",0.669866768439089,0.222222222222222,32888,15.5240592532039,15.5240592536655,0.170010578740965,"3270","Not significant"
"350040","3500402","Águas da Prata","SP",142.673,"35","350040 AGUAS DA PRATA",1.44275657629508,0.111111111111111,7470,15.5240592532039,15.524059255236,0.366172602945009,"3271","Not significant"
"350050","3500501","Águas de Lindóia","SP",60.126,"35","350050 AGUAS DE LINDOIA",1.51849262788829,0.277777777777778,18245,15.5240592532039,15.5240592540359,0.385394666746215,"3272","Not significant"
"350055","3500550","Águas de Santa Bárbara","SP",404.463,"35","350055 AGUAS DE SANTA BARBARA",0,0,7407,15.5240592532039,15.5240592552533,-3.85270942843166e-06,"3273","Not significant"
"350060","3500600","Águas de São Pedro","SP",3.612,"35","350060 AGUAS DE SAO PEDRO",0,0,2829,15.5240592532039,15.5240592585697,-3.85270942802013e-06,"3274","Not significant"
"350070","3500709","Agudos","SP",966.708,"35","350070 AGUDOS",0.766672491058957,0.277777777777778,38879,15.5240592532039,15.5240592535943,0.194580195667942,"3275","Not significant"
"350075","3500758","Alambari","SP",159.6,"35","350075 ALAMBARI",0,0,6330,15.5240592532039,15.524059255602,-3.85270942838839e-06,"3276","Not significant"
"350080","3500808","Alfredo Marcondes","SP",118.915,"35","350080 ALFREDO MARCONDES",1.42779633913019,0.0555555555555557,4556,15.5240592532039,15.5240592565357,0.362375644585794,"3277","Not significant"
"350090","3500907","Altair","SP",313.007,"35","350090 ALTAIR",0,0,3479,15.5240592532039,15.5240592575672,-3.85270942814453e-06,"3278","Not significant"
"350100","3501004","Altinópolis","SP",928.956,"35","350100 ALTINOPOLIS",0.343699304352608,0.0555555555555555,17156,15.5240592532039,15.5240592540887,0.0872281829306874,"3279","Low-Low"
"350110","3501103","Alto Alegre","SP",318.574,"35","350110 ALTO ALEGRE",0,0,3883,15.5240592532039,15.5240592571132,-3.85270942820086e-06,"3280","Low-Low"
"350115","3501152","Alumínio","SP",83.619,"35","350115 ALUMINIO",1.31524938149375,0.222222222222222,17591,15.5240592532039,15.5240592540668,0.333810849471286,"3281","Not significant"
"350120","3501202","Álvares Florence","SP",362.411,"35","350120 ALVARES FLORENCE",0,0,3978,15.5240592532039,15.5240592570199,-3.85270942821245e-06,"3282","Not significant"
"350130","3501301","Álvares Machado","SP",347.647,"35","350130 ALVARES MACHADO",0.234470986560123,0.0555555555555556,28250,15.5240592532039,15.5240592537412,0.0595056697056392,"3283","Not significant"
"350140","3501400","Álvaro de Carvalho","SP",153.662,"35","350140 ALVARO DE CARVALHO",1.10448420587586,0.0555555555555555,4896,15.5240592532039,15.5240592563044,0.280317941323616,"3284","Not significant"
"350150","3501509","Alvinlândia","SP",84.879,"35","350150 ALVINLANDIA",0,0,2923,15.5240592532039,15.5240592583972,-3.85270942804154e-06,"3285","Not significant"
"350160","3501608","Americana","SP",133.912,"35","350160 AMERICANA",0.814118189916872,1.83333333333333,246655,15.5240592532039,15.5240592532654,0.206622073094368,"3286","Not significant"
"350170","3501707","Américo Brasiliense","SP",122.958,"35","350170 AMERICO BRASILIENSE",0.646630319095362,0.222222222222222,33757,15.5240592532039,15.5240592536536,0.164113090001133,"3287","Not significant"
"350180","3501806","Américo de Campos","SP",252.876,"35","350180 AMERICO DE CAMPOS",0.932766211476756,0.0555555555555556,5975,15.5240592532039,15.5240592557445,0.236735338696153,"3288","Low-Low"
"350190","3501905","Amparo","SP",445.323,"35","350190 AMPARO",2.35187899029448,1.61111111111111,69717,15.5240592532039,15.5240592534216,0.596910919327874,"3289","Not significant"
"350200","3502002","Analândia","SP",325.953,"35","350200 ANALANDIA",0,0,4684,15.5240592532039,15.5240592564447,-3.85270942828382e-06,"3290","Not significant"
"350210","3502101","Andradina","SP",964.226,"35","350210 ANDRADINA",0.0981616290118656,0.0555555555555554,61473,15.5240592532039,15.5240592534508,0.0249098978050212,"3291","Low-Low"
"350220","3502200","Angatuba","SP",1027.288,"35","350220 ANGATUBA",0,0,24512,15.5240592532039,15.5240592538232,-3.85270942860912e-06,"3292","Not significant"
"350230","3502309","Anhembi","SP",736.557,"35","350230 ANHEMBI",1.82484539410575,0.111111111111111,5766,15.5240592532039,15.5240592558365,0.463148025782773,"3293","Not significant"
"350240","3502408","Anhumas","SP",320.84,"35","350240 ANHUMAS",1.48623744129362,0.0555555555555556,4108,15.5240592532039,15.5240592568991,0.377208192223479,"3294","Not significant"
"350250","3502507","Aparecida","SP",120.89,"35","350250 APARECIDA",1.15249738491329,0.388888888888889,33223,15.5240592532039,15.5240592536608,0.292503847143642,"3295","Not significant"
"350260","3502606","Aparecida d'Oeste","SP",179.004,"35","350260 APARECIDA D'OESTE",0,0,4124,15.5240592532039,15.5240592568848,-3.85270942822921e-06,"3296","Low-Low"
"350270","3502705","Apiaí","SP",974.322,"35","350270 APIAI",0.677795148988286,0.166666666666667,24886,15.5240592532039,15.5240592538139,0.172022828302149,"3297","Not significant"
"350275","3502754","Araçariguama","SP",145.204,"35","350275 ARACARIGUAMA",2.16998902086682,0.388888888888889,22168,15.5240592532039,15.5240592538887,0.550746635321631,"3298","Not significant"
"350280","3502804","Araçatuba","SP",1167.126,"35","350280 ARACATUBA",0.0286622962397361,0.0555555555555556,207775,15.5240592532039,15.524059253277,0.00727073416204346,"3299","Low-Low"
"350290","3502903","Araçoiaba da Serra","SP",255.305,"35","350290 ARACOIABA DA SERRA",0.195418606196333,0.0555555555555556,33656,15.5240592532039,15.5240592536549,0.0495940446526501,"3300","Not significant"
"350300","3503000","Aramina","SP",202.829,"35","350300 ARAMINA",0.976543426886194,0.0555555555555556,5526,15.5240592532039,15.5240592559509,0.247846142720747,"3301","Not significant"
"350310","3503109","Arandu","SP",285.908,"35","350310 ARANDU",0.875166281593506,0.0555555555555557,7050,15.5240592532039,15.5240592553571,0.222116283401038,"3302","Not significant"
"350315","3503158","Arapeí","SP",156.903,"35","350315 ARAPEI",0,0,2355,15.5240592532039,15.5240592596497,-3.85270942788612e-06,"3303","Not significant"
"350320","3503208","Araraquara","SP",1003.625,"35","350320 ARARAQUARA",0.197413452765811,0.444444444444444,252318,15.5240592532039,15.5240592532641,0.0501003434000166,"3304","Not significant"
"350330","3503307","Araras","SP",644.831,"35","350330 ARARAS",1.04661612480822,1.33333333333333,135331,15.5240592532039,15.5240592533161,0.265630828382034,"3305","Not significant"
"350335","3503356","Arco-Íris","SP",264.904,"35","350335 ARCO-IRIS",0,0,2085,15.5240592532039,15.5240592604844,-3.85270942778254e-06,"3306","Not significant"
"350340","3503406","Arealva","SP",506.226,"35","350340 AREALVA",0,0,8280,15.5240592532039,15.5240592550372,-3.85270942845847e-06,"3307","Not significant"
"350350","3503505","Areias","SP",305.227,"35","350350 AREIAS",1.49988000959923,0.0555555555555556,3625,15.5240592532039,15.5240592573914,0.380670721787561,"3308","Not significant"
"350360","3503604","Areiópolis","SP",85.907,"35","350360 AREIOPOLIS",1.52715641085184,0.166666666666667,10257,15.5240592532039,15.5240592546838,0.387593563898189,"3309","Not significant"
"350370","3503703","Ariranha","SP",132.624,"35","350370 ARIRANHA",1.85930465898099,0.166666666666667,7653,15.5240592532039,15.5240592551874,0.471893902736505,"3310","Not significant"
"350380","3503802","Artur Nogueira","SP",178.026,"35","350380 ARTUR NOGUEIRA",0.73858211062907,0.333333333333333,53157,15.5240592532039,15.5240592534895,0.187450762946973,"3311","Not significant"
"350390","3503901","Arujá","SP",96.167,"35","350390 ARUJA",1.37722044212595,1.11111111111111,89943,15.5240592532039,15.5240592533727,0.349539312415357,"3312","Not significant"
"350395","3503950","Aspásia","SP",69.373,"35","350395 ASPASIA",0,0,1873,15.5240592532039,15.5240592613085,-3.85270942768028e-06,"3313","Low-Low"
"350400","3504008","Assis","SP",460.609,"35","350400 ASSIS",2.44198905657072,2.44444444444444,104642,15.5240592532039,15.524059253349,0.61978115622991,"3314","Not significant"
"350410","3504107","Atibaia","SP",478.521,"35","350410 ATIBAIA",1.26439355094132,1.66666666666667,166043,15.5240592532039,15.5240592532953,0.320903469199231,"3315","Not significant"
"350420","3504206","Auriflama","SP",434.498,"35","350420 AURIFLAMA",0,0,13873,15.5240592532039,15.5240592542981,-3.85270942855019e-06,"3316","Low-Low"
"350430","3504305","Avaí","SP",540.689,"35","350430 AVAI",0,0,4519,15.5240592532039,15.524059256563,-3.85270942826914e-06,"3317","Low-Low"
"350440","3504404","Avanhandava","SP",338.37,"35","350440 AVANHANDAVA",0,0,11438,15.5240592532039,15.524059254531,-3.85270942852128e-06,"3318","Low-Low"
"350450","3504503","Avaré","SP",1213.055,"35","350450 AVARE",0.179359245046973,0.166666666666666,96098,15.5240592532039,15.5240592533619,0.0455181249569467,"3319","Not significant"
"350460","3504602","Bady Bassitt","SP",110.372,"35","350460 BADY BASSITT",0.317424040427126,0.0555555555555555,28909,15.5240592532039,15.524059253729,0.08055943286383,"3320","Not significant"
"350470","3504701","Balbinos","SP",91.635,"35","350470 BALBINOS",0,0,3963,15.5240592532039,15.5240592570343,-3.85270942821066e-06,"3321","Not significant"
"350480","3504800","Bálsamo","SP",149.881,"35","350480 BALSAMO",0,0,9854,15.5240592532039,15.5240592547444,-3.85270942849481e-06,"3322","Not significant"
"350490","3504909","Bananal","SP",616.429,"35","350490 BANANAL",0.520183104452767,0.0555555555555555,10109,15.5240592532039,15.5240592547055,0.132020363026416,"3323","Not significant"
"350500","3505005","Barão de Antonina","SP",153.142,"35","350500 BARAO DE ANTONINA",4.74140584871756,0.166666666666667,3618,15.5240592532039,15.5240592573996,1.20338084635053,"3324","Not significant"
"350510","3505104","Barbosa","SP",205.212,"35","350510 BARBOSA",0,0,5659,15.5240592532039,15.5240592558863,-3.85270942835311e-06,"3325","Not significant"
"350520","3505203","Bariri","SP",444.405,"35","350520 BARIRI",0.163168337510443,0.0555555555555556,32405,15.5240592532039,15.5240592536723,0.0414088183463087,"3326","Not significant"
"350530","3505302","Barra Bonita","SP",150.121,"35","350530 BARRA BONITA",1.23044267485024,0.444444444444444,35159,15.5240592532039,15.5240592536356,0.312286623028941,"3327","Not significant"
"350535","3505351","Barra do Chapéu","SP",405.681,"35","350535 BARRA DO CHAPEU",1.05699306612549,0.0555555555555557,5256,15.5240592532039,15.524059256092,0.268264530851428,"3328","Not significant"
"350540","3505401","Barra do Turvo","SP",1007.684,"35","350540 BARRA DO TURVO",5.07099203228614,0.388888888888889,6922,15.5240592532039,15.5240592553969,1.28703092469784,"3329","Not significant"
"350550","3505500","Barretos","SP",1566.161,"35","350550 BARRETOS",0.367724399779806,0.444444444444445,126600,15.5240592532039,15.5240592533238,0.093325832692593,"3330","Low-Low"
"350560","3505609","Barrinha","SP",146.025,"35","350560 BARRINHA",0,0,33181,15.5240592532039,15.5240592536614,-3.8527094286292e-06,"3331","Not significant"
"350570","3505708","Barueri","SP",65.701,"35","350570 BARUERI",1.53182388139935,4.11111111111111,330339,15.5240592532039,15.5240592532498,0.388778183588007,"3332","Not significant"
"350580","3505807","Bastos","SP",170.912,"35","350580 BASTOS",0,0,21900,15.5240592532039,15.524059253897,-3.85270942859995e-06,"3333","Not significant"
"350590","3505906","Batatais","SP",849.526,"35","350590 BATATAIS",0.463610430826504,0.277777777777778,59873,15.5240592532039,15.5240592534574,0.117662028814496,"3334","Low-Low"
"350600","3506003","Bauru","SP",667.684,"35","350600 BAURU",0.16510320046747,0.611111111111111,391740,15.5240592532039,15.5240592532426,0.0418998930516987,"3335","Not significant"
"350610","3506102","Bebedouro","SP",683.192,"35","350610 BEBEDOURO",0.432243225597609,0.333333333333334,78210,15.5240592532039,15.524059253398,0.109700926974051,"3336","Not significant"
"350620","3506201","Bento de Abreu","SP",301.687,"35","350620 BENTO DE ABREU",0,0,2642,15.5240592532039,15.5240592589495,-3.852709427973e-06,"3337","Not significant"
"350630","3506300","Bernardino de Campos","SP",244.158,"35","350630 BERNARDINO DE CAMPOS",1.93485071099467,0.222222222222222,11852,15.5240592532039,15.5240592544847,0.491067744003735,"3338","Not significant"
"350635","3506359","Bertioga","SP",491.546,"35","350635 BERTIOGA",2.87677073212058,1.61111111111111,66873,15.5240592532039,15.5240592534309,0.730130203019271,"3339","Not significant"
"350640","3506409","Bilac","SP",158.025,"35","350640 BILAC",0,0,7455,15.5240592532039,15.5240592552401,-3.8527094284333e-06,"3340","Not significant"
"350650","3506508","Birigui","SP",530.031,"35","350650 BIRIGUI",0.141782838408722,0.166666666666667,122988,15.5240592532039,15.5240592533273,0.0359811069832483,"3341","Low-Low"
"350660","3506607","Biritiba Mirim","SP",317.406,"35","350660 BIRITIBA-MIRIM",2.20617163555819,0.666666666666667,30526,15.5240592532039,15.5240592537012,0.559929904230009,"3342","Not significant"
"350670","3506706","Boa Esperança do Sul","SP",690.748,"35","350670 BOA ESPERANCA DO SUL",0.381930122064867,0.0555555555555556,13135,15.5240592532039,15.5240592543596,0.0969312926277456,"3343","Not significant"
"350680","3506805","Bocaina","SP",363.926,"35","350680 BOCAINA",1.00824493219621,0.111111111111111,11467,15.5240592532039,15.5240592545277,0.255892091053761,"3344","Not significant"
"350690","3506904","Bofete","SP",653.541,"35","350690 BOFETE",1.12514327462355,0.111111111111111,10688,15.5240592532039,15.5240592546242,0.285561282242992,"3345","Not significant"
"350700","3507001","Boituva","SP",248.954,"35","350700 BOITUVA",0.218964784285576,0.111111111111111,63415,15.5240592532039,15.5240592534433,0.0555701435868539,"3346","Not significant"
"350710","3507100","Bom Jesus dos Perdões","SP",108.366,"35","350710 BOM JESUS DOS PERDOES",1.87779704549049,0.388888888888889,22501,15.5240592532039,15.5240592538785,0.476587332445227,"3347","Not significant"
"350715","3507159","Bom Sucesso de Itararé","SP",133.578,"35","350715 BOM SUCESSO DE ITARARE",0,0,3610,15.5240592532039,15.5240592574088,-3.85270942816418e-06,"3348","Not significant"
"350720","3507209","Borá","SP",118.951,"35","350720 BORA",0,0,928,15.5240592532039,15.5240592695615,-3.85270942665617e-06,"3349","Not significant"
"350730","3507308","Boracéia","SP",122.11,"35","350730 BORACEIA",0,0,4823,15.5240592532039,15.5240592563513,-3.85270942829541e-06,"3350","Not significant"
"350740","3507407","Borborema","SP",552.256,"35","350740 BORBOREMA",2.31728358265671,0.333333333333333,14415,15.5240592532039,15.524059254257,0.588130488877978,"3351","Not significant"
"350745","3507456","Borebi","SP",347.989,"35","350745 BOREBI",2.23204321235659,0.0555555555555555,2787,15.5240592532039,15.5240592586506,0.566496197061429,"3352","Not significant"
"350750","3507506","Botucatu","SP",1482.642,"35","350750 BOTUCATU",1.4898044655089,2.05555555555556,150442,15.5240592532039,15.5240592533048,0.37811351497087,"3353","Not significant"
"350760","3507605","Bragança Paulista","SP",512.584,"35","350760 BRAGANCA PAULISTA",1.82956471359059,2.88888888888889,184634,15.5240592532039,15.5240592532861,0.464345804926843,"3354","Not significant"
"350770","3507704","Braúna","SP",195.176,"35","350770 BRAUNA",0,0,5466,15.5240592532039,15.524059255981,-3.85270942834135e-06,"3355","Low-Low"
"350775","3507753","Brejo Alegre","SP",105.689,"35","350775 BREJO ALEGRE",0,0,2605,15.5240592532039,15.5240592590311,-3.85270942796288e-06,"3356","Low-Low"
"350780","3507803","Brodowski","SP",278.458,"35","350780 BRODOWSKI",0.212311520447723,0.0555555555555556,26167,15.5240592532039,15.524059253784,0.053881522920207,"3357","Not significant"
"350790","3507902","Brotas","SP",1101.373,"35","350790 BROTAS",0.233908279885292,0.0555555555555556,24423,15.5240592532039,15.5240592538254,0.0593628528650227,"3358","Not significant"
"350800","3508009","Buri","SP",1196.463,"35","350800 BURI",1.17964408782083,0.222222222222222,20674,15.5240592532039,15.5240592539381,0.299393771343857,"3359","Not significant"
"350810","3508108","Buritama","SP",326.921,"35","350810 BURITAMA",0,0,17597,15.5240592532039,15.5240592540665,-3.85270942857892e-06,"3360","Low-Low"
"350820","3508207","Buritizal","SP",266.42,"35","350820 BURITIZAL",0,0,4447,15.5240592532039,15.5240592566174,-3.85270942826239e-06,"3361","Not significant"
"350830","3508306","Cabrália Paulista","SP",239.974,"35","350830 CABRALIA PAULISTA",0,0,4362,15.5240592532039,15.5240592566839,-3.85270942825413e-06,"3362","Not significant"
"350840","3508405","Cabreúva","SP",260.234,"35","350840 CABREUVA",0.368721714273034,0.166666666666667,48473,15.5240592532039,15.5240592535171,0.0935789544537309,"3363","Not significant"
"350850","3508504","Caçapava","SP",368.99,"35","350850 CACAPAVA",1.07739512417002,1,99678,15.5240592532039,15.5240592533562,0.273442641601436,"3364","Not significant"
"350860","3508603","Cachoeira Paulista","SP",287.99,"35","350860 CACHOEIRA PAULISTA",2.41745183448915,0.777777777777777,32482,15.5240592532039,15.5240592536712,0.613553527002087,"3365","Not significant"
"350870","3508702","Caconde","SP",468.214,"35","350870 CACONDE",1.82090279639269,0.333333333333333,17266,15.5240592532039,15.5240592540831,0.462147381292443,"3366","Not significant"
"350880","3508801","Cafelândia","SP",920.28,"35","350880 CAFELANDIA",0.632283111085822,0.111111111111112,16905,15.5240592532039,15.5240592541018,0.160471720509287,"3367","Low-Low"
"350890","3508900","Caiabu","SP",253.352,"35","350890 CAIABU",1.34517083669626,0.0555555555555556,3745,15.5240592532039,15.5240592572573,0.341405015073366,"3368","Not significant"
"350900","3509007","Caieiras","SP",97.642,"35","350900 CAIEIRAS",0.889272685900761,0.833333333333334,98257,15.5240592532039,15.5240592533584,0.225696536118004,"3369","Not significant"
"350910","3509106","Caiuá","SP",551.159,"35","350910 CAIUA",0,0,5585,15.5240592532039,15.5240592559219,-3.8527094283487e-06,"3370","Not significant"
"350920","3509205","Cajamar","SP",131.386,"35","350920 CAJAMAR",1.35456775152261,0.944444444444446,97363,15.5240592532039,15.5240592533598,0.343789983600818,"3371","Not significant"
"350925","3509254","Cajati","SP",454.436,"35","350925 CAJATI",2.67377438754261,0.777777777777778,29257,15.5240592532039,15.5240592537227,0.678609050246033,"3372","Not significant"
"350930","3509304","Cajobi","SP",176.929,"35","350930 CAJOBI",0,0,9232,15.5240592532039,15.5240592548482,-3.85270942848193e-06,"3373","Not significant"
"350940","3509403","Cajuru","SP",660.088,"35","350940 CAJURU",0,0,24217,15.5240592532039,15.5240592538307,-3.85270942860818e-06,"3374","Low-Low"
"350945","3509452","Campina do Monte Alegre","SP",184.479,"35","350945 CAMPINA DO MONTE ALEGRE",0,0,6077,15.5240592532039,15.5240592557018,-3.852709428376e-06,"3375","Not significant"
"350950","3509502","Campinas","SP",794.571,"35","350950 CAMPINAS",2.18849317128835,24.5,1185977,15.5240592532039,15.5240592532167,0.55544305074279,"3376","Not significant"
"350960","3509601","Campo Limpo Paulista","SP",79.403,"35","350960 CAMPO LIMPO PAULISTA",0.647747436839293,0.499999999999999,79663,15.5240592532039,15.5240592533944,0.164396618230872,"3377","Not significant"
"350970","3509700","Campos do Jordão","SP",289.981,"35","350970 CAMPOS DO JORDAO",1.78475392613278,0.888888888888889,47983,15.5240592532039,15.5240592535203,0.452972676845543,"3378","Not significant"
"350980","3509809","Campos Novos Paulista","SP",484.199,"35","350980 CAMPOS NOVOS PAULISTA",1.12643056681986,0.0555555555555556,4991,15.5240592532039,15.5240592562453,0.285888001302918,"3379","Not significant"
"350990","3509908","Cananéia","SP",1237.354,"35","350990 CANANEIA",1.32482637457924,0.166666666666667,12489,15.5240592532039,15.5240592544194,0.336241522417862,"3380","Not significant"
"350995","3509957","Canas","SP",53.261,"35","350995 CANAS",1.16517524235645,0.0555555555555555,5049,15.5240592532039,15.5240592562104,0.295721529838911,"3381","Not significant"
"351000","3510005","Cândido Mota","SP",595.811,"35","351000 CANDIDO MOTA",6.00079425326421,1.83333333333333,30172,15.5240592532039,15.524059253707,1.52301784546414,"3382","Not significant"
"351010","3510104","Cândido Rodrigues","SP",70.892,"35","351010 CANDIDO RODRIGUES",0,0,2951,15.5240592532039,15.5240592583479,-3.85270942804766e-06,"3383","Not significant"
"351015","3510153","Canitar","SP",57.459,"35","351015 CANITAR",0,0,6524,15.5240592532039,15.5240592555307,-3.85270942839724e-06,"3384","Not significant"
"351020","3510203","Capão Bonito","SP",1640.229,"35","351020 CAPAO BONITO",0.943829673473025,0.444444444444444,47403,15.5240592532039,15.5240592535241,0.239543282456225,"3385","Not significant"
"351030","3510302","Capela do Alto","SP",169.89,"35","351030 CAPELA DO ALTO",0.804700360459222,0.166666666666667,23597,15.5240592532039,15.5240592538472,0.204231796402401,"3386","Not significant"
"351040","3510401","Capivari","SP",322.878,"35","351040 CAPIVARI",1.0875227921524,0.555555555555556,51318,15.5240592532039,15.5240592534997,0.276013077685491,"3387","Not significant"
"351050","3510500","Caraguatatuba","SP",484.947,"35","351050 CARAGUATATUBA",1.31373466733557,1.55555555555556,141084,15.5240592532039,15.5240592533115,0.333426409948219,"3388","Not significant"
"351060","3510609","Carapicuíba","SP",34.546,"35","351060 CARAPICUIBA",2.09589035499507,8.16666666666666,398462,15.5240592532039,15.524059253242,0.531940145530741,"3389","Not significant"
"351070","3510708","Cardoso","SP",639.248,"35","351070 CARDOSO",0,0,11491,15.5240592532039,15.5240592545249,-3.85270942852204e-06,"3390","Not significant"
"351080","3510807","Casa Branca","SP",864.225,"35","351080 CASA BRANCA",0,0,28786,15.5240592532039,15.5240592537312,-3.85270942862053e-06,"3391","Not significant"
"351090","3510906","Cássia dos Coqueiros","SP",191.683,"35","351090 CASSIA DOS COQUEIROS",0,0,2855,15.5240592532039,15.5240592585208,-3.85270942802619e-06,"3392","Not significant"
"351100","3511003","Castilho","SP",1065.318,"35","351100 CASTILHO",0,0,20418,15.5240592532039,15.5240592539473,-3.85270942859371e-06,"3393","Not significant"
"351110","3511102","Catanduva","SP",290.596,"35","351110 CATANDUVA",1.14792292618702,1.33333333333333,119172,15.5240592532039,15.5240592533313,0.291342834186871,"3394","Not significant"
"351120","3511201","Catiguá","SP",148.393,"35","351120 CATIGUA",0,0,7105,15.5240592532039,15.5240592553404,-3.85270942842085e-06,"3395","Not significant"
"351130","3511300","Cedral","SP",197.838,"35","351130 CEDRAL",1.27618584482221,0.111111111111111,13160,15.5240592532039,15.5240592543574,0.323896392906925,"3396","Not significant"
"351140","3511409","Cerqueira César","SP",511.621,"35","351140 CERQUEIRA CESAR",0,0,22076,15.5240592532039,15.5240592538915,-3.85270942860064e-06,"3397","Not significant"
"351150","3511508","Cerquilho","SP",127.803,"35","351150 CERQUILHO",1.75606876846702,0.777777777777778,46217,15.5240592532039,15.5240592535323,0.445692287667389,"3398","Not significant"
"351160","3511607","Cesário Lange","SP",190.392,"35","351160 CESARIO LANGE",0.291660833449998,0.0555555555555556,19588,15.5240592532039,15.5240592539788,0.0740206445654468,"3399","Not significant"
"351170","3511706","Charqueada","SP",175.846,"35","351170 CHARQUEADA",2.1209712305816,0.333333333333333,15798,15.5240592532039,15.5240592541648,0.538305755818291,"3400","Not significant"
"351190","3511904","Clementina","SP",168.59,"35","351190 CLEMENTINA",0.772355839782506,0.0555555555555556,7087,15.5240592532039,15.5240592553458,0.196022648615436,"3401","Low-Low"
"351200","3512001","Colina","SP",422.303,"35","351200 COLINA",0.30196518945296,0.0555555555555556,18842,15.5240592532039,15.5240592540095,0.0766359246625919,"3402","Not significant"
"351210","3512100","Colômbia","SP",728.648,"35","351210 COLOMBIA",0,0,6781,15.5240592532039,15.5240592554425,-3.85270942840818e-06,"3403","Not significant"
"351220","3512209","Conchal","SP",182.793,"35","351220 CONCHAL",1.64963884777252,0.444444444444444,29034,15.5240592532039,15.5240592537267,0.418680017003204,"3404","Not significant"
"351230","3512308","Conchas","SP",466.12,"35","351230 CONCHAS",0.620871206476928,0.111111111111111,15381,15.5240592532039,15.5240592541908,0.157575340862565,"3405","Not significant"
"351240","3512407","Cordeirópolis","SP",137.579,"35","351240 CORDEIROPOLIS",2.06723310306943,0.444444444444444,25130,15.5240592532039,15.5240592538079,0.524666838913525,"3406","Not significant"
"351250","3512506","Coroados","SP",246.825,"35","351250 COROADOS",0,0,5498,15.5240592532039,15.5240592559649,-3.85270942834336e-06,"3407","Low-Low"
"351260","3512605","Coronel Macedo","SP",303.83,"35","351260 CORONEL MACEDO",0,0,4295,15.5240592532039,15.5240592567382,-3.8527094282474e-06,"3408","Not significant"
"351270","3512704","Corumbataí","SP",278.622,"35","351270 CORUMBATAI",1.4340618367464,0.0555555555555555,4285,15.5240592532039,15.5240592567465,0.363965848882244,"3409","Not significant"
"351280","3512803","Cosmópolis","SP",154.665,"35","351280 COSMOPOLIS",1.7751897424904,1.11111111111111,61204,15.5240592532039,15.5240592534519,0.450545254975699,"3410","Not significant"
"351290","3512902","Cosmorama","SP",441.68,"35","351290 COSMORAMA",0,0,8968,15.5240592532039,15.5240592548966,-3.85270942847593e-06,"3411","Not significant"
"351300","3513009","Cotia","SP",323.994,"35","351300 COTIA",1.6588824016953,3.72222222222222,287004,15.5240592532039,15.5240592532568,0.421026061982701,"3412","Not significant"
"351310","3513108","Cravinhos","SP",311.423,"35","351310 CRAVINHOS",0.338175644072374,0.111111111111111,34252,15.5240592532039,15.5240592536471,0.0858262594356217,"3413","Low-Low"
"351320","3513207","Cristais Paulista","SP",385.23,"35","351320 CRISTAIS PAULISTA",0,0,9543,15.5240592532039,15.5240592547946,-3.85270942848858e-06,"3414","Not significant"
"351330","3513306","Cruzália","SP",149.33,"35","351330 CRUZALIA",0,0,2129,15.5240592532039,15.524059260334,-3.85270942780121e-06,"3415","Not significant"
"351340","3513405","Cruzeiro","SP",305.699,"35","351340 CRUZEIRO",2.02794687287549,1.61111111111111,76513,15.5240592532039,15.5240592534023,0.514695861996309,"3416","Not significant"
"351350","3513504","Cubatão","SP",142.879,"35","351350 CUBATAO",4.92284434605244,6.16666666666667,115082,15.5240592532039,15.5240592533358,1.24943054537548,"3417","Not significant"
"351360","3513603","Cunha","SP",1407.25,"35","351360 CUNHA",0.507497833156231,0.111111111111111,22456,15.5240592532039,15.5240592538799,0.128800798649558,"3418","Not significant"
"351370","3513702","Descalvado","SP",753.706,"35","351370 DESCALVADO",0.34436892732359,0.111111111111111,32622,15.5240592532039,15.5240592536692,0.0873981354867045,"3419","Low-Low"
"351380","3513801","Diadema","SP",30.732,"35","351380 DIADEMA",1.21713068179725,4.88888888888889,404118,15.5240592532039,15.5240592532415,0.308907994569694,"3420","Not significant"
"351385","3513850","Dirce Reis","SP",88.133,"35","351385 DIRCE REIS",0,0,1641,15.5240592532039,15.5240592624543,-3.8527094275381e-06,"3421","Not significant"
"351390","3513900","Divinolândia","SP",223.749,"35","351390 DIVINOLANDIA",0.497898866782179,0.0555555555555555,11314,15.5240592532039,15.5240592545456,0.12636454880214,"3422","Not significant"
"351400","3514007","Dobrada","SP",149.729,"35","351400 DOBRADA",0,0,8958,15.5240592532039,15.5240592548985,-3.85270942847569e-06,"3423","Not significant"
"351410","3514106","Dois Córregos","SP",632.972,"35","351410 DOIS CORREGOS",0.221336874723329,0.0555555555555556,24855,15.5240592532039,15.5240592538146,0.0561721880913396,"3424","Not significant"
"351420","3514205","Dolcinópolis","SP",77.939,"35","351420 DOLCINOPOLIS",0,0,2250,15.5240592532039,15.5240592599505,-3.85270942784879e-06,"3425","Not significant"
"351430","3514304","Dourado","SP",205.874,"35","351430 DOURADO",0,0,8186,15.5240592532039,15.5240592550583,-3.85270942845586e-06,"3426","Not significant"
"351440","3514403","Dracena","SP",487.688,"35","351440 DRACENA",0,0,46664,15.5240592532039,15.5240592535292,-3.8527094286456e-06,"3427","Low-Low"
"351450","3514502","Duartina","SP",264.557,"35","351450 DUARTINA",0.883517557387569,0.111111111111111,12529,15.5240592532039,15.5240592544155,0.224235865200564,"3428","Not significant"
"351460","3514601","Dumont","SP",111.376,"35","351460 DUMONT",0.572265714416517,0.0555555555555554,9719,15.5240592532039,15.5240592547658,0.145239104033061,"3429","Not significant"
"351470","3514700","Echaporã","SP",515.258,"35","351470 ECHAPORA",0,0,6295,15.5240592532039,15.5240592556153,-3.85270942838674e-06,"3430","Not significant"
"351480","3514809","Eldorado","SP",1654.256,"35","351480 ELDORADO",3.35264685871573,0.5,13162,15.5240592532039,15.5240592543572,0.850909159222787,"3431","Not significant"
"351490","3514908","Elias Fausto","SP",202.36,"35","351490 ELIAS FAUSTO",0,0,18103,15.5240592532039,15.5240592540424,-3.85270942858191e-06,"3432","Not significant"
"351492","3514924","Elisiário","SP",93.98,"35","351492 ELISIARIO",3.24481950147264,0.111111111111111,3189,15.5240592532039,15.524059257964,0.823542214385566,"3433","Not significant"
"351495","3514957","Embaúba","SP",83.129,"35","351495 EMBAUBA",0,0,2353,15.5240592532039,15.5240592596552,-3.85270942788543e-06,"3434","Not significant"
"351500","3515004","Embu das Artes","SP",70.398,"35","351500 EMBU DAS ARTES",1.47586023812095,3.77777777777778,259323,15.5240592532039,15.5240592532624,0.374574423314499,"3435","Not significant"
"351510","3515103","Embu-Guaçu","SP",155.641,"35","351510 EMBU-GUACU",2.27787531300723,1.5,68805,15.5240592532039,15.5240592534245,0.578128537946747,"3436","Not significant"
"351512","3515129","Emilianópolis","SP",225.167,"35","351512 EMILIANOPOLIS",0,0,3062,15.5240592532039,15.5240592581614,-3.8527094280708e-06,"3437","Low-Low"
"351515","3515152","Engenheiro Coelho","SP",109.941,"35","351515 ENGENHEIRO COELHO",0,0,20139,15.5240592532039,15.5240592539576,-3.85270942859243e-06,"3438","Not significant"
"351518","3515186","Espírito Santo do Pinhal","SP",389.235,"35","351518 ESPIRITO SANTO DO PINHAL",1.19377023157066,0.5,40681,15.5240592532039,15.524059253577,0.302979033986681,"3439","Not significant"
"351519","3515194","Espírito Santo do Turvo","SP",193.666,"35","351519 ESPIRITO SANTO DO TURVO",0,0,4217,15.5240592532039,15.5240592568036,-3.85270942823929e-06,"3440","Not significant"
"351520","3515202","Estrela d'Oeste","SP",296.281,"35","351520 ESTRELA D'OESTE",1.22896926347872,0.111111111111111,9655,15.5240592532039,15.5240592547761,0.311912666272016,"3441","Not significant"
"351530","3515301","Estrela do Norte","SP",264.987,"35","351530 ESTRELA DO NORTE",2.00851610829919,0.0555555555555556,2749,15.5240592532039,15.5240592587259,0.509764268720885,"3442","Not significant"
"351535","3515350","Euclides da Cunha Paulista","SP",573.894,"35","351535 EUCLIDES DA CUNHA PAULISTA",0,0,7928,15.5240592532039,15.5240592551186,-3.85270942844837e-06,"3443","Not significant"
"351540","3515400","Fartura","SP",429.171,"35","351540 FARTURA",0.725268349289239,0.111111111111111,16984,15.5240592532039,15.5240592540977,0.184071685683056,"3444","Not significant"
"351550","3515509","Fernandópolis","SP",549.797,"35","351550 FERNANDOPOLIS",0.998990837072808,0.666666666666667,73286,15.5240592532039,15.524059253411,0.253543370697762,"3445","Not significant"
"351560","3515608","Fernando Prestes","SP",169.99,"35","351560 FERNANDO PRESTES",1.00389511303859,0.0555555555555555,6066,15.5240592532039,15.5240592557063,0.254788092359847,"3446","Not significant"
"351565","3515657","Fernão","SP",100.504,"35","351565 FERNAO",3.34672021419009,0.0555555555555556,1689,15.5240592532039,15.5240592621914,0.849404956759766,"3447","Not significant"
"351570","3515707","Ferraz de Vasconcelos","SP",29.547,"35","351570 FERRAZ DE VASCONCELOS",1.8381932795039,3.33333333333333,185622,15.5240592532039,15.5240592532857,0.466535763881554,"3448","Not significant"
"351580","3515806","Flora Rica","SP",224.711,"35","351580 FLORA RICA",0,0,1492,15.5240592532039,15.5240592633781,-3.85270942742347e-06,"3449","Not significant"
"351590","3515905","Floreal","SP",204.236,"35","351590 FLOREAL",0,0,2756,15.5240592532039,15.5240592587118,-3.85270942800249e-06,"3450","Not significant"
"351600","3516002","Flórida Paulista","SP",524.138,"35","351600 FLORIDA PAULISTA",2.69386348506267,0.388888888888888,13171,15.5240592532039,15.5240592543564,0.683707730528127,"3451","Not significant"
"351610","3516101","Florínea","SP",225.886,"35","351610 FLORINIA",2.0583755300317,0.0555555555555556,3987,15.5240592532039,15.5240592570112,0.522418757129072,"3452","Not significant"
"351620","3516200","Franca","SP",605.679,"35","351620 FRANCA",0.360230006333385,1.22222222222222,364331,15.5240592532039,15.5240592532456,0.0914237305123526,"3453","Low-Low"
"351630","3516309","Francisco Morato","SP",49.001,"35","351630 FRANCISCO MORATO",1.47673039013515,2.44444444444444,171107,15.5240592532039,15.5240592532926,0.374795270812385,"3454","Not significant"
"351640","3516408","Franco da Rocha","SP",132.775,"35","351640 FRANCO DA ROCHA",1.75021636485378,2.5,149786,15.5240592532039,15.5240592533052,0.444206928014352,"3455","Not significant"
"351650","3516507","Gabriel Monteiro","SP",138.681,"35","351650 GABRIEL MONTEIRO",0,0,2811,15.5240592532039,15.5240592586041,-3.85270942801587e-06,"3456","Not significant"
"351660","3516606","Gália","SP",355.914,"35","351660 GALIA",0,0,6435,15.5240592532039,15.5240592555629,-3.85270942839325e-06,"3457","Not significant"
"351670","3516705","Garça","SP",555.807,"35","351670 GARCA",0.374554804215638,0.166666666666667,43115,15.5240592532039,15.524059253556,0.0950594122355472,"3458","Not significant"
"351680","3516804","Gastão Vidigal","SP",180.569,"35","351680 GASTAO VIDIGAL",0,0,3235,15.5240592532039,15.5240592578963,-3.85270942810369e-06,"3459","Not significant"
"351685","3516853","Gavião Peixoto","SP",243.766,"35","351685 GAVIAO PEIXOTO",0,0,4797,15.5240592532039,15.5240592563683,-3.85270942829329e-06,"3460","Not significant"
"351690","3516903","General Salgado","SP",494.376,"35","351690 GENERAL SALGADO",0.506847509858184,0.0555555555555555,10449,15.5240592532039,15.5240592546567,0.128635744413192,"3461","Low-Low"
"351700","3517000","Getulina","SP",676.755,"35","351700 GETULINA",0,0,10355,15.5240592532039,15.5240592546698,-3.85270942850406e-06,"3462","Not significant"
"351710","3517109","Glicério","SP",272.8,"35","351710 GLICERIO",0,0,4173,15.5240592532039,15.5240592568415,-3.85270942823458e-06,"3463","Low-Low"
"351720","3517208","Guaiçara","SP",277.154,"35","351720 GUAICARA",1.00551766412008,0.111111111111111,11459,15.5240592532039,15.5240592545286,0.255199901273325,"3464","Low-Low"
"351730","3517307","Guaimbê","SP",217.811,"35","351730 GUAIMBE",0,0,5606,15.5240592532039,15.5240592559117,-3.85270942834996e-06,"3465","Not significant"
"351740","3517406","Guaíra","SP",1258.465,"35","351740 GUAIRA",0,0,40424,15.5240592532039,15.5240592535794,-3.85270942863937e-06,"3466","Low-Low"
"351750","3517505","Guapiaçu","SP",325.126,"35","351750 GUAPIACU",1.44162662387161,0.277777777777778,22316,15.5240592532039,15.5240592538841,0.365885817247893,"3467","Not significant"
"351760","3517604","Guapiara","SP",408.292,"35","351760 GUAPIARA",0.623578820088839,0.111111111111111,17256,15.5240592532039,15.5240592540836,0.158262542274642,"3468","Not significant"
"351770","3517703","Guará","SP",362.183,"35","351770 GUARA",0,0,18790,15.5240592532039,15.5240592540118,-3.85270942858572e-06,"3469","Not significant"
"351780","3517802","Guaraçaí","SP",569.197,"35","351780 GUARACAI",0,0,7486,15.5240592532039,15.5240592552317,-3.85270942843434e-06,"3470","Low-Low"
"351790","3517901","Guaraci","SP",641.501,"35","351790 GUARACI",0,0,10542,15.5240592532039,15.5240592546438,-3.85270942850729e-06,"3471","Not significant"
"351800","3518008","Guarani d'Oeste","SP",85.7,"35","351800 GUARANI D'OESTE",2.82007896221094,0.0555555555555556,1999,15.5240592532039,15.5240592607976,0.715741641596236,"3472","Not significant"
"351810","3518107","Guarantã","SP",461.746,"35","351810 GUARANTA",0,0,6531,15.5240592532039,15.5240592555282,-3.85270942839755e-06,"3473","Not significant"
"351820","3518206","Guararapes","SP",955.637,"35","351820 GUARARAPES",0.187371182312161,0.0555555555555556,31872,15.5240592532039,15.5240592536802,0.0475515814931141,"3474","Low-Low"
"351830","3518305","Guararema","SP",270.816,"35","351830 GUARAREMA",4.22895786634271,1.16666666666667,32436,15.5240592532039,15.5240592536719,1.0733198306689,"3475","Not significant"
"351840","3518404","Guaratinguetá","SP",752.636,"35","351840 GUARATINGUETA",1.96889665272079,2.33333333333333,121710,15.5240592532039,15.5240592533286,0.499708718165743,"3476","Not significant"
"351850","3518503","Guareí","SP",567.884,"35","351850 GUAREI",0.344018549480188,0.0555555555555555,15268,15.5240592532039,15.5240592541981,0.0873092084139764,"3477","Not significant"
"351860","3518602","Guariba","SP",270.289,"35","351860 GUARIBA",0,0,38609,15.5240592532039,15.5240592535971,-3.85270942863718e-06,"3478","Not significant"
"351870","3518701","Guarujá","SP",144.794,"35","351870 GUARUJA",3.31254375838448,10.1666666666667,294973,15.5240592532039,15.5240592532554,0.840730857949587,"3479","Not significant"
"351880","3518800","Guarulhos","SP",318.675,"35","351880 GUARULHOS",3.51911789301202,45.6111111111111,1345364,15.5240592532039,15.5240592532152,0.89316006582645,"3480","Not significant"
"351885","3518859","Guatapará","SP",413.567,"35","351885 GUATAPARA",0,0,7462,15.5240592532039,15.5240592552382,-3.85270942843353e-06,"3481","Low-Low"
"351890","3518909","Guzolândia","SP",252.477,"35","351890 GUZOLANDIA",0,0,4276,15.5240592532039,15.5240592567539,-3.85270942824545e-06,"3482","Not significant"
"351900","3519006","Herculândia","SP",364.252,"35","351900 HERCULANDIA",0.583199197517905,0.0555555555555557,9302,15.5240592532039,15.5240592548358,0.148014058696504,"3483","Not significant"
"351905","3519055","Holambra","SP",65.577,"35","351905 HOLAMBRA",0.78026692890331,0.111111111111111,15596,15.5240592532039,15.5240592541772,0.198030509562294,"3484","Not significant"
"351907","3519071","Hortolândia","SP",62.416,"35","351907 HORTOLANDIA",1.75663440483767,3.72222222222222,247331,15.5240592532039,15.5240592532653,0.445835848078301,"3485","Not significant"
"351910","3519105","Iacanga","SP",547.393,"35","351910 IACANGA",0,0,10633,15.5240592532039,15.5240592546315,-3.85270942850881e-06,"3486","Not significant"
"351920","3519204","Iacri","SP",321.948,"35","351920 IACRI",0,0,6207,15.5240592532039,15.5240592556495,-3.85270942838249e-06,"3487","Low-Low"
"351925","3519253","Iaras","SP",401.381,"35","351925 IARAS",0,0,8257,15.5240592532039,15.5240592550423,-3.85270942845784e-06,"3488","Not significant"
"351930","3519303","Ibaté","SP",290.978,"35","351930 IBATE",0.333906945251882,0.111111111111111,33110,15.5240592532039,15.5240592536624,0.0847428493648126,"3489","Not significant"
"351940","3519402","Ibirá","SP",271.912,"35","351940 IBIRA",0,0,11934,15.5240592532039,15.5240592544759,-3.85270942852813e-06,"3490","Not significant"
"351950","3519501","Ibirarema","SP",228.23,"35","351950 IBIRAREMA",0,0,6461,15.5240592532039,15.5240592555534,-3.85270942839442e-06,"3491","Not significant"
"351960","3519600","Ibitinga","SP",689.391,"35","351960 IBITINGA",0,0,61908,15.5240592532039,15.5240592534491,-3.85270942865554e-06,"3492","Not significant"
"351970","3519709","Ibiúna","SP",1058.082,"35","351970 IBIUNA",3.84850143426488,3,77651,15.5240592532039,15.5240592533994,0.976758712797166,"3493","Not significant"
"351980","3519808","Icém","SP",362.355,"35","351980 ICEM",0,0,7969,15.5240592532039,15.5240592551088,-3.85270942844959e-06,"3494","Not significant"
"351990","3519907","Iepê","SP",594.974,"35","351990 IEPE",0,0,7739,15.5240592532039,15.5240592551654,-3.85270942844257e-06,"3495","Not significant"
"352000","3520004","Igaraçu do Tietê","SP",97.747,"35","352000 IGARACU DO TIETE",0,0,23430,15.5240592532039,15.5240592538518,-3.85270942860557e-06,"3496","Not significant"
"352010","3520103","Igarapava","SP",468.355,"35","352010 IGARAPAVA",0,0,26755,15.5240592532039,15.5240592537713,-3.85270942861556e-06,"3497","Not significant"
"352020","3520202","Igaratá","SP",292.953,"35","352020 IGARATA",1.79416540704577,0.166666666666667,10904,15.5240592532039,15.524059254596,0.455361342235967,"3498","Not significant"
"352030","3520301","Iguape","SP",1978.795,"35","352030 IGUAPE",2.429586634653,0.722222222222222,29881,15.5240592532039,15.5240592537119,0.61663337996283,"3499","Not significant"
"352040","3520400","Ilhabela","SP",346.389,"35","352040 ILHABELA",3.74500396098459,1.05555555555556,36329,15.5240592532039,15.5240592536217,0.95049070711297,"3500","Isolated"
"352042","3520426","Ilha Comprida","SP",196.567,"35","352042 ILHA COMPRIDA",1.60161346565466,0.166666666666667,13955,15.5240592532039,15.5240592542917,0.406491014016953,"3501","Not significant"
"352044","3520442","Ilha Solteira","SP",652.641,"35","352044 ILHA SOLTEIRA",0,0,26240,15.5240592532039,15.5240592537824,-3.85270942861418e-06,"3502","Low-Low"
"352050","3520509","Indaiatuba","SP",311.545,"35","352050 INDAIATUBA",0.529926771243931,1.22222222222222,267796,15.5240592532039,15.5240592532606,0.134493338328265,"3503","Not significant"
"352060","3520608","Indiana","SP",129.367,"35","352060 INDIANA",0,0,5191,15.5240592532039,15.5240592561282,-3.8527094283231e-06,"3504","Not significant"
"352070","3520707","Indiaporã","SP",279.606,"35","352070 INDIAPORA",0,0,4109,15.5240592532039,15.5240592568982,-3.85270942822755e-06,"3505","Not significant"
"352080","3520806","Inúbia Paulista","SP",87.119,"35","352080 INUBIA PAULISTA",1.51048275028699,0.0555555555555554,3671,15.5240592532039,15.524059257339,0.38336173291842,"3506","Not significant"
"352090","3520905","Ipaussu","SP",209.554,"35","352090 IPAUSSU",1.55231993425131,0.222222222222222,13933,15.5240592532039,15.5240592542934,0.393980150498383,"3507","Not significant"
"352100","3521002","Iperó","SP",170.289,"35","352100 IPERO",1.61429960508194,0.5,37999,15.5240592532039,15.5240592536034,0.409710798740858,"3508","Not significant"
"352110","3521101","Ipeúna","SP",190.01,"35","352110 IPEUNA",0,0,6999,15.5240592532039,15.5240592553728,-3.85270942841683e-06,"3509","Not significant"
"352115","3521150","Ipiguá","SP",136.028,"35","352115 IPIGUA",0,0,7037,15.5240592532039,15.524059255361,-3.85270942841829e-06,"3510","Not significant"
"352120","3521200","Iporanga","SP",1152.059,"35","352120 IPORANGA",0,0,4091,15.5240592532039,15.5240592569144,-3.85270942822553e-06,"3511","Not significant"
"352130","3521309","Ipuã","SP",466.461,"35","352130 IPUA",0,0,14691,15.5240592532039,15.5240592542372,-3.85270942855775e-06,"3512","Low-Low"
"352140","3521408","Iracemápolis","SP",115.118,"35","352140 IRACEMAPOLIS",0.268319514878317,0.0555555555555556,22435,15.5240592532039,15.5240592538805,0.0680965396642151,"3513","Not significant"
"352150","3521507","Irapuã","SP",257.612,"35","352150 IRAPUA",3.02537730296536,0.222222222222222,6946,15.5240592532039,15.5240592553893,0.767847048831143,"3514","Not significant"
"352160","3521606","Irapuru","SP",214.461,"35","352160 IRAPURU",0,0,7145,15.5240592532039,15.5240592553284,-3.85270942842233e-06,"3515","Low-Low"
"352170","3521705","Itaberá","SP",1100.247,"35","352170 ITABERA",0.929868338880219,0.166666666666667,18258,15.5240592532039,15.5240592540353,0.235999848929541,"3516","Not significant"
"352180","3521804","Itaí","SP",1092.884,"35","352180 ITAI",0,0,25930,15.5240592532039,15.5240592537893,-3.85270942861332e-06,"3517","Not significant"
"352190","3521903","Itajobi","SP",502.066,"35","352190 ITAJOBI",4.06039594901577,0.611111111111111,17420,15.5240592532039,15.5240592540753,1.03053825096123,"3518","Not significant"
"352200","3522000","Itaju","SP",230.355,"35","352200 ITAJU",1.66433659543306,0.0555555555555556,3702,15.5240592532039,15.5240592573043,0.422410354582603,"3519","Low-Low"
"352210","3522109","Itanhaém","SP",601.711,"35","352210 ITANHAEM",3.54089257543857,3.44444444444445,117435,15.5240592532039,15.5240592533332,0.898686553219095,"3520","Not significant"
"352215","3522158","Itaoca","SP",183.015,"35","352215 ITAOCA",0,0,3490,15.5240592532039,15.5240592575534,-3.85270942814624e-06,"3521","Not significant"
"352220","3522208","Itapecerica da Serra","SP",150.742,"35","352220 ITAPECERICA DA SERRA",2.74167763301751,4.55555555555555,163928,15.5240592532039,15.5240592532965,0.695843121591786,"3522","Not significant"
"352230","3522307","Itapetininga","SP",1789.35,"35","352230 ITAPETININGA",0.500753059304015,0.777777777777777,163774,15.5240592532039,15.5240592532966,0.127088952437496,"3523","Not significant"
"352240","3522406","Itapeva","SP",1826.258,"35","352240 ITAPEVA",1.7633521035385,1.61111111111111,92324,15.5240592532039,15.5240592533683,0.447540822527114,"3524","Not significant"
"352250","3522505","Itapevi","SP",82.658,"35","352250 ITAPEVI",2.6962349728951,5.83333333333333,241924,15.5240592532039,15.5240592532666,0.684309622114035,"3525","Not significant"
"352260","3522604","Itapira","SP",518.416,"35","352260 ITAPIRA",1.07679796916478,0.777777777777778,73919,15.5240592532039,15.5240592534093,0.273291081658771,"3526","Not significant"
"352265","3522653","Itapirapuã Paulista","SP",406.478,"35","352265 ITAPIRAPUA PAULISTA",1.26119308866187,0.0555555555555555,4405,15.5240592532039,15.52405925665,0.320091181109077,"3527","Not significant"
"352270","3522703","Itápolis","SP",996.747,"35","352270 ITAPOLIS",0.129491074180257,0.0555555555555555,40464,15.5240592532039,15.524059253579,0.0328614160156018,"3528","Not significant"
"352280","3522802","Itaporanga","SP",507.997,"35","352280 ITAPORANGA",0,0,14260,15.5240592532039,15.5240592542684,-3.85270942855387e-06,"3529","Not significant"
"352290","3522901","Itapuí","SP",140.023,"35","352290 ITAPUI",0.863517084625411,0.111111111111111,13984,15.5240592532039,15.5240592542894,0.219159678166174,"3530","Not significant"
"352300","3523008","Itapura","SP",301.653,"35","352300 ITAPURA",0,0,4014,15.5240592532039,15.5240592569856,-3.8527094282167e-06,"3531","Low-Low"
"352310","3523107","Itaquaquecetuba","SP",82.622,"35","352310 ITAQUAQUECETUBA",2.62811311994018,9.22222222222222,382521,15.5240592532039,15.5240592532436,0.6670200674668,"3532","Not significant"
"352320","3523206","Itararé","SP",1003.86,"35","352320 ITARARE",0,0,45327,15.5240592532039,15.5240592535388,-3.85270942864441e-06,"3533","Not significant"
"352330","3523305","Itariri","SP",273.667,"35","352330 ITARIRI",1.31929497987638,0.222222222222222,15762,15.5240592532039,15.524059254167,0.334837635901921,"3534","Not significant"
"352340","3523404","Itatiba","SP",322.269,"35","352340 ITATIBA",2.58036921622868,2.77777777777778,126403,15.5240592532039,15.524059253324,0.654902504649203,"3535","Not significant"
"352350","3523503","Itatinga","SP",979.817,"35","352350 ITATINGA",0.291049641426842,0.0555555555555555,19427,15.5240592532039,15.5240592539853,0.0738655219810331,"3536","Not significant"
"352360","3523602","Itirapina","SP",564.603,"35","352360 ITIRAPINA",0,0,16433,15.5240592532039,15.5240592541276,-3.85270942857134e-06,"3537","Not significant"
"352370","3523701","Itirapuã","SP",161.118,"35","352370 ITIRAPUA",0.941460016193111,0.0555555555555555,5861,15.5240592532039,15.5240592557939,0.238941855477217,"3538","Not significant"
"352380","3523800","Itobi","SP",138.986,"35","352380 ITOBI",0.711612086019667,0.0555555555555554,8210,15.5240592532039,15.5240592550528,0.180605680279306,"3539","Not significant"
"352390","3523909","Itu","SP",640.719,"35","352390 ITU",0.99051344126317,1.61111111111111,174561,15.5240592532039,15.5240592532909,0.251391779223126,"3540","Not significant"
"352400","3524006","Itupeva","SP",200.876,"35","352400 ITUPEVA",0.934984182013814,0.5,74119,15.5240592532039,15.5240592534087,0.237298267071662,"3541","Not significant"
"352410","3524105","Ituverava","SP",704.659,"35","352410 ITUVERAVA",0.429350529636011,0.166666666666667,38451,15.5240592532039,15.5240592535987,0.108966751040989,"3542","Not significant"
"352420","3524204","Jaborandi","SP",273.438,"35","352420 JABORANDI",0,0,6293,15.5240592532039,15.5240592556161,-3.85270942838664e-06,"3543","Not significant"
"352430","3524303","Jaboticabal","SP",706.602,"35","352430 JABOTICABAL",0.745176335998014,0.555555555555555,73467,15.5240592532039,15.5240592534105,0.189124399452181,"3544","Not significant"
"352440","3524402","Jacareí","SP",464.272,"35","352440 JACAREI",1.54988647060961,3.44444444444444,249968,15.5240592532039,15.5240592532646,0.393362529281369,"3545","Not significant"
"352450","3524501","Jaci","SP",145.133,"35","352450 JACI",0,0,7878,15.5240592532039,15.5240592551308,-3.85270942844686e-06,"3546","Not significant"
"352460","3524600","Jacupiranga","SP",704.189,"35","352460 JACUPIRANGA",3.1363496757767,0.555555555555556,16254,15.5240592532039,15.5240592541378,0.796012209098206,"3547","Not significant"
"352470","3524709","Jaguariúna","SP",141.391,"35","352470 JAGUARIUNA",2.12700563662562,1,61801,15.5240592532039,15.5240592534495,0.539837308314049,"3548","Not significant"
"352480","3524808","Jales","SP",368.574,"35","352480 JALES",0.223825124687334,0.111111111111111,50017,15.5240592532039,15.5240592535074,0.0568037142742209,"3549","Not significant"
"352490","3524907","Jambeiro","SP",184.413,"35","352490 JAMBEIRO",1.70822371455018,0.111111111111111,6575,15.5240592532039,15.5240592555126,0.433549052562746,"3550","Not significant"
"352500","3525003","Jandira","SP",17.449,"35","352500 JANDIRA",0.824734034916188,0.944444444444444,121988,15.5240592532039,15.5240592533283,0.209316410142717,"3551","Not significant"
"352510","3525102","Jardinópolis","SP",501.87,"35","352510 JARDINOPOLIS",0.425682638252266,0.166666666666667,46868,15.5240592532039,15.5240592535278,0.108035827912024,"3552","Not significant"
"352520","3525201","Jarinu","SP",207.549,"35","352520 JARINU",1.31487946016832,0.333333333333334,39531,15.5240592532039,15.5240592535879,0.333716962203937,"3553","Not significant"
"352530","3525300","Jaú","SP",687.103,"35","352530 JAU",0.572605036106288,0.777777777777778,137323,15.5240592532039,15.5240592533144,0.145325225022236,"3554","Not significant"
"352540","3525409","Jeriquara","SP",141.971,"35","352540 JERIQUARA",0,0,3976,15.5240592532039,15.5240592570218,-3.85270942821221e-06,"3555","Not significant"
"352550","3525508","Joanópolis","SP",374.293,"35","352550 JOANOPOLIS",0.904535678332513,0.111111111111111,13095,15.5240592532039,15.5240592543631,0.229570334756518,"3556","Not significant"
"352560","3525607","João Ramalho","SP",415.452,"35","352560 JOAO RAMALHO",0,0,4456,15.5240592532039,15.5240592566105,-3.85270942826324e-06,"3557","Not significant"
"352570","3525706","José Bonifácio","SP",860.2,"35","352570 JOSE BONIFACIO",0.796407965327181,0.277777777777778,37859,15.5240592532039,15.5240592536049,0.202127158720558,"3558","Not significant"
"352580","3525805","Júlio Mesquita","SP",128.183,"35","352580 JULIO MESQUITA",0,0,4308,15.5240592532039,15.5240592567275,-3.85270942824872e-06,"3559","Not significant"
"352585","3525854","Jumirim","SP",56.685,"35","352585 JUMIRIM",1.74155346569139,0.0555555555555555,3123,15.5240592532039,15.5240592580646,0.442008255098181,"3560","Not significant"
"352590","3525904","Jundiaí","SP",431.204,"35","352590 JUNDIAI",0.800426465873971,3.11111111111111,460313,15.5240592532039,15.5240592532369,0.20314706763312,"3561","Not significant"
"352600","3526001","Junqueirópolis","SP",582.565,"35","352600 JUNQUEIROPOLIS",0,0,20878,15.5240592532039,15.524059253931,-3.85270942859574e-06,"3562","Low-Low"
"352610","3526100","Juquiá","SP",812.799,"35","352610 JUQUIA",3.45190575737475,0.666666666666667,17255,15.5240592532039,15.5240592540836,0.87610140045909,"3563","Not significant"
"352620","3526209","Juquitiba","SP",522.169,"35","352620 JUQUITIBA",2.44199146669318,0.722222222222222,28007,15.5240592532039,15.5240592537459,0.619781767919146,"3564","Not significant"
"352630","3526308","Lagoinha","SP",255.472,"35","352630 LAGOINHA",0,0,5182,15.5240592532039,15.5240592561332,-3.85270942832247e-06,"3565","Not significant"
"352640","3526407","Laranjal Paulista","SP",384.274,"35","352640 LARANJAL PAULISTA",0.211278020747502,0.0555555555555556,27009,15.5240592532039,15.5240592537659,0.0536192172316817,"3566","Not significant"
"352650","3526506","Lavínia","SP",537.675,"35","352650 LAVINIA",0,0,9909,15.5240592532039,15.5240592547358,-3.85270942849587e-06,"3567","Not significant"
"352660","3526605","Lavrinhas","SP",167.067,"35","352660 LAVRINHAS",0,0,7328,15.5240592532039,15.5240592552754,-3.85270942842892e-06,"3568","Not significant"
"352670","3526704","Leme","SP",402.871,"35","352670 LEME",0.510596335779096,0.5,101316,15.5240592532039,15.5240592533537,0.129587209004663,"3569","Not significant"
"352680","3526803","Lençóis Paulista","SP",809.541,"35","352680 LENCOIS PAULISTA",0.854451635218921,0.555555555555556,68395,15.5240592532039,15.5240592534258,0.216858836722425,"3570","Not significant"
"352690","3526902","Limeira","SP",580.711,"35","352690 LIMEIRA",0.44082115895478,1.27777777777778,300728,15.5240592532039,15.5240592532544,0.111878035216779,"3571","Not significant"
"352700","3527009","Lindóia","SP",48.756,"35","352700 LINDOIA",1.64301981434765,0.111111111111111,7147,15.5240592532039,15.5240592553278,0.417000084109228,"3572","Not significant"
"352710","3527108","Lins","SP",570.058,"35","352710 LINS",0.070343077256395,0.0555555555555556,76729,15.5240592532039,15.5240592534017,0.0178494561122437,"3573","Not significant"
"352720","3527207","Lorena","SP",414.16,"35","352720 LORENA",2.39876543518139,2.05555555555556,87370,15.5240592532039,15.5240592533776,0.608810856220388,"3574","Not significant"
"352725","3527256","Lourdes","SP",113.94,"35","352725 LOURDES",0,0,1968,15.5240592532039,15.5240592609173,-3.85270942772883e-06,"3575","Low-Low"
"352730","3527306","Louveira","SP",55.738,"35","352730 LOUVEIRA",1.90133037285671,0.777777777777778,54111,15.5240592532039,15.5240592534844,0.48256016982855,"3576","Not significant"
"352740","3527405","Lucélia","SP",314.81,"35","352740 LUCELIA",0.79881136893444,0.166666666666667,20372,15.5240592532039,15.524059253949,0.202737150610859,"3577","Not significant"
"352750","3527504","Lucianópolis","SP",189.536,"35","352750 LUCIANOPOLIS",0,0,2419,15.5240592532039,15.5240592594792,-3.85270942790728e-06,"3578","Not significant"
"352760","3527603","Luís Antônio","SP",598.257,"35","352760 LUIS ANTONIO",0,0,12531,15.5240592532039,15.5240592544153,-3.85270942853565e-06,"3579","Low-Low"
"352770","3527702","Luiziânia","SP",166.576,"35","352770 LUIZIANIA",0,0,4751,15.5240592532039,15.524059256399,-3.85270942828949e-06,"3580","Low-Low"
"352780","3527801","Lupércio","SP",155.171,"35","352780 LUPERCIO",0,0,4017,15.5240592532039,15.5240592569828,-3.85270942821705e-06,"3581","Not significant"
"352790","3527900","Lutécia","SP",475.226,"35","352790 LUTECIA",0,0,2699,15.5240592532039,15.5240592588282,-3.85270942798806e-06,"3582","Not significant"
"352800","3528007","Macatuba","SP",224.514,"35","352800 MACATUBA",0.323693733936698,0.0555555555555555,17120,15.5240592532039,15.5240592540906,0.0821507020937382,"3583","Not significant"
"352810","3528106","Macaubal","SP",248.087,"35","352810 MACAUBAL",0.684181718664478,0.0555555555555556,7587,15.5240592532039,15.5240592552047,0.173643761088128,"3584","Not significant"
"352820","3528205","Macedônia","SP",327.567,"35","352820 MACEDONIA",1.49988000959923,0.0555555555555556,4048,15.5240592532039,15.5240592569539,0.380670721792926,"3585","Not significant"
"352830","3528304","Magda","SP",312.282,"35","352830 MAGDA",0,0,3212,15.5240592532039,15.5240592579299,-3.85270942809952e-06,"3586","Low-Low"
"352840","3528403","Mairinque","SP",210.149,"35","352840 MAIRINQUE",1.93344453812638,0.888888888888889,51660,15.5240592532039,15.5240592534977,0.490710852631401,"3587","Not significant"
"352850","3528502","Mairiporã","SP",320.697,"35","352850 MAIRIPORA",0.902270880237088,0.777777777777778,97399,15.5240592532039,15.5240592533597,0.228995521414941,"3588","Not significant"
"352860","3528601","Manduri","SP",229.046,"35","352860 MANDURI",1.12848985487621,0.111111111111111,10092,15.5240592532039,15.524059254708,0.286410655529188,"3589","Not significant"
"352870","3528700","Marabá Paulista","SP",919.519,"35","352870 MARABA PAULISTA",0,0,4627,15.5240592532039,15.5240592564846,-3.85270942827887e-06,"3590","Low-Low"
"352880","3528809","Maracaí","SP",533.498,"35","352880 MARACAI",0.833416675000833,0.111111111111111,12826,15.5240592532039,15.5240592543874,0.211520093296163,"3591","Not significant"
"352885","3528858","Marapoama","SP",111.267,"35","352885 MARAPOAMA",15.8603903094942,0.444444444444445,3392,15.5240592532039,15.5240592576791,4.02541637672625,"3592","Not significant"
"352890","3528908","Mariápolis","SP",186.544,"35","352890 MARIAPOLIS",1.36265772763197,0.0555555555555555,3539,15.5240592532039,15.5240592574932,0.345843246611696,"3593","Not significant"
"352900","3529005","Marília","SP",1170.515,"35","352900 MARILIA",0.853168962639664,1.94444444444444,246627,15.5240592532039,15.5240592532654,0.216533290122972,"3594","Not significant"
"352910","3529104","Marinópolis","SP",77.827,"35","352910 MARINOPOLIS",0,0,1870,15.5240592532039,15.5240592613215,-3.85270942767867e-06,"3595","Not significant"
"352920","3529203","Martinópolis","SP",1253.564,"35","352920 MARTINOPOLIS",0.65000065000065,0.166666666666667,25299,15.5240592532039,15.5240592538039,0.164968491282588,"3596","Not significant"
"352930","3529302","Matão","SP",524.899,"35","352930 MATAO",0.424413244595076,0.333333333333333,80998,15.5240592532039,15.5240592533913,0.107713651546863,"3597","Low-Low"
"352940","3529401","Mauá","SP",61.937,"35","352940 MAUA",1.47797589672286,6.38888888888889,429380,15.5240592532039,15.5240592532392,0.375111384560356,"3598","Not significant"
"352950","3529500","Mendonça","SP",195.151,"35","352950 MENDONCA",1.09167922097771,0.0555555555555554,6369,15.5240592532039,15.5240592555873,0.27706799323649,"3599","Not significant"
"352960","3529609","Meridiano","SP",228.199,"35","352960 MERIDIANO",0,0,4697,15.5240592532039,15.5240592564357,-3.85270942828493e-06,"3600","Not significant"
"352965","3529658","Mesópolis","SP",148.636,"35","352965 MESOPOLIS",0,0,1988,15.5240592532039,15.5240592608397,-3.85270942773846e-06,"3601","Not significant"
"352970","3529708","Miguelópolis","SP",820.849,"35","352970 MIGUELOPOLIS",0,0,19655,15.5240592532039,15.5240592539762,-3.85270942859013e-06,"3602","Not significant"
"352980","3529807","Mineiros do Tietê","SP",213.242,"35","352980 MINEIROS DO TIETE",1.30731562263907,0.166666666666667,11349,15.5240592532039,15.5240592545414,0.33179723487227,"3603","Not significant"
"352990","3529906","Miracatu","SP",1001.484,"35","352990 MIRACATU",12.9665860416709,2.77777777777778,18679,15.5240592532039,15.5240592540166,3.29095915302268,"3604","Not significant"
"353000","3530003","Mira Estrela","SP",216.825,"35","353000 MIRA ESTRELA",5.54388065240484,0.166666666666667,3199,15.5240592532039,15.5240592579491,1.40705164164462,"3605","Not significant"
"353010","3530102","Mirandópolis","SP",917.694,"35","353010 MIRANDOPOLIS",0,0,28737,15.5240592532039,15.5240592537321,-3.85270942862042e-06,"3606","Low-Low"
"353020","3530201","Mirante do Paranapanema","SP",1238.931,"35","353020 MIRANTE DO PARANAPANEMA",0.309002478199875,0.0555555555555555,16069,15.5240592532039,15.5240592541486,0.0784220121375661,"3607","Not significant"
"353030","3530300","Mirassol","SP",243.228,"35","353030 MIRASSOL",0.296085429843668,0.166666666666667,65485,15.5240592532039,15.5240592534357,0.075143621964211,"3608","Not significant"
"353040","3530409","Mirassolândia","SP",166.125,"35","353040 MIRASSOLANDIA",1.12940751281878,0.0555555555555557,4771,15.5240592532039,15.5240592563856,0.286643560175818,"3609","Not significant"
"353050","3530508","Mococa","SP",855.156,"35","353050 MOCOCA",0.960570787952497,0.666666666666667,69324,15.5240592532039,15.5240592534229,0.243792233433822,"3610","Not significant"
"353060","3530607","Mogi das Cruzes","SP",712.541,"35","353060 MOGI DAS CRUZES",1.82142263064752,7.38888888888889,468120,15.5240592532039,15.5240592532363,0.462279316981587,"3611","Not significant"
"353070","3530706","Mogi Guaçu","SP",812.753,"35","353070 MOGI GUACU",0.461119637586362,0.666666666666668,159735,15.5240592532039,15.5240592532989,0.117029857140758,"3612","Not significant"
"353080","3530805","Mogi Mirim","SP",497.708,"35","353080 MOGI MIRIM",0.727139581162284,0.666666666666666,95534,15.5240592532039,15.5240592533628,0.1845466106098,"3613","Not significant"
"353090","3530904","Mombuca","SP",133.698,"35","353090 MOMBUCA",0,0,3815,15.5240592532039,15.5240592571829,-3.85270942819222e-06,"3614","Not significant"
"353100","3531001","Monções","SP",104.352,"35","353100 MONCOES",2.59121061359867,0.0555555555555555,1954,15.5240592532039,15.5240592609725,0.657654087483769,"3615","Not significant"
"353110","3531100","Mongaguá","SP",142.755,"35","353110 MONGAGUA",1.59358899737085,0.833333333333333,64519,15.5240592532039,15.5240592534392,0.404454377076931,"3616","Not significant"
"353120","3531209","Monte Alegre do Sul","SP",110.308,"35","353120 MONTE ALEGRE DO SUL",2.89004672706738,0.222222222222222,8873,15.5240592532039,15.5240592549147,0.733499695007375,"3617","Not significant"
"353130","3531308","Monte Alto","SP",346.95,"35","353130 MONTE ALTO",1.59160470694781,0.777777777777778,48725,15.5240592532039,15.5240592535154,0.403950757514552,"3618","Not significant"
"353140","3531407","Monte Aprazível","SP",495.559,"35","353140 MONTE APRAZIVEL",0.267235343477587,0.0555555555555556,22650,15.5240592532039,15.5240592538741,0.0678213733282155,"3619","Not significant"
"353150","3531506","Monte Azul Paulista","SP",263.462,"35","353150 MONTE AZUL PAULISTA",0.306074351581486,0.0555555555555556,18363,15.5240592532039,15.5240592540305,0.0776788437860525,"3620","Not significant"
"353160","3531605","Monte Castelo","SP",233.547,"35","353160 MONTE CASTELO",1.29168927122891,0.0555555555555555,4301,15.5240592532039,15.5240592567333,0.327831214476513,"3621","Not significant"
"353170","3531704","Monteiro Lobato","SP",332.742,"35","353170 MONTEIRO LOBATO",0,0,4205,15.5240592532039,15.5240592568139,-3.85270942823801e-06,"3622","Not significant"
"353180","3531803","Monte Mor","SP",240.566,"35","353180 MONTE MOR",0.611444761445495,0.333333333333333,67296,15.5240592532039,15.5240592534295,0.155182877516793,"3623","Not significant"
"353190","3531902","Morro Agudo","SP",1388.127,"35","353190 MORRO AGUDO",0,0,28561,15.5240592532039,15.5240592537354,-3.85270942862001e-06,"3624","Low-Low"
"353200","3532009","Morungaba","SP",146.752,"35","353200 MORUNGABA",2.68145689662429,0.333333333333333,14081,15.5240592532039,15.5240592542819,0.680558896793078,"3625","Not significant"
"353205","3532058","Motuca","SP",228.7,"35","353205 MOTUCA",0,0,4079,15.5240592532039,15.5240592569254,-3.85270942822417e-06,"3626","Low-Low"
"353210","3532108","Murutinga do Sul","SP",250.873,"35","353210 MURUTINGA DO SUL",0,0,3763,15.5240592532039,15.5240592572379,-3.85270942818539e-06,"3627","Not significant"
"353215","3532157","Nantes","SP",286.647,"35","353215 NANTES",0,0,2699,15.5240592532039,15.5240592588282,-3.85270942798806e-06,"3628","Not significant"
"353220","3532207","Narandiba","SP",357.325,"35","353220 NARANDIBA",0,0,5908,15.5240592532039,15.5240592557733,-3.85270942836714e-06,"3629","Not significant"
"353230","3532306","Natividade da Serra","SP",833.372,"35","353230 NATIVIDADE DA SERRA",0.831545510485789,0.0555555555555556,7134,15.5240592532039,15.5240592553317,0.211045185463059,"3630","Not significant"
"353240","3532405","Nazaré Paulista","SP",326.254,"35","353240 NAZARE PAULISTA",0,0,18620,15.5240592532039,15.5240592540191,-3.8527094285848e-06,"3631","Not significant"
"353250","3532504","Neves Paulista","SP",219.05,"35","353250 NEVES PAULISTA",1.23347271342213,0.111111111111111,9921,15.5240592532039,15.524059254734,0.313055656965128,"3632","Not significant"
"353260","3532603","Nhandeara","SP",436.159,"35","353260 NHANDEARA",0.479961603071754,0.0555555555555556,9944,15.5240592532039,15.5240592547304,0.121812011140048,"3633","Not significant"
"353270","3532702","Nipoã","SP",137.609,"35","353270 NIPOA",0,0,4860,15.5240592532039,15.5240592563273,-3.85270942829838e-06,"3634","Not significant"
"353280","3532801","Nova Aliança","SP",217.515,"35","353280 NOVA ALIANCA",0.85972695072045,0.0555555555555555,6858,15.5240592532039,15.5240592554173,0.218197729467374,"3635","Not significant"
"353282","3532827","Nova Campina","SP",385.375,"35","353282 NOVA CAMPINA",1.20711837792327,0.111111111111111,8631,15.5240592532039,15.5240592549627,0.306366838264823,"3636","Not significant"
"353284","3532843","Nova Canaã Paulista","SP",124.473,"35","353284 NOVA CANAA PAULISTA",0,0,2058,15.5240592532039,15.5240592605799,-3.85270942777068e-06,"3637","Not significant"
"353286","3532868","Nova Castilho","SP",183.396,"35","353286 NOVA CASTILHO",0,0,1074,15.5240592532039,15.5240592673379,-3.8527094269321e-06,"3638","Low-Low"
"353290","3532900","Nova Europa","SP",160.25,"35","353290 NOVA EUROPA",0,0,9459,15.5240592532039,15.5240592548087,-3.85270942848683e-06,"3639","Not significant"
"353300","3533007","Nova Granada","SP",531.796,"35","353300 NOVA GRANADA",1.66665510217251,0.333333333333333,19725,15.5240592532039,15.5240592539735,0.422998799410808,"3640","Not significant"
"353310","3533106","Nova Guataporanga","SP",34.158,"35","353310 NOVA GUATAPORANGA",2.53910217347146,0.0555555555555556,2188,15.5240592532039,15.5240592601417,0.644428790714679,"3641","Not significant"
"353320","3533205","Nova Independência","SP",265.029,"35","353320 NOVA INDEPENDENCIA",0,0,4795,15.5240592532039,15.5240592563697,-3.85270942829313e-06,"3642","Not significant"
"353325","3533254","Novais","SP",117.772,"35","353325 NOVAIS",3.10832481599025,0.166666666666667,4469,15.5240592532039,15.5240592566006,0.788899405673104,"3643","Not significant"
"353330","3533304","Nova Luzitânia","SP",73.816,"35","353330 NOVA LUZITANIA",0,0,2838,15.5240592532039,15.5240592585527,-3.85270942802224e-06,"3644","Not significant"
"353340","3533403","Nova Odessa","SP",73.788,"35","353340 NOVA ODESSA",1.03181498642422,0.555555555555556,64228,15.5240592532039,15.5240592534402,0.261874249840652,"3645","Not significant"
"353350","3533502","Novo Horizonte","SP",931.743,"35","353350 NOVO HORIZONTE",0.445432136213269,0.166666666666667,39435,15.5240592532039,15.5240592535888,0.11304831670134,"3646","Not significant"
"353360","3533601","Nuporanga","SP",348.265,"35","353360 NUPORANGA",0,0,7550,15.5240592532039,15.5240592552145,-3.85270942843648e-06,"3647","Not significant"
"353370","3533700","Ocauçu","SP",301.036,"35","353370 OCAUCU",1.29319263397476,0.0555555555555555,4412,15.5240592532039,15.5240592566445,0.328212772982091,"3648","Not significant"
"353380","3533809","Óleo","SP",198.938,"35","353380 OLEO",4.5186562526984,0.111111111111111,2540,15.5240592532039,15.5240592591802,1.14684625208971,"3649","Not significant"
"353390","3533908","Olímpia","SP",802.555,"35","353390 OLIMPIA",0.434602164800101,0.222222222222222,56701,15.5240592532039,15.5240592534716,0.110299633651351,"3650","Not significant"
"353400","3534005","Onda Verde","SP",242.946,"35","353400 ONDA VERDE",1.33258708456598,0.0555555555555556,4912,15.5240592532039,15.5240592562943,0.338211216608555,"3651","Not significant"
"353410","3534104","Oriente","SP",218.668,"35","353410 ORIENTE",4.38860167345491,0.277777777777778,6180,15.5240592532039,15.5240592556602,1.11383796402281,"3652","Not significant"
"353420","3534203","Orindiúva","SP",247.378,"35","353420 ORINDIUVA",0,0,6145,15.5240592532039,15.5240592556742,-3.85270942837943e-06,"3653","Not significant"
"353430","3534302","Orlândia","SP",291.765,"35","353430 ORLANDIA",0.138642797922576,0.0555555555555555,39193,15.5240592532039,15.5240592535912,0.0351841541810764,"3654","Not significant"
"353440","3534401","Osasco","SP",64.954,"35","353440 OSASCO",1.35988866333541,9.55555555555556,756952,15.5240592532039,15.5240592532239,0.34514044885793,"3655","Not significant"
"353450","3534500","Oscar Bressane","SP",222.13,"35","353450 OSCAR BRESSANE",4.32496597592441,0.111111111111111,2504,15.5240592532039,15.5240592592662,1.09768701053468,"3656","Not significant"
"353460","3534609","Osvaldo Cruz","SP",248.038,"35","353460 OSVALDO CRUZ",0.348094520250397,0.111111111111111,32099,15.5240592532039,15.5240592536768,0.0883437034609573,"3657","Not significant"
"353470","3534708","Ourinhos","SP",295.818,"35","353470 OURINHOS",0.248344692451841,0.277777777777778,106877,15.5240592532039,15.5240592533459,0.0630268627711176,"3658","Not significant"
"353475","3534757","Ouroeste","SP",288.648,"35","353475 OUROESTE",1.1764285993077,0.111111111111111,10596,15.5240592532039,15.5240592546365,0.298577669573108,"3659","Not significant"
"353480","3534807","Ouro Verde","SP",266.778,"35","353480 OURO VERDE",0,0,7901,15.5240592532039,15.5240592551252,-3.85270942844756e-06,"3660","Low-Low"
"353490","3534906","Pacaembu","SP",339.375,"35","353490 PACAEMBU",0,0,15217,15.5240592532039,15.5240592542015,-3.85270942856218e-06,"3661","Not significant"
"353500","3535002","Palestina","SP",697.701,"35","353500 PALESTINA",0.489648823863525,0.0555555555555556,11689,15.5240592532039,15.5240592545025,0.124270660252676,"3662","Not significant"
"353510","3535101","Palmares Paulista","SP",82.125,"35","353510 PALMARES PAULISTA",1.43507621232953,0.166666666666667,9709,15.5240592532039,15.5240592547674,0.364223300828962,"3663","Not significant"
"353520","3535200","Palmeira d'Oeste","SP",318.74,"35","353520 PALMEIRA D'OESTE",0.57273768613975,0.0555555555555558,8994,15.5240592532039,15.5240592548917,0.145358892038033,"3664","Low-Low"
"353530","3535309","Palmital","SP",548.407,"35","353530 PALMITAL",2.53878014202753,0.555555555555556,19767,15.5240592532039,15.5240592539718,0.644347058182713,"3665","Not significant"
"353540","3535408","Panorama","SP",356.05,"35","353540 PANORAMA",0,0,15214,15.5240592532039,15.5240592542016,-3.85270942856216e-06,"3666","Low-Low"
"353550","3535507","Paraguaçu Paulista","SP",1001.492,"35","353550 PARAGUACU PAULISTA",1.38368225245388,0.611111111111111,42087,15.5240592532039,15.5240592535646,0.351179341536611,"3667","Not significant"
"353560","3535606","Paraibuna","SP",809.576,"35","353560 PARAIBUNA",3.37903589579225,0.611111111111112,17950,15.5240592532039,15.5240592540496,0.857606785306157,"3668","Not significant"
"353570","3535705","Paraíso","SP",155.186,"35","353570 PARAISO",1.72158523568502,0.111111111111111,6211,15.5240592532039,15.5240592556479,0.436940251417012,"3669","Not significant"
"353580","3535804","Paranapanema","SP",1018.724,"35","353580 PARANAPANEMA",0.284244336431597,0.0555555555555556,19799,15.5240592532039,15.5240592539706,0.0721383127596019,"3670","Not significant"
"353590","3535903","Paranapuã","SP",140.354,"35","353590 PARANAPUA",0,0,4111,15.5240592532039,15.5240592568964,-3.85270942822777e-06,"3671","Not significant"
"353600","3536000","Parapuã","SP",366.664,"35","353600 PARAPUA",0,0,10729,15.5240592532039,15.5240592546187,-3.8527094285104e-06,"3672","Not significant"
"353610","3536109","Pardinho","SP",209.894,"35","353610 PARDINHO",0.863334196667528,0.0555555555555554,7382,15.5240592532039,15.5240592552602,0.219113260582511,"3673","Not significant"
"353620","3536208","Pariquera-Açu","SP",359.414,"35","353620 PARIQUERA-ACU",8.98266253622568,1.72222222222222,19576,15.5240592532039,15.5240592539793,2.27982601189236,"3674","Not significant"
"353625","3536257","Parisi","SP",84.737,"35","353625 PARISI",0,0,3001,15.5240592532039,15.5240592582622,-3.85270942805829e-06,"3675","Not significant"
"353630","3536307","Patrocínio Paulista","SP",602.848,"35","353630 PATROCINIO PAULISTA",0,0,14837,15.5240592532039,15.524059254227,-3.85270942855901e-06,"3676","Not significant"
"353640","3536406","Paulicéia","SP",374.091,"35","353640 PAULICEIA",0,0,8200,15.5240592532039,15.5240592550551,-3.85270942845625e-06,"3677","Not significant"
"353650","3536505","Paulínia","SP",138.777,"35","353650 PAULINIA",3.70905362067344,3.38888888888889,115690,15.5240592532039,15.5240592533351,0.941366390232947,"3678","Not significant"
"353657","3536570","Paulistânia","SP",256.178,"35","353657 PAULISTANIA",0,0,2146,15.5240592532039,15.5240592602775,-3.85270942780822e-06,"3679","Not significant"
"353660","3536604","Paulo de Faria","SP",737.986,"35","353660 PAULO DE FARIA",0,0,7430,15.5240592532039,15.5240592552469,-3.85270942843245e-06,"3680","Not significant"
"353670","3536703","Pederneiras","SP",727.482,"35","353670 PEDERNEIRAS",0.509827453318217,0.222222222222222,46223,15.5240592532039,15.5240592535323,0.129392064057791,"3681","Not significant"
"353680","3536802","Pedra Bela","SP",158.587,"35","353680 PEDRA BELA",3.67479034471912,0.222222222222222,6718,15.5240592532039,15.5240592554635,0.932670255869593,"3682","Not significant"
"353690","3536901","Pedranópolis","SP",260.101,"35","353690 PEDRANOPOLIS",2.21513379408116,0.0555555555555555,2848,15.5240592532039,15.5240592585339,0.562204530019823,"3683","Not significant"
"353700","3537008","Pedregulho","SP",712.604,"35","353700 PEDREGULHO",0.337723741979061,0.0555555555555556,15742,15.5240592532039,15.5240592541682,0.0857115651679712,"3684","Low-Low"
"353710","3537107","Pedreira","SP",108.817,"35","353710 PEDREIRA",2.10029428598731,0.944444444444443,44332,15.5240592532039,15.5240592535463,0.533057877974834,"3685","Not significant"
"353715","3537156","Pedrinhas Paulista","SP",152.309,"35","353715 PEDRINHAS PAULISTA",1.88964474678761,0.0555555555555556,2838,15.5240592532039,15.5240592585527,0.479594318679725,"3686","Not significant"
"353720","3537206","Pedro de Toledo","SP",670.44,"35","353720 PEDRO DE TOLEDO",2.06072340064232,0.222222222222222,11539,15.5240592532039,15.5240592545194,0.523014654602816,"3687","Not significant"
"353730","3537305","Penápolis","SP",711.315,"35","353730 PENAPOLIS",0.090524116529885,0.0555555555555557,63317,15.5240592532039,15.5240592534436,0.0229714715335548,"3688","Low-Low"
"353740","3537404","Pereira Barreto","SP",974.247,"35","353740 PEREIRA BARRETO",0,0,24389,15.5240592532039,15.5240592538263,-3.85270942860873e-06,"3689","Low-Low"
"353750","3537503","Pereiras","SP",223.136,"35","353750 PEREIRAS",1.42174636669889,0.111111111111111,8969,15.5240592532039,15.5240592548964,0.360840141320367,"3690","Not significant"
"353760","3537602","Peruíbe","SP",326.216,"35","353760 PERUIBE",2.40751193732757,1.5,70543,15.5240592532039,15.5240592534191,0.611030747785535,"3691","Not significant"
"353770","3537701","Piacatu","SP",232.488,"35","353770 PIACATU",0,0,5623,15.5240592532039,15.5240592559035,-3.85270942835098e-06,"3692","Low-Low"
"353780","3537800","Piedade","SP",746.868,"35","353780 PIEDADE",3.20535180794341,1.72222222222222,54237,15.5240592532039,15.5240592534838,0.813525181577533,"3693","Not significant"
"353790","3537909","Pilar do Sul","SP",681.248,"35","353790 PILAR DO SUL",0.391179748623133,0.111111111111111,28417,15.5240592532039,15.5240592537381,0.0992788788580531,"3694","Not significant"
"353800","3538006","Pindamonhangaba","SP",731.355,"35","353800 PINDAMONHANGABA",0.701307721766868,1.11111111111111,172027,15.5240592532039,15.5240592532921,0.177990398098433,"3695","Not significant"
"353810","3538105","Pindorama","SP",184.825,"35","353810 PINDORAMA",2.11842164128249,0.333333333333333,14721,15.5240592532039,15.5240592542351,0.537658661505881,"3696","Not significant"
"353820","3538204","Pinhalzinho","SP",154.529,"35","353820 PINHALZINHO",1.49627287351442,0.222222222222222,15605,15.5240592532039,15.5240592541766,0.379755218596321,"3697","Not significant"
"353830","3538303","Piquerobi","SP",482.769,"35","353830 PIQUEROBI",0,0,3296,15.5240592532039,15.5240592578094,-3.85270942811447e-06,"3698","Low-Low"
"353850","3538501","Piquete","SP",175.996,"35","353850 PIQUETE",3.54549064916834,0.5,12570,15.5240592532039,15.5240592544115,0.89985355971477,"3699","Not significant"
"353860","3538600","Piracaia","SP",385.568,"35","353860 PIRACAIA",1.6282229272268,0.444444444444444,26764,15.5240592532039,15.5240592537711,0.413244584574695,"3700","Not significant"
"353870","3538709","Piracicaba","SP",1378.069,"35","353870 PIRACICABA",2.73099117376871,10.5,438827,15.5240592532039,15.5240592532385,0.693130862411069,"3701","Not significant"
"353880","3538808","Piraju","SP",504.591,"35","353880 PIRAJU",1.3189914150185,0.388888888888889,30261,15.5240592532039,15.5240592537055,0.334760590128315,"3702","Not significant"
"353890","3538907","Pirajuí","SP",823.758,"35","353890 PIRAJUI",0.491948516984604,0.111111111111111,22743,15.5240592532039,15.5240592538713,0.12485433007868,"3703","Not significant"
"353900","3539004","Pirangi","SP",215.809,"35","353900 PIRANGI",5.13130824099938,0.555555555555556,11076,15.5240592532039,15.5240592545744,1.30233938070329,"3704","Not significant"
"353910","3539103","Pirapora do Bom Jesus","SP",108.489,"35","353910 PIRAPORA DO BOM JESUS",2.51821005097478,0.444444444444444,18836,15.5240592532039,15.5240592540098,0.639126300114874,"3705","Not significant"
"353920","3539202","Pirapozinho","SP",477.673,"35","353920 PIRAPOZINHO",0.223177421586613,0.0555555555555555,26065,15.5240592532039,15.5240592537863,0.0566393250554277,"3706","Not significant"
"353930","3539301","Pirassununga","SP",727.118,"35","353930 PIRASSUNUNGA",0.380416440979259,0.277777777777778,75475,15.5240592532039,15.524059253405,0.0965471152968228,"3707","Not significant"
"353940","3539400","Piratininga","SP",402.409,"35","353940 PIRATININGA",0,0,15554,15.5240592532039,15.5240592541798,-3.85270942856486e-06,"3708","Not significant"
"353950","3539509","Pitangueiras","SP",430.638,"35","353950 PITANGUEIRAS",0.719706054824549,0.277777777777778,34416,15.5240592532039,15.524059253645,0.182659956703904,"3709","Not significant"
"353960","3539608","Planalto","SP",289.825,"35","353960 PLANALTO",1.09641909523496,0.0555555555555555,4454,15.5240592532039,15.524059256612,0.278270989203388,"3710","Low-Low"
"353970","3539707","Platina","SP",327.48,"35","353970 PLATINA",0,0,3061,15.5240592532039,15.524059258163,-3.8527094280706e-06,"3711","Not significant"
"353980","3539806","Poá","SP",17.264,"35","353980 POA",1.29744610835291,1.44444444444444,106431,15.5240592532039,15.5240592533465,0.32929231907323,"3712","Not significant"
"353990","3539905","Poloni","SP",135.12,"35","353990 POLONI",1.02976006590464,0.0555555555555556,5696,15.5240592532039,15.5240592558689,0.261352704103545,"3713","Not significant"
"354000","3540002","Pompéia","SP",784.674,"35","354000 POMPEIA",1.61667932320635,0.333333333333333,20512,15.5240592532039,15.5240592539439,0.410314779173955,"3714","Not significant"
"354010","3540101","Pongaí","SP",183.399,"35","354010 PONGAI",0,0,3443,15.5240592532039,15.5240592576128,-3.85270942813887e-06,"3715","Not significant"
"354020","3540200","Pontal","SP",356.371,"35","354020 PONTAL",0.147726634816804,0.0555555555555557,38376,15.5240592532039,15.5240592535994,0.0374896624369286,"3716","Not significant"
"354025","3540259","Pontalinda","SP",209.525,"35","354025 PONTALINDA",0,0,4196,15.5240592532039,15.5240592568216,-3.85270942823705e-06,"3717","Not significant"
"354030","3540309","Pontes Gestal","SP",217.505,"35","354030 PONTES GESTAL",0,0,2415,15.5240592532039,15.5240592594896,-3.85270942790599e-06,"3718","Not significant"
"354040","3540408","Populina","SP",315.938,"35","354040 POPULINA",1.30137164571458,0.0555555555555556,4185,15.5240592532039,15.5240592568311,0.330288633578296,"3719","Not significant"
"354050","3540507","Porangaba","SP",265.689,"35","354050 PORANGABA",0.615846974343817,0.0555555555555557,10773,15.5240592532039,15.524059254613,0.156300173902148,"3720","Not significant"
"354060","3540606","Porto Feliz","SP",556.706,"35","354060 PORTO FELIZ",3.40121532847361,1.77777777777778,58345,15.5240592532039,15.5240592534641,0.863235999689874,"3721","Not significant"
"354070","3540705","Porto Ferreira","SP",244.906,"35","354070 PORTO FERREIRA",0.105717408908594,0.0555555555555555,53940,15.5240592532039,15.5240592534853,0.0268275800723307,"3722","Not significant"
"354075","3540754","Potim","SP",44.643,"35","354075 POTIM",3.9392489636374,0.833333333333334,20767,15.5240592532039,15.5240592539349,0.999790739951355,"3723","Not significant"
"354080","3540804","Potirendaba","SP",342.492,"35","354080 POTIRENDABA",0.314441677357684,0.0555555555555556,18994,15.5240592532039,15.5240592540031,0.0798024991182104,"3724","Not significant"
"354085","3540853","Pracinha","SP",63.054,"35","354085 PRACINHA",5.92825337008399,0.166666666666667,2599,15.5240592532039,15.5240592590446,1.50460672587272,"3725","Not significant"
"354090","3540903","Pradópolis","SP",167.378,"35","354090 PRADOPOLIS",0.326125949841829,0.0555555555555556,17309,15.5240592532039,15.5240592540809,0.0827680066440901,"3726","Not significant"
"354100","3541000","Praia Grande","SP",149.652,"35","354100 PRAIA GRANDE",2.12466396710427,6.44444444444444,365577,15.5240592532039,15.5240592532454,0.539242984743001,"3727","Not significant"
"354105","3541059","Pratânia","SP",175.1,"35","354105 PRATANIA",1.03436148865306,0.0555555555555556,5246,15.5240592532039,15.5240592560975,0.262520560620605,"3728","Not significant"
"354110","3541109","Presidente Alves","SP",286.642,"35","354110 PRESIDENTE ALVES",0,0,3841,15.5240592532039,15.524059257156,-3.85270942819556e-06,"3729","Not significant"
"354120","3541208","Presidente Bernardes","SP",749.233,"35","354120 PRESIDENTE BERNARDES",0.411919296771377,0.0555555555555556,14772,15.5240592532039,15.5240592542315,0.104542645702401,"3730","Not significant"
"354130","3541307","Presidente Epitácio","SP",1260.281,"35","354130 PRESIDENTE EPITACIO",0.254720639498617,0.111111111111111,40383,15.5240592532039,15.5240592535798,0.0646450995054557,"3731","Low-Low"
"354140","3541406","Presidente Prudente","SP",560.637,"35","354140 PRESIDENTE PRUDENTE",0.264095946163528,0.555555555555555,234083,15.5240592532039,15.5240592532687,0.0670245837668952,"3732","Not significant"
"354150","3541505","Presidente Venceslau","SP",755.203,"35","354150 PRESIDENTE VENCESLAU",0.144525378656492,0.0555555555555556,35902,15.5240592532039,15.5240592536267,0.0366771728917113,"3733","Low-Low"
"354160","3541604","Promissão","SP",779.2,"35","354160 PROMISSAO",0.140625615237067,0.0555555555555556,35991,15.5240592532039,15.5240592536257,0.0356873998625317,"3734","Not significant"
"354165","3541653","Quadra","SP",205.672,"35","354165 QUADRA",0,0,3472,15.5240592532039,15.524059257576,-3.85270942814344e-06,"3735","Not significant"
"354170","3541703","Quatá","SP",651.341,"35","354170 QUATA",0.879682572424307,0.111111111111111,13399,15.5240592532039,15.5240592543368,0.223262533161307,"3736","Not significant"
"354180","3541802","Queiroz","SP",234.914,"35","354180 QUEIROZ",0,0,3351,15.5240592532039,15.5240592577339,-3.85270942812385e-06,"3737","Not significant"
"354190","3541901","Queluz","SP",249.399,"35","354190 QUELUZ",3.26944253418351,0.388888888888889,9146,15.5240592532039,15.5240592548636,0.829791622714336,"3738","Not significant"
"354200","3542008","Quintana","SP",318.937,"35","354200 QUINTANA",0,0,7225,15.5240592532039,15.5240592553049,-3.85270942842525e-06,"3739","Not significant"
"354210","3542107","Rafard","SP",121.645,"35","354210 RAFARD",1.292442625472,0.111111111111111,9133,15.5240592532039,15.524059254866,0.328022418328617,"3740","Not significant"
"354220","3542206","Rancharia","SP",1587.498,"35","354220 RANCHARIA",0.944086274847949,0.277777777777778,29305,15.5240592532039,15.5240592537219,0.239608408743869,"3741","Not significant"
"354230","3542305","Redenção da Serra","SP",309.441,"35","354230 REDENCAO DA SERRA",1.35932360057636,0.0555555555555557,4611,15.5240592532039,15.524059256496,0.344997033999041,"3742","Not significant"
"354240","3542404","Regente Feijó","SP",263.28,"35","354240 REGENTE FEIJO",0,0,20565,15.5240592532039,15.524059253942,-3.85270942859437e-06,"3743","Not significant"
"354250","3542503","Reginópolis","SP",410.406,"35","354250 REGINOPOLIS",0,0,7808,15.5240592532039,15.524059255148,-3.85270942844472e-06,"3744","Not significant"
"354260","3542602","Registro","SP",722.201,"35","354260 REGISTRO",3.95256893613938,2.22222222222222,61732,15.5240592532039,15.5240592534498,1.00317139364106,"3745","Not significant"
"354270","3542701","Restinga","SP",245.746,"35","354270 RESTINGA",0,0,6492,15.5240592532039,15.5240592555421,-3.85270942839582e-06,"3746","Not significant"
"354280","3542800","Ribeira","SP",335.759,"35","354280 RIBEIRA",0,0,3166,15.5240592532039,15.5240592579986,-3.852709428091e-06,"3747","Not significant"
"354290","3542909","Ribeirão Bonito","SP",471.553,"35","354290 RIBEIRAO BONITO",0.422893777540957,0.0555555555555556,11079,15.5240592532039,15.524059254574,0.107328005710667,"3748","Low-Low"
"354300","3543006","Ribeirão Branco","SP",697.5,"35","354300 RIBEIRAO BRANCO",1.54706361559873,0.277777777777778,18930,15.5240592532039,15.5240592540058,0.392646079207059,"3749","Not significant"
"354310","3543105","Ribeirão Corrente","SP",148.332,"35","354310 RIBEIRAO CORRENTE",1.17752343271631,0.0555555555555556,4706,15.5240592532039,15.5240592564295,0.298855541945199,"3750","Not significant"
"354320","3543204","Ribeirão do Sul","SP",203.208,"35","354320 RIBEIRAO DO SUL",3.57806224943742,0.166666666666667,4768,15.5240592532039,15.5240592563876,0.908120340996116,"3751","Not significant"
"354323","3543238","Ribeirão dos Índios","SP",196.446,"35","354323 RIBEIRAO DOS INDIOS",0,0,2045,15.5240592532039,15.5240592606268,-3.85270942776487e-06,"3752","Low-Low"
"354325","3543253","Ribeirão Grande","SP",333.363,"35","354325 RIBEIRAO GRANDE",0,0,7570,15.5240592532039,15.5240592552092,-3.85270942843714e-06,"3753","Not significant"
"354330","3543303","Ribeirão Pires","SP",98.972,"35","354330 RIBEIRAO PIRES",1.14041841068234,1.33333333333333,118877,15.5240592532039,15.5240592533316,0.28943816299408,"3754","Not significant"
"354340","3543402","Ribeirão Preto","SP",650.916,"35","354340 RIBEIRAO PRETO",0.362818180001465,2.33333333333333,728400,15.5240592532039,15.5240592532247,0.0920806176658177,"3755","Low-Low"
"354350","3543501","Riversul","SP",385.878,"35","354350 RIVERSUL",0,0,5647,15.5240592532039,15.524059255892,-3.8527094283524e-06,"3756","Not significant"
"354360","3543600","Rifaina","SP",162.508,"35","354360 RIFAINA",0,0,4158,15.5240592532039,15.5240592568547,-3.85270942823295e-06,"3757","Not significant"
"354370","3543709","Rincão","SP",316.639,"35","354370 RINCAO",0,0,9145,15.5240592532039,15.5240592548638,-3.85270942847999e-06,"3758","Not significant"
"354380","3543808","Rinópolis","SP",358.481,"35","354380 RINOPOLIS",0,0,9357,15.5240592532039,15.5240592548262,-3.85270942848466e-06,"3759","Not significant"
"354390","3543907","Rio Claro","SP",498.422,"35","354390 RIO CLARO",0.989841169591732,1.94444444444444,208857,15.5240592532039,15.5240592532766,0.251221154419346,"3760","Not significant"
"354400","3544004","Rio das Pedras","SP",226.657,"35","354400 RIO DAS PEDRAS",0.710464735383964,0.222222222222222,32267,15.5240592532039,15.5240592536743,0.180314478849675,"3761","Not significant"
"354410","3544103","Rio Grande da Serra","SP",36.341,"35","354410 RIO GRANDE DA SERRA",1.43953384847688,0.666666666666666,45317,15.5240592532039,15.5240592535389,0.365354663841085,"3762","Not significant"
"354420","3544202","Riolândia","SP",631.897,"35","354420 RIOLANDIA",0.903582045449406,0.111111111111111,10453,15.5240592532039,15.5240592546561,0.229328299531726,"3763","Not significant"
"354425","3544251","Rosana","SP",744.011,"35","354425 ROSANA",0,0,17533,15.5240592532039,15.5240592540697,-3.85270942857853e-06,"3764","Low-Low"
"354430","3544301","Roseira","SP",129.847,"35","354430 ROSEIRA",0,0,11095,15.5240592532039,15.5240592545721,-3.85270942851619e-06,"3765","Not significant"
"354440","3544400","Rubiácea","SP",236.484,"35","354440 RUBIACEA",0,0,2741,15.5240592532039,15.524059258742,-3.85270942799875e-06,"3766","Not significant"
"354450","3544509","Rubinéia","SP",242.877,"35","354450 RUBINEIA",0,0,3965,15.5240592532039,15.5240592570324,-3.8527094282109e-06,"3767","Low-Low"
"354460","3544608","Sabino","SP",305.285,"35","354460 SABINO",0,0,5185,15.5240592532039,15.5240592561315,-3.85270942832268e-06,"3768","Not significant"
"354470","3544707","Sagres","SP",147.935,"35","354470 SAGRES",0,0,2519,15.5240592532039,15.5240592592301,-3.85270942793819e-06,"3769","Not significant"
"354480","3544806","Sales","SP",308.555,"35","354480 SALES",0.925617386796994,0.0555555555555556,6612,15.5240592532039,15.5240592554997,0.234920943029118,"3770","Not significant"
"354490","3544905","Sales Oliveira","SP",305.776,"35","354490 SALES OLIVEIRA",0.525696021532509,0.0555555555555555,11654,15.5240592532039,15.5240592545064,0.133419559863231,"3771","Low-Low"
"354500","3545001","Salesópolis","SP",424.997,"35","354500 SALESOPOLIS",0.994409417730362,0.166666666666666,15396,15.5240592532039,15.5240592541899,0.252380591103837,"3772","Not significant"
"354510","3545100","Salmourão","SP",172.934,"35","354510 SALMOURAO",1.07832988267771,0.0555555555555557,4883,15.5240592532039,15.5240592563126,0.273679886418259,"3773","Not significant"
"354515","3545159","Saltinho","SP",99.738,"35","354515 SALTINHO",1.35789608436631,0.111111111111111,8371,15.5240592532039,15.5240592550173,0.344634725615859,"3774","Not significant"
"354520","3545209","Salto","SP",133.057,"35","354520 SALTO",0.929480462455009,1.05555555555556,140125,15.5240592532039,15.5240592533122,0.235901404598024,"3775","Not significant"
"354530","3545308","Salto de Pirapora","SP",280.412,"35","354530 SALTO DE PIRAPORA",0.909884371927267,0.388888888888889,45138,15.5240592532039,15.5240592535402,0.230927851127591,"3776","Not significant"
"354540","3545407","Salto Grande","SP",188.441,"35","354540 SALTO GRANDE",2.46041942094234,0.222222222222223,9212,15.5240592532039,15.5240592548517,0.624458844462081,"3777","Not significant"
"354550","3545506","Sandovalina","SP",455.856,"35","354550 SANDOVALINA",1.29138901802779,0.0555555555555555,3699,15.5240592532039,15.5240592573077,0.327755009201462,"3778","Not significant"
"354560","3545605","Santa Adélia","SP",330.269,"35","354560 SANTA ADELIA",0.721264114697779,0.111111111111111,14203,15.5240592532039,15.5240592542727,0.183055397519174,"3779","Not significant"
"354570","3545704","Santa Albertina","SP",272.692,"35","354570 SANTA ALBERTINA",0,0,6543,15.5240592532039,15.5240592555239,-3.85270942839808e-06,"3780","Low-Low"
"354580","3545803","Santa Bárbara d'Oeste","SP",271.03,"35","354580 SANTA BARBARA D'OESTE",0.861288044166246,1.61111111111111,189338,15.5240592532039,15.5240592532841,0.218593940232228,"3781","Not significant"
"354600","3546009","Santa Branca","SP",272.238,"35","354600 SANTA BRANCA",1.98730724823826,0.277777777777778,14212,15.5240592532039,15.524059254272,0.50438138901136,"3782","Not significant"
"354610","3546108","Santa Clara d'Oeste","SP",183.458,"35","354610 SANTA CLARA D'OESTE",0,0,2677,15.5240592532039,15.5240592588744,-3.85270942798232e-06,"3783","Low-Low"
"354620","3546207","Santa Cruz da Conceição","SP",150.13,"35","354620 SANTA CRUZ DA CONCEICAO",3.76539414003497,0.166666666666667,4365,15.5240592532039,15.5240592566815,0.955665802816578,"3784","Not significant"
"354625","3546256","Santa Cruz da Esperança","SP",148.062,"35","354625 SANTA CRUZ DA ESPERANCA",0,0,2162,15.5240592532039,15.5240592602251,-3.85270942781471e-06,"3785","Not significant"
"354630","3546306","Santa Cruz das Palmeiras","SP",295.337,"35","354630 SANTA CRUZ DAS PALMEIRAS",0.335244307004603,0.111111111111111,29525,15.5240592532039,15.524059253718,0.0850822762607908,"3786","Not significant"
"354640","3546405","Santa Cruz do Rio Pardo","SP",1114.747,"35","354640 SANTA CRUZ DO RIO PARDO",0.474055349582138,0.222222222222222,47677,15.5240592532039,15.5240592535223,0.120312984209352,"3787","Not significant"
"354650","3546504","Santa Ernestina","SP",134.421,"35","354650 SANTA ERNESTINA",0,0,6256,15.5240592532039,15.5240592556303,-3.85270942838487e-06,"3788","Not significant"
"354660","3546603","Santa Fé do Sul","SP",206.537,"35","354660 SANTA FE DO SUL",0.190278301043106,0.0555555555555555,36098,15.5240592532039,15.5240592536244,0.048289417972762,"3789","Low-Low"
"354670","3546702","Santa Gertrudes","SP",98.291,"35","354670 SANTA GERTRUDES",2.9433874060223,0.722222222222223,24107,15.5240592532039,15.5240592538336,0.747037738167645,"3790","Not significant"
"354680","3546801","Santa Isabel","SP",363.332,"35","354680 SANTA ISABEL",3.16155550244781,1.66666666666667,54586,15.5240592532039,15.524059253482,0.802409532422665,"3791","Not significant"
"354690","3546900","Santa Lúcia","SP",153.86,"35","354690 SANTA LUCIA",0.773646505438733,0.0555555555555554,7181,15.5240592532039,15.5240592553178,0.196350223885895,"3792","Not significant"
"354700","3547007","Santa Maria da Serra","SP",252.621,"35","354700 SANTA MARIA DA SERRA",0,0,5314,15.5240592532039,15.5240592560605,-3.8527094283315e-06,"3793","Not significant"
"354710","3547106","Santa Mercedes","SP",166.753,"35","354710 SANTA MERCEDES",0,0,3012,15.5240592532039,15.5240592582437,-3.85270942806059e-06,"3794","Not significant"
"354720","3547205","Santana da Ponte Pensa","SP",129.888,"35","354720 SANTANA DA PONTE PENSA",0,0,1698,15.5240592532039,15.5240592621438,-3.85270942757663e-06,"3795","Low-Low"
"354730","3547304","Santana de Parnaíba","SP",179.949,"35","354730 SANTANA DE PARNAIBA",1.56875446233496,1.88888888888889,162341,15.5240592532039,15.5240592532974,0.398151288832811,"3796","Not significant"
"354740","3547403","Santa Rita d'Oeste","SP",209.8,"35","354740 SANTA RITA D'OESTE",0,0,2790,15.5240592532039,15.5240592586447,-3.85270942801082e-06,"3797","Low-Low"
"354750","3547502","Santa Rita do Passa Quatro","SP",754.141,"35","354750 SANTA RITA DO PASSA QUATRO",0.221690165824244,0.0555555555555555,25060,15.5240592532039,15.5240592538096,0.056261854557112,"3798","Low-Low"
"354760","3547601","Santa Rosa de Viterbo","SP",288.576,"35","354760 SANTA ROSA DE VITERBO",0.218215780492382,0.0555555555555556,23725,15.5240592532039,15.5240592538437,0.0553800439125111,"3799","Not significant"
"354765","3547650","Santa Salete","SP",79.192,"35","354765 SANTA SALETE",0,0,1686,15.5240592532039,15.5240592622074,-3.85270942756874e-06,"3800","Not significant"
"354770","3547700","Santo Anastácio","SP",552.876,"35","354770 SANTO ANASTACIO",0,0,18045,15.5240592532039,15.5240592540451,-3.85270942858158e-06,"3801","Not significant"
"354780","3547809","Santo André","SP",175.782,"35","354780 SANTO ANDRE",0.996335009286698,6.94444444444445,778711,15.5240592532039,15.5240592532234,0.252869312703935,"3802","Not significant"
"354790","3547908","Santo Antônio da Alegria","SP",310.311,"35","354790 SANTO ANTONIO DA ALEGRIA",0,0,6917,15.5240592532039,15.5240592553985,-3.85270942841364e-06,"3803","Not significant"
"354800","3548005","Santo Antônio de Posse","SP",154.133,"35","354800 SANTO ANTONIO DE POSSE",3.86984846295077,0.888888888888889,23779,15.5240592532039,15.5240592538423,0.982176660226161,"3804","Not significant"
"354805","3548054","Santo Antônio do Aracanguá","SP",1308.432,"35","354805 SANTO ANTONIO DO ARACANGUA",0,0,8568,15.5240592532039,15.5240592549756,-3.85270942846612e-06,"3805","Low-Low"
"354810","3548104","Santo Antônio do Jardim","SP",109.956,"35","354810 SANTO ANTONIO DO JARDIM",5.52256260810249,0.333333333333333,6237,15.5240592532039,15.5240592556377,1.40164105064046,"3806","Not significant"
"354820","3548203","Santo Antônio do Pinhal","SP",133.008,"35","354820 SANTO ANTONIO DO PINHAL",2.42169898373852,0.166666666666667,7294,15.5240592532039,15.524059255285,0.614631467687514,"3807","Not significant"
"354830","3548302","Santo Expedito","SP",94.465,"35","354830 SANTO EXPEDITO",0,0,3063,15.5240592532039,15.5240592581598,-3.852709428071e-06,"3808","Not significant"
"354840","3548401","Santópolis do Aguapeí","SP",128.026,"35","354840 SANTOPOLIS DO AGUAPEI",0,0,3933,15.5240592532039,15.5240592570635,-3.85270942820703e-06,"3809","Not significant"
"354850","3548500","Santos","SP",281.033,"35","354850 SANTOS",2.63710886123513,11.2777777777778,429567,15.5240592532039,15.5240592532392,0.669303216764357,"3810","Not significant"
"354860","3548609","São Bento do Sapucaí","SP",252.579,"35","354860 SAO BENTO DO SAPUCAI",0.510714796429082,0.0555555555555556,11948,15.5240592532039,15.5240592544744,0.129617274710071,"3811","Not significant"
"354870","3548708","São Bernardo do Campo","SP",409.532,"35","354870 SAO BERNARDO DO CAMPO",1.3225477272975,10.6666666666667,840499,15.5240592532039,15.524059253222,0.335663194111916,"3812","Not significant"
"354880","3548807","São Caetano do Sul","SP",15.331,"35","354880 SAO CAETANO DO SUL",0.89585744443062,1.38888888888889,172109,15.5240592532039,15.5240592532921,0.227367769907727,"3813","Not significant"
"354890","3548906","São Carlos","SP",1136.907,"35","354890 SAO CARLOS",0.342815355479042,0.833333333333333,265294,15.5240592532039,15.5240592532611,0.0870038337456022,"3814","Low-Low"
"354900","3549003","São Francisco","SP",75.579,"35","354900 SAO FRANCISCO",3.73628531447419,0.111111111111111,2629,15.5240592532039,15.5240592589779,0.948277885237179,"3815","High-Low"
"354910","3549102","São João da Boa Vista","SP",516.399,"35","354910 SAO JOAO DA BOA VISTA",0.560177139108981,0.499999999999999,95762,15.5240592532039,15.5240592533624,0.142170983101539,"3816","Not significant"
"354920","3549201","São João das Duas Pontes","SP",129.462,"35","354920 SAO JOAO DAS DUAS PONTES",4.31669443840711,0.111111111111111,2622,15.5240592532039,15.5240592589933,1.0955876665938,"3817","Not significant"
"354925","3549250","São João de Iracema","SP",178.396,"35","354925 SAO JOAO DE IRACEMA",0,0,1880,15.5240592532039,15.5240592612783,-3.85270942768403e-06,"3818","Not significant"
"354930","3549300","São João do Pau d'Alho","SP",117.665,"35","354930 SAO JOAO DO PAU D'ALHO",2.42812742812743,0.0555555555555556,2288,15.5240592532039,15.5240592598385,0.61626302833328,"3819","Not significant"
"354940","3549409","São Joaquim da Barra","SP",410.863,"35","354940 SAO JOAQUIM DA BARRA",0.228913309652522,0.111111111111111,49815,15.5240592532039,15.5240592535086,0.0580951126757111,"3820","Low-Low"
"354950","3549508","São José da Bela Vista","SP",276.952,"35","354950 SAO JOSE DA BELA VISTA",0,0,7690,15.5240592532039,15.5240592551779,-3.85270942844102e-06,"3821","Not significant"
"354960","3549607","São José do Barreiro","SP",570.685,"35","354960 SAO JOSE DO BARREIRO",0,0,3898,15.5240592532039,15.5240592570982,-3.85270942820273e-06,"3822","Not significant"
"354970","3549706","São José do Rio Pardo","SP",419.684,"35","354970 SAO JOSE DO RIO PARDO",0.213232709624629,0.111111111111111,53416,15.5240592532039,15.5240592534881,0.0541153238219593,"3823","Not significant"
"354980","3549805","São José do Rio Preto","SP",431.944,"35","354980 SAO JOSE DO RIO PRETO",0.641866830105242,2.77777777777778,501597,15.5240592532039,15.5240592532342,0.16290410052881,"3824","Not significant"
"354990","3549904","São José dos Campos","SP",1099.409,"35","354990 SAO JOSE DOS CAMPOS",1.71439195431264,11.5555555555556,724756,15.5240592532039,15.5240592532248,0.435114572524459,"3825","Not significant"
"354995","3549953","São Lourenço da Serra","SP",186.456,"35","354995 SAO LOURENCO DA SERRA",1.8596101416529,0.277777777777778,16458,15.5240592532039,15.5240592541262,0.471971435278843,"3826","Not significant"
"355000","3550001","São Luiz do Paraitinga","SP",617.315,"35","355000 SAO LUIS DO PARAITINGA",3.2124617455968,0.333333333333333,10497,15.5240592532039,15.52405925465,0.815329707558271,"3827","Not significant"
"355010","3550100","São Manuel","SP",650.734,"35","355010 SAO MANUEL",0.558612159931453,0.222222222222222,38166,15.5240592532039,15.5240592536016,0.141773786138846,"3828","Not significant"
"355020","3550209","São Miguel Arcanjo","SP",930.339,"35","355020 SAO MIGUEL ARCANJO",1.73532921602322,0.555555555555555,32904,15.5240592532039,15.5240592536652,0.440428519729235,"3829","Not significant"
"355030","3550308","São Paulo","SP",1521.202,"35","355030 SAO PAULO",1.66669816918225,194,11895578,15.5240592532039,15.5240592532052,0.423009729972721,"3830","Not significant"
"355040","3550407","São Pedro","SP",611.278,"35","355040 SAO PEDRO",0.520633059441423,0.166666666666667,39725,15.5240592532039,15.524059253586,0.132134563115699,"3831","Not significant"
"355050","3550506","São Pedro do Turvo","SP",731.221,"35","355050 SAO PEDRO DO TURVO",0.721875721875722,0.0555555555555556,7333,15.5240592532039,15.524059255274,0.183210625465339,"3832","Not significant"
"355060","3550605","São Roque","SP",306.908,"35","355060 SAO ROQUE",2.39808603795978,2,81342,15.5240592532039,15.5240592533905,0.60863842292772,"3833","Not significant"
"355070","3550704","São Sebastião","SP",402.395,"35","355070 SAO SEBASTIAO",1.73543073703459,1.38888888888889,84019,15.5240592532039,15.5240592533846,0.440454286106233,"3834","Not significant"
"355080","3550803","São Sebastião da Grama","SP",252.41,"35","355080 SAO SEBASTIAO DA GRAMA",0.532090370228479,0.0555555555555555,10484,15.5240592532039,15.5240592546518,0.135042466997617,"3835","Not significant"
"355090","3550902","São Simão","SP",617.252,"35","355090 SAO SIMAO",0.369360784226817,0.0555555555555556,13590,15.5240592532039,15.5240592543209,0.0937411525479541,"3836","Low-Low"
"355100","3551009","São Vicente","SP",148.151,"35","355100 SAO VICENTE",3.58010854367297,12.3888888888889,338407,15.5240592532039,15.5240592532487,0.908639697424786,"3837","Not significant"
"355110","3551108","Sarapuí","SP",352.592,"35","355110 SARAPUI",0,0,10632,15.5240592532039,15.5240592546316,-3.8527094285088e-06,"3838","Not significant"
"355120","3551207","Sarutaiá","SP",141.608,"35","355120 SARUTAIA",0,0,3769,15.5240592532039,15.5240592572315,-3.85270942818619e-06,"3839","Not significant"
"355130","3551306","Sebastianópolis do Sul","SP",167.848,"35","355130 SEBASTIANOPOLIS DO SUL",12.3582919386126,0.388888888888889,3187,15.5240592532039,15.524059257967,3.13657207006106,"3840","Not significant"
"355140","3551405","Serra Azul","SP",283.144,"35","355140 SERRA AZUL",0,0,13058,15.5240592532039,15.5240592543664,-3.85270942854171e-06,"3841","Not significant"
"355150","3551504","Serrana","SP",126.046,"35","355150 SERRANA",0.141147244805781,0.0555555555555554,45408,15.5240592532039,15.5240592535382,0.0358197911958517,"3842","Not significant"
"355160","3551603","Serra Negra","SP",203.734,"35","355160 SERRA NEGRA",3.87672972332926,1.05555555555556,30920,15.5240592532039,15.5240592536948,0.983923147183201,"3843","Not significant"
"355170","3551702","Sertãozinho","SP",403.089,"35","355170 SERTAOZINHO",0.0980920704054284,0.111111111111111,131600,15.5240592532039,15.5240592533192,0.0248922435976288,"3844","Not significant"
"355180","3551801","Sete Barras","SP",1062.699,"35","355180 SETE BARRAS",0.854372249989322,0.111111111111111,12912,15.5240592532039,15.5240592543795,0.216838688478366,"3845","Not significant"
"355190","3551900","Severínia","SP",140.46,"35","355190 SEVERINIA",0.734353004617907,0.111111111111111,14724,15.5240592532039,15.5240592542349,0.186377401659462,"3846","Not significant"
"355200","3552007","Silveiras","SP",414.782,"35","355200 SILVEIRAS",0.913292052532561,0.0555555555555557,6313,15.5240592532039,15.5240592556084,0.231792731873478,"3847","Not significant"
"355210","3552106","Socorro","SP",449.029,"35","355210 SOCORRO",4.07124806825057,1.61111111111111,41405,15.5240592532039,15.5240592535705,1.03329255521977,"3848","Not significant"
"355220","3552205","Sorocaba","SP",449.872,"35","355220 SOROCABA",1.47202474460087,9.33333333333333,757459,15.5240592532039,15.5240592532239,0.373600962201679,"3849","Not significant"
"355230","3552304","Sud Mennucci","SP",594.744,"35","355230 SUD MENNUCCI",0,0,7466,15.5240592532039,15.5240592552371,-3.85270942843367e-06,"3850","Low-Low"
"355240","3552403","Sumaré","SP",153.465,"35","355240 SUMARE",2.47028818668952,6.27777777777778,289787,15.5240592532039,15.5240592532563,0.626963570324288,"3851","Not significant"
"355250","3552502","Suzano","SP",206.236,"35","355250 SUZANO",1.87189427733599,5.33333333333333,318765,15.5240592532039,15.5240592532515,0.475089190109138,"3852","Not significant"
"355255","3552551","Suzanápolis","SP",330.587,"35","355255 SUZANAPOLIS",0,0,3464,15.5240592532039,15.5240592575861,-3.85270942814219e-06,"3853","Low-Low"
"355260","3552601","Tabapuã","SP",345.792,"35","355260 TABAPUA",2.3738528193448,0.277777777777778,11499,15.5240592532039,15.524059254524,0.602487950783224,"3854","Not significant"
"355270","3552700","Tabatinga","SP",368.604,"35","355270 TABATINGA",0.751972923979396,0.111111111111111,14994,15.5240592532039,15.5240592542163,0.190849396261384,"3855","Not significant"
"355280","3552809","Taboão da Serra","SP",20.388,"35","355280 TABOAO DA SERRA",1.10512535274064,2.88888888888889,284274,15.5240592532039,15.5240592532573,0.280480666574753,"3856","Not significant"
"355290","3552908","Taciba","SP",607.267,"35","355290 TACIBA",0.959674478416922,0.0555555555555556,6399,15.5240592532039,15.5240592555761,0.243564747052066,"3857","Not significant"
"355300","3553005","Taguaí","SP",145.332,"35","355300 TAGUAI",0.879923272446657,0.111111111111111,13006,15.5240592532039,15.524059254371,0.22332362363364,"3858","Not significant"
"355310","3553104","Taiaçu","SP",107.059,"35","355310 TAIACU",0,0,5751,15.5240592532039,15.5240592558434,-3.85270942835843e-06,"3859","Not significant"
"355320","3553203","Taiúva","SP",132.459,"35","355320 TAIUVA",0,0,6733,15.5240592532039,15.5240592554584,-3.8527094284062e-06,"3860","Not significant"
"355330","3553302","Tambaú","SP",561.788,"35","355330 TAMBAU",0.497955543384151,0.111111111111111,21682,15.5240592532039,15.524059253904,0.126378933516331,"3861","Not significant"
"355340","3553401","Tanabi","SP",747.218,"35","355340 TANABI",0.673342575425951,0.166666666666667,26021,15.5240592532039,15.5240592537873,0.170892750205644,"3862","Not significant"
"355350","3553500","Tapiraí","SP",755.1,"35","355350 TAPIRAI",2.75648343841328,0.222222222222223,8122,15.5240592532039,15.5240592550729,0.699600884595332,"3863","Not significant"
"355360","3553609","Tapiratiba","SP",221.891,"35","355360 TAPIRATIBA",1.285347213629,0.166666666666667,11936,15.5240592532039,15.5240592544757,0.326221579020808,"3864","Not significant"
"355365","3553658","Taquaral","SP",53.892,"35","355365 TAQUARAL",1.97706603400553,0.0555555555555555,2652,15.5240592532039,15.5240592589278,0.501782134431878,"3865","Not significant"
"355370","3553708","Taquaritinga","SP",594.335,"35","355370 TAQUARITINGA",0.507564098678986,0.277777777777778,53322,15.5240592532039,15.5240592534886,0.128817617063001,"3866","Not significant"
"355380","3553807","Taquarituba","SP",448.515,"35","355380 TAQUARITUBA",0,0,24863,15.5240592532039,15.5240592538144,-3.8527094286102e-06,"3867","Not significant"
"355385","3553856","Taquarivaí","SP",231.792,"35","355385 TAQUARIVAI",0.93986729073855,0.0555555555555557,7112,15.5240592532039,15.5240592553383,0.238537616421022,"3868","Not significant"
"355390","3553906","Tarabai","SP",201.385,"35","355390 TARABAI",1.66622754862377,0.111111111111111,6635,15.5240592532039,15.5240592554917,0.422890284866155,"3869","Not significant"
"355395","3553955","Tarumã","SP",302.913,"35","355395 TARUMA",1.62255896613201,0.222222222222222,15248,15.5240592532039,15.5240592541994,0.411807052255642,"3870","Not significant"
"355400","3554003","Tatuí","SP",523.749,"35","355400 TATUI",0.372035966877373,0.444444444444444,128560,15.5240592532039,15.524059253322,0.094420122875808,"3871","Not significant"
"355410","3554102","Taubaté","SP",625.003,"35","355410 TAUBATE",1.04961129468777,3.16666666666667,321298,15.5240592532039,15.5240592532511,0.266391012538855,"3872","Not significant"
"355420","3554201","Tejupá","SP",296.189,"35","355420 TEJUPA",1.0972853161279,0.0555555555555556,4142,15.5240592532039,15.5240592568688,0.278490838967558,"3873","Not significant"
"355430","3554300","Teodoro Sampaio","SP",1555.803,"35","355430 TEODORO SAMPAIO",0.509564326438936,0.111111111111111,22559,15.5240592532039,15.5240592538768,0.129325281572304,"3874","Low-Low"
"355440","3554409","Terra Roxa","SP",221.541,"35","355440 TERRA ROXA",0,0,7985,15.5240592532039,15.5240592551049,-3.85270942845007e-06,"3875","Low-Low"
"355450","3554508","Tietê","SP",404.396,"35","355450 TIETE",1.27540953930966,0.499999999999999,38690,15.5240592532039,15.5240592535962,0.323699363973339,"3876","Not significant"
"355460","3554607","Timburi","SP",196.79,"35","355460 TIMBURI",0,0,2490,15.5240592532039,15.5240592593002,-3.85270942792948e-06,"3877","Not significant"
"355465","3554656","Torre de Pedra","SP",71.348,"35","355465 TORRE DE PEDRA",0,0,2063,15.5240592532039,15.5240592605621,-3.8527094277729e-06,"3878","Not significant"
"355470","3554706","Torrinha","SP",315.267,"35","355470 TORRINHA",0.593035392352217,0.0555555555555557,9484,15.5240592532039,15.5240592548045,0.15051051791977,"3879","Not significant"
"355475","3554755","Trabiju","SP",63.421,"35","355475 TRABIJU",0,0,1719,15.5240592532039,15.5240592620345,-3.85270942759018e-06,"3880","Not significant"
"355480","3554805","Tremembé","SP",191.094,"35","355480 TREMEMBE",0,0,53083,15.5240592532039,15.5240592534899,-3.85270942865048e-06,"3881","Not significant"
"355490","3554904","Três Fronteiras","SP",151.594,"35","355490 TRES FRONTEIRAS",0,0,7013,15.5240592532039,15.5240592553684,-3.85270942841737e-06,"3882","Not significant"
"355495","3554953","Tuiuti","SP",126.731,"35","355495 TUIUTI",7.48150426675893,0.5,6947,15.5240592532039,15.524059255389,1.89882701062779,"3883","Not significant"
"355500","3555000","Tupã","SP",627.986,"35","355500 TUPA",1.27787712133382,0.833333333333333,65416,15.5240592532039,15.5240592534359,0.32432564456492,"3884","Not significant"
"355510","3555109","Tupi Paulista","SP",244.77,"35","355510 TUPI PAULISTA",0,0,16206,15.5240592532039,15.5240592541406,-3.85270942856973e-06,"3885","Not significant"
"355520","3555208","Turiúba","SP",153.235,"35","355520 TURIUBA",0,0,1839,15.5240592532039,15.5240592614583,-3.85270942766169e-06,"3886","Not significant"
"355530","3555307","Turmalina","SP",147.797,"35","355530 TURMALINA",5.72147843002633,0.111111111111111,1672,15.5240592532039,15.5240592622828,1.45212655276402,"3887","Not significant"
"355535","3555356","Ubarana","SP",209.861,"35","355535 UBARANA",2.1795783171685,0.111111111111111,5456,15.5240592532039,15.5240592559861,0.553180430832183,"3888","Not significant"
"355540","3555406","Ubatuba","SP",708.105,"35","355540 UBATUBA",1.63500284322077,1.44444444444444,96598,15.5240592532039,15.524059253361,0.414965349988015,"3889","Not significant"
"355550","3555505","Ubirajara","SP",282.179,"35","355550 UBIRAJARA",0,0,5265,15.5240592532039,15.5240592560871,-3.8527094283282e-06,"3890","Not significant"
"355560","3555604","Uchoa","SP",252.434,"35","355560 UCHOA",2.33598962368559,0.222222222222222,10627,15.5240592532039,15.5240592546323,0.592878144792841,"3891","Not significant"
"355570","3555703","União Paulista","SP",79.056,"35","355570 UNIAO PAULISTA",0,0,1628,15.5240592532039,15.5240592625282,-3.85270942752893e-06,"3892","Not significant"
"355580","3555802","Urânia","SP",209.262,"35","355580 URANIA",0,0,8973,15.5240592532039,15.5240592548956,-3.85270942847604e-06,"3893","Not significant"
"355590","3555901","Uru","SP",146.901,"35","355590 URU",4.60278007916782,0.0555555555555556,1419,15.5240592532039,15.5240592639015,1.16819716107781,"3894","Not significant"
"355600","3556008","Urupês","SP",323.916,"35","355600 URUPES",1.70339160695943,0.222222222222222,14038,15.5240592532039,15.5240592542852,0.432322647474514,"3895","Not significant"
"355610","3556107","Valentim Gentil","SP",149.741,"35","355610 VALENTIM GENTIL",0.799220338740731,0.111111111111111,14531,15.5240592532039,15.5240592542485,0.202840948516743,"3896","Not significant"
"355620","3556206","Valinhos","SP",148.538,"35","355620 VALINHOS",1.87979382640406,2.05555555555556,131277,15.5240592532039,15.5240592533195,0.477094122143565,"3897","Not significant"
"355630","3556305","Valparaíso","SP",857.661,"35","355630 VALPARAISO",0.222284461871546,0.0555555555555555,24723,15.5240592532039,15.5240592538179,0.0564126888861835,"3898","Not significant"
"355635","3556354","Vargem","SP",142.595,"35","355635 VARGEM",1.15423516903125,0.111111111111111,10805,15.5240592532039,15.5240592546088,0.292944902569479,"3899","Not significant"
"355640","3556404","Vargem Grande do Sul","SP",267.178,"35","355640 VARGEM GRANDE DO SUL",0.138428613748176,0.0555555555555555,41226,15.5240592532039,15.5240592535721,0.0351297935196172,"3900","Not significant"
"355645","3556453","Vargem Grande Paulista","SP",42.489,"35","355645 VARGEM GRANDE PAULISTA",1.92957359426517,0.944444444444445,52103,15.5240592532039,15.5240592534952,0.489728394102744,"3901","Not significant"
"355650","3556503","Várzea Paulista","SP",35.12,"35","355650 VARZEA PAULISTA",1.16947422856884,1.33333333333333,119576,15.5240592532039,15.5240592533308,0.296812626978713,"3902","Not significant"
"355660","3556602","Vera Cruz","SP",247.716,"35","355660 VERA CRUZ",0,0,10294,15.5240592532039,15.5240592546785,-3.85270942850298e-06,"3903","Not significant"
"355670","3556701","Vinhedo","SP",80.95,"35","355670 VINHEDO",2.1412238703896,1.44444444444445,79235,15.5240592532039,15.5240592533955,0.543445943708658,"3904","Not significant"
"355680","3556800","Viradouro","SP",217.726,"35","355680 VIRADOURO",0,0,17681,15.5240592532039,15.5240592540624,-3.85270942857943e-06,"3905","Not significant"
"355690","3556909","Vista Alegre do Alto","SP",95.429,"35","355690 VISTA ALEGRE DO ALTO",0,0,8327,15.5240592532039,15.5240592550269,-3.85270942845976e-06,"3906","Not significant"
"355695","3556958","Vitória Brasil","SP",49.832,"35","355695 VITORIA BRASIL",0,0,1826,15.5240592532039,15.5240592615171,-3.85270942765439e-06,"3907","Not significant"
"355700","3557006","Votorantim","SP",184.186,"35","355700 VOTORANTIM",2.37348653663332,2.77777777777778,132849,15.5240592532039,15.5240592533182,0.602394987026544,"3908","Not significant"
"355710","3557105","Votuporanga","SP",420.703,"35","355710 VOTUPORANGA",0.734565574482385,0.666666666666667,100159,15.5240592532039,15.5240592533554,0.186431352608952,"3909","Not significant"
"355715","3557154","Zacarias","SP",319.056,"35","355715 ZACARIAS",0,0,2761,15.5240592532039,15.5240592587019,-3.85270942800373e-06,"3910","Not significant"
"355720","3557204","Chavantes","SP",188.727,"35","355720 CHAVANTES",0,0,12411,15.5240592532039,15.524059254427,-3.85270942853419e-06,"3911","Not significant"
"355730","3557303","Estiva Gerbi","SP",74.144,"35","355730 ESTIVA GERBI",1.0064089535561,0.111111111111111,11566,15.5240592532039,15.5240592545164,0.255426113520184,"3912","Not significant"
"410010","4100103","Abatiá","PR",228.717,"41","410010 ABATIA",5.23541686412882,0.388888888888889,7271,15.5240592532039,15.5240592552916,1.32876249822948,"3913","Not significant"
"410020","4100202","Adrianópolis","PR",1349.311,"41","410020 ADRIANOPOLIS",0.810438447199933,0.0555555555555554,6327,15.5240592532039,15.5240592556031,0.205688142041565,"3914","Not significant"
"410030","4100301","Agudos do Sul","PR",192.261,"41","410030 AGUDOS DO SUL",1.7375917681389,0.166666666666666,10646,15.5240592532039,15.5240592546298,0.441002763027334,"3915","Not significant"
"410040","4100400","Almirante Tamandaré","PR",194.228,"41","410040 ALMIRANTE TAMANDARE",7.01279431302297,7.88888888888889,124788,15.5240592532039,15.5240592533255,1.7798668532198,"3916","Not significant"
"410045","4100459","Altamira do Paraná","PR",386.945,"41","410045 ALTAMIRA DO PARANA",6.16368544304857,0.111111111111111,3543,15.5240592532039,15.5240592574884,1.56436017530733,"3917","Not significant"
"410050","4100509","Altônia","PR",661.56,"41","410050 ALTONIA",0,0,18750,15.5240592532039,15.5240592540135,-3.8527094285855e-06,"3918","Low-Low"
"410060","4100608","Alto Paraná","PR",407.719,"41","410060 ALTO PARANA",0,0,14138,15.5240592532039,15.5240592542776,-3.85270942855273e-06,"3919","Not significant"
"410070","4100707","Alto Piquiri","PR",447.666,"41","410070 ALTO PIQUIRI",0,0,9802,15.5240592532039,15.5240592547525,-3.8527094284938e-06,"3920","Not significant"
"410080","4100806","Alvorada do Sul","PR",424.25,"41","410080 ALVORADA DO SUL",2.07403074381578,0.222222222222222,10478,15.5240592532039,15.5240592546526,0.526392102908616,"3921","Not significant"
"410090","4100905","Amaporã","PR",384.735,"41","410090 AMAPORA",0,0,4736,15.5240592532039,15.5240592564091,-3.85270942828824e-06,"3922","Not significant"
"410100","4101002","Ampére","PR",298.349,"41","410100 AMPERE",3.2048408718871,0.611111111111111,20199,15.5240592532039,15.5240592539554,0.813395504281254,"3923","High-High"
"410105","4101051","Anahy","PR",102.895,"41","410105 ANAHY",1.90128526884174,0.0555555555555556,2965,15.5240592532039,15.5240592583236,0.482548722203137,"3924","Not significant"
"410110","4101101","Andirá","PR",235.944,"41","410110 ANDIRA",0.266121649528432,0.0555555555555555,20044,15.5240592532039,15.5240592539612,0.0675387140702526,"3925","Not significant"
"410115","4101150","Ângulo","PR",106.021,"41","410115 ANGULO",3.74869862675077,0.111111111111111,3332,15.5240592532039,15.5240592577597,0.951428425543398,"3926","Not significant"
"410120","4101200","Antonina","PR",891.582,"41","410120 ANTONINA",9.90390486797447,1.88888888888889,18223,15.5240592532039,15.5240592540369,2.51364040399986,"3927","Not significant"
"410130","4101309","Antônio Olinto","PR",469.62,"41","410130 ANTONIO OLINTO",6.02505517330234,0.444444444444444,7071,15.5240592532039,15.5240592553507,1.52917534821968,"3928","Not significant"
"410140","4101408","Apucarana","PR",556.99,"41","410140 APUCARANA",2.19445465575144,2.77777777777778,134306,15.5240592532039,15.5240592533169,0.556956095482665,"3929","High-High"
"410150","4101507","Arapongas","PR",382.215,"41","410150 ARAPONGAS",1.13625534067913,1.27777777777778,123863,15.5240592532039,15.5240592533264,0.288381561871277,"3930","Not significant"
"410160","4101606","Arapoti","PR",1358.176,"41","410160 ARAPOTI",1.64806795601614,0.444444444444445,26310,15.5240592532039,15.5240592537809,0.418281319408547,"3931","Not significant"
"410165","4101655","Arapuã","PR",217.371,"41","410165 ARAPUA",11.264250199564,0.388888888888889,3573,15.5240592532039,15.5240592574524,2.85890060917749,"3932","Not significant"
"410170","4101705","Araruna","PR",493.191,"41","410170 ARARUNA",0.827463058025315,0.111111111111111,14824,15.5240592532039,15.5240592542279,0.210009045350347,"3933","Not significant"
"410180","4101804","Araucária","PR",469.24,"41","410180 ARAUCARIA",3.55944848436363,4.72222222222222,160038,15.5240592532039,15.5240592532987,0.903396105111024,"3934","Not significant"
"410185","4101853","Ariranha do Ivaí","PR",234.076,"41","410185 ARIRANHA DO IVAI",6.94568234350684,0.166666666666667,2351,15.5240592532039,15.5240592596607,1.76283361001464,"3935","Not significant"
"410190","4101903","Assaí","PR",440.347,"41","410190 ASSAI",3.86237762439991,0.611111111111111,13643,15.5240592532039,15.5240592543165,0.980280536342204,"3936","Not significant"
"410200","4102000","Assis Chateaubriand","PR",980.727,"41","410200 ASSIS CHATEAUBRIAND",0.639136068011359,0.222222222222222,38105,15.5240592532039,15.5240592536023,0.162211023953009,"3937","Not significant"
"410210","4102109","Astorga","PR",434.792,"41","410210 ASTORGA",0.863485426408237,0.222222222222222,26145,15.5240592532039,15.5240592537845,0.21915164320809,"3938","Not significant"
"410220","4102208","Atalaia","PR",137.663,"41","410220 ATALAIA",0,0,4045,15.5240592532039,15.5240592569566,-3.85270942822029e-06,"3939","Not significant"
"410230","4102307","Balsa Nova","PR",348.926,"41","410230 BALSA NOVA",1.74753881470413,0.222222222222222,13871,15.5240592532039,15.5240592542983,0.443527356796121,"3940","Not significant"
"410240","4102406","Bandeirantes","PR",445.192,"41","410240 BANDEIRANTES",1.04578020532093,0.333333333333333,31807,15.5240592532039,15.5240592536811,0.26541866921075,"3941","Not significant"
"410250","4102505","Barbosa Ferraz","PR",538.636,"41","410250 BARBOSA FERRAZ",12.5975760530996,1.5,10692,15.5240592532039,15.5240592546236,3.19730318081523,"3942","Not significant"
"410260","4102604","Barracão","PR",161.213,"41","410260 BARRACAO",1.78489798331015,0.166666666666667,9900,15.5240592532039,15.5240592547372,0.453009239022333,"3943","Not significant"
"410270","4102703","Barra do Jacaré","PR",115.855,"41","410270 BARRA DO JACARE",1.99768268808182,0.0555555555555555,2866,15.5240592532039,15.5240592585004,0.507014710356548,"3944","Not significant"
"410275","4102752","Bela Vista da Caroba","PR",148.107,"41","410275 BELA VISTA DA CAROBA",18.9120409719309,0.722222222222222,4100,15.5240592532039,15.5240592569063,4.79993554503985,"3945","Not significant"
"410280","4102802","Bela Vista do Paraíso","PR",242.689,"41","410280 BELA VISTA DO PARAISO",1.44806244258951,0.222222222222223,14998,15.5240592532039,15.524059254216,0.367519249609603,"3946","Not significant"
"410290","4102901","Bituruna","PR",1234.946,"41","410290 BITURUNA",3.45183992728623,0.555555555555556,15689,15.5240592532039,15.5240592541714,0.876084692559461,"3947","Not significant"
"410300","4103008","Boa Esperança","PR",302.739,"41","410300 BOA ESPERANCA",1.21885817366291,0.0555555555555555,4622,15.5240592532039,15.5240592564882,0.309346437763996,"3948","Not significant"
"410302","4103024","Boa Esperança do Iguaçu","PR",151.797,"41","410302 BOA ESPERANCA DO IGUACU",4.45837646852805,0.111111111111111,2448,15.5240592532039,15.5240592594048,1.13154704078353,"3949","Not significant"
"410304","4103040","Boa Ventura de São Roque","PR",620.453,"41","410304 BOA VENTURA DE SAO ROQUE",3.50365358105008,0.222222222222222,6244,15.5240592532039,15.524059255635,0.889235171539532,"3950","Not significant"
"410305","4103057","Boa Vista da Aparecida","PR",266.175,"41","410305 BOA VISTA DA APARECIDA",1.39914059099544,0.111111111111111,8034,15.5240592532039,15.5240592550933,0.355102719662579,"3951","Not significant"
"410310","4103107","Bocaiúva do Sul","PR",825.665,"41","410310 BOCAIUVA DO SUL",5.88728958244598,0.666666666666667,13804,15.5240592532039,15.5240592543036,1.49420997947566,"3952","Not significant"
"410315","4103156","Bom Jesus do Sul","PR",176.129,"41","410315 BOM JESUS DO SUL",3.16917031121252,0.111111111111111,4061,15.5240592532039,15.5240592569419,0.804342196324948,"3953","Not significant"
"410320","4103206","Bom Sucesso","PR",322.755,"41","410320 BOM SUCESSO",3.32181294664037,0.222222222222222,6677,15.5240592532039,15.5240592554774,0.843083408942088,"3954","Not significant"
"410322","4103222","Bom Sucesso do Sul","PR",195.931,"41","410322 BOM SUCESSO DO SUL",1.7125633648445,0.0555555555555556,3234,15.5240592532039,15.5240592578977,0.434650470321969,"3955","Not significant"
"410330","4103305","Borrazópolis","PR",334.378,"41","410330 BORRAZOPOLIS",2.15573090036184,0.166666666666667,7824,15.5240592532039,15.5240592551441,0.547127876517317,"3956","High-High"
"410335","4103354","Braganey","PR",343.321,"41","410335 BRAGANEY",5.59606468656469,0.277777777777778,4802,15.5240592532039,15.5240592563651,1.4202961245236,"3957","Not significant"
"410337","4103370","Brasilândia do Sul","PR",291.036,"41","410337 BRASILANDIA DO SUL",0,0,3828,15.5240592532039,15.5240592571694,-3.85270942819389e-06,"3958","Not significant"
"410340","4103404","Cafeara","PR",185.8,"41","410340 CAFEARA",0,0,2655,15.5240592532039,15.5240592589214,-3.85270942797649e-06,"3959","Low-Low"
"410345","4103453","Cafelândia","PR",274.904,"41","410345 CAFELANDIA",6.01294033952555,0.944444444444445,19844,15.5240592532039,15.5240592539689,1.52610056286219,"3960","Not significant"
"410347","4103479","Cafezal do Sul","PR",335.392,"41","410347 CAFEZAL DO SUL",0,0,4561,15.5240592532039,15.5240592565321,-3.85270942827298e-06,"3961","Low-Low"
"410350","4103503","Califórnia","PR",141.817,"41","410350 CALIFORNIA",2.65482038505223,0.222222222222222,8921,15.5240592532039,15.5240592549055,0.673798460848072,"3962","Not significant"
"410360","4103602","Cambará","PR",366.153,"41","410360 CAMBARA",0.441931718835701,0.111111111111111,23430,15.5240592532039,15.5240592538518,0.112159899035375,"3963","Not significant"
"410370","4103701","Cambé","PR",495.375,"41","410370 CAMBE",0.273427388844367,0.277777777777778,111009,15.5240592532039,15.5240592533406,0.0693929352013217,"3964","Not significant"
"410380","4103800","Cambira","PR",164.786,"41","410380 CAMBIRA",10.2555400431255,0.777777777777777,9899,15.5240592532039,15.5240592547374,2.60288659019374,"3965","High-High"
"410390","4103909","Campina da Lagoa","PR",796.614,"41","410390 CAMPINA DA LAGOA",0.711500132215755,0.111111111111111,15979,15.5240592532039,15.5240592541539,0.180577266033795,"3966","Not significant"
"410395","4103958","Campina do Simão","PR",448.424,"41","410395 CAMPINA DO SIMAO",2.74349843688643,0.111111111111111,3973,15.5240592532039,15.5240592570247,0.696305247634067,"3967","Not significant"
"410400","4104006","Campina Grande do Sul","PR",539.245,"41","410400 CAMPINA GRANDE DO SUL",7.75950163375208,3.22222222222222,49971,15.5240592532039,15.5240592535077,1.96938367442751,"3968","High-High"
"410405","4104055","Campo Bonito","PR",433.832,"41","410405 CAMPO BONITO",2.63848669084657,0.111111111111111,4032,15.5240592532039,15.5240592569687,0.669652914458258,"3969","Not significant"
"410410","4104105","Campo do Tenente","PR",304.488,"41","410410 CAMPO DO TENENTE",0.690560044195844,0.0555555555555557,7666,15.5240592532039,15.524059255184,0.175262601490335,"3970","Not significant"
"410420","4104204","Campo Largo","PR",1243.551,"41","410420 CAMPO LARGO",5.83358615023243,7.38888888888889,142695,15.5240592532039,15.5240592533103,1.48057986839539,"3971","Not significant"
"410425","4104253","Campo Magro","PR",275.352,"41","410425 CAMPO MAGRO",7.36584417527457,2,31555,15.5240592532039,15.524059253685,1.86947209178145,"3972","Not significant"
"410430","4104303","Campo Mourão","PR",749.637,"41","410430 CAMPO MOURAO",0.42711531152768,0.388888888888889,103340,15.5240592532039,15.5240592533508,0.10839944519275,"3973","Not significant"
"410440","4104402","Cândido de Abreu","PR",1510.16,"41","410440 CANDIDO DE ABREU",4.1922160872237,0.666666666666667,15255,15.5240592532039,15.524059254199,1.06399464393953,"3974","Not significant"
"410442","4104428","Candói","PR",1512.786,"41","410442 CANDOI",1.44211267455056,0.222222222222223,15174,15.5240592532039,15.5240592542043,0.366009178535843,"3975","Not significant"
"410445","4104451","Cantagalo","PR",583.304,"41","410445 CANTAGALO",1.76086637685411,0.222222222222222,10799,15.5240592532039,15.5240592546096,0.446909936743742,"3976","Not significant"
"410450","4104501","Capanema","PR",419.036,"41","410450 CAPANEMA",5.6951778867829,1.11111111111111,21022,15.5240592532039,15.524059253926,1.4454513871114,"3977","Not significant"
"410460","4104600","Capitão Leônidas Marques","PR",280.063,"41","410460 CAPITAO LEONIDAS MARQUES",1.78048721905539,0.277777777777778,14796,15.5240592532039,15.5240592542298,0.451889772275519,"3978","Not significant"
"410465","4104659","Carambeí","PR",649.68,"41","410465 CARAMBEI",2.82215479716063,0.611111111111111,24159,15.5240592532039,15.5240592538322,0.716268495625937,"3979","Not significant"
"410470","4104709","Carlópolis","PR",451.418,"41","410470 CARLOPOLIS",0.387957790192427,0.0555555555555556,17567,15.5240592532039,15.524059254068,0.0984611350061983,"3980","Not significant"
"410480","4104808","Cascavel","PR",2091.199,"41","410480 CASCAVEL",0.983937284149345,3.16666666666667,364104,15.5240592532039,15.5240592532456,0.249722728502472,"3981","Not significant"
"410490","4104907","Castro","PR",2531.503,"41","410490 CASTRO",1.63514696105886,1.16666666666667,75291,15.5240592532039,15.5240592534055,0.415001927577861,"3982","Not significant"
"410500","4105003","Catanduvas","PR",580.421,"41","410500 CATANDUVAS",1.07662818722218,0.111111111111111,10627,15.5240592532039,15.5240592546323,0.273247990421809,"3983","Not significant"
"410510","4105102","Centenário do Sul","PR",371.834,"41","410510 CENTENARIO DO SUL",0.508006177355117,0.0555555555555556,10936,15.5240592532039,15.524059254592,0.128929818108419,"3984","Not significant"
"410520","4105201","Cerro Azul","PR",1341.189,"41","410520 CERRO AZUL",3.93719434425299,0.666666666666667,16240,15.5240592532039,15.5240592541386,0.999269270657258,"3985","Not significant"
"410530","4105300","Céu Azul","PR",1179.449,"41","410530 CEU AZUL",0.490253755343766,0.0555555555555556,11251,15.5240592532039,15.5240592545531,0.12442419389009,"3986","Not significant"
"410540","4105409","Chopinzinho","PR",959.692,"41","410540 CHOPINZINHO",1.94364590479172,0.388888888888888,21559,15.5240592532039,15.524059253908,0.493299993683,"3987","High-High"
"410550","4105508","Cianorte","PR",811.666,"41","410550 CIANORTE",0.310450224287597,0.222222222222222,82359,15.5240592532039,15.5240592533882,0.0787894549498896,"3988","Not significant"
"410560","4105607","Cidade Gaúcha","PR",403.045,"41","410560 CIDADE GAUCHA",0,0,11684,15.5240592532039,15.5240592545031,-3.85270942852475e-06,"3989","Not significant"
"410570","4105706","Clevelândia","PR",703.638,"41","410570 CLEVELANDIA",2.40028604756763,0.388888888888889,14975,15.5240592532039,15.5240592542176,0.609196792725147,"3990","Not significant"
"410580","4105805","Colombo","PR",197.58,"41","410580 COLOMBO",6.5911431914066,15.2777777777778,240720,15.5240592532039,15.524059253267,1.67285038503801,"3991","High-High"
"410590","4105904","Colorado","PR",407.568,"41","410590 COLORADO",0.697361023448508,0.166666666666667,23278,15.5240592532039,15.524059253856,0.176988712831335,"3992","Not significant"
"410600","4106001","Congonhinhas","PR",535.963,"41","410600 CONGONHINHAS",1.92373179074256,0.166666666666667,8442,15.5240592532039,15.524059255002,0.488245724761297,"3993","Not significant"
"410610","4106100","Conselheiro Mairinck","PR",204.705,"41","410610 CONSELHEIRO MAIRINCK",1.45015806722933,0.0555555555555556,3486,15.5240592532039,15.5240592575584,0.368051126128803,"3994","Not significant"
"410620","4106209","Contenda","PR",299.037,"41","410620 CONTENDA",4.17974030946589,0.722222222222222,19827,15.5240592532039,15.5240592539695,1.06082824972945,"3995","Not significant"
"410630","4106308","Corbélia","PR",529.137,"41","410630 CORBELIA",0.999167259242335,0.166666666666667,17862,15.5240592532039,15.5240592540537,0.253588147230566,"3996","Not significant"
"410640","4106407","Cornélio Procópio","PR",635.1,"41","410640 CORNELIO PROCOPIO",2.8101645118068,1.33333333333333,45830,15.5240592532039,15.5240592535351,0.713225321014474,"3997","Not significant"
"410645","4106456","Coronel Domingos Soares","PR",1556.186,"41","410645 CORONEL DOMINGOS SOARES",5.99282840109788,0.444444444444444,5516,15.5240592532039,15.5240592559559,1.52099608536992,"3998","Not significant"
"410650","4106506","Coronel Vivida","PR",684.417,"41","410650 CORONEL VIVIDA",4.57988244659465,1,23859,15.5240592532039,15.5240592538401,1.16238566554871,"3999","Not significant"
"410655","4106555","Corumbataí do Sul","PR",164.341,"41","410655 CORUMBATAI DO SUL",0,0,3780,15.5240592532039,15.5240592572197,-3.85270942818765e-06,"4000","Not significant"
"410657","4106571","Cruzeiro do Iguaçu","PR",161.862,"41","410657 CRUZEIRO DO IGUACU",1.30106687483737,0.0555555555555556,4171,15.5240592532039,15.5240592568433,0.330211281707841,"4001","Not significant"
"410660","4106605","Cruzeiro do Oeste","PR",775.984,"41","410660 CRUZEIRO DO OESTE",0.451267610718508,0.111111111111111,24622,15.5240592532039,15.5240592538204,0.114529379692409,"4002","Low-Low"
"410670","4106704","Cruzeiro do Sul","PR",259.103,"41","410670 CRUZEIRO DO SUL",3.58449966210494,0.166666666666667,4547,15.5240592532039,15.5240592565423,0.909754177906845,"4003","Not significant"
"410680","4106803","Cruz Machado","PR",1478.35,"41","410680 CRUZ MACHADO",6.55574551218644,1.11111111111111,15910,15.5240592532039,15.524059254158,1.66386633533904,"4004","Not significant"
"410685","4106852","Cruzmaltina","PR",312.299,"41","410685 CRUZMALTINA",3.55214549587951,0.111111111111111,2896,15.5240592532039,15.5240592584456,0.901542582002192,"4005","Not significant"
"410690","4106902","Curitiba","PR",434.892,"41","410690 CURITIBA",5.72146007766963,105.5,1829225,15.5240592532039,15.5240592532122,1.45212189529859,"4006","High-High"
"410700","4107009","Curiúva","PR",576.263,"41","410700 CURIUVA",0.365208753323399,0.0555555555555555,13802,15.5240592532039,15.5240592543037,0.0926873531857246,"4007","Not significant"
"410710","4107108","Diamante do Norte","PR",242.887,"41","410710 DIAMANTE DO NORTE",0,0,5164,15.5240592532039,15.5240592561435,-3.8527094283212e-06,"4008","Low-Low"
"410712","4107124","Diamante do Sul","PR",347.233,"41","410712 DIAMANTE DO SUL",0,0,3170,15.5240592532039,15.5240592579925,-3.85270942809176e-06,"4009","Not significant"
"410715","4107157","Diamante D'Oeste","PR",309.11,"41","410715 DIAMANTE D'OESTE",0,0,4557,15.5240592532039,15.524059256535,-3.85270942827261e-06,"4010","Not significant"
"410720","4107207","Dois Vizinhos","PR",418.648,"41","410720 DOIS VIZINHOS",0.979485602661176,0.388888888888889,47014,15.5240592532039,15.5240592535268,0.248592876814963,"4011","Not significant"
"410725","4107256","Douradina","PR",420.604,"41","410725 DOURADINA",0.635138396656633,0.0555555555555557,9525,15.5240592532039,15.5240592547976,0.161196401555422,"4012","Not significant"
"410730","4107306","Doutor Camargo","PR",118.279,"41","410730 DOUTOR CAMARGO",0,0,6484,15.5240592532039,15.524059255545,-3.85270942839546e-06,"4013","Not significant"
"410740","4107405","Enéas Marques","PR",192.203,"41","410740 ENEAS MARQUES",0.894758504679589,0.0555555555555557,6070,15.5240592532039,15.5240592557047,0.227088855297247,"4014","Not significant"
"410750","4107504","Engenheiro Beltrão","PR",467.47,"41","410750 ENGENHEIRO BELTRAO",0.892997436422361,0.111111111111111,12431,15.5240592532039,15.524059254425,0.226641890279236,"4015","Not significant"
"410752","4107520","Esperança Nova","PR",141.286,"41","410752 ESPERANCA NOVA",0,0,1858,15.5240592532039,15.5240592613739,-3.85270942767216e-06,"4016","Low-Low"
"410753","4107538","Entre Rios do Oeste","PR",120.967,"41","410753 ENTRE RIOS DO OESTE",0,0,4729,15.5240592532039,15.5240592564139,-3.85270942828765e-06,"4017","Not significant"
"410754","4107546","Espigão Alto do Iguaçu","PR",326.44,"41","410754 ESPIGAO ALTO DO IGUACU",2.48467268058667,0.111111111111111,4881,15.5240592532039,15.5240592563139,0.630614403035031,"4018","Not significant"
"410755","4107553","Farol","PR",289.232,"41","410755 FAROL",0,0,3023,15.5240592532039,15.5240592582254,-3.85270942806286e-06,"4019","Not significant"
"410760","4107603","Faxinal","PR",715.943,"41","410760 FAXINAL",0.650432409811453,0.111111111111111,16618,15.5240592532039,15.5240592541174,0.165078073368308,"4020","Not significant"
"410765","4107652","Fazenda Rio Grande","PR",116.678,"41","410765 FAZENDA RIO GRANDE",4.79351464327467,4.77777777777778,161506,15.5240592532039,15.5240592532979,1.2166062332546,"4021","Not significant"
"410770","4107702","Fênix","PR",234.099,"41","410770 FENIX",2.46256895193066,0.111111111111111,4512,15.5240592532039,15.5240592565682,0.625004402598298,"4022","Not significant"
"410773","4107736","Fernandes Pinheiro","PR",406.5,"41","410773 FERNANDES PINHEIRO",7.56431211966093,0.444444444444444,6387,15.5240592532039,15.5240592555806,1.9198439212813,"4023","Not significant"
"410775","4107751","Figueira","PR",129.769,"41","410775 FIGUEIRA",2.76769043366328,0.222222222222222,8144,15.5240592532039,15.5240592550678,0.702445257559416,"4024","Not significant"
"410780","4107801","Floraí","PR",191.133,"41","410780 FLORAI",1.12165466496175,0.0555555555555555,4825,15.5240592532039,15.52405925635,0.284675861400029,"4025","Not significant"
"410785","4107850","Flor da Serra do Sul","PR",255.721,"41","410785 FLOR DA SERRA DO SUL",3.58555617341573,0.166666666666667,4367,15.5240592532039,15.5240592566799,0.910022324015251,"4026","Not significant"
"410790","4107900","Floresta","PR",158.226,"41","410790 FLORESTA",1.02633577601248,0.0555555555555554,11226,15.5240592532039,15.5240592545561,0.260483607860608,"4027","Not significant"
"410800","4108007","Florestópolis","PR",246.853,"41","410800 FLORESTOPOLIS",0,0,11639,15.5240592532039,15.5240592545081,-3.85270942852413e-06,"4028","Not significant"
"410810","4108106","Flórida","PR",83.046,"41","410810 FLORIDA",2.03649397197784,0.0555555555555556,2704,15.5240592532039,15.5240592588178,0.516865144311126,"4029","Not significant"
"410820","4108205","Formosa do Oeste","PR",275.901,"41","410820 FORMOSA DO OESTE",2.24143492774286,0.166666666666667,7756,15.5240592532039,15.5240592551611,0.568879845974231,"4030","Not significant"
"410830","4108304","Foz do Iguaçu","PR",609.192,"41","410830 FOZ DO IGUACU",0.810599984798248,2.16666666666667,295500,15.5240592532039,15.5240592532553,0.2057291408411,"4031","Not significant"
"410832","4108320","Francisco Alves","PR",321.898,"41","410832 FRANCISCO ALVES",0,0,8464,15.5240592532039,15.5240592549974,-3.85270942846342e-06,"4032","Not significant"
"410840","4108403","Francisco Beltrão","PR",735.111,"41","410840 FRANCISCO BELTRAO",1.93292004129703,1.77777777777778,101302,15.5240592532039,15.5240592533537,0.490577733580095,"4033","Not significant"
"410845","4108452","Foz do Jordão","PR",235.382,"41","410845 FOZ DO JORDAO",0,0,4925,15.5240592532039,15.5240592562861,-3.8527094283035e-06,"4034","Not significant"
"410850","4108502","General Carneiro","PR",1071.183,"41","410850 GENERAL CARNEIRO",3.31309448141332,0.388888888888889,10861,15.5240592532039,15.5240592546015,0.840870633264061,"4035","Not significant"
"410855","4108551","Godoy Moreira","PR",131.012,"41","410855 GODOY MOREIRA",7.16419168806074,0.222222222222222,2970,15.5240592532039,15.524059258315,1.81829201424794,"4036","Not significant"
"410860","4108601","Goioerê","PR",564.163,"41","410860 GOIOERE",0.383538526444981,0.111111111111111,28970,15.5240592532039,15.5240592537279,0.0973395110533067,"4037","Not significant"
"410865","4108650","Goioxim","PR",702.471,"41","410865 GOIOXIM",0,0,6531,15.5240592532039,15.5240592555282,-3.85270942839755e-06,"4038","Not significant"
"410870","4108700","Grandes Rios","PR",314.198,"41","410870 GRANDES RIOS",6.58666768809201,0.388888888888889,5586,15.5240592532039,15.5240592559214,1.67171448715042,"4039","Not significant"
"410880","4108809","Guaíra","PR",563.742,"41","410880 GUAIRA",0.518759265145489,0.166666666666667,32966,15.5240592532039,15.5240592536644,0.131658987841464,"4040","Not significant"
"410890","4108908","Guairaçá","PR",493.94,"41","410890 GUAIRACA",0,0,6733,15.5240592532039,15.5240592554584,-3.8527094284062e-06,"4041","Low-Low"
"410895","4108957","Guamiranga","PR",244.795,"41","410895 GUAMIRANGA",4.07400437677664,0.333333333333333,7961,15.5240592532039,15.5240592551107,1.03399211551248,"4042","Not significant"
"410900","4109005","Guapirama","PR",189.1,"41","410900 GUAPIRAMA",1.40008960573477,0.0555555555555555,4792,15.5240592532039,15.5240592563717,0.355343582770198,"4043","Not significant"
"410910","4109104","Guaporema","PR",201.15,"41","410910 GUAPOREMA",0,0,2217,15.5240592532039,15.5240592600509,-3.85270942783633e-06,"4044","Not significant"
"410920","4109203","Guaraci","PR",211.68,"41","410920 GUARACI",0,0,4762,15.5240592532039,15.5240592563916,-3.85270942829041e-06,"4045","Not significant"
"410930","4109302","Guaraniaçu","PR",1238.32,"41","410930 GUARANIACU",8.94291176789028,1.22222222222222,13814,15.5240592532039,15.5240592543028,2.26973713360724,"4046","Not significant"
"410940","4109401","Guarapuava","PR",3168.087,"41","410940 GUARAPUAVA",1.28529274129235,2.33333333333333,188710,15.5240592532039,15.5240592532843,0.326207753771672,"4047","Not significant"
"410950","4109500","Guaraqueçaba","PR",2011.357,"41","410950 GUARAQUECABA",0.746112752559167,0.0555555555555556,7474,15.5240592532039,15.5240592552349,0.189362065103462,"4048","Low-High"
"410960","4109609","Guaratuba","PR",1326.67,"41","410960 GUARATUBA",5.57305845437848,2.05555555555556,44323,15.5240592532039,15.5240592535464,1.41445706579897,"4049","High-High"
"410965","4109658","Honório Serpa","PR",502.235,"41","410965 HONORIO SERPA",8.34563054499887,0.444444444444444,4872,15.5240592532039,15.5240592563196,2.11814515681372,"4050","Not significant"
"410970","4109708","Ibaiti","PR",898.221,"41","410970 IBAITI",0.900663112241002,0.277777777777778,29440,15.5240592532039,15.5240592537195,0.228587464505098,"4051","Not significant"
"410975","4109757","Ibema","PR",145.446,"41","410975 IBEMA",1.74621158532103,0.111111111111111,6327,15.5240592532039,15.5240592556031,0.443190501510748,"4052","Not significant"
"410980","4109807","Ibiporã","PR",297.742,"41","410980 IBIPORA",1.72637064779364,0.888888888888889,53054,15.5240592532039,15.52405925349,0.43815480508288,"4053","Not significant"
"410990","4109906","Icaraíma","PR",675.24,"41","410990 ICARAIMA",0,0,9139,15.5240592532039,15.5240592548649,-3.85270942847985e-06,"4054","Not significant"
"411000","4110003","Iguaraçu","PR",164.983,"41","411000 IGUARACU",1.43110653157021,0.0555555555555556,5599,15.5240592532039,15.5240592559151,0.363215782531142,"4055","Not significant"
"411005","4110052","Iguatu","PR",106.937,"41","411005 IGUATU",4.82462488541516,0.111111111111111,2162,15.5240592532039,15.5240592602251,1.22450211672883,"4056","Not significant"
"411007","4110078","Imbaú","PR",330.734,"41","411007 IMBAU",1.83081879498329,0.222222222222222,14815,15.5240592532039,15.5240592542285,0.464664094974317,"4057","Not significant"
"411010","4110102","Imbituva","PR",756.535,"41","411010 IMBITUVA",1.06384478492032,0.333333333333333,30757,15.5240592532039,15.5240592536974,0.270003520071528,"4058","Not significant"
"411020","4110201","Inácio Martins","PR",936.208,"41","411020 INACIO MARTINS",1.49117804127574,0.166666666666666,9633,15.5240592532039,15.5240592547797,0.37846213308721,"4059","Not significant"
"411030","4110300","Inajá","PR",194.704,"41","411030 INAJA",0,0,2510,15.5240592532039,15.5240592592517,-3.85270942793551e-06,"4060","Not significant"
"411040","4110409","Indianópolis","PR",122.622,"41","411040 INDIANOPOLIS",2.48521139413228,0.111111111111111,4531,15.5240592532039,15.5240592565541,0.630751130333964,"4061","Not significant"
"411050","4110508","Ipiranga","PR",900.721,"41","411050 IPIRANGA",2.96095435197515,0.444444444444445,14338,15.5240592532039,15.5240592542626,0.751496287930429,"4062","Not significant"
"411060","4110607","Iporã","PR",647.894,"41","411060 IPORA",0.403102275109241,0.0555555555555555,16062,15.5240592532039,15.524059254149,0.102304856047218,"4063","Low-Low"
"411065","4110656","Iracema do Oeste","PR",81.538,"41","411065 IRACEMA DO OESTE",0,0,2344,15.5240592532039,15.52405925968,-3.85270942788236e-06,"4064","Not significant"
"411070","4110706","Irati","PR",999.517,"41","411070 IRATI",2.15107508869094,1.27777777777778,60796,15.5240592532039,15.5240592534536,0.545946215937163,"4065","Not significant"
"411080","4110805","Iretama","PR",570.459,"41","411080 IRETAMA",5.29725714254081,0.555555555555555,10843,15.5240592532039,15.5240592546039,1.34445776822898,"4066","Not significant"
"411090","4110904","Itaguajé","PR",194.353,"41","411090 ITAGUAJE",2.41021932995903,0.111111111111111,4532,15.5240592532039,15.5240592565534,0.61171789304975,"4067","Not significant"
"411095","4110953","Itaipulândia","PR",330.846,"41","411095 ITAIPULANDIA",1.20436010334461,0.111111111111111,11984,15.5240592532039,15.5240592544706,0.305666778934959,"4068","Not significant"
"411100","4111001","Itambaracá","PR",207.342,"41","411100 ITAMBARACA",3.61349151491781,0.222222222222222,5874,15.5240592532039,15.5240592557881,0.917112407362869,"4069","Not significant"
"411110","4111100","Itambé","PR",243.822,"41","411110 ITAMBE",1.89022475379895,0.111111111111111,6215,15.5240592532039,15.5240592556464,0.479741526448469,"4070","Not significant"
"411120","4111209","Itapejara d'Oeste","PR",254.014,"41","411120 ITAPEJARA D'OESTE",7.15997521357579,0.833333333333334,12766,15.5240592532039,15.524059254393,1.81722185911832,"4071","Not significant"
"411125","4111258","Itaperuçu","PR",322.991,"41","411125 ITAPERUCU",3.70783287814729,1,32890,15.5240592532039,15.5240592536654,0.941056561677453,"4072","Not significant"
"411130","4111308","Itaúna do Sul","PR",128.87,"41","411130 ITAUNA DO SUL",0,0,3620,15.5240592532039,15.5240592573972,-3.85270942816562e-06,"4073","Low-Low"
"411140","4111407","Ivaí","PR",607.848,"41","411140 IVAI",0.853863999140419,0.111111111111111,13473,15.5240592532039,15.5240592543306,0.21670969270943,"4074","Not significant"
"411150","4111506","Ivaiporã","PR",436.989,"41","411150 IVAIPORA",2.96368580301559,0.944444444444445,33529,15.5240592532039,15.5240592536566,0.752189539375911,"4075","High-High"
"411155","4111555","Ivaté","PR",410.156,"41","411155 IVATE",0.813285837440428,0.0555555555555556,6833,15.5240592532039,15.5240592554254,0.206410819231156,"4076","Not significant"
"411160","4111605","Ivatuba","PR",96.661,"41","411160 IVATUBA",0,0,2705,15.5240592532039,15.5240592588157,-3.85270942798961e-06,"4077","Not significant"
"411170","4111704","Jaboti","PR",139.277,"41","411170 JABOTI",1.02406554019457,0.0555555555555555,5576,15.5240592532039,15.5240592559263,0.25990741438797,"4078","Not significant"
"411180","4111803","Jacarezinho","PR",602.528,"41","411180 JACAREZINHO",0.700109742068052,0.277777777777778,41400,15.5240592532039,15.5240592535706,0.177686346833242,"4079","Not significant"
"411190","4111902","Jaguapitã","PR",475.004,"41","411190 JAGUAPITA",0.78550195982974,0.111111111111111,15719,15.5240592532039,15.5240592541696,0.199359177961048,"4080","Not significant"
"411200","4112009","Jaguariaíva","PR",1453.066,"41","411200 JAGUARIAIVA",0.952579280375985,0.333333333333333,36231,15.5240592532039,15.5240592536229,0.241763962019086,"4081","Not significant"
"411210","4112108","Jandaia do Sul","PR",187.6,"41","411210 JANDAIA DO SUL",5.07057215178315,1.05555555555556,21851,15.5240592532039,15.5240592538986,1.28692435768071,"4082","Not significant"
"411220","4112207","Janiópolis","PR",335.65,"41","411220 JANIOPOLIS",0,0,5835,15.5240592532039,15.5240592558054,-3.85270942836315e-06,"4083","Not significant"
"411230","4112306","Japira","PR",187.802,"41","411230 JAPIRA",1.09404402433154,0.0555555555555556,5060,15.5240592532039,15.5240592562039,0.277668188249764,"4084","Not significant"
"411240","4112405","Japurá","PR",165.185,"41","411240 JAPURA",0.601380770248489,0.0555555555555554,9354,15.5240592532039,15.5240592548267,0.152628602806194,"4085","Not significant"
"411250","4112504","Jardim Alegre","PR",413.386,"41","411250 JARDIM ALEGRE",1.40149646549439,0.166666666666667,12130,15.5240592532039,15.5240592544553,0.355700648515385,"4086","Low-High"
"411260","4112603","Jardim Olinda","PR",128.515,"41","411260 JARDIM OLINDA",0,0,1353,15.5240592532039,15.5240592644233,-3.85270942729376e-06,"4087","Not significant"
"411270","4112702","Jataizinho","PR",159.178,"41","411270 JATAIZINHO",3.54659926712209,0.444444444444444,11971,15.5240592532039,15.5240592544719,0.900134930666137,"4088","Not significant"
"411275","4112751","Jesuítas","PR",247.496,"41","411275 JESUITAS",3.02409797332727,0.277777777777778,10860,15.5240592532039,15.5240592546017,0.767522350699738,"4089","Not significant"
"411280","4112801","Joaquim Távora","PR",289.173,"41","411280 JOAQUIM TAVORA",3.37453959226398,0.388888888888889,12280,15.5240592532039,15.52405925444,0.856465608386791,"4090","Not significant"
"411290","4112900","Jundiaí do Sul","PR",320.816,"41","411290 JUNDIAI DO SUL",3.2359538330594,0.111111111111111,3366,15.5240592532039,15.5240592577137,0.821292078028492,"4091","Not significant"
"411295","4112959","Juranda","PR",354.364,"41","411295 JURANDA",0.751664937837311,0.0555555555555557,7898,15.5240592532039,15.5240592551259,0.190771228340461,"4092","Not significant"
"411300","4113007","Jussara","PR",210.869,"41","411300 JUSSARA",0,0,6795,15.5240592532039,15.5240592554379,-3.85270942840876e-06,"4093","Not significant"
"411310","4113106","Kaloré","PR",193.299,"41","411310 KALORE",2.72468763693668,0.111111111111111,4657,15.5240592532039,15.5240592564635,0.691531003559656,"4094","Not significant"
"411320","4113205","Lapa","PR",2093.859,"41","411320 LAPA",2.35931079692955,1.11111111111111,45857,15.5240592532039,15.5240592535349,0.598797136763619,"4095","Not significant"
"411325","4113254","Laranjal","PR",559.439,"41","411325 LARANJAL",0.996512207274539,0.0555555555555555,5575,15.5240592532039,15.5240592559267,0.252914286125256,"4096","Not significant"
"411330","4113304","Laranjeiras do Sul","PR",673.688,"41","411330 LARANJEIRAS DO SUL",1.20072567371633,0.388888888888889,33103,15.5240592532039,15.5240592536625,0.304744348519417,"4097","Low-High"
"411340","4113403","Leópolis","PR",344.918,"41","411340 LEOPOLIS",1.33965651207031,0.0555555555555556,3751,15.5240592532039,15.5240592572508,0.340005460997645,"4098","Not significant"
"411342","4113429","Lidianópolis","PR",151.456,"41","411342 LIDIANOPOLIS",8.06413273403605,0.277777777777778,3989,15.5240592532039,15.5240592570093,2.04670006867589,"4099","Not significant"
"411345","4113452","Lindoeste","PR",347.093,"41","411345 LINDOESTE",2.15421914532237,0.111111111111111,5226,15.5240592532039,15.5240592561086,0.546744188003416,"4100","Not significant"
"411350","4113502","Loanda","PR",722.496,"41","411350 LOANDA",0.239205836622413,0.0555555555555555,23813,15.5240592532039,15.5240592538414,0.0607073905240727,"4101","Not significant"
"411360","4113601","Lobato","PR",240.904,"41","411360 LOBATO",2.43968845371053,0.111111111111111,4693,15.5240592532039,15.5240592564385,0.619197255449974,"4102","Not significant"
"411370","4113700","Londrina","PR",1652.569,"41","411370 LONDRINA",1.36603364863675,7.38888888888889,577318,15.5240592532039,15.5240592532302,0.346700066727438,"4103","Not significant"
"411373","4113734","Luiziana","PR",916.839,"41","411373 LUIZIANA",0,0,6696,15.5240592532039,15.5240592554709,-3.85270942840466e-06,"4104","Not significant"
"411375","4113759","Lunardelli","PR",199.213,"41","411375 LUNARDELLI",1.36065529158843,0.0555555555555555,4902,15.5240592532039,15.5240592563006,0.345335021644328,"4105","Not significant"
"411380","4113809","Lupionópolis","PR",121.066,"41","411380 LUPIONOPOLIS",0,0,4911,15.5240592532039,15.5240592562949,-3.85270942830241e-06,"4106","Not significant"
"411390","4113908","Mallet","PR",760.224,"41","411390 MALLET",2.461809365146,0.333333333333333,13655,15.5240592532039,15.5240592543156,0.62481161697131,"4107","Not significant"
"411400","4114005","Mamborê","PR",788.061,"41","411400 MAMBORE",0.400544740847553,0.0555555555555556,13572,15.5240592532039,15.5240592543224,0.101655745277322,"4108","Not significant"
"411410","4114104","Mandaguaçu","PR",294.019,"41","411410 MANDAGUACU",0.237691163117938,0.0555555555555556,33752,15.5240592532039,15.5240592536536,0.0603229613113045,"4109","Not significant"
"411420","4114203","Mandaguari","PR",335.814,"41","411420 MANDAGUARI",1.34394755065018,0.444444444444444,38050,15.5240592532039,15.5240592536028,0.341094541014184,"4110","Not significant"
"411430","4114302","Mandirituba","PR",379.179,"41","411430 MANDIRITUBA",2.59041409631835,0.666666666666666,28761,15.5240592532039,15.5240592537317,0.657451928881202,"4111","Not significant"
"411435","4114351","Manfrinópolis","PR",215.779,"41","411435 MANFRINOPOLIS",4.17300737606446,0.111111111111111,2761,15.5240592532039,15.5240592587019,1.05911940849968,"4112","Not significant"
"411440","4114401","Mangueirinha","PR",1055.458,"41","411440 MANGUEIRINHA",6.21958429479244,1.05555555555556,16764,15.5240592532039,15.5240592541094,1.57854749144188,"4113","Not significant"
"411450","4114500","Manoel Ribas","PR",571.135,"41","411450 MANOEL RIBAS",6.37511436145775,0.888888888888888,14576,15.5240592532039,15.5240592542453,1.61802154374341,"4114","Not significant"
"411460","4114609","Marechal Cândido Rondon","PR",745.748,"41","411460 MARECHAL CANDIDO RONDON",0.937521696780643,0.5,58140,15.5240592532039,15.524059253465,0.237942296825667,"4115","Not significant"
"411470","4114708","Maria Helena","PR",486.224,"41","411470 MARIA HELENA",0.993305123467828,0.0555555555555556,5935,15.5240592532039,15.5240592557616,0.25210031750528,"4116","Not significant"
"411480","4114807","Marialva","PR",475.564,"41","411480 MARIALVA",1.4701299167603,0.5,44098,15.5240592532039,15.5240592535481,0.373120048539733,"4117","Not significant"
"411490","4114906","Marilândia do Sul","PR",384.424,"41","411490 MARILANDIA DO SUL",9.31831512104225,0.833333333333334,8774,15.5240592532039,15.524059254934,2.3650157630665,"4118","Not significant"
"411500","4115002","Marilena","PR",232.363,"41","411500 MARILENA",1.56039247861112,0.111111111111111,7409,15.5240592532039,15.5240592552527,0.39602898930653,"4119","Low-Low"
"411510","4115101","Mariluz","PR",433.17,"41","411510 MARILUZ",0.559246583003378,0.0555555555555556,9934,15.5240592532039,15.524059254732,0.141934804836134,"4120","Not significant"
"411520","4115200","Maringá","PR",487.012,"41","411520 MARINGA",0.621697401163432,2.38888888888889,425983,15.5240592532039,15.5240592532395,0.157785031848515,"4121","Not significant"
"411530","4115309","Mariópolis","PR",230.365,"41","411530 MARIOPOLIS",3.58121420688922,0.222222222222222,6475,15.5240592532039,15.5240592555483,0.908920318388312,"4122","Not significant"
"411535","4115358","Maripá","PR",283.793,"41","411535 MARIPA",2.87987459665863,0.166666666666667,6767,15.5240592532039,15.5240592554471,0.730917974196774,"4123","Not significant"
"411540","4115408","Marmeleiro","PR",387.612,"41","411540 MARMELEIRO",1.81115676770671,0.277777777777778,16386,15.5240592532039,15.5240592541303,0.459673806539285,"4124","Not significant"
"411545","4115457","Marquinho","PR",503.858,"41","411545 MARQUINHO",8.27349129764689,0.388888888888889,4521,15.5240592532039,15.5240592565615,2.09983597398578,"4125","Not significant"
"411550","4115507","Marumbi","PR",208.47,"41","411550 MARUMBI",6.02087367023113,0.277777777777778,4778,15.5240592532039,15.5240592563809,1.52811406867174,"4126","High-High"
"411560","4115606","Matelândia","PR",639.746,"41","411560 MATELANDIA",1.00552061819889,0.166666666666667,19022,15.5240592532039,15.5240592540019,0.255200651032758,"4127","Not significant"
"411570","4115705","Matinhos","PR",117.899,"41","411570 MATINHOS",3.84622467525337,1.27777777777778,41416,15.5240592532039,15.5240592535704,0.976180863722194,"4128","Not significant"
"411573","4115739","Mato Rico","PR",394.533,"41","411573 MATO RICO",3.40101350202361,0.111111111111111,3237,15.5240592532039,15.5240592578934,0.863184775337129,"4129","Not significant"
"411575","4115754","Mauá da Serra","PR",108.324,"41","411575 MAUA DA SERRA",0,0,9628,15.5240592532039,15.5240592547805,-3.85270942849032e-06,"4130","Not significant"
"411580","4115804","Medianeira","PR",328.732,"41","411580 MEDIANEIRA",0.556866624858272,0.277777777777778,57120,15.5240592532039,15.5240592534696,0.141330763486247,"4131","Not significant"
"411585","4115853","Mercedes","PR",197.136,"41","411585 MERCEDES",3.99161016578267,0.222222222222222,6136,15.5240592532039,15.5240592556778,1.01308018853134,"4132","Not significant"
"411590","4115903","Mirador","PR",221.708,"41","411590 MIRADOR",2.38027230315148,0.0555555555555556,2258,15.5240592532039,15.5240592599266,0.604117237188479,"4133","Not significant"
"411600","4116000","Miraselva","PR",90.294,"41","411600 MIRASELVA",5.89310829817159,0.111111111111111,2008,15.5240592532039,15.5240592607636,1.49568678872189,"4134","Not significant"
"411605","4116059","Missal","PR",324.397,"41","411605 MISSAL",0.530211448325592,0.0555555555555556,11301,15.5240592532039,15.5240592545471,0.13456559032035,"4135","Not significant"
"411610","4116109","Moreira Sales","PR",353.772,"41","411610 MOREIRA SALES",0,0,11137,15.5240592532039,15.5240592545669,-3.85270942851683e-06,"4136","Not significant"
"411620","4116208","Morretes","PR",684.58,"41","411620 MORRETES",6.47769730084476,1.05555555555556,18908,15.5240592532039,15.5240592540067,1.64405743766478,"4137","High-High"
"411630","4116307","Munhoz de Melo","PR",137.018,"41","411630 MUNHOZ DE MELO",1.41219002428967,0.0555555555555555,4045,15.5240592532039,15.5240592569566,0.358414709557117,"4138","Not significant"
"411640","4116406","Nossa Senhora das Graças","PR",185.769,"41","411640 NOSSA SENHORA DAS GRACAS",0,0,3685,15.5240592532039,15.5240592573233,-3.8527094281748e-06,"4139","Not significant"
"411650","4116505","Nova Aliança do Ivaí","PR",131.272,"41","411650 NOVA ALIANCA DO IVAI",7.27668441663007,0.111111111111111,1327,15.5240592532039,15.5240592646432,1.84684304549191,"4140","Not significant"
"411660","4116604","Nova América da Colina","PR",129.476,"41","411660 NOVA AMERICA DA COLINA",0,0,3299,15.5240592532039,15.5240592578053,-3.85270942811499e-06,"4141","Not significant"
"411670","4116703","Nova Aurora","PR",470.642,"41","411670 NOVA AURORA",1.02096917416799,0.111111111111111,14219,15.5240592532039,15.5240592542715,0.259121546324221,"4142","Not significant"
"411680","4116802","Nova Cantu","PR",555.488,"41","411680 NOVA CANTU",8.72916486836175,0.666666666666667,6799,15.5240592532039,15.5240592554366,2.21548745387502,"4143","Not significant"
"411690","4116901","Nova Esperança","PR",401.587,"41","411690 NOVA ESPERANCA",0,0,27142,15.5240592532039,15.5240592537632,-3.85270942861657e-06,"4144","Not significant"
"411695","4116950","Nova Esperança do Sudoeste","PR",208.472,"41","411695 NOVA ESPERANCA DO SUDOESTE",1.06961023403072,0.0555555555555554,5744,15.5240592532039,15.5240592558466,0.271466810364695,"4145","Not significant"
"411700","4117008","Nova Fátima","PR",283.423,"41","411700 NOVA FATIMA",9.00651795303617,0.722222222222223,7201,15.5240592532039,15.5240592553119,2.28588059655213,"4146","Not significant"
"411705","4117057","Nova Laranjeiras","PR",1210.205,"41","411705 NOVA LARANJEIRAS",1.38137201255093,0.166666666666667,12287,15.5240592532039,15.5240592544393,0.350592994894654,"4147","Not significant"
"411710","4117107","Nova Londrina","PR",269.389,"41","411710 NOVA LONDRINA",0,0,13085,15.5240592532039,15.524059254364,-3.85270942854201e-06,"4148","Not significant"
"411720","4117206","Nova Olímpia","PR",136.347,"41","411720 NOVA OLIMPIA",0,0,5960,15.5240592532039,15.5240592557509,-3.85270942836992e-06,"4149","Not significant"
"411721","4117214","Nova Santa Bárbara","PR",76.887,"41","411721 NOVA SANTA BARBARA",0,0,4280,15.5240592532039,15.5240592567506,-3.85270942824586e-06,"4150","Not significant"
"411722","4117222","Nova Santa Rosa","PR",204.665,"41","411722 NOVA SANTA ROSA",0.669989816154794,0.0555555555555556,8535,15.5240592532039,15.5240592549824,0.170041808656496,"4151","Not significant"
"411725","4117255","Nova Prata do Iguaçu","PR",352.565,"41","411725 NOVA PRATA DO IGUACU",5.6545907616209,0.611111111111111,13196,15.5240592532039,15.5240592543542,1.43515023866377,"4152","Not significant"
"411727","4117271","Nova Tebas","PR",545.686,"41","411727 NOVA TEBAS",3.27167588616712,0.222222222222222,6870,15.5240592532039,15.5240592554135,0.830358454920001,"4153","Not significant"
"411729","4117297","Novo Itacolomi","PR",161.411,"41","411729 NOVO ITACOLOMI",15.4170850579984,0.444444444444446,3210,15.5240592532039,15.5240592579328,3.91290401776966,"4154","High-High"
"411730","4117305","Ortigueira","PR",2429.52,"41","411730 ORTIGUEIRA",0.480561428874388,0.111111111111111,24627,15.5240592532039,15.5240592538203,0.121964248943146,"4155","Not significant"
"411740","4117404","Ourizona","PR",176.457,"41","411740 OURIZONA",1.64171263462043,0.0555555555555555,3206,15.5240592532039,15.5240592579387,0.41666831747733,"4156","Not significant"
"411745","4117453","Ouro Verde do Oeste","PR",293.042,"41","411745 OURO VERDE DO OESTE",0.926543621673706,0.0555555555555554,7031,15.5240592532039,15.5240592553629,0.235156024546903,"4157","Not significant"
"411750","4117503","Paiçandu","PR",171.379,"41","411750 PAICANDU",0.692831546205627,0.277777777777778,48207,15.5240592532039,15.5240592535188,0.175839116324666,"4158","Not significant"
"411760","4117602","Palmas","PR",1557.903,"41","411760 PALMAS",1.27775248180142,0.611111111111111,49891,15.5240592532039,15.5240592535082,0.324294010633006,"4159","Not significant"
"411770","4117701","Palmeira","PR",1470.072,"41","411770 PALMEIRA",4.80132881759859,1.61111111111111,34806,15.5240592532039,15.52405925364,1.21858949688037,"4160","Not significant"
"411780","4117800","Palmital","PR",817.647,"41","411780 PALMITAL",4.81368493694763,0.666666666666667,12967,15.5240592532039,15.5240592543745,1.22172552136416,"4161","Not significant"
"411790","4117909","Palotina","PR",651.238,"41","411790 PALOTINA",0.873917813923602,0.277777777777778,36623,15.5240592532039,15.5240592536184,0.221799418133567,"4162","Not significant"
"411800","4118006","Paraíso do Norte","PR",204.564,"41","411800 PARAISO DO NORTE",1.35358059908978,0.166666666666667,13634,15.5240592532039,15.5240592543173,0.3435394409935,"4163","Not significant"
"411810","4118105","Paranacity","PR",348.631,"41","411810 PARANACITY",0,0,9597,15.5240592532039,15.5240592547856,-3.85270942848969e-06,"4164","Not significant"
"411820","4118204","Paranaguá","PR",822.838,"41","411820 PARANAGUA",6.9033032810196,10.2777777777778,149819,15.5240592532039,15.5240592533052,1.75207766224712,"4165","Not significant"
"411830","4118303","Paranapoema","PR",175.875,"41","411830 PARANAPOEMA",0,0,2378,15.5240592532039,15.5240592595874,-3.85270942789385e-06,"4166","Not significant"
"411840","4118402","Paranavaí","PR",1202.266,"41","411840 PARANAVAI",0.375330855002693,0.333333333333333,95525,15.5240592532039,15.5240592533628,0.0952563765274804,"4167","Not significant"
"411845","4118451","Pato Bragado","PR",135.6,"41","411845 PATO BRAGADO",0,0,5939,15.5240592532039,15.5240592557599,-3.8527094283688e-06,"4168","Not significant"
"411850","4118501","Pato Branco","PR",539.087,"41","411850 PATO BRANCO",1.07293390955307,0.88888888888889,96602,15.5240592532039,15.524059253361,0.272310370376097,"4169","Not significant"
"411860","4118600","Paula Freitas","PR",421.409,"41","411860 PAULA FREITAS",6.83618921157888,0.388888888888889,5778,15.5240592532039,15.5240592558311,1.73504388629259,"4170","Not significant"
"411870","4118709","Paulo Frontin","PR",363.351,"41","411870 PAULO FRONTIN",6.00343269881816,0.388888888888889,6369,15.5240592532039,15.5240592555873,1.52368749169842,"4171","Not significant"
"411880","4118808","Peabiru","PR",468.594,"41","411880 PEABIRU",1.61732821407373,0.222222222222222,13496,15.5240592532039,15.5240592543287,0.410479469846311,"4172","Not significant"
"411885","4118857","Perobal","PR",409.05,"41","411885 PEROBAL",0,0,7496,15.5240592532039,15.524059255229,-3.85270942843468e-06,"4173","Not significant"
"411890","4118907","Pérola","PR",236.186,"41","411890 PEROLA",0,0,12275,15.5240592532039,15.5240592544405,-3.85270942853251e-06,"4174","Low-Low"
"411900","4119004","Pérola d'Oeste","PR",205.279,"41","411900 PEROLA D'OESTE",13.7773018868939,0.888888888888888,6235,15.5240592532039,15.5240592556385,3.4967215521497,"4175","High-High"
"411910","4119103","Piên","PR",254.792,"41","411910 PIEN",2.72758164549182,0.333333333333333,14179,15.5240592532039,15.5240592542745,0.692265512681389,"4176","Not significant"
"411915","4119152","Pinhais","PR",60.869,"41","411915 PINHAIS",4.01057928604537,5.00000000000001,131199,15.5240592532039,15.5240592533196,1.01789461492194,"4177","High-High"
"411920","4119202","Pinhalão","PR",220.625,"41","411920 PINHALAO",0.893894699204433,0.0555555555555555,6707,15.5240592532039,15.5240592554672,0.226869618573634,"4178","Not significant"
"411925","4119251","Pinhal de São Bento","PR",97.463,"41","411925 PINHAL DE SAO BENTO",4.06183190623531,0.111111111111111,2819,15.5240592532039,15.5240592585887,1.0309027015675,"4179","Not significant"
"411930","4119301","Pinhão","PR",2001.588,"41","411930 PINHAO",5.24522099731279,1.61111111111111,30472,15.5240592532039,15.5240592537021,1.33125082016638,"4180","Not significant"
"411940","4119400","Piraí do Sul","PR",1345.417,"41","411940 PIRAI DO SUL",1.13535889677741,0.277777777777778,24000,15.5240592532039,15.5240592538364,0.288154041399103,"4181","Not significant"
"411950","4119509","Piraquara","PR",227.042,"41","411950 PIRAQUARA",5.0578152671209,5.27777777777778,124934,15.5240592532039,15.5240592533254,1.28368661761175,"4182","Not significant"
"411960","4119608","Pitanga","PR",1663.747,"41","411960 PITANGA",2.04911356295115,0.666666666666668,34513,15.5240592532039,15.5240592536437,0.520068038891435,"4183","Not significant"
"411965","4119657","Pitangueiras","PR",123.229,"41","411965 PITANGUEIRAS",0,0,3121,15.5240592532039,15.5240592580677,-3.85270942808243e-06,"4184","Not significant"
"411970","4119707","Planaltina do Paraná","PR",356.192,"41","411970 PLANALTINA DO PARANA",0,0,4123,15.5240592532039,15.5240592568857,-3.8527094282291e-06,"4185","Not significant"
"411980","4119806","Planalto","PR",346.241,"41","411980 PLANALTO",4.0452765607776,0.555555555555555,14663,15.5240592532039,15.5240592542391,1.0267008995357,"4186","High-High"
"411990","4119905","Ponta Grossa","PR",2054.732,"41","411990 PONTA GROSSA",2.42202685662607,8.27777777777778,372562,15.5240592532039,15.5240592532446,0.614714682965908,"4187","Not significant"
"411995","4119954","Pontal do Paraná","PR",200.41,"41","411995 PONTAL DO PARANA",2.8692443769032,0.722222222222222,32426,15.5240592532039,15.524059253672,0.728219988828534,"4188","Not significant"
"412000","4120002","Porecatu","PR",291.663,"41","412000 PORECATU",0,0,11438,15.5240592532039,15.524059254531,-3.85270942852128e-06,"4189","Not significant"
"412010","4120101","Porto Amazonas","PR",186.581,"41","412010 PORTO AMAZONAS",7.03292804587582,0.333333333333333,4099,15.5240592532039,15.5240592569072,1.78497686190709,"4190","Not significant"
"412015","4120150","Porto Barreiro","PR",361.02,"41","412015 PORTO BARREIRO",15.1327017499649,0.5,3078,15.5240592532039,15.5240592581356,3.8407265808263,"4191","Not significant"
"412020","4120200","Porto Rico","PR",217.676,"41","412020 PORTO RICO",0,0,3316,15.5240592532039,15.5240592577817,-3.85270942811792e-06,"4192","Low-Low"
"412030","4120309","Porto Vitória","PR",213.013,"41","412030 PORTO VITORIA",3.11934618503962,0.111111111111111,3549,15.5240592532039,15.5240592574811,0.791696666062483,"4193","Not significant"
"412033","4120333","Prado Ferreira","PR",152.876,"41","412033 PRADO FERREIRA",1.50434756446129,0.0555555555555556,3799,15.5240592532039,15.5240592571997,0.381804602190533,"4194","Not significant"
"412035","4120358","Pranchita","PR",226.14,"41","412035 PRANCHITA",0,0,5833,15.5240592532039,15.5240592558063,-3.85270942836304e-06,"4195","Low-High"
"412040","4120408","Presidente Castelo Branco","PR",155.734,"41","412040 PRESIDENTE CASTELO BRANCO",0,0,4336,15.5240592532039,15.5240592567048,-3.85270942825155e-06,"4196","Not significant"
"412050","4120507","Primeiro de Maio","PR",414.442,"41","412050 PRIMEIRO DE MAIO",0.512883636960447,0.0555555555555556,10121,15.5240592532039,15.5240592547037,0.130167733706645,"4197","Not significant"
"412060","4120606","Prudentópolis","PR",2247.141,"41","412060 PRUDENTOPOLIS",3.15794369859409,1.61111111111111,50428,15.5240592532039,15.5240592535049,0.801492844496003,"4198","Not significant"
"412065","4120655","Quarto Centenário","PR",321.875,"41","412065 QUARTO CENTENARIO",3.71503923178589,0.166666666666667,4170,15.5240592532039,15.5240592568442,0.942885558292538,"4199","Not significant"
"412070","4120705","Quatiguá","PR",112.689,"41","412070 QUATIGUA",0.664778695172378,0.0555555555555556,8357,15.5240592532039,15.5240592550203,0.168719208681565,"4200","Not significant"
"412080","4120804","Quatro Barras","PR",180.471,"41","412080 QUATRO BARRAS",5.3997028381451,1.16666666666667,25109,15.5240592532039,15.5240592538085,1.37045882924039,"4201","High-High"
"412085","4120853","Quatro Pontes","PR",114.393,"41","412085 QUATRO PONTES",2.76259193628812,0.111111111111111,4636,15.5240592532039,15.5240592564782,0.701151241801914,"4202","Not significant"
"412090","4120903","Quedas do Iguaçu","PR",821.503,"41","412090 QUEDAS DO IGUACU",5.23958625814614,1.66666666666667,31405,15.5240592532039,15.5240592536873,1.32982070447696,"4203","Not significant"
"412100","4121000","Querência do Norte","PR",914.763,"41","412100 QUERENCIA DO NORTE",0.90636472755406,0.111111111111111,10693,15.5240592532039,15.5240592546235,0.2300345535786,"4204","Low-Low"
"412110","4121109","Quinta do Sol","PR",326.177,"41","412110 QUINTA DO SOL",1.10448420587586,0.0555555555555555,5060,15.5240592532039,15.5240592562039,0.280317941324523,"4205","Not significant"
"412120","4121208","Quitandinha","PR",447.024,"41","412120 QUITANDINHA",2.99053647434355,0.555555555555555,18823,15.5240592532039,15.5240592540103,0.759004329762858,"4206","Not significant"
"412125","4121257","Ramilândia","PR",237.196,"41","412125 RAMILANDIA",1.33707714935152,0.0555555555555555,4293,15.5240592532039,15.5240592567399,0.339350810098378,"4207","Not significant"
"412130","4121307","Rancho Alegre","PR",167.646,"41","412130 RANCHO ALEGRE",5.52279630454682,0.222222222222222,3501,15.5240592532039,15.5240592575398,1.40170036349558,"4208","Not significant"
"412135","4121356","Rancho Alegre D'Oeste","PR",241.386,"41","412135 RANCHO ALEGRE D'OESTE",0,0,2638,15.5240592532039,15.5240592589582,-3.85270942797192e-06,"4209","Not significant"
"412140","4121406","Realeza","PR",353.416,"41","412140 REALEZA",3.65803509473146,0.611111111111112,19903,15.5240592532039,15.5240592539666,0.928417717298454,"4210","High-High"
"412150","4121505","Rebouças","PR",481.84,"41","412150 REBOUCAS",2.24743241292493,0.333333333333333,14754,15.5240592532039,15.5240592542328,0.570402027836028,"4211","Not significant"
"412160","4121604","Renascença","PR",425.273,"41","412160 RENASCENCA",1.62908772935868,0.111111111111111,6946,15.5240592532039,15.5240592553893,0.413464074233324,"4212","Not significant"
"412170","4121703","Reserva","PR",1635.535,"41","412170 RESERVA",1.67611000846614,0.444444444444444,24851,15.5240592532039,15.5240592538147,0.425398486326334,"4213","Not significant"
"412175","4121752","Reserva do Iguaçu","PR",834.232,"41","412175 RESERVA DO IGUACU",2.40131246561461,0.166666666666667,6543,15.5240592532039,15.5240592555239,0.609457301040726,"4214","Not significant"
"412180","4121802","Ribeirão Claro","PR",629.224,"41","412180 RIBEIRAO CLARO",0.520280535264614,0.0555555555555555,12770,15.5240592532039,15.5240592543926,0.132045091294414,"4215","Not significant"
"412190","4121901","Ribeirão do Pinhal","PR",374.732,"41","412190 RIBEIRAO DO PINHAL",0.832617764822947,0.111111111111111,13180,15.5240592532039,15.5240592543556,0.211317327215018,"4216","Not significant"
"412200","4122008","Rio Azul","PR",599.056,"41","412200 RIO AZUL",4.11703927256275,0.611111111111111,14214,15.5240592532039,15.5240592542718,1.04491451635828,"4217","Not significant"
"412210","4122107","Rio Bom","PR",177.836,"41","412210 RIO BOM",10.2303919135717,0.333333333333333,3223,15.5240592532039,15.5240592579138,2.5965039103425,"4218","High-High"
"412215","4122156","Rio Bonito do Iguaçu","PR",681.406,"41","412215 RIO BONITO DO IGUACU",3.68689047810048,0.5,14234,15.5240592532039,15.5240592542703,0.935741310321315,"4219","High-High"
"412217","4122172","Rio Branco do Ivaí","PR",376.109,"41","412217 RIO BRANCO DO IVAI",5.63051775936593,0.222222222222222,3850,15.5240592532039,15.5240592571467,1.4290404298622,"4220","Not significant"
"412220","4122206","Rio Branco do Sul","PR",811.425,"41","412220 RIO BRANCO DO SUL",4.06969491369096,1.33333333333333,39307,15.5240592532039,15.5240592535901,1.03289835938519,"4221","Not significant"
"412230","4122305","Rio Negro","PR",604.138,"41","412230 RIO NEGRO",0.866581486047358,0.277777777777778,31992,15.5240592532039,15.5240592536784,0.21993743352429,"4222","Not significant"
"412240","4122404","Rolândia","PR",459.024,"41","412240 ROLANDIA",0.322907843290531,0.222222222222222,74935,15.5240592532039,15.5240592534065,0.0819512404149773,"4223","Not significant"
"412250","4122503","Roncador","PR",742.121,"41","412250 RONCADOR",0.488572294042349,0.0555555555555556,11371,15.5240592532039,15.5240592545389,0.123997433375031,"4224","Not significant"
"412260","4122602","Rondon","PR",555.125,"41","412260 RONDON",2.4100718996649,0.222222222222222,9240,15.5240592532039,15.5240592548467,0.61168047478049,"4225","Not significant"
"412265","4122651","Rosário do Ivaí","PR",377.47,"41","412265 ROSARIO DO IVAI",2.27725901628402,0.111111111111111,5491,15.5240592532039,15.5240592559684,0.577972119725005,"4226","Not significant"
"412270","4122701","Sabáudia","PR",190.329,"41","412270 SABAUDIA",3.13848200410101,0.222222222222222,9320,15.5240592532039,15.5240592548326,0.79655340115737,"4227","Not significant"
"412280","4122800","Salgado Filho","PR",181.015,"41","412280 SALGADO FILHO",5.74315602347266,0.222222222222222,4097,15.5240592532039,15.524059256909,1.4576283989021,"4228","Not significant"
"412290","4122909","Salto do Itararé","PR",200.52,"41","412290 SALTO DO ITARARE",0,0,5267,15.5240592532039,15.524059256086,-3.85270942832833e-06,"4229","Not significant"
"412300","4123006","Salto do Lontra","PR",312.717,"41","412300 SALTO DO LONTRA",4.5425277056125,0.666666666666667,15636,15.5240592532039,15.5240592541747,1.15290490704931,"4230","Not significant"
"412310","4123105","Santa Amélia","PR",78.045,"41","412310 SANTA AMELIA",1.63687553198455,0.0555555555555556,3386,15.5240592532039,15.524059257687,0.415440644616271,"4231","Not significant"
"412320","4123204","Santa Cecília do Pavão","PR",105.076,"41","412320 SANTA CECILIA DO PAVAO",1.53256704980843,0.0555555555555555,3375,15.5240592532039,15.5240592577016,0.388966802165815,"4232","Not significant"
"412330","4123303","Santa Cruz de Monte Castelo","PR",442.013,"41","412330 SANTA CRUZ DE MONTE CASTELO",0,0,8806,15.5240592532039,15.5240592549277,-3.85270942847206e-06,"4233","Not significant"
"412340","4123402","Santa Fé","PR",276.241,"41","412340 SANTA FE",2.03388553409392,0.222222222222222,11669,15.5240592532039,15.5240592545048,0.516203114103636,"4234","Not significant"
"412350","4123501","Santa Helena","PR",754.701,"41","412350 SANTA HELENA",4.00102135696064,1,26341,15.5240592532039,15.5240592537802,1.01546878046373,"4235","Not significant"
"412360","4123600","Santa Inês","PR",156.935,"41","412360 SANTA INES",0,0,1760,15.5240592532039,15.5240592618288,-3.85270942761571e-06,"4236","Not significant"
"412370","4123709","Santa Isabel do Ivaí","PR",349.497,"41","412370 SANTA ISABEL DO IVAI",1.24900079936051,0.111111111111111,9059,15.5240592532039,15.5240592548796,0.316996737230077,"4237","Not significant"
"412380","4123808","Santa Izabel do Oeste","PR",321.182,"41","412380 SANTA IZABEL DO OESTE",11.135341259643,1.55555555555556,14385,15.5240592532039,15.5240592542592,2.82618308837371,"4238","Not significant"
"412382","4123824","Santa Lúcia","PR",126.813,"41","412382 SANTA LUCIA",0,0,3657,15.5240592532039,15.5240592573548,-3.85270942817089e-06,"4239","Not significant"
"412385","4123857","Santa Maria do Oeste","PR",836.669,"41","412385 SANTA MARIA DO OESTE",4.2084257729665,0.444444444444444,9985,15.5240592532039,15.5240592547242,1.06810871650327,"4240","Not significant"
"412390","4123907","Santa Mariana","PR",427.193,"41","412390 SANTA MARIANA",2.71094905043767,0.333333333333334,11034,15.5240592532039,15.5240592545796,0.688044104291868,"4241","Not significant"
"412395","4123956","Santa Mônica","PR",259.957,"41","412395 SANTA MONICA",1.54278132617483,0.0555555555555556,3373,15.5240592532039,15.5240592577043,0.391559219748955,"4242","Not significant"
"412400","4124004","Santana do Itararé","PR",251.269,"41","412400 SANTANA DO ITARARE",1.00753637206303,0.0555555555555557,5628,15.5240592532039,15.5240592559011,0.255712256105322,"4243","Not significant"
"412402","4124020","Santa Tereza do Oeste","PR",326.19,"41","412402 SANTA TEREZA DO OESTE",0.547939200666294,0.0555555555555555,13749,15.5240592532039,15.524059254308,0.1390649532948,"4244","Not significant"
"412405","4124053","Santa Terezinha de Itaipu","PR",268.258,"41","412405 SANTA TEREZINHA DE ITAIPU",0.482907026660717,0.111111111111111,25055,15.5240592532039,15.5240592538098,0.122559569524594,"4245","Not significant"
"412410","4124103","Santo Antônio da Platina","PR",721.472,"41","412410 SANTO ANTONIO DA PLATINA",0.738826672072556,0.333333333333333,45534,15.5240592532039,15.5240592535373,0.187512833460894,"4246","Not significant"
"412420","4124202","Santo Antônio do Caiuá","PR",219.068,"41","412420 SANTO ANTONIO DO CAIUA",0,0,2496,15.5240592532039,15.5240592592856,-3.8527094279313e-06,"4247","Not significant"
"412430","4124301","Santo Antônio do Paraíso","PR",167.014,"41","412430 SANTO ANTONIO DO PARAISO",2.63796560092857,0.0555555555555556,2116,15.5240592532039,15.5240592603778,0.669520660016701,"4248","Not significant"
"412440","4124400","Santo Antônio do Sudoeste","PR",325.651,"41","412440 SANTO ANTONIO DO SUDOESTE",0,0,24644,15.5240592532039,15.5240592538199,-3.85270942860953e-06,"4249","Not significant"
"412450","4124509","Santo Inácio","PR",280.133,"41","412450 SANTO INACIO",0,0,6397,15.5240592532039,15.5240592555769,-3.85270942839151e-06,"4250","Low-Low"
"412460","4124608","São Carlos do Ivaí","PR",225.079,"41","412460 SAO CARLOS DO IVAI",1.70192151432447,0.111111111111111,6712,15.5240592532039,15.5240592554655,0.4319495330191,"4251","Not significant"
"412470","4124707","São Jerônimo da Serra","PR",823.774,"41","412470 SAO JERONIMO DA SERRA",0.517180744326527,0.0555555555555556,10913,15.5240592532039,15.5240592545949,0.131258353961941,"4252","Not significant"
"412480","4124806","São João","PR",388.059,"41","412480 SAO JOAO",7.25364430278503,0.777777777777778,12230,15.5240592532039,15.5240592544451,1.84099538796653,"4253","High-High"
"412490","4124905","São João do Caiuá","PR",304.413,"41","412490 SAO JOAO DO CAIUA",0.941938887005011,0.0555555555555556,5620,15.5240592532039,15.5240592559049,0.239063394493751,"4254","Not significant"
"412500","4125001","São João do Ivaí","PR",353.331,"41","412500 SAO JOAO DO IVAI",1.0190358608132,0.111111111111111,10700,15.5240592532039,15.5240592546226,0.25863086491074,"4255","Not significant"
"412510","4125100","São João do Triunfo","PR",720.407,"41","412510 SAO JOAO DO TRIUNFO",0,0,13923,15.5240592532039,15.5240592542942,-3.85270942855068e-06,"4256","Not significant"
"412520","4125209","São Jorge d'Oeste","PR",379.545,"41","412520 SAO JORGE D'OESTE",4.75205080536255,0.444444444444445,9550,15.5240592532039,15.5240592547934,1.20608257213345,"4257","Not significant"
"412530","4125308","São Jorge do Ivaí","PR",315.088,"41","412530 SAO JORGE DO IVAI",1.00698850019133,0.0555555555555556,5193,15.5240592532039,15.524059256127,0.255573204385781,"4258","Not significant"
"412535","4125357","São Jorge do Patrocínio","PR",406.413,"41","412535 SAO JORGE DO PATROCINIO",0,0,6659,15.5240592532039,15.5240592554835,-3.85270942840309e-06,"4259","Low-Low"
"412540","4125407","São José da Boa Vista","PR",399.667,"41","412540 SAO JOSE DA BOA VISTA",0.978780048547489,0.0555555555555555,6060,15.5240592532039,15.5240592557088,0.248413804798193,"4260","Not significant"
"412545","4125456","São José das Palmeiras","PR",182.419,"41","412545 SAO JOSE DAS PALMEIRAS",0,0,4030,15.5240592532039,15.5240592569706,-3.85270942821856e-06,"4261","Not significant"
"412550","4125506","São José dos Pinhais","PR",946.435,"41","412550 SAO JOSE DOS PINHAIS",4.63145848338149,13.9444444444444,345644,15.5240592532039,15.5240592532478,1.17547583660792,"4262","Not significant"
"412555","4125555","São Manoel do Paraná","PR",95.381,"41","412555 SAO MANOEL DO PARANA",0,0,2173,15.5240592532039,15.5240592601896,-3.85270942781912e-06,"4263","Not significant"
"412560","4125605","São Mateus do Sul","PR",1341.714,"41","412560 SAO MATEUS DO SUL",2.39227572966504,1.05555555555555,43413,15.5240592532039,15.5240592535536,0.60716374720119,"4264","Not significant"
"412570","4125704","São Miguel do Iguaçu","PR",851.917,"41","412570 SAO MIGUEL DO IGUACU",0.817359804193651,0.222222222222222,30198,15.5240592532039,15.5240592537066,0.207444805661868,"4265","Not significant"
"412575","4125753","São Pedro do Iguaçu","PR",308.324,"41","412575 SAO PEDRO DO IGUACU",2.67731540232233,0.166666666666667,5769,15.5240592532039,15.5240592558352,0.679507771621573,"4266","Not significant"
"412580","4125803","São Pedro do Ivaí","PR",322.692,"41","412580 SAO PEDRO DO IVAI",3.12155207740053,0.333333333333333,8611,15.5240592532039,15.5240592549667,0.792256529002673,"4267","Not significant"
"412590","4125902","São Pedro do Paraná","PR",250.654,"41","412590 SAO PEDRO DO PARANA",0,0,2722,15.5240592532039,15.5240592587806,-3.85270942799396e-06,"4268","Not significant"
"412600","4126009","São Sebastião da Amoreira","PR",226.872,"41","412600 SAO SEBASTIAO DA AMOREIRA",1.90852757897457,0.166666666666666,8100,15.5240592532039,15.524059255078,0.484386844843889,"4269","Not significant"
"412610","4126108","São Tomé","PR",218.623,"41","412610 SAO TOME",0,0,5290,15.5240592532039,15.5240592560734,-3.85270942832989e-06,"4270","Not significant"
"412620","4126207","Sapopema","PR",677.609,"41","412620 SAPOPEMA",0,0,6784,15.5240592532039,15.5240592554415,-3.8527094284083e-06,"4271","Not significant"
"412625","4126256","Sarandi","PR",103.501,"41","412625 SARANDI",0.50581950734602,0.5,125785,15.5240592532039,15.5240592533246,0.128374833934908,"4272","Not significant"
"412627","4126272","Saudade do Iguaçu","PR",152.084,"41","412627 SAUDADE DO IGUACU",4.99082982538642,0.277777777777778,6342,15.5240592532039,15.5240592555974,1.26668548784874,"4273","Not significant"
"412630","4126306","Sengés","PR",1441.333,"41","412630 SENGES",0.286767953107704,0.0555555555555556,17344,15.5240592532039,15.5240592540791,0.0727788151317562,"4274","Not significant"
"412635","4126355","Serranópolis do Iguaçu","PR",482.394,"41","412635 SERRANOPOLIS DO IGUACU",15.4122625442617,0.722222222222222,5138,15.5240592532039,15.5240592561583,3.91168004784031,"4275","Not significant"
"412640","4126405","Sertaneja","PR",444.492,"41","412640 SERTANEJA",4.88621259839677,0.277777777777778,5667,15.5240592532039,15.5240592558825,1.24013328491661,"4276","Not significant"
"412650","4126504","Sertanópolis","PR",505.532,"41","412650 SERTANOPOLIS",3.81945398856677,0.61111111111111,16183,15.5240592532039,15.5240592541419,0.969386373678853,"4277","Not significant"
"412660","4126603","Siqueira Campos","PR",278.035,"41","412660 SIQUEIRA CAMPOS",0.553464287527877,0.111111111111111,23712,15.5240592532039,15.5240592538441,0.140467238864305,"4278","Not significant"
"412665","4126652","Sulina","PR",170.759,"41","412665 SULINA",5.04144337197095,0.166666666666667,3495,15.5240592532039,15.5240592575472,1.27953137556451,"4279","Not significant"
"412667","4126678","Tamarana","PR",472.155,"41","412667 TAMARANA",6.03582697198921,0.722222222222223,10645,15.5240592532039,15.5240592546299,1.53190926687255,"4280","Not significant"
"412670","4126702","Tamboara","PR",193.346,"41","412670 TAMBOARA",1.09706863261366,0.0555555555555555,4979,15.5240592532039,15.5240592562527,0.278435843970777,"4281","Not significant"
"412680","4126801","Tapejara","PR",591.399,"41","412680 TAPEJARA",0,0,16255,15.5240592532039,15.5240592541378,-3.85270942857008e-06,"4282","Not significant"
"412690","4126900","Tapira","PR",434.371,"41","412690 TAPIRA",0,0,5813,15.5240592532039,15.5240592558153,-3.85270942836193e-06,"4283","Not significant"
"412700","4127007","Teixeira Soares","PR",902.793,"41","412700 TEIXEIRA SOARES",6.90261777267409,0.722222222222222,9581,15.5240592532039,15.5240592547883,1.75190367784729,"4284","Not significant"
"412710","4127106","Telêmaco Borba","PR",1382.86,"41","412710 TELEMACO BORBA",1.88608166700777,1.38888888888889,77182,15.5240592532039,15.5240592534006,0.478689997166526,"4285","Not significant"
"412720","4127205","Terra Boa","PR",320.85,"41","412720 TERRA BOA",0,0,18048,15.5240592532039,15.524059254045,-3.8527094285816e-06,"4286","Not significant"
"412730","4127304","Terra Rica","PR",700.599,"41","412730 TERRA RICA",0,0,14989,15.5240592532039,15.5240592542166,-3.8527094285603e-06,"4287","Low-Low"
"412740","4127403","Terra Roxa","PR",800.807,"41","412740 TERRA ROXA",0.748308866957157,0.111111111111111,18548,15.5240592532039,15.5240592540223,0.189919446307181,"4288","Not significant"
"412750","4127502","Tibagi","PR",2977.933,"41","412750 TIBAGI",1.08799468896598,0.222222222222222,20304,15.5240592532039,15.5240592539515,0.27613284667472,"4289","Not significant"
"412760","4127601","Tijucas do Sul","PR",671.889,"41","412760 TIJUCAS DO SUL",3.15193396179065,0.5,18279,15.5240592532039,15.5240592540343,0.799967553134964,"4290","Not significant"
"412770","4127700","Toledo","PR",1198.049,"41","412770 TOLEDO",0.952125043192205,1.27777777777778,158620,15.5240592532039,15.5240592532996,0.241648675101602,"4291","Not significant"
"412780","4127809","Tomazina","PR",591.438,"41","412780 TOMAZINA",1.96493995192161,0.166666666666667,8495,15.5240592532039,15.5240592549908,0.498704494211999,"4292","Not significant"
"412785","4127858","Três Barras do Paraná","PR",505.505,"41","412785 TRES BARRAS DO PARANA",3.22363963375307,0.388888888888889,11197,15.5240592532039,15.5240592545596,0.818166693046695,"4293","Not significant"
"412788","4127882","Tunas do Paraná","PR",668.478,"41","412788 TUNAS DO PARANA",0.779508286173083,0.0555555555555556,6302,15.5240592532039,15.5240592556126,0.197837963484992,"4294","Not significant"
"412790","4127908","Tuneiras do Oeste","PR",698.871,"41","412790 TUNEIRAS DO OESTE",0,0,8095,15.5240592532039,15.5240592550791,-3.85270942845327e-06,"4295","Low-Low"
"412795","4127957","Tupãssi","PR",299.769,"41","412795 TUPASSI",0.677176445094533,0.0555555555555555,8204,15.5240592532039,15.5240592550542,0.171865799172945,"4296","Not significant"
"412796","4127965","Turvo","PR",938.966,"41","412796 TURVO",0.730830552929203,0.111111111111111,14443,15.5240592532039,15.5240592542549,0.185483391612313,"4297","Not significant"
"412800","4128005","Ubiratã","PR",652.581,"41","412800 UBIRATA",2.27867369129276,0.5,25517,15.5240592532039,15.5240592537988,0.57833116902508,"4298","Not significant"
"412810","4128104","Umuarama","PR",1234.537,"41","412810 UMUARAMA",0.252750207898508,0.277777777777778,121972,15.5240592532039,15.5240592533283,0.0641449973603113,"4299","Not significant"
"412820","4128203","União da Vitória","PR",719.998,"41","412820 UNIAO DA VITORIA",2.80162529208745,1.55555555555556,56397,15.5240592532039,15.5240592534731,0.711058038424756,"4300","Not significant"
"412830","4128302","Uniflor","PR",94.819,"41","412830 UNIFLOR",2.11801584275851,0.0555555555555556,2121,15.5240592532039,15.5240592603608,0.537555668374062,"4301","Not significant"
"412840","4128401","Uraí","PR",237.81,"41","412840 URAI",3.38480492719619,0.388888888888889,10407,15.5240592532039,15.5240592546625,0.859070984799246,"4302","Not significant"
"412850","4128500","Wenceslau Braz","PR",397.916,"41","412850 WENCESLAU BRAZ",0.279792282209688,0.0555555555555556,19430,15.5240592532039,15.5240592539852,0.0710083664732638,"4303","Not significant"
"412853","4128534","Ventania","PR",819.334,"41","412853 VENTANIA",1.49833310171998,0.166666666666667,9779,15.5240592532039,15.5240592547562,0.38027811141437,"4304","Not significant"
"412855","4128559","Vera Cruz do Oeste","PR",327.09,"41","412855 VERA CRUZ DO OESTE",8.72099119986352,0.777777777777778,8227,15.5240592532039,15.524059255049,2.213412949437,"4305","Not significant"
"412860","4128609","Verê","PR",311.801,"41","412860 VERE",8.72543521779908,0.666666666666667,8051,15.5240592532039,15.5240592550894,2.21454085608398,"4306","Not significant"
"412862","4128625","Alto Paraíso","PR",967.772,"41","412862 ALTO PARAISO",0,0,3077,15.5240592532039,15.5240592581372,-3.8527094280738e-06,"4307","Low-Low"
"412863","4128633","Doutor Ulysses","PR",777.482,"41","412863 DOUTOR ULYSSES",0.973633991509911,0.0555555555555555,5773,15.5240592532039,15.5240592558334,0.247107718269822,"4308","Not significant"
"412865","4128658","Virmond","PR",249.094,"41","412865 VIRMOND",2.73139261442314,0.111111111111111,3842,15.5240592532039,15.5240592571549,0.693232749307486,"4309","Not significant"
"412870","4128708","Vitorino","PR",308.218,"41","412870 VITORINO",0.572383634407128,0.0555555555555558,10280,15.5240592532039,15.5240592546805,0.145269032522383,"4310","Not significant"
"412880","4128807","Xambrê","PR",359.712,"41","412880 XAMBRE",0,0,5851,15.5240592532039,15.5240592557983,-3.85270942836403e-06,"4311","Low-Low"
"420005","4200051","Abdon Batista","SC",237.517,"42","420005 ABDON BATISTA",0,0,2633,15.5240592532039,15.5240592589691,-3.85270942797057e-06,"4312","Not significant"
"420010","4200101","Abelardo Luz","SC",953.992,"42","420010 ABELARDO LUZ",0.941605691000523,0.166666666666667,17736,15.5240592532039,15.5240592540598,0.238978828245035,"4313","Not significant"
"420020","4200200","Agrolândia","SC",206.815,"42","420020 AGROLANDIA",1.5992175365192,0.166666666666667,11491,15.5240592532039,15.5240592545249,0.405882919167372,"4314","Not significant"
"420030","4200309","Agronômica","SC",129.774,"42","420030 AGRONOMICA",14.850595583996,0.777777777777778,6394,15.5240592532039,15.524059255578,3.76912709050868,"4315","High-High"
"420040","4200408","Água Doce","SC",1319.137,"42","420040 AGUA DOCE",2.39395050238713,0.166666666666667,6625,15.5240592532039,15.5240592554952,0.607588810094469,"4316","Not significant"
"420050","4200507","Águas de Chapecó","SC",139.511,"42","420050 AGUAS DE CHAPECO",7.14447278641609,0.444444444444444,6128,15.5240592532039,15.524059255681,1.81328729106066,"4317","Not significant"
"420055","4200556","Águas Frias","SC",76.631,"42","420055 AGUAS FRIAS",1.95687057258033,0.0555555555555555,2963,15.5240592532039,15.524059258327,0.496656458630605,"4318","Not significant"
"420060","4200606","Águas Mornas","SC",326.66,"42","420060 AGUAS MORNAS",46.3416917548254,2.72222222222222,7082,15.5240592532039,15.5240592553473,11.7616728670929,"4319","High-High"
"420070","4200705","Alfredo Wagner","SC",733.489,"42","420070 ALFREDO WAGNER",2.8121314971263,0.277777777777778,10862,15.5240592532039,15.5240592546014,0.713724548458056,"4320","High-High"
"420075","4200754","Alto Bela Vista","SC",103.433,"42","420075 ALTO BELA VISTA",2.99329501915709,0.0555555555555556,1860,15.5240592532039,15.5240592613651,0.759704457504142,"4321","Not significant"
"420080","4200804","Anchieta","SC",232.348,"42","420080 ANCHIETA",3.82477492230047,0.222222222222222,5984,15.5240592532039,15.5240592557406,0.970736844448032,"4322","High-High"
"420090","4200903","Angelina","SC",499.998,"42","420090 ANGELINA",33.7107597164838,1.72222222222222,5472,15.5240592532039,15.524059255978,8.55589997259447,"4323","High-High"
"420100","4201000","Anita Garibaldi","SC",589.812,"42","420100 ANITA GARIBALDI",0.689702738119872,0.0555555555555557,8367,15.5240592532039,15.5240592550181,0.175045014335218,"4324","Not significant"
"420110","4201109","Anitápolis","SC",540.636,"42","420110 ANITAPOLIS",20.2326461998923,0.666666666666667,3726,15.5240592532039,15.5240592572779,5.13510957891652,"4325","High-High"
"420120","4201208","Antônio Carlos","SC",234.422,"42","420120 ANTONIO CARLOS",97.6904392631411,7.72222222222222,12118,15.5240592532039,15.5240592544566,24.7941571231223,"4326","High-High"
"420125","4201257","Apiúna","SC",493.49,"42","420125 APIUNA",3.61519713611766,0.388888888888889,10020,15.5240592532039,15.5240592547189,0.917545299772783,"4327","Not significant"
"420127","4201273","Arabutã","SC",132.779,"42","420127 ARABUTA",25.0293013896303,1.05555555555556,4487,15.5240592532039,15.524059256587,6.35251674608645,"4328","High-High"
"420130","4201307","Araquari","SC",386.693,"42","420130 ARAQUARI",3.56756066068595,1.27777777777778,50178,15.5240592532039,15.5240592535064,0.905455002650365,"4329","High-High"
"420140","4201406","Araranguá","SC",301.819,"42","420140 ARARANGUA",1.68711579006216,1.11111111111111,75597,15.5240592532039,15.5240592534047,0.428191790596157,"4330","Not significant"
"420150","4201505","Armazém","SC",173.958,"42","420150 ARMAZEM",2.58776715807489,0.222222222222222,9188,15.5240592532039,15.524059254856,0.656780127057795,"4331","High-High"
"420160","4201604","Arroio Trinta","SC",93.53,"42","420160 ARROIO TRINTA",6.20186029902948,0.222222222222222,3628,15.5240592532039,15.524059257388,1.57404908173424,"4332","Not significant"
"420165","4201653","Arvoredo","SC",90.503,"42","420165 ARVOREDO",4.90778150652114,0.111111111111111,2600,15.5240592532039,15.5240592590423,1.24560754597772,"4333","Not significant"
"420170","4201703","Ascurra","SC",112.884,"42","420170 ASCURRA",5.64617550888556,0.444444444444444,8635,15.5240592532039,15.5240592549618,1.43301441928076,"4334","High-High"
"420180","4201802","Atalanta","SC",94.383,"42","420180 ATALANTA",1.69325070269904,0.0555555555555555,3270,15.5240592532039,15.5240592578461,0.429748851928242,"4335","Not significant"
"420190","4201901","Aurora","SC",207.045,"42","420190 AURORA",23.3397714102879,1.27777777777778,7127,15.5240592532039,15.5240592553338,5.9237083737314,"4336","High-High"
"420195","4201950","Balneário Arroio do Silva","SC",94.477,"42","420195 BALNEARIO ARROIO DO SILVA",0,0,17215,15.5240592532039,15.5240592540857,-3.85270942857655e-06,"4337","Not significant"
"420200","4202008","Balneário Camboriú","SC",45.214,"42","420200 BALNEARIO CAMBORIU",3.5954291742538,4,148758,15.5240592532039,15.5240592533059,0.912528124824519,"4338","Not significant"
"420205","4202057","Balneário Barra do Sul","SC",108.914,"42","420205 BALNEARIO BARRA DO SUL",3.47534657135067,0.388888888888889,16360,15.5240592532039,15.5240592541318,0.882050757626288,"4339","Not significant"
"420207","4202073","Balneário Gaivota","SC",146.834,"42","420207 BALNEARIO GAIVOTA",0,0,17306,15.5240592532039,15.524059254081,-3.85270942857712e-06,"4340","Not significant"
"420208","4202081","Bandeirante","SC",148.074,"42","420208 BANDEIRANTE",13.835232638351,0.388888888888889,3243,15.5240592532039,15.5240592578847,3.51142457081807,"4341","High-High"
"420209","4202099","Barra Bonita","SC",92.561,"42","420209 BARRA BONITA",0,0,1662,15.5240592532039,15.5240592623374,-3.8527094275526e-06,"4342","Low-High"
"420210","4202107","Barra Velha","SC",138.947,"42","420210 BARRA VELHA",3.93780313692397,1.05555555555556,50730,15.5240592532039,15.5240592535031,0.999423784298486,"4343","High-High"
"420213","4202131","Bela Vista do Toldo","SC",535.682,"42","420213 BELA VISTA DO TOLDO",0,0,5950,15.5240592532039,15.5240592557551,-3.85270942836939e-06,"4344","Not significant"
"420215","4202156","Belmonte","SC",93.852,"42","420215 BELMONTE",14.4000958726774,0.388888888888888,2709,15.5240592532039,15.5240592588074,3.65478875317513,"4345","High-High"
"420220","4202206","Benedito Novo","SC",388.291,"42","420220 BENEDITO NOVO",12.8429981221293,1.38888888888889,10738,15.5240592532039,15.5240592546176,3.25959212467166,"4346","High-High"
"420230","4202305","Biguaçu","SC",365.755,"42","420230 BIGUACU",8.61118050946291,5.38888888888889,82028,15.5240592532039,15.5240592533889,2.18554262820876,"4347","High-High"
"420240","4202404","Blumenau","SC",518.619,"42","420240 BLUMENAU",7.60315800323165,24,380597,15.5240592532039,15.5240592532438,1.92970313690076,"4348","High-High"
"420243","4202438","Bocaina do Sul","SC",510.673,"42","420243 BOCAINA DO SUL",1.59918121921576,0.0555555555555555,3618,15.5240592532039,15.5240592573996,0.405873701676432,"4349","Not significant"
"420245","4202453","Bombinhas","SC",35.143,"42","420245 BOMBINHAS",2.69820898798492,0.444444444444445,27732,15.5240592532039,15.5240592537513,0.684810633750717,"4350","Not significant"
"420250","4202503","Bom Jardim da Serra","SC",938.516,"42","420250 BOM JARDIM DA SERRA",2.37495630430666,0.111111111111111,4028,15.5240592532039,15.5240592569725,0.602768018918256,"4351","Not significant"
"420253","4202537","Bom Jesus","SC",63.883,"42","420253 BOM JESUS",0,0,2872,15.5240592532039,15.5240592584894,-3.8527094280301e-06,"4352","Not significant"
"420257","4202578","Bom Jesus do Oeste","SC",67.777,"42","420257 BOM JESUS DO OESTE",5.1861740883299,0.111111111111111,2234,15.5240592532039,15.5240592599988,1.31626451645433,"4353","High-High"
"420260","4202602","Bom Retiro","SC",1057.034,"42","420260 BOM RETIRO",4.24173458499526,0.388888888888889,8468,15.5240592532039,15.5240592549965,1.07656260464888,"4354","Not significant"
"420270","4202701","Botuverá","SC",296.256,"42","420270 BOTUVERA",8.17773695651911,0.388888888888889,5623,15.5240592532039,15.5240592559035,2.07553320125278,"4355","High-High"
"420280","4202800","Braço do Norte","SC",212.045,"42","420280 BRACO DO NORTE",7.74667601938969,2.38888888888889,35534,15.5240592532039,15.5240592536311,1.96612849049869,"4356","High-High"
"420285","4202859","Braço do Trombudo","SC",89.411,"42","420285 BRACO DO TROMBUDO",2.89927919203045,0.111111111111111,4203,15.5240592532039,15.5240592568156,0.735842925520211,"4357","Not significant"
"420287","4202875","Brunópolis","SC",336.439,"42","420287 BRUNOPOLIS",0,0,2466,15.5240592532039,15.5240592593596,-3.85270942792212e-06,"4358","Not significant"
"420290","4202909","Brusque","SC",284.675,"42","420290 BRUSQUE",5.14240205823156,5.88888888888889,151949,15.5240592532039,15.5240592533038,1.30515502876038,"4359","High-High"
"420300","4203006","Caçador","SC",983.424,"42","420300 CACADOR",0.585027887729829,0.444444444444444,75998,15.5240592532039,15.5240592534036,0.148478186409511,"4360","Not significant"
"420310","4203105","Caibi","SC",173.079,"42","420310 CAIBI",10.6867147751669,0.666666666666667,6431,15.5240592532039,15.5240592555643,2.71232018255374,"4361","High-High"
"420315","4203154","Calmon","SC",636.208,"42","420315 CALMON",0,0,3513,15.5240592532039,15.524059257525,-3.85270942814977e-06,"4362","Not significant"
"420320","4203204","Camboriú","SC",210.568,"42","420320 CAMBORIU",5.24444399391295,3.33333333333333,113525,15.5240592532039,15.5240592533376,1.33105361411434,"4363","High-High"
"420325","4203253","Capão Alto","SC",1331.962,"42","420325 CAPAO ALTO",2.1735350373848,0.0555555555555555,2647,15.5240592532039,15.5240592589386,0.551646626111613,"4364","Not significant"
"420330","4203303","Campo Alegre","SC",499.216,"42","420330 CAMPO ALEGRE",1.35896244972125,0.166666666666667,12815,15.5240592532039,15.5240592543884,0.344905372724737,"4365","Low-High"
"420340","4203402","Campo Belo do Sul","SC",1025.638,"42","420340 CAMPO BELO DO SUL",0,0,7342,15.5240592532039,15.5240592552714,-3.85270942842941e-06,"4366","Not significant"
"420350","4203501","Campo Erê","SC",479.161,"42","420350 CAMPO ERE",4.66256123067539,0.444444444444444,9838,15.5240592532039,15.5240592547469,1.18336981808104,"4367","Not significant"
"420360","4203600","Campos Novos","SC",1717.697,"42","420360 CAMPOS NOVOS",0.498998513925979,0.166666666666667,38656,15.5240592532039,15.5240592535966,0.12664364293749,"4368","Not significant"
"420370","4203709","Canelinha","SC",151.008,"42","420370 CANELINHA",7.22427152223989,0.833333333333334,13413,15.5240592532039,15.5240592543356,1.8335404778033,"4369","High-High"
"420380","4203808","Canoinhas","SC",1148.036,"42","420380 CANOINHAS",1.4378079186906,0.777777777777778,56721,15.5240592532039,15.5240592534715,0.364916617076215,"4370","Not significant"
"420390","4203907","Capinzal","SC",244.057,"42","420390 CAPINZAL",0.584980052180222,0.111111111111111,24176,15.5240592532039,15.5240592538318,0.148466045584612,"4371","Not significant"
"420395","4203956","Capivari de Baixo","SC",53.222,"42","420395 CAPIVARI DE BAIXO",4.65821625083168,1.05555555555556,24799,15.5240592532039,15.524059253816,1.18226704766635,"4372","Not significant"
"420400","4204004","Catanduvas","SC",199.166,"42","420400 CATANDUVAS",0.570034430079578,0.0555555555555557,10938,15.5240592532039,15.5240592545917,0.144672796589155,"4373","Not significant"
"420410","4204103","Caxambu do Sul","SC",140.873,"42","420410 CAXAMBU DO SUL",0,0,4732,15.5240592532039,15.5240592564118,-3.8527094282879e-06,"4374","Not significant"
"420415","4204152","Celso Ramos","SC",208.391,"42","420415 CELSO RAMOS",0,0,2860,15.5240592532039,15.5240592585115,-3.85270942802735e-06,"4375","Not significant"
"420417","4204178","Cerro Negro","SC",418.544,"42","420417 CERRO NEGRO",1.7073004165813,0.0555555555555555,3326,15.5240592532039,15.5240592577679,0.433314716411576,"4376","Not significant"
"420419","4204194","Chapadão do Lageado","SC",124.866,"42","420419 CHAPADAO DO LAGEADO",3.71121909277654,0.111111111111111,3036,15.5240592532039,15.5240592582039,0.941915994164412,"4377","Not significant"
"420420","4204202","Chapecó","SC",624.846,"42","420420 CHAPECO",1.46678432497524,2.94444444444445,275959,15.5240592532039,15.5240592532589,0.372270926132591,"4378","Low-High"
"420425","4204251","Cocal do Sul","SC",70.965,"42","420425 COCAL DO SUL",2.39794357349119,0.388888888888889,17912,15.5240592532039,15.5240592540514,0.608602264955049,"4379","Not significant"
"420430","4204301","Concórdia","SC",799.194,"42","420430 CONCORDIA",5.01051813464833,3.61111111111111,85982,15.5240592532039,15.5240592533804,1.2716824468318,"4380","High-High"
"420435","4204350","Cordilheira Alta","SC",83.556,"42","420435 CORDILHEIRA ALTA",4.13041503120843,0.166666666666667,5099,15.5240592532039,15.5240592561809,1.04830932867811,"4381","Not significant"
"420440","4204400","Coronel Freitas","SC",233.698,"42","420440 CORONEL FREITAS",4.33047186195473,0.444444444444444,10583,15.5240592532039,15.5240592546383,1.09908442303035,"4382","High-High"
"420445","4204459","Coronel Martins","SC",107.502,"42","420445 CORONEL MARTINS",2.73942581634889,0.0555555555555556,2028,15.5240592532039,15.524059260689,0.695271602806888,"4383","Not significant"
"420450","4204509","Corupá","SC",405.761,"42","420450 CORUPA",28.8691237675283,4.16666666666667,15781,15.5240592532039,15.5240592541658,7.32707653846329,"4384","Not significant"
"420455","4204558","Correia Pinto","SC",647.388,"42","420455 CORREIA PINTO",0.37575620937136,0.0555555555555556,16163,15.5240592532039,15.5240592541431,0.0953643328897847,"4385","Not significant"
"420460","4204608","Criciúma","SC",234.865,"42","420460 CRICIUMA",1.16476971027446,2.38888888888889,225281,15.5240592532039,15.5240592532713,0.295618604465013,"4386","Not significant"
"420470","4204707","Cunha Porã","SC",220.099,"42","420470 CUNHA PORA",6.08484284774884,0.666666666666667,11208,15.5240592532039,15.5240592545583,1.54434966046135,"4387","High-High"
"420475","4204756","Cunhataí","SC",54.811,"42","420475 CUNHATAI",0,0,2018,15.5240592532039,15.5240592607261,-3.85270942775254e-06,"4388","Not significant"
"420480","4204806","Curitibanos","SC",949.865,"42","420480 CURITIBANOS",0.713415353697294,0.277777777777778,41512,15.5240592532039,15.5240592535696,0.181063355669682,"4389","Not significant"
"420490","4204905","Descanso","SC",287.057,"42","420490 DESCANSO",22.9480240590995,1.94444444444444,8660,15.5240592532039,15.5240592549568,5.8242815828059,"4390","High-High"
"420500","4205001","Dionísio Cerqueira","SC",378.843,"42","420500 DIONISIO CERQUEIRA",1.45273803579169,0.222222222222222,15294,15.5240592532039,15.5240592541964,0.368705930838702,"4391","Not significant"
"420510","4205100","Dona Emma","SC",178.157,"42","420510 DONA EMMA",3.95951618101737,0.166666666666666,4388,15.5240592532039,15.5240592566633,1.00493462757662,"4392","High-High"
"420515","4205159","Doutor Pedrinho","SC",374.205,"42","420515 DOUTOR PEDRINHO",24.5565003463155,0.888888888888889,3719,15.5240592532039,15.5240592572856,6.23251825617478,"4393","Not significant"
"420517","4205175","Entre Rios","SC",103.888,"42","420517 ENTRE RIOS",3.31814370764752,0.111111111111111,3525,15.5240592532039,15.5240592575102,0.842152143730083,"4394","Not significant"
"420519","4205191","Ermo","SC",65.311,"42","420519 ERMO",16.3612059334267,0.333333333333333,2349,15.5240592532039,15.5240592596662,4.15252506070193,"4395","Not significant"
"420520","4205209","Erval Velho","SC",208.841,"42","420520 ERVAL VELHO",1.15164916159941,0.0555555555555556,5081,15.5240592532039,15.5240592561915,0.292288565199225,"4396","Not significant"
"420530","4205308","Faxinal dos Guedes","SC",340.07,"42","420530 FAXINAL DOS GUEDES",1.04467586490015,0.111111111111111,11486,15.5240592532039,15.5240592545255,0.265138383902623,"4397","Not significant"
"420535","4205357","Flor do Sertão","SC",58.457,"42","420535 FLOR DO SERTAO",28.0459411165897,0.444444444444444,1850,15.5240592532039,15.5240592614092,7.11815002041042,"4398","High-High"
"420540","4205407","Florianópolis","SC",674.844,"42","420540 FLORIANOPOLIS",3.98452787688532,18.4444444444444,576361,15.5240592532039,15.5240592532302,1.0112826799468,"4399","High-High"
"420543","4205431","Formosa do Sul","SC",100.408,"42","420543 FORMOSA DO SUL",4.3774907323142,0.111111111111111,2743,15.5240592532039,15.5240592587379,1.1110179698037,"4400","High-High"
"420545","4205456","Forquilhinha","SC",183.351,"42","420545 FORQUILHINHA",7.84989548851683,1.88888888888889,33929,15.5240592532039,15.5240592536513,1.99232593778855,"4401","High-High"
"420550","4205506","Fraiburgo","SC",549.188,"42","420550 FRAIBURGO",0.460501338906001,0.166666666666667,34148,15.5240592532039,15.5240592536484,0.116872930861618,"4402","Not significant"
"420555","4205555","Frei Rogério","SC",158.775,"42","420555 FREI ROGERIO",2.27500227500228,0.0555555555555556,2442,15.5240592532039,15.5240592594201,0.577399351158189,"4403","Not significant"
"420560","4205605","Galvão","SC",139.836,"42","420560 GALVAO",3.81312897003049,0.111111111111111,3200,15.5240592532039,15.5240592579476,0.967781062652137,"4404","Not significant"
"420570","4205704","Garopaba","SC",114.773,"42","420570 GAROPABA",1.59770508130457,0.388888888888889,32962,15.5240592532039,15.5240592536644,0.405499052974885,"4405","Not significant"
"420580","4205803","Garuva","SC",503.595,"42","420580 GARUVA",10.518872998453,1.72222222222222,19554,15.5240592532039,15.5240592539802,2.66972137710003,"4406","Not significant"
"420590","4205902","Gaspar","SC",386.616,"42","420590 GASPAR",8.23406718648039,4.88888888888889,76982,15.5240592532039,15.5240592534011,2.08983000262239,"4407","High-High"
"420600","4206009","Governador Celso Ramos","SC",127.556,"42","420600 GOVERNADOR CELSO RAMOS",8.56323609603415,1.22222222222222,17920,15.5240592532039,15.524059254051,2.17337417530816,"4408","High-High"
"420610","4206108","Grão-Pará","SC",334.362,"42","420610 GRAO PARA",22.4110139723027,1.44444444444444,6397,15.5240592532039,15.5240592555769,5.68798662242902,"4409","High-High"
"420620","4206207","Gravatal","SC",165.718,"42","420620 GRAVATAL",5.56773548828988,0.611111111111111,12989,15.5240592532039,15.5240592543726,1.41310607912368,"4410","High-High"
"420630","4206306","Guabiruba","SC",172.173,"42","420630 GUABIRUBA",2.8247429109295,0.555555555555556,26082,15.5240592532039,15.5240592537859,0.716925367577778,"4411","High-High"
"420640","4206405","Guaraciaba","SC",331.766,"42","420640 GUARACIABA",13.2069591129586,1.38888888888889,11040,15.5240592532039,15.5240592545789,3.35196664426614,"4412","Not significant"
"420650","4206504","Guaramirim","SC",267.514,"42","420650 GUARAMIRIM",35.573476983985,13,49941,15.5240592532039,15.5240592535078,9.02866386022927,"4413","High-High"
"420660","4206603","Guarujá do Sul","SC",100.63,"42","420660 GUARUJA DO SUL",1.12437878072365,0.0555555555555556,4899,15.5240592532039,15.5240592563025,0.285367251112936,"4414","Not significant"
"420665","4206652","Guatambú","SC",206.196,"42","420665 GUATAMBU",2.38957290284761,0.111111111111111,9267,15.5240592532039,15.524059254842,0.606477760668965,"4415","Not significant"
"420670","4206702","Herval d'Oeste","SC",216.581,"42","420670 HERVAL D'OESTE",1.32829406214876,0.277777777777778,22173,15.5240592532039,15.5240592538885,0.337121633153613,"4416","Not significant"
"420675","4206751","Ibiam","SC",146.009,"42","420675 IBIAM",2.81864817633463,0.0555555555555555,2055,15.5240592532039,15.5240592605907,0.715378503349199,"4417","Not significant"
"420680","4206801","Ibicaré","SC",156.439,"42","420680 IBICARE",10.2378627278525,0.333333333333333,3304,15.5240592532039,15.5240592577983,2.5984000280611,"4418","Not significant"
"420690","4206900","Ibirama","SC",247.102,"42","420690 IBIRAMA",2.10277751305209,0.388888888888889,20663,15.5240592532039,15.5240592539385,0.533688129321754,"4419","High-High"
"420700","4207007","Içara","SC",230.393,"42","420700 ICARA",1.95757971641801,1.11111111111111,62455,15.5240592532039,15.5240592534469,0.496836441791966,"4420","Not significant"
"420710","4207106","Ilhota","SC",253.024,"42","420710 ILHOTA",15.9727484168477,2,18197,15.5240592532039,15.5240592540381,4.05393324150675,"4421","High-High"
"420720","4207205","Imaruí","SC",542.238,"42","420720 IMARUI",3.00754415165293,0.333333333333334,12127,15.5240592532039,15.5240592544556,0.763320935268484,"4422","High-High"
"420730","4207304","Imbituba","SC",181.577,"42","420730 IMBITUBA",2.42920758998606,1,56107,15.5240592532039,15.5240592534744,0.61653717716039,"4423","Not significant"
"420740","4207403","Imbuia","SC",119.113,"42","420740 IMBUIA",4.55525384975836,0.277777777777778,6139,15.5240592532039,15.5240592556766,1.1561348450399,"4424","High-High"
"420750","4207502","Indaial","SC",430.799,"42","420750 INDAIAL",3.98121893930889,2.38888888888889,76333,15.5240592532039,15.5240592534028,1.0104428604916,"4425","High-High"
"420757","4207577","Iomerê","SC",113.986,"42","420757 IOMERE",1.88132595853558,0.0555555555555556,2953,15.5240592532039,15.5240592583444,0.477482982337497,"4426","Not significant"
"420760","4207601","Ipira","SC",155.651,"42","420760 IPIRA",4.74748508422131,0.222222222222222,4635,15.5240592532039,15.5240592564789,1.20492377673658,"4427","Not significant"
"420765","4207650","Iporã do Oeste","SC",200.96,"42","420765 IPORA DO OESTE",67.0464120711657,5.61111111111112,9672,15.5240592532039,15.5240592547734,17.0166002926533,"4428","High-High"
"420768","4207684","Ipuaçu","SC",261.081,"42","420768 IPUACU",2.99501966269611,0.222222222222222,8046,15.5240592532039,15.5240592550905,0.760142177969445,"4429","Not significant"
"420770","4207700","Ipumirim","SC",245.921,"42","420770 IPUMIRIM",19.6218246610487,1.44444444444444,8065,15.5240592532039,15.5240592550861,4.98008102504671,"4430","High-High"
"420775","4207759","Iraceminha","SC",165.147,"42","420775 IRACEMINHA",19.272939764331,0.777777777777777,4005,15.5240592532039,15.5240592569941,4.89153286838271,"4431","High-High"
"420780","4207809","Irani","SC",325.862,"42","420780 IRANI",3.79787601748006,0.388888888888889,10497,15.5240592532039,15.52405925465,0.963909812264677,"4432","Not significant"
"420785","4207858","Irati","SC",77.912,"42","420785 IRATI",0,0,2100,15.5240592532039,15.5240592604324,-3.85270942778899e-06,"4433","Low-High"
"420790","4207908","Irineópolis","SC",589.698,"42","420790 IRINEOPOLIS",3.12328374901367,0.333333333333334,10437,15.5240592532039,15.5240592546583,0.792696033071093,"4434","Not significant"
"420800","4208005","Itá","SC",166.265,"42","420800 ITA",11.049655513485,0.722222222222222,7310,15.5240592532039,15.5240592552805,2.80443575865929,"4435","High-High"
"420810","4208104","Itaiópolis","SC",1297.543,"42","420810 ITAIOPOLIS",2.32332719707207,0.5,22741,15.5240592532039,15.5240592538714,0.589664378484133,"4436","Not significant"
"420820","4208203","Itajaí","SC",289.215,"42","420820 ITAJAI",8.33032621659641,15.3333333333333,287289,15.5240592532039,15.5240592532567,2.11426086716879,"4437","High-High"
"420830","4208302","Itapema","SC",58.21,"42","420830 ITAPEMA",5.84831771079609,2.72222222222222,83330,15.5240592532039,15.5240592533861,1.48431878784805,"4438","High-High"
"420840","4208401","Itapiranga","SC",281.782,"42","420840 ITAPIRANGA",2.68809072973588,0.444444444444445,17149,15.5240592532039,15.5240592540891,0.682242585879861,"4439","High-High"
"420845","4208450","Itapoá","SC",245.394,"42","420845 ITAPOA",3.65308330660359,0.722222222222223,34546,15.5240592532039,15.5240592536433,0.927160936881192,"4440","High-High"
"420850","4208500","Ituporanga","SC",336.588,"42","420850 ITUPORANGA",3.58743980691031,0.88888888888889,28042,15.5240592532039,15.5240592537452,0.910500396596768,"4441","High-High"
"420860","4208609","Jaborá","SC",182.483,"42","420860 JABORA",6.69970757206341,0.277777777777778,4435,15.5240592532039,15.5240592566266,1.70040438860968,"4442","Not significant"
"420870","4208708","Jacinto Machado","SC",430.704,"42","420870 JACINTO MACHADO",6.27801996183746,0.666666666666667,10813,15.5240592532039,15.5240592546077,1.59337865960829,"4443","High-High"
"420880","4208807","Jaguaruna","SC",326.362,"42","420880 JAGUARUNA",6.15732133023245,1.11111111111111,21284,15.5240592532039,15.5240592539171,1.56274494231989,"4444","Not significant"
"420890","4208906","Jaraguá do Sul","SC",530.894,"42","420890 JARAGUA DO SUL",14.8767898106513,22.4444444444444,195753,15.5240592532039,15.5240592532814,3.7757752733246,"4445","High-High"
"420895","4208955","Jardinópolis","SC",68.499,"42","420895 JARDINOPOLIS",22.6165543864805,0.388888888888889,1808,15.5240592532039,15.5240592615999,5.74015346747177,"4446","Not significant"
"420900","4209003","Joaçaba","SC",241.637,"42","420900 JOACABA",2.40696061149156,0.666666666666667,31509,15.5240592532039,15.5240592536857,0.610890819434879,"4447","Not significant"
"420910","4209102","Joinville","SC",1127.947,"42","420910 JOINVILLE",6.98385211398089,37.8333333333333,654888,15.5240592532039,15.5240592532271,1.77252122608439,"4448","High-High"
"420915","4209151","José Boiteux","SC",405.552,"42","420915 JOSE BOITEUX",2.0650493979304,0.111111111111111,6307,15.5240592532039,15.5240592556107,0.52411260719829,"4449","High-High"
"420917","4209177","Jupiá","SC",91.448,"42","420917 JUPIA",5.19240264911969,0.111111111111111,2675,15.5240592532039,15.5240592588786,1.31784534611025,"4450","Not significant"
"420920","4209201","Lacerdópolis","SC",69.036,"42","420920 LACERDOPOLIS",4.94927096467089,0.111111111111111,2296,15.5240592532039,15.5240592598153,1.25613770950976,"4451","Not significant"
"420930","4209300","Lages","SC",2637.66,"42","420930 LAGES",0.511520282590686,0.833333333333333,171609,15.5240592532039,15.5240592532923,0.129821709803086,"4452","Not significant"
"420940","4209409","Laguna","SC",333.26,"42","420940 LAGUNA",3.73520849242715,1.77777777777778,43992,15.5240592532039,15.524059253549,0.948004584357579,"4453","Not significant"
"420945","4209458","Lajeado Grande","SC",65.348,"42","420945 LAJEADO GRANDE",0,0,1771,15.5240592532039,15.5240592617753,-3.85270942762236e-06,"4454","Not significant"
"420950","4209508","Laurentino","SC",79.333,"42","420950 LAURENTINO",6.13400872142141,0.388888888888889,8427,15.5240592532039,15.5240592550052,1.55682812399736,"4455","High-High"
"420960","4209607","Lauro Müller","SC",271.852,"42","420960 LAURO MULLER",1.86463054728019,0.277777777777778,14622,15.5240592532039,15.524059254242,0.473245631055368,"4456","Not significant"
"420970","4209706","Lebon Régis","SC",941.64,"42","420970 LEBON REGIS",0,0,11605,15.5240592532039,15.5240592545119,-3.85270942852365e-06,"4457","Not significant"
"420980","4209805","Leoberto Leal","SC",293.6,"42","420980 LEOBERTO LEAL",10.3251411208946,0.333333333333333,3381,15.5240592532039,15.5240592576937,2.62055157680783,"4458","High-High"
"420985","4209854","Lindóia do Sul","SC",190.171,"42","420985 LINDOIA DO SUL",1.21752258504395,0.0555555555555554,4611,15.5240592532039,15.524059256496,0.30900746089511,"4459","Low-High"
"420990","4209904","Lontras","SC",197.586,"42","420990 LONTRAS",6.04073961820055,0.666666666666667,13586,15.5240592532039,15.5240592543212,1.53315611296505,"4460","High-High"
"421000","4210001","Luiz Alves","SC",260.106,"42","421000 LUIZ ALVES",16.6284054052921,1.77777777777778,12126,15.5240592532039,15.5240592544557,4.22034118309974,"4461","High-High"
"421003","4210035","Luzerna","SC",117.099,"42","421003 LUZERNA",1.96498316603613,0.111111111111111,5931,15.5240592532039,15.5240592557633,0.498715462086723,"4462","Not significant"
"421005","4210050","Macieira","SC",261.208,"42","421005 MACIEIRA",12.270871839319,0.222222222222223,1800,15.5240592532039,15.5240592616372,3.11438455543344,"4463","Not significant"
"421010","4210100","Mafra","SC",1404.084,"42","421010 MAFRA",1.00357807407265,0.555555555555556,57023,15.5240592532039,15.5240592534701,0.254707626825821,"4464","Not significant"
"421020","4210209","Major Gercino","SC",306.058,"42","421020 MAJOR GERCINO",23.5149905622347,0.777777777777778,3258,15.5240592532039,15.5240592578632,5.96817958140091,"4465","High-High"
"421030","4210308","Major Vieira","SC",520.816,"42","421030 MAJOR VIEIRA",0,0,7545,15.5240592532039,15.5240592552158,-3.85270942843631e-06,"4466","Not significant"
"421040","4210407","Maracajá","SC",62.902,"42","421040 MARACAJA",2.42982058546783,0.166666666666666,8213,15.5240592532039,15.5240592550522,0.616692757437295,"4467","High-High"
"421050","4210506","Maravilha","SC",170.339,"42","421050 MARAVILHA",11.4178089283128,2.72222222222222,30155,15.5240592532039,15.5240592537073,2.89787432965965,"4468","High-High"
"421055","4210555","Marema","SC",104.184,"42","421055 MAREMA",10.6314568786383,0.222222222222222,2219,15.5240592532039,15.5240592600448,2.69829554278305,"4469","Not significant"
"421060","4210605","Massaranduba","SC",374.459,"42","421060 MASSARANDUBA",41.8238451855142,6.38888888888889,17897,15.5240592532039,15.5240592540521,10.615028262953,"4470","High-High"
"421070","4210704","Matos Costa","SC",435.391,"42","421070 MATOS COSTA",15.7562081855599,0.444444444444445,2795,15.5240592532039,15.524059258635,3.99897460429822,"4471","Not significant"
"421080","4210803","Meleiro","SC",186.439,"42","421080 MELEIRO",15.8192247948814,1.11111111111111,7127,15.5240592532039,15.5240592553338,4.01496843142139,"4472","High-High"
"421085","4210852","Mirim Doce","SC",337.991,"42","421085 MIRIM DOCE",8.8641374079634,0.222222222222222,2554,15.5240592532039,15.5240592591475,2.24974393662879,"4473","Not significant"
"421090","4210902","Modelo","SC",92.346,"42","421090 MODELO",4.00833734167067,0.166666666666667,4156,15.5240592532039,15.5240592568564,1.01732560180799,"4474","High-High"
"421100","4211009","Mondaí","SC",200.276,"42","421100 MONDAI",8.57082357037527,0.888888888888889,10216,15.5240592532039,15.5240592546898,2.17529990168694,"4475","High-High"
"421105","4211058","Monte Carlo","SC",191.278,"42","421105 MONTE CARLO",0,0,9235,15.5240592532039,15.5240592548476,-3.852709428482e-06,"4476","Not significant"
"421110","4211108","Monte Castelo","SC",560.743,"42","421110 MONTE CASTELO",0.6718533747195,0.0555555555555554,7787,15.5240592532039,15.5240592551533,0.17051478606654,"4477","Not significant"
"421120","4211207","Morro da Fumaça","SC",82.818,"42","421120 MORRO DA FUMACA",1.00419557277225,0.166666666666667,19265,15.5240592532039,15.5240592539918,0.254864350061562,"4478","Not significant"
"421125","4211256","Morro Grande","SC",260.143,"42","421125 MORRO GRANDE",18.8682891499935,0.555555555555556,3085,15.5240592532039,15.5240592581244,4.78883118577447,"4479","High-High"
"421130","4211306","Navegantes","SC",111.377,"42","421130 NAVEGANTES",5.11300254641315,3.27777777777778,93619,15.5240592532039,15.524059253366,1.29769333410105,"4480","High-High"
"421140","4211405","Nova Erechim","SC",65.087,"42","421140 NOVA ERECHIM",2.55654637682177,0.111111111111111,5408,15.5240592532039,15.5240592560108,0.648856188089278,"4481","High-High"
"421145","4211454","Nova Itaberaba","SC",137.388,"42","421145 NOVA ITABERABA",20.5781290527013,0.888888888888889,4648,15.5240592532039,15.5240592564698,5.22279428526086,"4482","Not significant"
"421150","4211504","Nova Trento","SC",402.852,"42","421150 NOVA TRENTO",11.7543556906628,1.61111111111111,14252,15.5240592532039,15.524059254269,2.98329102610886,"4483","High-High"
"421160","4211603","Nova Veneza","SC",295.061,"42","421160 NOVA VENEZA",10.2467791331582,1.38888888888889,13968,15.5240592532039,15.5240592542907,2.60066304191199,"4484","High-High"
"421165","4211652","Novo Horizonte","SC",151.722,"42","421165 NOVO HORIZONTE",0,0,2670,15.5240592532039,15.5240592588892,-3.85270942798048e-06,"4485","Not significant"
"421170","4211702","Orleans","SC",549.859,"42","421170 ORLEANS",5.29335066722237,1.16666666666667,24474,15.5240592532039,15.5240592538241,1.3434662917311,"4486","High-High"
"421175","4211751","Otacílio Costa","SC",847.253,"42","421175 OTACILIO COSTA",1.61343960403262,0.277777777777778,17780,15.5240592532039,15.5240592540577,0.409492527585532,"4487","Not significant"
"421180","4211801","Ouro","SC",213.543,"42","421180 OURO",2.18532179646326,0.166666666666667,7091,15.5240592532039,15.5240592553446,0.554638145142633,"4488","Not significant"
"421185","4211850","Ouro Verde","SC",188.568,"42","421185 OURO VERDE",0,0,2203,15.5240592532039,15.5240592600944,-3.85270942783093e-06,"4489","Not significant"
"421187","4211876","Paial","SC",86.048,"42","421187 PAIAL",3.39374193986289,0.0555555555555556,1992,15.5240592532039,15.5240592608243,0.86133922840294,"4490","Not significant"
"421189","4211892","Painel","SC",738.331,"42","421189 PAINEL",2.49351685617395,0.0555555555555556,2228,15.5240592532039,15.5240592600171,0.632859084372082,"4491","Not significant"
"421190","4211900","Palhoça","SC",394.85,"42","421190 PALHOCA",5.62773389333956,8.88888888888889,245477,15.5240592532039,15.5240592532657,1.42833387551086,"4492","High-High"
"421200","4212007","Palma Sola","SC",330.878,"42","421200 PALMA SOLA",1.42555116762928,0.111111111111111,7709,15.5240592532039,15.524059255173,0.36180581254822,"4493","Not significant"
"421205","4212056","Palmeira","SC",289.097,"42","421205 PALMEIRA",0,0,2640,15.5240592532039,15.5240592589539,-3.85270942797246e-06,"4494","Not significant"
"421210","4212106","Palmitos","SC",351.051,"42","421210 PALMITOS",9.08631163644475,1.44444444444445,15812,15.5240592532039,15.5240592541639,2.30613250098091,"4495","Not significant"
"421220","4212205","Papanduva","SC",764.737,"42","421220 PAPANDUVA",1.16275942883836,0.222222222222222,19667,15.5240592532039,15.5240592539757,0.295108388290684,"4496","Not significant"
"421223","4212239","Paraíso","SC",180.338,"42","421223 PARAISO",10.0861776512387,0.388888888888889,4376,15.5240592532039,15.5240592566728,2.55990184721462,"4497","High-High"
"421225","4212254","Passo de Torres","SC",92.638,"42","421225 PASSO DE TORRES",1.52186725574886,0.166666666666667,14284,15.5240592532039,15.5240592542666,0.386251158607246,"4498","Not significant"
"421227","4212270","Passos Maia","SC",617.092,"42","421227 PASSOS MAIA",2.61841344892593,0.111111111111111,4032,15.5240592532039,15.5240592569687,0.664558258367029,"4499","Not significant"
"421230","4212304","Paulo Lopes","SC",446.165,"42","421230 PAULO LOPES",8.23716286294815,0.611111111111111,9661,15.5240592532039,15.5240592547751,2.09061569559515,"4500","High-High"
"421240","4212403","Pedras Grandes","SC",159.891,"42","421240 PEDRAS GRANDES",5.42602467636817,0.222222222222222,4343,15.5240592532039,15.5240592566991,1.37713939989288,"4501","High-High"
"421250","4212502","Penha","SC",57.752,"42","421250 PENHA",3.9430899804423,1.05555555555555,36124,15.5240592532039,15.5240592536241,1.00076560290284,"4502","Not significant"
"421260","4212601","Peritiba","SC",96.168,"42","421260 PERITIBA",3.73743490225646,0.111111111111111,3039,15.5240592532039,15.5240592581989,0.948569654493875,"4503","Not significant"
"421265","4212650","Pescaria Brava","SC",106.853,"42",NA,0,NA,10531,15.5240592532039,15.5240592546453,-3.8527094285071e-06,"4504","Not significant"
"421270","4212700","Petrolândia","SC",306.76,"42","421270 PETROLANDIA",0.827211964793861,0.0555555555555557,6942,15.5240592532039,15.5240592553906,0.209945317038594,"4505","Not significant"
"421280","4212809","Balneário Piçarras","SC",99.355,"42","421280 BALNEARIO PICARRAS",3.33441712015156,0.611111111111111,29725,15.5240592532039,15.5240592537146,0.846282390480555,"4506","High-High"
"421290","4212908","Pinhalzinho","SC",128.726,"42","421290 PINHALZINHO",4.63904086624195,0.833333333333333,23379,15.5240592532039,15.5240592538532,1.1774002707737,"4507","Not significant"
"421300","4213005","Pinheiro Preto","SC",61.011,"42","421300 PINHEIRO PRETO",1.54406769192762,0.0555555555555557,3598,15.5240592532039,15.5240592574229,0.391885703692857,"4508","Not significant"
"421310","4213104","Piratuba","SC",146.088,"42","421310 PIRATUBA",1.44150377673989,0.0555555555555555,6053,15.5240592532039,15.5240592557117,0.365854638212504,"4509","Not significant"
"421315","4213153","Planalto Alegre","SC",63.1,"42","421315 PLANALTO ALEGRE",5.88767563926747,0.166666666666667,3053,15.5240592532039,15.524059258176,1.49430796180476,"4510","High-High"
"421320","4213203","Pomerode","SC",214.299,"42","421320 POMERODE",13.7726657120502,4.00000000000001,36392,15.5240592532039,15.524059253621,3.49554487565957,"4511","High-High"
"421330","4213302","Ponte Alta","SC",575.17,"42","421330 PONTE ALTA",0,0,4430,15.5240592532039,15.5240592566305,-3.85270942826076e-06,"4512","Not significant"
"421335","4213351","Ponte Alta do Norte","SC",396.882,"42","421335 PONTE ALTA DO NORTE",1.63158753467123,0.0555555555555555,3249,15.5240592532039,15.5240592578761,0.414098533168644,"4513","Not significant"
"421340","4213401","Ponte Serrada","SC",560.731,"42","421340 PONTE SERRADA",0.468270023226193,0.0555555555555556,10764,15.5240592532039,15.5240592546141,0.118844648981652,"4514","Not significant"
"421350","4213500","Porto Belo","SC",93.673,"42","421350 PORTO BELO",4.08737870565538,0.722222222222222,30590,15.5240592532039,15.5240592537001,1.03738656506416,"4515","High-High"
"421360","4213609","Porto União","SC",848.779,"42","421360 PORTO UNIAO",5.5575795126964,1.88888888888889,33727,15.5240592532039,15.524059253654,1.41052845850449,"4516","Not significant"
"421370","4213708","Pouso Redondo","SC",356.539,"42","421370 POUSO REDONDO",8.63886047594606,1.38888888888889,17836,15.5240592532039,15.524059254055,2.19256789644784,"4517","High-High"
"421380","4213807","Praia Grande","SC",284.36,"42","421380 PRAIA GRANDE",5.24656630380212,0.388888888888889,8602,15.5240592532039,15.5240592549686,1.33159226340897,"4518","Not significant"
"421390","4213906","Presidente Castello Branco","SC",65.433,"42","421390 PRESIDENTE CASTELLO BRANCO",10.1954542427213,0.166666666666667,1711,15.5240592532039,15.5240592620758,2.58763661201209,"4519","Not significant"
"421400","4214003","Presidente Getúlio","SC",297.16,"42","421400 PRESIDENTE GETULIO",4.24128772772477,0.666666666666667,21293,15.5240592532039,15.5240592539168,1.07644919081305,"4520","Not significant"
"421410","4214102","Presidente Nereu","SC",224.748,"42","421410 PRESIDENTE NEREU",7.28757576992109,0.166666666666667,2345,15.5240592532039,15.5240592596772,1.84960730776354,"4521","High-High"
"421415","4214151","Princesa","SC",85.598,"42","421415 PRINCESA",7.69295953542333,0.222222222222222,3054,15.5240592532039,15.5240592581744,1.95249506650643,"4522","Not significant"
"421420","4214201","Quilombo","SC",278.983,"42","421420 QUILOMBO",9.93906108913049,1,11359,15.5240592532039,15.5240592545403,2.52256317074382,"4523","High-High"
"421430","4214300","Rancho Queimado","SC",286.461,"42","421430 RANCHO QUEIMADO",7.71497073399344,0.222222222222222,3435,15.5240592532039,15.5240592576231,1.95808158252649,"4524","High-High"
"421440","4214409","Rio das Antas","SC",314.913,"42","421440 RIO DAS ANTAS",1.77692485384793,0.111111111111111,6386,15.5240592532039,15.5240592555809,0.450985632024002,"4525","Not significant"
"421450","4214508","Rio do Campo","SC",502.095,"42","421450 RIO DO CAMPO",1.74890611117517,0.111111111111111,6613,15.5240592532039,15.5240592554994,0.443874381206932,"4526","Not significant"
"421460","4214607","Rio do Oeste","SC",245.057,"42","421460 RIO DO OESTE",8.25018013385713,0.611111111111111,8008,15.5240592532039,15.5240592550995,2.09391952256816,"4527","High-High"
"421470","4214706","Rio dos Cedros","SC",555.473,"42","421470 RIO DOS CEDROS",3.01098491875078,0.333333333333333,11163,15.5240592532039,15.5240592545637,0.764194213489854,"4528","High-High"
"421480","4214805","Rio do Sul","SC",260.817,"42","421480 RIO DO SUL",4.72848090669888,3.05555555555556,76390,15.5240592532039,15.5240592534026,1.20010045289229,"4529","High-High"
"421490","4214904","Rio Fortuna","SC",302.39,"42","421490 RIO FORTUNA",15.6207298303138,0.722222222222222,5006,15.5240592532039,15.5240592562362,3.96458974387919,"4530","High-High"
"421500","4215000","Rio Negrinho","SC",907.42,"42","421500 RIO NEGRINHO",0.814596280453532,0.333333333333333,40168,15.5240592532039,15.5240592535818,0.206743414073189,"4531","Low-High"
"421505","4215059","Rio Rufino","SC",282.571,"42","421505 RIO RUFINO",2.27686703096539,0.0555555555555556,2432,15.5240592532039,15.5240592594456,0.577872632472358,"4532","Not significant"
"421507","4215075","Riqueza","SC",191.061,"42","421507 RIQUEZA",33.6255590095584,1.61111111111111,4835,15.5240592532039,15.5240592563435,8.53427574745629,"4533","High-High"
"421510","4215109","Rodeio","SC",129.001,"42","421510 RODEIO",14.7596643017954,1.72222222222222,13321,15.5240592532039,15.5240592543434,3.74604842640405,"4534","High-High"
"421520","4215208","Romelândia","SC",223.333,"42","421520 ROMELANDIA",14.128668316019,0.722222222222222,4757,15.5240592532039,15.524059256395,3.58589952966804,"4535","High-High"
"421530","4215307","Salete","SC",177.887,"42","421530 SALETE",4.35987259562558,0.333333333333333,7643,15.5240592532039,15.52405925519,1.10654642777734,"4536","Not significant"
"421535","4215356","Saltinho","SC",156.568,"42","421535 SALTINHO",0,0,3633,15.5240592532039,15.5240592573822,-3.85270942816748e-06,"4537","Not significant"
"421540","4215406","Salto Veloso","SC",104.531,"42","421540 SALTO VELOSO",2.52205190159623,0.111111111111111,4486,15.5240592532039,15.5240592565877,0.640101374628625,"4538","High-High"
"421545","4215455","Sangão","SC",82.984,"42","421545 SANGAO",6.37020934566545,0.722222222222222,13567,15.5240592532039,15.5240592543228,1.61677663428804,"4539","Not significant"
"421550","4215505","Santa Cecília","SC",1145.845,"42","421550 SANTA CECILIA",0,0,15764,15.5240592532039,15.5240592541668,-3.85270942856648e-06,"4540","Not significant"
"421555","4215554","Santa Helena","SC",81.004,"42","421555 SANTA HELENA",21.4715689690703,0.5,2473,15.5240592532039,15.5240592593421,5.44955233062422,"4541","High-High"
"421560","4215604","Santa Rosa de Lima","SC",203.218,"42","421560 SANTA ROSA DE LIMA",13.3557361142098,0.277777777777778,2128,15.5240592532039,15.5240592603373,3.38972674530486,"4542","High-High"
"421565","4215653","Santa Rosa do Sul","SC",150.299,"42","421565 SANTA ROSA DO SUL",3.8507151890767,0.333333333333333,10288,15.5240592532039,15.5240592546794,0.977320571149376,"4543","Not significant"
"421567","4215679","Santa Terezinha","SC",715.551,"42","421567 SANTA TEREZINHA",1.25665573633419,0.111111111111111,8077,15.5240592532039,15.5240592550833,0.318939585893773,"4544","Not significant"
"421568","4215687","Santa Terezinha do Progresso","SC",119.653,"42","421568 SANTA TEREZINHA DO PROGRESSO",0,0,2562,15.5240592532039,15.5240592591289,-3.85270942795074e-06,"4545","Low-High"
"421569","4215695","Santiago do Sul","SC",73.335,"42","421569 SANTIAGO DO SUL",7.90671370781868,0.111111111111111,1714,15.5240592532039,15.5240592620603,2.0067465917778,"4546","Not significant"
"421570","4215703","Santo Amaro da Imperatriz","SC",344.235,"42","421570 SANTO AMARO DA IMPERATRIZ",20.6753811653547,4.27777777777778,29392,15.5240592532039,15.5240592537204,5.24747719793681,"4547","High-High"
"421575","4215752","São Bernardino","SC",149.891,"42","421575 SAO BERNARDINO",4.13888009858582,0.111111111111111,2719,15.5240592532039,15.5240592587868,1.05045779106793,"4548","Not significant"
"421580","4215802","São Bento do Sul","SC",495.772,"42","421580 SAO BENTO DO SUL",2.07964786831452,1.66666666666667,86851,15.5240592532039,15.5240592533787,0.527817747958516,"4549","High-High"
"421590","4215901","São Bonifácio","SC",461.438,"42","421590 SAO BONIFACIO",43.0732699025055,1.27777777777778,2986,15.5240592532039,15.5240592582876,10.9321364431255,"4550","High-High"
"421600","4216008","São Carlos","SC",162.12,"42","421600 SAO CARLOS",1.51677684765362,0.166666666666667,10460,15.5240592532039,15.5240592546551,0.384959195963108,"4551","Not significant"
"421605","4216057","São Cristóvão do Sul","SC",345.903,"42","421605 SAO CRISTOVAO DO SUL",1.02652541676932,0.0555555555555554,6389,15.5240592532039,15.5240592555798,0.260531739311842,"4552","Not significant"
"421610","4216107","São Domingos","SC",367.525,"42","421610 SAO DOMINGOS",1.20658399278068,0.111111111111111,9356,15.5240592532039,15.5240592548264,0.306231209525543,"4553","Not significant"
"421620","4216206","São Francisco do Sul","SC",493.266,"42","421620 SAO FRANCISCO DO SUL",4.89954573353824,2.27777777777778,55784,15.5240592532039,15.524059253476,1.24351727940885,"4554","Not significant"
"421625","4216255","São João do Oeste","SC",163.747,"42","421625 SAO JOAO DO OESTE",6.18179688013736,0.388888888888889,6446,15.5240592532039,15.5240592555588,1.56895691885309,"4555","High-High"
"421630","4216305","São João Batista","SC",200.765,"42","421630 SAO JOAO BATISTA",8.01251648234104,2.27777777777778,34733,15.5240592532039,15.5240592536409,2.03359969118255,"4556","High-High"
"421635","4216354","São João do Itaperiú","SC",151.885,"42","421635 SAO JOAO DO ITAPERIU",9.97041679316927,0.388888888888889,4732,15.5240592532039,15.5240592564118,2.53052135339106,"4557","High-High"
"421640","4216404","São João do Sul","SC",184.375,"42","421640 SAO JOAO DO SUL",12.0475897345562,0.888888888888889,9126,15.5240592532039,15.5240592548673,3.05771480940859,"4558","Not significant"
"421650","4216503","São Joaquim","SC",1888.634,"42","421650 SAO JOAQUIM",0.206895410232219,0.0555555555555556,26852,15.5240592532039,15.5240592537692,0.0525068959909045,"4559","Not significant"
"421660","4216602","São José","SC",150.499,"42","421660 SAO JOSE",5.52272018212983,12.6111111111111,289949,15.5240592532039,15.5240592532562,1.40168104356435,"4560","High-High"
"421670","4216701","São José do Cedro","SC",280.76,"42","421670 SAO JOSE DO CEDRO",4.00111579757139,0.555555555555556,14491,15.5240592532039,15.5240592542514,1.01549274979192,"4561","High-High"
"421680","4216800","São José do Cerrito","SC",948.714,"42","421680 SAO JOSE DO CERRITO",1.26765036276971,0.111111111111111,8755,15.5240592532039,15.5240592549377,0.321730058942203,"4562","Not significant"
"421690","4216909","São Lourenço do Oeste","SC",356.193,"42","421690 SAO LOURENCO DO OESTE",1.7281518057184,0.388888888888889,25770,15.5240592532039,15.5240592537929,0.438606868930952,"4563","Not significant"
"421700","4217006","São Ludgero","SC",106.765,"42","421700 SAO LUDGERO",12.3462947671867,1.5,14211,15.5240592532039,15.5240592542721,3.13352714810791,"4564","High-High"
"421710","4217105","São Martinho","SC",224.566,"42","421710 SAO MARTINHO",15.6240078184175,0.5,3501,15.5240592532039,15.5240592575398,3.96542170808226,"4565","High-High"
"421715","4217154","São Miguel da Boa Vista","SC",72.755,"42","421715 SAO MIGUEL DA BOA VISTA",24.1977723606794,0.444444444444444,1788,15.5240592532039,15.5240592616938,6.14147188998115,"4566","High-High"
"421720","4217204","São Miguel do Oeste","SC",234.202,"42","421720 SAO MIGUEL DO OESTE",4.93337888099819,1.88888888888889,46969,15.5240592532039,15.5240592535271,1.25210424565236,"4567","High-High"
"421725","4217253","São Pedro de Alcântara","SC",139.196,"42","421725 SAO PEDRO DE ALCANTARA",15.429031704877,0.777777777777778,6076,15.5240592532039,15.5240592557022,3.91593611707757,"4568","High-High"
"421730","4217303","Saudades","SC",205.781,"42","421730 SAUDADES",3.96994754612885,0.388888888888889,10680,15.5240592532039,15.5240592546252,1.00758214307727,"4569","Not significant"
"421740","4217402","Schroeder","SC",165.237,"42","421740 SCHROEDER",22.0520521222523,3.61111111111111,21273,15.5240592532039,15.5240592539175,5.59688090182913,"4570","High-High"
"421750","4217501","Seara","SC",309.627,"42","421750 SEARA",4.76753423072934,0.833333333333334,19241,15.5240592532039,15.5240592539928,1.21001231742829,"4571","High-High"
"421755","4217550","Serra Alta","SC",90.564,"42","421755 SERRA ALTA",10.1057424756059,0.333333333333333,3367,15.5240592532039,15.5240592577123,2.56486746514059,"4572","Not significant"
"421760","4217600","Siderópolis","SC",262.004,"42","421760 SIDEROPOLIS",4.53470601520266,0.611111111111111,14087,15.5240592532039,15.5240592542815,1.15091973579841,"4573","Not significant"
"421770","4217709","Sombrio","SC",143.457,"42","421770 SOMBRIO",1.89754141187069,0.555555555555556,31397,15.5240592532039,15.5240592536874,0.481598518825263,"4574","Not significant"
"421775","4217758","Sul Brasil","SC",113.125,"42","421775 SUL BRASIL",4.13476894357277,0.111111111111111,2894,15.5240592532039,15.5240592584492,1.04941436615521,"4575","High-High"
"421780","4217808","Taió","SC",693.847,"42","421780 TAIO",13.0623178131199,2.33333333333333,18808,15.5240592532039,15.524059254011,3.31525619754212,"4576","Not significant"
"421790","4217907","Tangará","SC",390.044,"42","421790 TANGARA",2.04507410266891,0.166666666666667,8189,15.5240592532039,15.5240592550576,0.519042810306524,"4577","Not significant"
"421795","4217956","Tigrinhos","SC",56.962,"42","421795 TIGRINHOS",24.8511677107795,0.444444444444445,2480,15.5240592532039,15.5240592593248,6.30730582067768,"4578","High-High"
"421800","4218004","Tijucas","SC",279.159,"42","421800 TIJUCAS",12.6173778271141,4.27777777777778,56674,15.5240592532039,15.5240592534717,3.20232893756101,"4579","High-High"
"421810","4218103","Timbé do Sul","SC",328.507,"42","421810 TIMBE DO SUL",6.20773654331423,0.333333333333333,5495,15.5240592532039,15.5240592559664,1.57554049230484,"4580","High-High"
"421820","4218202","Timbó","SC",128.313,"42","421820 TIMBO",10.9564328696931,4.27777777777778,48903,15.5240592532039,15.5240592535143,2.78077553931042,"4581","High-High"
"421825","4218251","Timbó Grande","SC",596.344,"42","421825 TIMBO GRANDE",0,0,7503,15.5240592532039,15.5240592552271,-3.85270942843491e-06,"4582","Not significant"
"421830","4218301","Três Barras","SC",436.496,"42","421830 TRES BARRAS",1.48710771749601,0.277777777777778,20373,15.5240592532039,15.524059253949,0.377429071276946,"4583","Not significant"
"421835","4218350","Treviso","SC",156.61,"42","421835 TREVISO",4.40080651180788,0.166666666666667,3895,15.5240592532039,15.5240592571012,1.11693559285951,"4584","Not significant"
"421840","4218400","Treze de Maio","SC",159.833,"42","421840 TREZE DE MAIO",8.61958076574432,0.611111111111111,7585,15.5240592532039,15.5240592552052,2.18767464128553,"4585","High-High"
"421850","4218509","Treze Tílias","SC",185.937,"42","421850 TREZE TILIAS",5.21028054763271,0.388888888888889,9308,15.5240592532039,15.5240592548347,1.3223828168571,"4586","Not significant"
"421860","4218608","Trombudo Central","SC",109.648,"42","421860 TROMBUDO CENTRAL",10.1256908833209,0.722222222222224,7532,15.5240592532039,15.5240592552193,2.56993043809816,"4587","High-High"
"421870","4218707","Tubarão","SC",301.485,"42","421870 TUBARAO",7.50594413407205,7.55555555555555,115495,15.5240592532039,15.5240592533353,1.90502993100825,"4588","High-High"
"421875","4218756","Tunápolis","SC",132.939,"42","421875 TUNAPOLIS",24.206849067111,1.11111111111111,5054,15.5240592532039,15.5240592562074,6.14377558958671,"4589","High-High"
"421880","4218806","Turvo","SC",235.104,"42","421880 TURVO",3.12710377035451,0.388888888888889,13492,15.5240592532039,15.524059254329,0.793665567301794,"4590","High-High"
"421885","4218855","União do Oeste","SC",92.857,"42","421885 UNIAO DO OESTE",1.68605631428089,0.0555555555555555,2801,15.5240592532039,15.5240592586233,0.427922892019221,"4591","Low-High"
"421890","4218905","Urubici","SC",1021.371,"42","421890 URUBICI",3.56095501247389,0.388888888888889,11048,15.5240592532039,15.5240592545779,0.903778466958572,"4592","High-High"
"421895","4218954","Urupema","SC",350.472,"42","421895 URUPEMA",0,0,2735,15.5240592532039,15.5240592587541,-3.85270942799725e-06,"4593","Not significant"
"421900","4219002","Urussanga","SC",254.954,"42","421900 URUSSANGA",2.90520413611939,0.611111111111111,21395,15.5240592532039,15.5240592539134,0.737346696261175,"4594","Not significant"
"421910","4219101","Vargeão","SC",166.685,"42","421910 VARGEAO",0,0,3716,15.5240592532039,15.5240592572889,-3.85270942817906e-06,"4595","Not significant"
"421915","4219150","Vargem","SC",350.606,"42","421915 VARGEM",0,0,2632,15.5240592532039,15.5240592589713,-3.85270942797029e-06,"4596","Not significant"
"421917","4219176","Vargem Bonita","SC",299.807,"42","421917 VARGEM BONITA",1.18860837731184,0.0555555555555556,4615,15.5240592532039,15.5240592564931,0.30166893804317,"4597","Not significant"
"421920","4219200","Vidal Ramos","SC",346.932,"42","421920 VIDAL RAMOS",21.1620422908904,1.33333333333333,6275,15.5240592532039,15.524059255623,5.37099342272152,"4598","High-High"
"421930","4219309","Videira","SC",384.127,"42","421930 VIDEIRA",0.889957737753577,0.444444444444444,58299,15.5240592532039,15.5240592534643,0.225870404574006,"4599","Not significant"
"421935","4219358","Vitor Meireles","SC",370.414,"42","421935 VITOR MEIRELES",2.13335860788304,0.111111111111111,5492,15.5240592532039,15.5240592559679,0.541449713672589,"4600","Not significant"
"421940","4219408","Witmarsum","SC",153.776,"42","421940 WITMARSUM",2.89414493642723,0.111111111111111,4451,15.5240592532039,15.5240592566143,0.734539834241242,"4601","High-High"
"421950","4219507","Xanxerê","SC",377.426,"42","421950 XANXERE",0.969166267218142,0.444444444444445,54194,15.5240592532039,15.524059253484,0.245973794885936,"4602","Not significant"
"421960","4219606","Xavantina","SC",218.032,"42","421960 XAVANTINA",2.7880270646783,0.111111111111111,3627,15.5240592532039,15.5240592573891,0.707606762633173,"4603","High-High"
"421970","4219705","Xaxim","SC",293.628,"42","421970 XAXIM",2.06229069387674,0.555555555555555,33902,15.5240592532039,15.5240592536516,0.523412438894429,"4604","Not significant"
"421985","4219853","Zortéa","SC",190.179,"42","421985 ZORTEA",0,0,4170,15.5240592532039,15.5240592568442,-3.85270942823425e-06,"4605","Not significant"
"422000","4220000","Balneário Rincão","SC",63.42,"42",NA,0,NA,17226,15.5240592532039,15.5240592540851,-3.85270942857662e-06,"4606","Not significant"
"430003","4300034","Aceguá","RS",1551.339,"43","430003 ACEGUA",0,0,4253,15.5240592532039,15.5240592567731,-3.85270942824307e-06,"4607","Not significant"
"430005","4300059","Água Santa","RS",291.503,"43","430005 AGUA SANTA",4.00360034421576,0.166666666666667,4000,15.5240592532039,15.5240592569989,1.01612333596937,"4608","Not significant"
"430010","4300109","Agudo","RS",534.624,"43","430010 AGUDO",29.9920267956905,5,16346,15.5240592532039,15.5240592541326,7.61207309136614,"4609","High-High"
"430020","4300208","Ajuricaba","RS",322.674,"43","430020 AJURICABA",6.28514703416291,0.444444444444444,6848,15.5240592532039,15.5240592554206,1.59518753441503,"4610","Not significant"
"430030","4300307","Alecrim","RS",316.394,"43","430030 ALECRIM",8.12330793464607,0.5,6228,15.5240592532039,15.5240592556413,2.06171893305528,"4611","High-High"
"430040","4300406","Alegrete","RS",7800.428,"43","430040 ALEGRETE",1.30910368319244,1,74329,15.5240592532039,15.5240592534081,0.332251050647017,"4612","Not significant"
"430045","4300455","Alegria","RS",172.794,"43","430045 ALEGRIA",7.13773140715723,0.277777777777778,3711,15.5240592532039,15.5240592572944,1.81157630631135,"4613","High-High"
"430047","4300471","Almirante Tamandaré do Sul","RS",265.042,"43","430047 ALMIRANTE TAMANDARE DO SUL",10.9527061156866,0.222222222222222,2008,15.5240592532039,15.5240592607636,2.77982967600116,"4614","Not significant"
"430050","4300505","Alpestre","RS",325.979,"43","430050 ALPESTRE",2.19182967446628,0.166666666666667,7243,15.5240592532039,15.5240592552997,0.55628986639713,"4615","Not significant"
"430055","4300554","Alto Alegre","RS",115.335,"43","430055 ALTO ALEGRE",0,0,1837,15.5240592532039,15.5240592614673,-3.85270942766057e-06,"4616","Not significant"
"430057","4300570","Alto Feliz","RS",78.175,"43","430057 ALTO FELIZ",0,0,3143,15.5240592532039,15.5240592580336,-3.85270942808665e-06,"4617","Not significant"
"430060","4300604","Alvorada","RS",71.7,"43","430060 ALVORADA",5.58092585480885,11.2222222222222,194116,15.5240592532039,15.5240592532821,1.41645383841445,"4618","Not significant"
"430063","4300638","Amaral Ferrador","RS",505.983,"43","430063 AMARAL FERRADOR",1.82656060375082,0.111111111111111,5394,15.5240592532039,15.5240592560181,0.463583351737915,"4619","Not significant"
"430064","4300646","Ametista do Sul","RS",93.704,"43","430064 AMETISTA DO SUL",0.710247450211656,0.0555555555555557,7822,15.5240592532039,15.5240592551446,0.180259331135993,"4620","Not significant"
"430066","4300661","André da Rocha","RS",331.208,"43","430066 ANDRE DA ROCHA",4.53885257806827,0.0555555555555556,1157,15.5240592532039,15.5240592663239,1.15197214690756,"4621","Not significant"
"430070","4300703","Anta Gorda","RS",242.1,"43","430070 ANTA GORDA",1.82385633046498,0.111111111111111,6080,15.5240592532039,15.5240592557006,0.462896998117114,"4622","Not significant"
"430080","4300802","Antônio Prado","RS",347.541,"43","430080 ANTONIO PRADO",0,0,13328,15.5240592532039,15.5240592543428,-3.85270942854464e-06,"4623","Not significant"
"430085","4300851","Arambaré","RS",518.193,"43","430085 ARAMBARE",1.31929602364178,0.0555555555555555,4211,15.5240592532039,15.5240592568087,0.334837900784589,"4624","Not significant"
"430087","4300877","Araricá","RS",35.391,"43","430087 ARARICA",2.26952323991798,0.111111111111111,8794,15.5240592532039,15.5240592549301,0.576008753769767,"4625","Not significant"
"430090","4300901","Aratiba","RS",342.279,"43","430090 ARATIBA",2.55533700664726,0.166666666666667,6618,15.5240592532039,15.5240592554976,0.64854924589551,"4626","High-High"
"430100","4301008","Arroio do Meio","RS",157.088,"43","430100 ARROIO DO MEIO",6.10096631439956,1.27777777777778,22490,15.5240592532039,15.5240592538789,1.5484418503824,"4627","High-High"
"430105","4301057","Arroio do Sal","RS",119.16,"43","430105 ARROIO DO SAL",0.990461283626242,0.111111111111111,11384,15.5240592532039,15.5240592545373,0.251378541429931,"4628","Not significant"
"430107","4301073","Arroio do Padre","RS",124.693,"43","430107 ARROIO DO PADRE",1.88260100154373,0.0555555555555556,2651,15.5240592532039,15.52405925893,0.477806592518283,"4629","Not significant"
"430110","4301107","Arroio dos Ratos","RS",425.791,"43","430110 ARROIO DOS RATOS",2.70780290557242,0.388888888888889,14923,15.5240592532039,15.5240592542211,0.687245602186081,"4630","Not significant"
"430120","4301206","Arroio do Tigre","RS",315.132,"43","430120 ARROIO DO TIGRE",3.59023348576496,0.444444444444445,12296,15.5240592532039,15.5240592544384,0.91120944163509,"4631","Not significant"
"430130","4301305","Arroio Grande","RS",2508.557,"43","430130 ARROIO GRANDE",0.595038689653598,0.111111111111111,17887,15.5240592532039,15.5240592540525,0.151018961494231,"4632","Not significant"
"430140","4301404","Arvorezinha","RS",269.31,"43","430140 ARVOREZINHA",3.1839250932398,0.333333333333333,10545,15.5240592532039,15.5240592546434,0.808087009525929,"4633","Not significant"
"430150","4301503","Augusto Pestana","RS",348.231,"43","430150 AUGUSTO PESTANA",6.25247210319439,0.444444444444445,7302,15.5240592532039,15.5240592552828,1.58689452740529,"4634","High-High"
"430155","4301552","Áurea","RS",156.727,"43","430155 AUREA",9.45768693048045,0.333333333333333,3460,15.5240592532039,15.5240592575911,2.40038879531661,"4635","Not significant"
"430160","4301602","Bagé","RS",4090.36,"43","430160 BAGE",0.0955653651576767,0.111111111111111,121900,15.5240592532039,15.5240592533284,0.0242509573353623,"4636","Not significant"
"430163","4301636","Balneário Pinhal","RS",102.387,"43","430163 BALNEARIO PINHAL",1.2381202081079,0.166666666666667,15371,15.5240592532039,15.5240592541915,0.314235206701805,"4637","Low-High"
"430165","4301651","Barão","RS",124.757,"43","430165 BARAO",6.21247167248961,0.388888888888889,6489,15.5240592532039,15.5240592555432,1.57674228398471,"4638","High-High"
"430170","4301701","Barão de Cotegipe","RS",260.505,"43","430170 BARAO DE COTEGIPE",4.81193122034774,0.333333333333333,7313,15.5240592532039,15.5240592552796,1.22128042217646,"4639","Not significant"
"430175","4301750","Barão do Triunfo","RS",436.101,"43","430175 BARAO DO TRIUNFO",1.49963711513946,0.111111111111111,5983,15.5240592532039,15.5240592557411,0.380609074379645,"4640","Not significant"
"430180","4301800","Barracão","RS",515.469,"43","430180 BARRACAO",13.4187924792641,0.722222222222222,4920,15.5240592532039,15.5240592562892,3.40573066258257,"4641","High-High"
"430185","4301859","Barra do Guarita","RS",62.801,"43","430185 BARRA DO GUARITA",2.19500417050792,0.0555555555555555,3230,15.5240592532039,15.5240592579036,0.557095564087722,"4642","Not significant"
"430187","4301875","Barra do Quaraí","RS",1055.937,"43","430187 BARRA DO QUARAI",0,0,4337,15.5240592532039,15.524059256704,-3.85270942825165e-06,"4643","Not significant"
"430190","4301909","Barra do Ribeiro","RS",729.316,"43","430190 BARRA DO RIBEIRO",2.64432218239748,0.333333333333333,12475,15.5240592532039,15.5240592544207,0.671133981831345,"4644","Not significant"
"430192","4301925","Barra do Rio Azul","RS",146.995,"43","430192 BARRA DO RIO AZUL",3.27761389708292,0.0555555555555555,1724,15.5240592532039,15.5240592620089,0.831865541819862,"4645","Not significant"
"430195","4301958","Barra Funda","RS",60.437,"43","430195 BARRA FUNDA",4.39927782876307,0.111111111111111,2555,15.5240592532039,15.5240592591451,1.11654760790461,"4646","High-High"
"430200","4302006","Barros Cassal","RS",647.994,"43","430200 BARROS CASSAL",0.967361232031267,0.111111111111111,9442,15.5240592532039,15.5240592548116,0.245515670893916,"4647","Not significant"
"430205","4302055","Benjamin Constant do Sul","RS",132.351,"43","430205 BENJAMIN CONSTANT DO SUL",0,0,2120,15.5240592532039,15.5240592603642,-3.85270942779745e-06,"4648","Not significant"
"430210","4302105","Bento Gonçalves","RS",272.287,"43","430210 BENTO GONCALVES",2.13803392055774,2.5,127775,15.5240592532039,15.5240592533227,0.542636323748805,"4649","Not significant"
"430215","4302154","Boa Vista das Missões","RS",196.064,"43","430215 BOA VISTA DAS MISSOES",0,0,1969,15.5240592532039,15.5240592609133,-3.85270942772931e-06,"4650","Not significant"
"430220","4302204","Boa Vista do Buricá","RS",109.541,"43","430220 BOA VISTA DO BURICA",14.0689733099888,0.944444444444444,7125,15.5240592532039,15.5240592553344,3.57074873714298,"4651","High-High"
"430222","4302220","Boa Vista do Cadeado","RS",701.221,"43","430222 BOA VISTA DO CADEADO",4.45562101423798,0.111111111111111,2271,15.5240592532039,15.5240592598881,1.13084769723002,"4652","High-High"
"430223","4302238","Boa Vista do Incra","RS",504.114,"43","430223 BOA VISTA DO INCRA",2.17950394490214,0.0555555555555555,2315,15.5240592532039,15.5240592597611,0.553161554834405,"4653","Not significant"
"430225","4302253","Boa Vista do Sul","RS",94.399,"43","430225 BOA VISTA DO SUL",1.94318137654969,0.0555555555555556,2815,15.5240592532039,15.5240592585964,0.493182094783445,"4654","High-High"
"430230","4302303","Bom Jesus","RS",2622.837,"43","430230 BOM JESUS",0.964399849296941,0.111111111111111,11431,15.5240592532039,15.5240592545318,0.244764062030618,"4655","Not significant"
"430235","4302352","Bom Princípio","RS",88.66,"43","430235 BOM PRINCIPIO",8.00035608949499,1.11111111111111,13650,15.5240592532039,15.524059254316,2.03051334266831,"4656","High-High"
"430237","4302378","Bom Progresso","RS",89.206,"43","430237 BOM PROGRESSO",2.99007295778017,0.0555555555555556,2134,15.5240592532039,15.5240592603172,0.758886687551053,"4657","Not significant"
"430240","4302402","Bom Retiro do Sul","RS",102.54,"43","430240 BOM RETIRO DO SUL",1.83731263557722,0.222222222222222,12578,15.5240592532039,15.5240592544108,0.466312253483847,"4658","High-High"
"430245","4302451","Boqueirão do Leão","RS",265.952,"43","430245 BOQUEIRAO DO LEAO",0.702168295697111,0.0555555555555554,6215,15.5240592532039,15.5240592556464,0.178208814633354,"4659","Low-High"
"430250","4302501","Bossoroca","RS",1610.056,"43","430250 BOSSOROCA",0,0,5988,15.5240592532039,15.5240592557389,-3.8527094283714e-06,"4660","Not significant"
"430258","4302584","Bozano","RS",200.497,"43","430258 BOZANO",5.08817453758726,0.111111111111111,2195,15.5240592532039,15.5240592601196,1.29139190194817,"4661","Not significant"
"430260","4302600","Braga","RS",132.044,"43","430260 BRAGA",0,0,3326,15.5240592532039,15.5240592577679,-3.85270942811963e-06,"4662","Not significant"
"430265","4302659","Brochier","RS",105.353,"43","430265 BROCHIER",5.57926840222994,0.277777777777778,5079,15.5240592532039,15.5240592561926,1.41603317126083,"4663","High-High"
"430270","4302709","Butiá","RS",752.187,"43","430270 BUTIA",0.807067067772232,0.166666666666667,19433,15.5240592532039,15.524059253985,0.204832474651535,"4664","Low-High"
"430280","4302808","Caçapava do Sul","RS",3048.147,"43","430280 CACAPAVA DO SUL",2.31109616065721,0.777777777777778,33508,15.5240592532039,15.5240592536569,0.586560100443534,"4665","Not significant"
"430290","4302907","Cacequi","RS",2373.507,"43","430290 CACEQUI",1.26418804369959,0.166666666666667,11324,15.5240592532039,15.5240592545444,0.32085131075944,"4666","Not significant"
"430300","4303004","Cachoeira do Sul","RS",3736.064,"43","430300 CACHOEIRA DO SUL",6.72772373068265,5.61111111111111,82250,15.5240592532039,15.5240592533884,1.70751498376431,"4667","High-High"
"430310","4303103","Cachoeirinha","RS",43.778,"43","430310 CACHOEIRINHA",1.84788850486089,2.33333333333333,141303,15.5240592532039,15.5240592533113,0.468996444578484,"4668","Not significant"
"430320","4303202","Cacique Doble","RS",204.055,"43","430320 CACIQUE DOBLE",15.626607513335,0.777777777777778,4694,15.5240592532039,15.5240592564378,3.96608151950806,"4669","High-High"
"430330","4303301","Caibaté","RS",261.303,"43","430330 CAIBATE",0,0,4797,15.5240592532039,15.5240592563683,-3.85270942829329e-06,"4670","Not significant"
"430340","4303400","Caiçara","RS",189.16,"43","430340 CAICARA",2.33082456829883,0.111111111111111,4933,15.5240592532039,15.5240592562811,0.591567236389292,"4671","Not significant"
"430350","4303509","Camaquã","RS",1680.168,"43","430350 CAMAQUA",9.13997782133532,5.88888888888889,63959,15.5240592532039,15.5240592534412,2.31975315866716,"4672","High-High"
"430355","4303558","Camargo","RS",138.069,"43","430355 CAMARGO",2.04398659144796,0.0555555555555556,3056,15.5240592532039,15.5240592581711,0.518766796260931,"4673","Not significant"
"430360","4303608","Cambará do Sul","RS",1181.811,"43","430360 CAMBARA DO SUL",0.870367469145472,0.0555555555555555,6492,15.5240592532039,15.5240592555421,0.22089832871323,"4674","Not significant"
"430367","4303673","Campestre da Serra","RS",538.487,"43","430367 CAMPESTRE DA SERRA",3.35727534038168,0.111111111111111,3311,15.5240592532039,15.5240592577886,0.852083883291648,"4675","Not significant"
"430370","4303707","Campina das Missões","RS",224.801,"43","430370 CAMPINA DAS MISSOES",12.1759678378061,0.722222222222223,6001,15.5240592532039,15.5240592557335,3.09029760229287,"4676","Not significant"
"430380","4303806","Campinas do Sul","RS",276.162,"43","430380 CAMPINAS DO SUL",1.01545522857897,0.0555555555555556,5390,15.5240592532039,15.5240592560202,0.257722088434626,"4677","Not significant"
"430390","4303905","Campo Bom","RS",60.579,"43","430390 CAMPO BOM",4.42023133005908,2.77777777777778,64704,15.5240592532039,15.5240592534385,1.12186567698204,"4678","Not significant"
"430400","4304002","Campo Novo","RS",220.719,"43","430400 CAMPO NOVO",0,0,5068,15.5240592532039,15.5240592561991,-3.85270942831429e-06,"4679","Not significant"
"430410","4304101","Campos Borges","RS",226.202,"43","430410 CAMPOS BORGES",3.19081701462927,0.111111111111111,3693,15.5240592532039,15.5240592573143,0.809836202208914,"4680","Not significant"
"430420","4304200","Candelária","RS",944.735,"43","430420 CANDELARIA",19.6194839468178,6.05555555555556,29783,15.5240592532039,15.5240592537136,4.97948694414819,"4681","High-High"
"430430","4304309","Cândido Godói","RS",247.047,"43","430430 CANDIDO GODOI",17.2085089681481,1.11111111111111,6421,15.5240592532039,15.524059255568,4.36757341189622,"4682","High-High"
"430435","4304358","Candiota","RS",933.628,"43","430435 CANDIOTA",0.647802653399667,0.0555555555555554,10992,15.5240592532039,15.5240592545849,0.164410632372696,"4683","Low-Low"
"430440","4304408","Canela","RS",253.002,"43","430440 CANELA",1.75336249226738,0.777777777777778,50613,15.5240592532039,15.5240592535038,0.445005425695972,"4684","Not significant"
"430450","4304507","Canguçu","RS",3526.253,"43","430450 CANGUCU",2.96082208097458,1.55555555555556,50998,15.5240592532039,15.5240592535015,0.751462717125488,"4685","Not significant"
"430460","4304606","Canoas","RS",130.789,"43","430460 CANOAS",4.03484511990333,13.8888888888889,359554,15.5240592532039,15.5240592532461,1.02405336490489,"4686","Not significant"
"430461","4304614","Canudos do Vale","RS",82.908,"43","430461 CANUDOS DO VALE",12.7559472670067,0.222222222222222,1687,15.5240592532039,15.5240592622021,3.23749832502738,"4687","High-High"
"430462","4304622","Capão Bonito do Sul","RS",526.85,"43","430462 CAPAO BONITO DO SUL",3.38546956462862,0.0555555555555556,1769,15.5240592532039,15.524059261785,0.859239671810572,"4688","Not significant"
"430463","4304630","Capão da Canoa","RS",98.383,"43","430463 CAPAO DA CANOA",0.685586609625793,0.333333333333333,66012,15.5240592532039,15.5240592534338,0.174000327133687,"4689","Not significant"
"430465","4304655","Capão do Cipó","RS",1007.796,"43","430465 CAPAO DO CIPO",1.61077284881286,0.0555555555555556,3186,15.5240592532039,15.5240592579685,0.408815696119404,"4690","Not significant"
"430466","4304663","Capão do Leão","RS",783.196,"43","430466 CAPAO DO LEAO",2.42151746257456,0.611111111111111,27389,15.5240592532039,15.5240592537581,0.614585397037809,"4691","Not significant"
"430467","4304671","Capivari do Sul","RS",412.889,"43","430467 CAPIVARI DO SUL",79.3728463715022,3.22222222222222,4079,15.5240592532039,15.5240592569254,20.1450906389583,"4692","High-High"
"430468","4304689","Capela de Santana","RS",182.756,"43","430468 CAPELA DE SANTANA",1.46375713543965,0.166666666666667,11416,15.5240592532039,15.5240592545336,0.37150261526503,"4693","Low-High"
"430469","4304697","Capitão","RS",73.967,"43","430469 CAPITAO",2.06987911905944,0.0555555555555555,2991,15.5240592532039,15.5240592582791,0.525338406566478,"4694","High-High"
"430470","4304705","Carazinho","RS",666.694,"43","430470 CARAZINHO",1.16705233706643,0.722222222222222,63638,15.5240592532039,15.5240592534424,0.296197942795329,"4695","Not significant"
"430471","4304713","Caraá","RS",294.606,"43","430471 CARAA",4.19382797350543,0.333333333333334,7553,15.5240592532039,15.5240592552137,1.06440374604663,"4696","Not significant"
"430480","4304804","Carlos Barbosa","RS",230.061,"43","430480 CARLOS BARBOSA",1.62324832742847,0.444444444444445,31528,15.5240592532039,15.5240592536854,0.411982014470475,"4697","Not significant"
"430485","4304853","Carlos Gomes","RS",83.155,"43","430485 CARLOS GOMES",0,0,1387,15.5240592532039,15.5240592641483,-3.85270942732789e-06,"4698","Low-High"
"430490","4304903","Casca","RS",272.041,"43","430490 CASCA",1.21639203508964,0.111111111111111,9689,15.5240592532039,15.5240592547706,0.308720523543903,"4699","Low-High"
"430495","4304952","Caseiros","RS",235.863,"43","430495 CASEIROS",0,0,3064,15.5240592532039,15.5240592581582,-3.8527094280712e-06,"4700","Not significant"
"430500","4305009","Catuípe","RS",583.184,"43","430500 CATUIPE",11.0269188158201,1,8840,15.5240592532039,15.5240592549211,2.79866510860352,"4701","High-High"
"430510","4305108","Caxias do Sul","RS",1652.32,"43","430510 CAXIAS DO SUL",1.50289416913196,7.05555555555556,479256,15.5240592532039,15.5240592532356,0.381435725632415,"4702","Not significant"
"430511","4305116","Centenário","RS",134.23,"43","430511 CENTENARIO",2.03873598369011,0.0555555555555555,2779,15.5240592532039,15.5240592586663,0.517434174402114,"4703","High-High"
"430512","4305124","Cerrito","RS",451.699,"43","430512 CERRITO",0,0,5915,15.5240592532039,15.5240592557702,-3.85270942836751e-06,"4704","Not significant"
"430513","4305132","Cerro Branco","RS",158.025,"43","430513 CERRO BRANCO",33.3214421646764,1.44444444444444,3865,15.5240592532039,15.5240592571314,8.45708987251447,"4705","High-High"
"430515","4305157","Cerro Grande","RS",73.438,"43","430515 CERRO GRANDE",0,0,2429,15.5240592532039,15.5240592594533,-3.85270942791048e-06,"4706","Not significant"
"430517","4305173","Cerro Grande do Sul","RS",324.908,"43","430517 CERRO GRANDE DO SUL",2.78476557163153,0.277777777777778,9343,15.5240592532039,15.5240592548286,0.70677898482266,"4707","Not significant"
"430520","4305207","Cerro Largo","RS",176.643,"43","430520 CERRO LARGO",1.21051154089468,0.166666666666667,14009,15.5240592532039,15.5240592542875,0.307228034408644,"4708","Not significant"
"430530","4305306","Chapada","RS",684.247,"43","430530 CHAPADA",5.80073177835853,0.555555555555556,9748,15.5240592532039,15.5240592547611,1.47224131860591,"4709","High-High"
"430535","4305355","Charqueadas","RS",217.362,"43","430535 CHARQUEADAS",6.4477122393696,2.38888888888889,36109,15.5240592532039,15.5240592536243,1.63644712856253,"4710","Not significant"
"430537","4305371","Charrua","RS",198.748,"43","430537 CHARRUA",8.97223198773386,0.277777777777778,2807,15.5240592532039,15.5240592586118,2.27717870337866,"4711","Not significant"
"430540","4305405","Chiapetta","RS",397.179,"43","430540 CHIAPETTA",0,0,3992,15.5240592532039,15.5240592570065,-3.85270942821411e-06,"4712","Not significant"
"430543","4305439","Chuí","RS",202.387,"43","430543 CHUI",1.76523845708764,0.111111111111111,6405,15.5240592532039,15.5240592555739,0.448019585349759,"4713","High-High"
"430544","4305447","Chuvisca","RS",220.471,"43","430544 CHUVISCA",9.83706948694853,0.5,4686,15.5240592532039,15.5240592564433,2.49667736004731,"4714","High-High"
"430545","4305454","Cidreira","RS",243.419,"43","430545 CIDREIRA",1.71404602726723,0.222222222222223,17538,15.5240592532039,15.5240592540694,0.435026775068833,"4715","Low-High"
"430550","4305504","Ciríaco","RS",274.35,"43","430550 CIRIACO",1.17032979893734,0.0555555555555555,4215,15.5240592532039,15.5240592568053,0.297029773573164,"4716","Not significant"
"430558","4305587","Colinas","RS",60.732,"43","430558 COLINAS",31.6885255373195,0.777777777777778,2474,15.5240592532039,15.5240592593397,8.0426501578753,"4717","High-High"
"430560","4305603","Colorado","RS",286.295,"43","430560 COLORADO",3.30757152310155,0.111111111111111,3319,15.5240592532039,15.5240592577775,0.839468887843875,"4718","Not significant"
"430570","4305702","Condor","RS",463.568,"43","430570 CONDOR",5.80515097658182,0.388888888888889,6539,15.5240592532039,15.5240592555253,1.47336292589332,"4719","Not significant"
"430580","4305801","Constantina","RS",203.614,"43","430580 CONSTANTINA",1.63616009194842,0.166666666666667,10623,15.5240592532039,15.5240592546329,0.415259063577575,"4720","Not significant"
"430583","4305835","Coqueiro Baixo","RS",112.638,"43","430583 COQUEIRO BAIXO",14.8814190566653,0.222222222222222,1311,15.5240592532039,15.5240592647828,3.77695019008264,"4721","High-High"
"430585","4305850","Coqueiros do Sul","RS",277.147,"43","430585 COQUEIROS DO SUL",0,0,2251,15.5240592532039,15.5240592599475,-3.85270942784916e-06,"4722","Low-High"
"430587","4305871","Coronel Barros","RS",163.684,"43","430587 CORONEL BARROS",15.3883786816241,0.388888888888889,2892,15.5240592532039,15.5240592584528,3.90561824314796,"4723","High-High"
"430590","4305900","Coronel Bicaco","RS",492.303,"43","430590 CORONEL BICACO",1.80844907407407,0.111111111111111,6230,15.5240592532039,15.5240592556405,0.458986584795898,"4724","Not significant"
"430593","4305934","Coronel Pilar","RS",105.668,"43","430593 CORONEL PILAR",6.97934115019544,0.111111111111111,1638,15.5240592532039,15.5240592624712,1.77137632782595,"4725","High-High"
"430595","4305959","Cotiporã","RS",173.207,"43","430595 COTIPORA",2.82682507985952,0.111111111111111,3926,15.5240592532039,15.5240592570704,0.717453828956453,"4726","Not significant"
"430597","4305975","Coxilha","RS",422.101,"43","430597 COXILHA",1.75143617766568,0.0555555555555555,2719,15.5240592532039,15.5240592587868,0.444516520516762,"4727","High-High"
"430600","4306007","Crissiumal","RS",362.194,"43","430600 CRISSIUMAL",3.63402463215284,0.5,13127,15.5240592532039,15.5240592543603,0.922323781393151,"4728","High-High"
"430605","4306056","Cristal","RS",682.138,"43","430605 CRISTAL",2.24361334298614,0.166666666666667,7454,15.5240592532039,15.5240592552404,0.569432735064284,"4729","Not significant"
"430607","4306072","Cristal do Sul","RS",97.077,"43","430607 CRISTAL DO SUL",3.90274362877103,0.111111111111111,2746,15.5240592532039,15.5240592587319,0.99052556343105,"4730","Not significant"
"430610","4306106","Cruz Alta","RS",1360.548,"43","430610 CRUZ ALTA",0.271208891507661,0.166666666666667,60486,15.5240592532039,15.5240592534549,0.0688298731398511,"4731","Not significant"
"430613","4306130","Cruzaltense","RS",166.883,"43","430613 CRUZALTENSE",3.03085409468388,0.0555555555555556,1655,15.5240592532039,15.524059262376,0.769237076756189,"4732","Not significant"
"430620","4306205","Cruzeiro do Sul","RS",155.058,"43","430620 CRUZEIRO DO SUL",21.568927305452,2.66666666666666,12571,15.5240592532039,15.5240592544114,5.47426220364092,"4733","High-High"
"430630","4306304","David Canabarro","RS",174.734,"43","430630 DAVID CANABARRO",3.60523456961439,0.166666666666667,4403,15.5240592532039,15.5240592566515,0.915016766939479,"4734","Not significant"
"430632","4306320","Derrubadas","RS",360.851,"43","430632 DERRUBADAS",14.9914601783962,0.444444444444445,2797,15.5240592532039,15.5240592586311,3.80487899641698,"4735","Not significant"
"430635","4306353","Dezesseis de Novembro","RS",217.363,"43","430635 DEZESSEIS DE NOVEMBRO",2.00634003450905,0.0555555555555556,2544,15.5240592532039,15.5240592591708,0.509211973890802,"4736","Not significant"
"430637","4306379","Dilermando de Aguiar","RS",600.518,"43","430637 DILERMANDO DE AGUIAR",5.31971811504879,0.166666666666667,2859,15.5240592532039,15.5240592585134,1.35015843817812,"4737","Not significant"
"430640","4306403","Dois Irmãos","RS",66.114,"43","430640 DOIS IRMAOS",6.66499843755675,1.94444444444444,31769,15.5240592532039,15.5240592536817,1.69159509407639,"4738","Not significant"
"430642","4306429","Dois Irmãos das Missões","RS",226.072,"43","430642 DOIS IRMAOS DAS MISSOES",2.54491779915509,0.0555555555555556,2133,15.5240592532039,15.5240592603206,0.645904816005104,"4739","Not significant"
"430645","4306452","Dois Lajeados","RS",133.535,"43","430645 DOIS LAJEADOS",3.48865103238788,0.111111111111111,3158,15.5240592532039,15.5240592580107,0.885427474327926,"4740","Not significant"
"430650","4306502","Dom Feliciano","RS",1355.195,"43","430650 DOM FELICIANO",11.132886114051,1.66666666666667,13291,15.5240592532039,15.524059254346,2.82555996418409,"4741","Not significant"
"430655","4306551","Dom Pedro de Alcântara","RS",78.219,"43","430655 DOM PEDRO DE ALCANTARA",4.31365619672911,0.111111111111111,2617,15.5240592532039,15.5240592590044,1.09481655067045,"4742","Not significant"
"430660","4306601","Dom Pedrito","RS",5194.051,"43","430660 DOM PEDRITO",1.15331349598301,0.444444444444444,38094,15.5240592532039,15.5240592536024,0.29271097886957,"4743","Not significant"
"430670","4306700","Dona Francisca","RS",114.149,"43","430670 DONA FRANCISCA",24.1511563274211,0.777777777777778,3136,15.5240592532039,15.5240592580444,6.12964058519098,"4744","High-High"
"430673","4306734","Doutor Maurício Cardoso","RS",255.731,"43","430673 DOUTOR MAURICIO CARDOSO",17.8546769345263,0.833333333333333,4542,15.5240592532039,15.524059256546,4.53157300778436,"4745","High-High"
"430675","4306759","Doutor Ricardo","RS",107.96,"43","430675 DOUTOR RICARDO",2.88600288600288,0.0555555555555555,1925,15.5240592532039,15.5240592610896,0.732473354443247,"4746","High-High"
"430676","4306767","Eldorado do Sul","RS",509.614,"43","430676 ELDORADO DO SUL",4.32876230167089,1.66666666666667,40954,15.5240592532039,15.5240592535745,1.09865053093694,"4747","Not significant"
"430680","4306809","Encantado","RS",140.006,"43","430680 ENCANTADO",4.59958511214001,1,23494,15.5240592532039,15.52405925385,1.16738626811374,"4748","High-High"
"430690","4306908","Encruzilhada do Sul","RS",3347.861,"43","430690 ENCRUZILHADA DO SUL",1.31731719476854,0.333333333333333,24280,15.5240592532039,15.5240592538291,0.334335667414991,"4749","Not significant"
"430692","4306924","Engenho Velho","RS",71.191,"43","430692 ENGENHO VELHO",0,0,1317,15.5240592532039,15.52405926473,-3.85270942725571e-06,"4750","Not significant"
"430693","4306932","Entre-Ijuís","RS",552.986,"43","430693 ENTRE-IJUIS",1.86597310977992,0.166666666666666,9364,15.5240592532039,15.524059254825,0.473586377909626,"4751","High-High"
"430695","4306957","Entre Rios do Sul","RS",119.912,"43","430695 ENTRE RIOS DO SUL",0,0,2731,15.5240592532039,15.5240592587623,-3.85270942799624e-06,"4752","Not significant"
"430697","4306973","Erebango","RS",152.793,"43","430697 EREBANGO",1.78005624977749,0.0555555555555556,3121,15.5240592532039,15.5240592580677,0.451780390772192,"4753","Not significant"
"430700","4307005","Erechim","RS",429.164,"43","430700 ERECHIM",1.61521301157202,1.66666666666667,109497,15.5240592532039,15.5240592533425,0.409942624373531,"4754","Not significant"
"430705","4307054","Ernestina","RS",238.558,"43","430705 ERNESTINA",3.49139817129066,0.111111111111111,3097,15.5240592532039,15.5240592581054,0.886124707387994,"4755","Not significant"
"430710","4307104","Herval","RS",1759.717,"43","430710 HERVAL",0.814478163840428,0.0555555555555556,6307,15.5240592532039,15.5240592556107,0.206713435667308,"4756","Not significant"
"430720","4307203","Erval Grande","RS",285.677,"43","430720 ERVAL GRANDE",3.23948125330108,0.166666666666667,5029,15.5240592532039,15.5240592562224,0.822187349150313,"4757","Not significant"
"430730","4307302","Erval Seco","RS",357.181,"43","430730 ERVAL SECO",7.50912864565938,0.555555555555556,6902,15.5240592532039,15.5240592554032,1.90583817059775,"4758","Not significant"
"430740","4307401","Esmeralda","RS",829.587,"43","430740 ESMERALDA",0,0,3264,15.5240592532039,15.5240592578546,-3.85270942810887e-06,"4759","Not significant"
"430745","4307450","Esperança do Sul","RS",148.909,"43","430745 ESPERANCA DO SUL",1.72265288544358,0.0555555555555556,3294,15.5240592532039,15.5240592578122,0.437211224474366,"4760","Not significant"
"430750","4307500","Espumoso","RS",783.642,"43","430750 ESPUMOSO",1.42156838715838,0.222222222222222,15478,15.5240592532039,15.5240592541846,0.36079496952461,"4761","Not significant"
"430755","4307559","Estação","RS",99.757,"43","430755 ESTACAO",2.76487005855651,0.166666666666667,5688,15.5240592532039,15.5240592558727,0.701729436884305,"4762","Not significant"
"430760","4307609","Estância Velha","RS",51.779,"43","430760 ESTANCIA VELHA",3.91054822237134,1.77777777777778,49440,15.5240592532039,15.5240592535109,0.992506395617029,"4763","Not significant"
"430770","4307708","Esteio","RS",27.676,"43","430770 ESTEIO",2.54610202223489,2.05555555555555,78181,15.5240592532039,15.5240592533981,0.646205375936688,"4764","Not significant"
"430780","4307807","Estrela","RS",185.026,"43","430780 ESTRELA",11.9350931527406,3.83333333333334,33243,15.5240592532039,15.5240592536605,3.02916279993595,"4765","High-High"
"430781","4307815","Estrela Velha","RS",281.613,"43","430781 ESTRELA VELHA",1.51998784009728,0.0555555555555555,3120,15.5240592532039,15.5240592580692,0.385774156567196,"4766","Not significant"
"430783","4307831","Eugênio de Castro","RS",418.069,"43","430783 EUGENIO DE CASTRO",2.0583755300317,0.0555555555555556,2685,15.5240592532039,15.5240592588575,0.522418757098007,"4767","High-High"
"430786","4307864","Fagundes Varela","RS",134.295,"43","430786 FAGUNDES VARELA",2.04173302298992,0.0555555555555556,2620,15.5240592532039,15.5240592589977,0.518194833017841,"4768","Not significant"
"430790","4307906","Farroupilha","RS",361.341,"43","430790 FARROUPILHA",1.30029010236315,0.88888888888889,72477,15.5240592532039,15.5240592534133,0.330014134286357,"4769","Not significant"
"430800","4308003","Faxinal do Soturno","RS",169.514,"43","430800 FAXINAL DO SOTURNO",18.3100032151555,1.22222222222222,6846,15.5240592532039,15.5240592554212,4.64713634437377,"4770","High-High"
"430805","4308052","Faxinalzinho","RS",143.321,"43","430805 FAXINALZINHO",0,0,2572,15.5240592532039,15.5240592591059,-3.8527094279536e-06,"4771","Not significant"
"430807","4308078","Fazenda Vilanova","RS",84.794,"43","430807 FAZENDA VILANOVA",10.9418515228749,0.444444444444445,4399,15.5240592532039,15.5240592566547,2.77707474432544,"4772","High-High"
"430810","4308102","Feliz","RS",94.832,"43","430810 FELIZ",9.61036653549058,1.27777777777778,13979,15.5240592532039,15.5240592542898,2.43913939115644,"4773","High-High"
"430820","4308201","Flores da Cunha","RS",276.241,"43","430820 FLORES DA CUNHA",1.51283305580666,0.444444444444445,31973,15.5240592532039,15.5240592536787,0.383958248383528,"4774","Not significant"
"430825","4308250","Floriano Peixoto","RS",168.521,"43","430825 FLORIANO PEIXOTO",0,0,1694,15.5240592532039,15.5240592621649,-3.85270942757401e-06,"4775","Low-High"
"430830","4308300","Fontoura Xavier","RS",583.239,"43","430830 FONTOURA XAVIER",0,0,9721,15.5240592532039,15.5240592547654,-3.8527094284922e-06,"4776","Not significant"
"430840","4308409","Formigueiro","RS",578.875,"43","430840 FORMIGUEIRO",3.19899582352637,0.222222222222222,6533,15.5240592532039,15.5240592555275,0.811912011371622,"4777","Not significant"
"430843","4308433","Forquetinha","RS",93.275,"43","430843 FORQUETINHA",22.224549406872,0.555555555555556,2441,15.5240592532039,15.5240592594226,5.64066128993448,"4778","High-High"
"430845","4308458","Fortaleza dos Valos","RS",650.512,"43","430845 FORTALEZA DOS VALOS",6.19908864629972,0.277777777777778,4569,15.5240592532039,15.5240592565263,1.57334562702366,"4779","Not significant"
"430850","4308508","Frederico Westphalen","RS",265.181,"43","430850 FREDERICO WESTPHALEN",3.85815093189579,1.16666666666667,33684,15.5240592532039,15.5240592536545,0.979207787636251,"4780","Not significant"
"430860","4308607","Garibaldi","RS",168.492,"43","430860 GARIBALDI",1.13337590910334,0.388888888888889,35522,15.5240592532039,15.5240592536312,0.28765075248168,"4781","Not significant"
"430865","4308656","Garruchos","RS",803.737,"43","430865 GARRUCHOS",0,0,2729,15.5240592532039,15.5240592587663,-3.85270942799573e-06,"4782","Not significant"
"430870","4308706","Gaurama","RS",204.428,"43","430870 GAURAMA",1.00389511303859,0.0555555555555555,5780,15.5240592532039,15.5240592558302,0.254788092358831,"4783","Low-High"
"430880","4308805","General Câmara","RS",510.01,"43","430880 GENERAL CAMARA",7.26337127583739,0.611111111111111,7751,15.5240592532039,15.5240592551623,1.84346412629268,"4784","High-High"
"430885","4308854","Gentil","RS",184.715,"43","430885 GENTIL",3.11584719885337,0.0555555555555555,1783,15.5240592532039,15.5240592617176,0.790808611530829,"4785","High-High"
"430890","4308904","Getúlio Vargas","RS",287.466,"43","430890 GETULIO VARGAS",1.99969960579167,0.333333333333333,16950,15.5240592532039,15.5240592540995,0.50752661090456,"4786","Not significant"
"430900","4309001","Giruá","RS",857.059,"43","430900 GIRUA",5.7267424715838,0.944444444444444,16282,15.5240592532039,15.5240592541362,1.45346258453915,"4787","High-High"
"430905","4309050","Glorinha","RS",323.955,"43","430905 GLORINHA",4.17626603434186,0.333333333333333,7842,15.5240592532039,15.5240592551396,1.05994646701609,"4788","Not significant"
"430910","4309100","Gramado","RS",239.341,"43","430910 GRAMADO",3.30827538280855,1.22222222222222,41621,15.5240592532039,15.5240592535686,0.839647529910887,"4789","Not significant"
"430912","4309126","Gramado dos Loureiros","RS",131.396,"43","430912 GRAMADO DOS LOUREIROS",0,0,2049,15.5240592532039,15.5240592606123,-3.85270942776666e-06,"4790","Not significant"
"430915","4309159","Gramado Xavier","RS",217.515,"43","430915 GRAMADO XAVIER",2.59140355656238,0.111111111111111,3356,15.5240592532039,15.5240592577271,0.657703057123507,"4791","Not significant"
"430920","4309209","Gravataí","RS",468.288,"43","430920 GRAVATAI",3.06576445807825,8.27777777777778,275294,15.5240592532039,15.524059253259,0.778097444243051,"4792","Not significant"
"430925","4309258","Guabiju","RS",146.925,"43","430925 GUABIJU",0,0,1442,15.5240592532039,15.5240592637309,-3.85270942737969e-06,"4793","Not significant"
"430930","4309308","Guaíba","RS",376.166,"43","430930 GUAIBA",4.00659342757038,3.88888888888889,95956,15.5240592532039,15.5240592533621,1.01688299067764,"4794","Not significant"
"430940","4309407","Guaporé","RS",297.545,"43","430940 GUAPORE",3.33676078108433,0.833333333333334,26138,15.5240592532039,15.5240592537847,0.846877219480124,"4795","Not significant"
"430950","4309506","Guarani das Missões","RS",290.7,"43","430950 GUARANI DAS MISSOES",1.42557334124876,0.111111111111111,7553,15.5240592532039,15.5240592552137,0.361811440286703,"4796","Not significant"
"430955","4309555","Harmonia","RS",48.557,"43","430955 HARMONIA",6.77790367731289,0.333333333333333,5524,15.5240592532039,15.5240592559519,1.72025082229735,"4797","High-High"
"430957","4309571","Herveiras","RS",118.261,"43","430957 HERVEIRAS",12.8926113348128,0.388888888888889,2608,15.5240592532039,15.5240592590244,3.27218412390622,"4798","High-High"
"430960","4309605","Horizontina","RS",229.694,"43","430960 HORIZONTINA",4.38615834889135,0.833333333333333,19246,15.5240592532039,15.5240592539926,1.11321784011756,"4799","High-High"
"430965","4309654","Hulha Negra","RS",822.608,"43","430965 HULHA NEGRA",0,0,6102,15.5240592532039,15.5240592556916,-3.85270942837727e-06,"4800","Not significant"
"430970","4309704","Humaitá","RS",135.01,"43","430970 HUMAITA",0,0,4774,15.5240592532039,15.5240592563836,-3.8527094282914e-06,"4801","Low-High"
"430975","4309753","Ibarama","RS",195.426,"43","430975 IBARAMA",5.61814726965115,0.222222222222222,3793,15.5240592532039,15.524059257206,1.42590075810014,"4802","High-High"
"430980","4309803","Ibiaçá","RS",348.778,"43","430980 IBIACA",0,0,4618,15.5240592532039,15.524059256491,-3.85270942827807e-06,"4803","Not significant"
"430990","4309902","Ibiraiaras","RS",292.16,"43","430990 IBIRAIARAS",4.74342560838377,0.333333333333333,6830,15.5240592532039,15.5240592554264,1.20389346820118,"4804","Not significant"
"430995","4309951","Ibirapuitã","RS",307.164,"43","430995 IBIRAPUITA",2.82801669423965,0.111111111111111,3793,15.5240592532039,15.524059257206,0.717756264677659,"4805","Not significant"
"431000","4310009","Ibirubá","RS",607.185,"43","431000 IBIRUBA",1.11060841745971,0.222222222222222,22082,15.5240592532039,15.5240592538913,0.281872286775807,"4806","Not significant"
"431010","4310108","Igrejinha","RS",138.303,"43","431010 IGREJINHA",8.62125524302856,3,34763,15.5240592532039,15.5240592536406,2.18809962934393,"4807","Not significant"
"431020","4310207","Ijuí","RS",688.982,"43","431020 IJUI",8.25897058260523,6.77777777777778,87775,15.5240592532039,15.5240592533768,2.0961505680452,"4808","High-High"
"431030","4310306","Ilópolis","RS",123.602,"43","431030 ILOPOLIS",1.32212174096991,0.0555555555555557,4245,15.5240592532039,15.5240592567798,0.33555507731547,"4809","Not significant"
"431033","4310330","Imbé","RS",39.766,"43","431033 IMBE",1.19382604651019,0.222222222222222,27931,15.5240592532039,15.5240592537474,0.30299320000378,"4810","Not significant"
"431036","4310363","Imigrante","RS",71.716,"43","431036 IMIGRANTE",10.7486191824379,0.333333333333333,3148,15.5240592532039,15.524059258026,2.72803172842643,"4811","High-High"
"431040","4310405","Independência","RS",358.283,"43","431040 INDEPENDENCIA",4.28537747109332,0.277777777777778,6558,15.5240592532039,15.5240592555186,1.08763931542755,"4812","High-High"
"431041","4310413","Inhacorá","RS",113.749,"43","431041 INHACORA",0,0,2049,15.5240592532039,15.5240592606123,-3.85270942776666e-06,"4813","Not significant"
"431043","4310439","Ipê","RS",599.032,"43","431043 IPE",1.76456841421027,0.111111111111111,5496,15.5240592532039,15.5240592559659,0.447849526215629,"4814","Not significant"
"431046","4310462","Ipiranga do Sul","RS",158.71,"43","431046 IPIRANGA DO SUL",5.67827832512087,0.111111111111111,1750,15.5240592532039,15.5240592618781,1.44116222133943,"4815","Not significant"
"431050","4310504","Iraí","RS",181.579,"43","431050 IRAI",2.29514249195336,0.166666666666667,7624,15.5240592532039,15.524059255195,0.582511005815531,"4816","Not significant"
"431053","4310538","Itaara","RS",172.801,"43","431053 ITAARA",7.19269433103879,0.388888888888889,5706,15.5240592532039,15.5240592558642,1.82552608072931,"4817","Not significant"
"431055","4310553","Itacurubi","RS",1120.874,"43","431055 ITACURUBI",1.82628387756593,0.0555555555555555,3042,15.5240592532039,15.524059258194,0.463513117672031,"4818","Not significant"
"431057","4310579","Itapuca","RS",184.673,"43","431057 ITAPUCA",15.8569165306949,0.388888888888888,1967,15.5240592532039,15.5240592609212,4.02453471960157,"4819","High-High"
"431060","4310603","Itaqui","RS",3406.606,"43","431060 ITAQUI",0,0,36830,15.5240592532039,15.5240592536161,-3.85270942863482e-06,"4820","Not significant"
"431065","4310652","Itati","RS",205.06,"43","431065 ITATI",4.30163031789048,0.111111111111111,2695,15.5240592532039,15.5240592588365,1.09176434231281,"4821","Not significant"
"431070","4310702","Itatiba do Sul","RS",212.669,"43","431070 ITATIBA DO SUL",3.0403842768953,0.111111111111111,3249,15.5240592532039,15.5240592578761,0.771655869061011,"4822","Not significant"
"431075","4310751","Ivorá","RS",122.93,"43","431075 IVORA",2.9086678301338,0.0555555555555556,1964,15.5240592532039,15.524059260933,0.738225793246599,"4823","High-High"
"431080","4310801","Ivoti","RS",63.092,"43","431080 IVOTI",6.90170823323674,1.55555555555556,23533,15.5240592532039,15.5240592538489,1.75167283374201,"4824","High-High"
"431085","4310850","Jaboticaba","RS",127.589,"43","431085 JABOTICABA",4.22634277648676,0.166666666666667,3850,15.5240592532039,15.5240592571467,1.07265611197674,"4825","Not significant"
"431087","4310876","Jacuizinho","RS",339.399,"43","431087 JACUIZINHO",0,0,2070,15.5240592532039,15.5240592605372,-3.85270942777599e-06,"4826","Not significant"
"431090","4310900","Jacutinga","RS",178.009,"43","431090 JACUTINGA",1.5535669898086,0.0555555555555555,3401,15.5240592532039,15.5240592576673,0.394296657336522,"4827","Not significant"
"431100","4311007","Jaguarão","RS",2051.845,"43","431100 JAGUARAO",1.41662668469547,0.388888888888889,27406,15.5240592532039,15.5240592537578,0.359540748878224,"4828","Not significant"
"431110","4311106","Jaguari","RS",675.314,"43","431110 JAGUARI",8.05962531974829,0.888888888888889,10779,15.5240592532039,15.5240592546122,2.04555607197733,"4829","Not significant"
"431112","4311122","Jaquirana","RS",908.879,"43","431112 JAQUIRANA",0,0,3755,15.5240592532039,15.5240592572465,-3.85270942818433e-06,"4830","Not significant"
"431113","4311130","Jari","RS",853.08,"43","431113 JARI",0,0,3414,15.5240592532039,15.5240592576503,-3.85270942813422e-06,"4831","Low-High"
"431115","4311155","Jóia","RS",1238.918,"43","431115 JOIA",16.4727671489092,1.38888888888889,7305,15.5240592532039,15.5240592552819,4.1808396717673,"4832","Not significant"
"431120","4311205","Júlio de Castilhos","RS",1929.544,"43","431120 JULIO DE CASTILHOS",2.83769279109261,0.555555555555556,18557,15.5240592532039,15.5240592540219,0.720212090570076,"4833","High-High"
"431123","4311239","Lagoa Bonita do Sul","RS",109.758,"43","431123 LAGOA BONITA DO SUL",2.46584800512896,0.0555555555555555,2287,15.5240592532039,15.5240592598414,0.625836637226472,"4834","High-High"
"431125","4311254","Lagoão","RS",387.486,"43","431125 LAGOAO",1.88064984545477,0.111111111111111,5429,15.5240592532039,15.524059256,0.477311382607094,"4835","Not significant"
"431127","4311270","Lagoa dos Três Cantos","RS",138.602,"43","431127 LAGOA DOS TRES CANTOS",0,0,1779,15.5240592532039,15.5240592617367,-3.85270942762714e-06,"4836","Not significant"
"431130","4311304","Lagoa Vermelha","RS",1260.227,"43","431130 LAGOA VERMELHA",1.7738869092734,0.5,28617,15.5240592532039,15.5240592537343,0.45021459153359,"4837","Not significant"
"431140","4311403","Lajeado","RS",91.231,"43","431140 LAJEADO",4.1922762742981,3.44444444444444,96651,15.5240592532039,15.5240592533609,1.0640099196495,"4838","High-High"
"431142","4311429","Lajeado do Bugre","RS",67.947,"43","431142 LAJEADO DO BUGRE",0,0,2660,15.5240592532039,15.5240592589106,-3.85270942797783e-06,"4839","Not significant"
"431150","4311502","Lavras do Sul","RS",2600.969,"43","431150 LAVRAS DO SUL",0.7104290991759,0.0555555555555554,7294,15.5240592532039,15.524059255285,0.180305434251249,"4840","Not significant"
"431160","4311601","Liberato Salzano","RS",245.627,"43","431160 LIBERATO SALZANO",2.03174597252764,0.111111111111111,4854,15.5240592532039,15.5240592563312,0.515660086175259,"4841","Not significant"
"431162","4311627","Lindolfo Collor","RS",33.351,"43","431162 LINDOLFO COLLOR",9.47464963784262,0.555555555555556,6409,15.5240592532039,15.5240592555724,2.40469398746568,"4842","High-High"
"431164","4311643","Linha Nova","RS",63.502,"43","431164 LINHA NOVA",0,0,1720,15.5240592532039,15.5240592620294,-3.85270942759082e-06,"4843","Low-High"
"431170","4311700","Machadinho","RS",335.198,"43","431170 MACHADINHO",2.03784578430759,0.111111111111111,5864,15.5240592532039,15.5240592557926,0.517208238862486,"4844","High-High"
"431171","4311718","Maçambará","RS",1682.82,"43","431171 MACAMBARA",0,0,4487,15.5240592532039,15.524059256587,-3.85270942826616e-06,"4845","Not significant"
"431173","4311734","Mampituba","RS",156.653,"43","431173 MAMPITUBA",3.71365685018822,0.111111111111111,3201,15.5240592532039,15.5240592579461,0.942534705175418,"4846","High-High"
"431175","4311759","Manoel Viana","RS",1390.696,"43","431175 MANOEL VIANA",0,0,6917,15.5240592532039,15.5240592553985,-3.85270942841364e-06,"4847","Not significant"
"431177","4311775","Maquiné","RS",613.58,"43","431177 MAQUINE",0.790488838297606,0.0555555555555557,7588,15.5240592532039,15.5240592552044,0.200624864427192,"4848","Not significant"
"431179","4311791","Maratá","RS",82.063,"43","431179 MARATA",15.3846260083745,0.388888888888889,2521,15.5240592532039,15.5240592592253,3.90466580199996,"4849","High-High"
"431180","4311809","Marau","RS",649.77,"43","431180 MARAU",3.1529641056434,1.33333333333333,46656,15.5240592532039,15.5240592535292,0.800229007111198,"4850","High-High"
"431190","4311908","Marcelino Ramos","RS",229.759,"43","431190 MARCELINO RAMOS",0,0,4389,15.5240592532039,15.5240592566625,-3.85270942825679e-06,"4851","Not significant"
"431198","4311981","Mariana Pimentel","RS",338.45,"43","431198 MARIANA PIMENTEL",6.98901056440846,0.277777777777778,4003,15.5240592532039,15.524059256996,1.77383045788048,"4852","Not significant"
"431200","4312005","Mariano Moro","RS",98.727,"43","431200 MARIANO MORO",2.51382604323781,0.0555555555555555,1888,15.5240592532039,15.5240592612441,0.638013624105903,"4853","Not significant"
"431205","4312054","Marques de Souza","RS",125.714,"43","431205 MARQUES DE SOUZA",4.18160684732116,0.166666666666667,4050,15.5240592532039,15.524059256952,1.06130198319243,"4854","High-High"
"431210","4312104","Mata","RS",316.121,"43","431210 MATA",0,0,4786,15.5240592532039,15.5240592563756,-3.85270942829239e-06,"4855","Not significant"
"431213","4312138","Mato Castelhano","RS",238.268,"43","431213 MATO CASTELHANO",10.9306783256472,0.277777777777778,2610,15.5240592532039,15.5240592590199,2.77423894920162,"4856","Not significant"
"431215","4312153","Mato Leitão","RS",46.799,"43","431215 MATO LEITAO",60.3319502362661,2.55555555555555,4990,15.5240592532039,15.524059256246,15.3124473691374,"4857","High-High"
"431217","4312179","Mato Queimado","RS",114.653,"43","431217 MATO QUEIMADO",0,0,1833,15.5240592532039,15.5240592614853,-3.85270942765833e-06,"4858","Not significant"
"431220","4312203","Maximiliano de Almeida","RS",208.439,"43","431220 MAXIMILIANO DE ALMEIDA",4.72130625263345,0.222222222222222,4258,15.5240592532039,15.5240592567689,1.19827950150867,"4859","Not significant"
"431225","4312252","Minas do Leão","RS",424.339,"43","431225 MINAS DO LEAO",2.17448380917563,0.166666666666667,7661,15.5240592532039,15.5240592551853,0.551887427639404,"4860","High-High"
"431230","4312302","Miraguaí","RS",131.236,"43","431230 MIRAGUAI",1.11445447453472,0.0555555555555556,4506,15.5240592532039,15.5240592565727,0.282848428930297,"4861","Not significant"
"431235","4312351","Montauri","RS",82.23,"43","431235 MONTAURI",15.0457673547009,0.222222222222222,1530,15.5240592532039,15.5240592631254,3.8186623392642,"4862","High-High"
"431237","4312377","Monte Alegre dos Campos","RS",549.455,"43","431237 MONTE ALEGRE DOS CAMPOS",0,0,3250,15.5240592532039,15.5240592578746,-3.85270942810638e-06,"4863","Not significant"
"431238","4312385","Monte Belo do Sul","RS",69.726,"43","431238 MONTE BELO DO SUL",2.16675333680014,0.0555555555555556,2609,15.5240592532039,15.5240592590222,0.549925407767478,"4864","Not significant"
"431240","4312401","Montenegro","RS",425.023,"43","431240 MONTENEGRO",6.37718112794272,4.05555555555556,66295,15.5240592532039,15.5240592534329,1.61854609604814,"4865","High-High"
"431242","4312427","Mormaço","RS",146.191,"43","431242 MORMACO",2.06603032932523,0.0555555555555555,2815,15.5240592532039,15.5240592585964,0.524361570824273,"4866","Not significant"
"431244","4312443","Morrinhos do Sul","RS",166.224,"43","431244 MORRINHOS DO SUL",9.04313964207037,0.277777777777779,3134,15.5240592532039,15.5240592580475,2.29517530379462,"4867","Not significant"
"431245","4312450","Morro Redondo","RS",244.645,"43","431245 MORRO REDONDO",0.900560148412311,0.0555555555555555,6169,15.5240592532039,15.5240592556646,0.228561331925888,"4868","Not significant"
"431247","4312476","Morro Reuter","RS",89.412,"43","431247 MORRO REUTER",1.82630252328115,0.111111111111111,6163,15.5240592532039,15.524059255667,0.463517850054786,"4869","High-High"
"431250","4312500","Mostardas","RS",1977.442,"43","431250 MOSTARDAS",5.12525908340824,0.666666666666667,12346,15.5240592532039,15.5240592544334,1.30080408423378,"4870","High-High"
"431260","4312609","Muçum","RS",111.247,"43","431260 MUCUM",21.2117295383505,1,4694,15.5240592532039,15.5240592564378,5.38360421255334,"4871","High-High"
"431261","4312617","Muitos Capões","RS",1193.23,"43","431261 MUITOS CAPOES",0,0,2938,15.5240592532039,15.5240592583706,-3.85270942804483e-06,"4872","Not significant"
"431262","4312625","Muliterno","RS",111.132,"43","431262 MULITERNO",6.09879819078458,0.111111111111111,1755,15.5240592532039,15.5240592618534,1.54789157294307,"4873","Not significant"
"431265","4312658","Não-Me-Toque","RS",361.689,"43","431265 NAO-ME-TOQUE",0.938475668319214,0.166666666666667,18314,15.5240592532039,15.5240592540328,0.238184417995838,"4874","Not significant"
"431267","4312674","Nicolau Vergueiro","RS",154.995,"43","431267 NICOLAU VERGUEIRO",3.1511943026407,0.0555555555555555,1979,15.5240592532039,15.5240592608744,0.799779824986926,"4875","Not significant"
"431270","4312708","Nonoai","RS",468.962,"43","431270 NONOAI",1.40390415451981,0.166666666666667,14056,15.5240592532039,15.5240592542839,0.356311728063379,"4876","Not significant"
"431275","4312757","Nova Alvorada","RS",148.861,"43","431275 NOVA ALVORADA",9.63645662179955,0.333333333333334,3229,15.5240592532039,15.524059257905,2.44576114223956,"4877","High-High"
"431280","4312807","Nova Araçá","RS",75.514,"43","431280 NOVA ARACA",1.16737876771497,0.0555555555555555,5086,15.5240592532039,15.5240592561885,0.296280791962031,"4878","Not significant"
"431290","4312906","Nova Bassano","RS",211.611,"43","431290 NOVA BASSANO",0,0,9877,15.5240592532039,15.5240592547408,-3.85270942849526e-06,"4879","Not significant"
"431295","4312955","Nova Boa Vista","RS",93.733,"43","431295 NOVA BOA VISTA",17.1819830827818,0.333333333333333,2088,15.5240592532039,15.524059260474,4.36084105257784,"4880","Not significant"
"431300","4313003","Nova Bréscia","RS",102.994,"43","431300 NOVA BRESCIA",3.54121647755839,0.111111111111111,3105,15.5240592532039,15.5240592580927,0.898768760525156,"4881","High-High"
"431301","4313011","Nova Candelária","RS",97.579,"43","431301 NOVA CANDELARIA",20.3573925977278,0.555555555555555,3134,15.5240592532039,15.5240592580475,5.16677063274764,"4882","High-High"
"431303","4313037","Nova Esperança do Sul","RS",191,"43","431303 NOVA ESPERANCA DO SUL",2.10867851703227,0.111111111111111,4974,15.5240592532039,15.5240592562557,0.535185823874133,"4883","Not significant"
"431306","4313060","Nova Hartz","RS",62.319,"43","431306 NOVA HARTZ",3.44035701798886,0.666666666666666,20539,15.5240592532039,15.524059253943,0.873170291691655,"4884","Not significant"
"431308","4313086","Nova Pádua","RS",102.643,"43","431308 NOVA PADUA",0,0,2390,15.5240592532039,15.5240592595553,-3.85270942789783e-06,"4885","Not significant"
"431310","4313102","Nova Palma","RS",314.613,"43","431310 NOVA PALMA",11.5516533376567,0.722222222222222,5683,15.5240592532039,15.524059255875,2.93184448923824,"4886","High-High"
"431320","4313201","Nova Petrópolis","RS",290.164,"43","431320 NOVA PETROPOLIS",2.47636759412494,0.555555555555556,23889,15.5240592532039,15.5240592538393,0.62850654429985,"4887","Not significant"
"431330","4313300","Nova Prata","RS",259.941,"43","431330 NOVA PRATA",2.74659876648237,0.666666666666667,26587,15.5240592532039,15.5240592537748,0.697092121751752,"4888","Not significant"
"431333","4313334","Nova Ramada","RS",255.264,"43","431333 NOVA RAMADA",2.47794627812469,0.0555555555555555,2201,15.5240592532039,15.5240592601007,0.628907219464438,"4889","Not significant"
"431335","4313359","Nova Roma do Sul","RS",149.767,"43","431335 NOVA ROMA DO SUL",4.65952064928227,0.166666666666667,3543,15.5240592532039,15.5240592574884,1.18259810822602,"4890","Not significant"
"431337","4313375","Nova Santa Rita","RS",218.153,"43","431337 NOVA SANTA RITA",10.1558183455396,2.77777777777778,30121,15.5240592532039,15.5240592537079,2.57757688913183,"4891","Not significant"
"431339","4313391","Novo Cabrais","RS",192.998,"43","431339 NOVO CABRAIS",15.2669924185942,0.611111111111111,3636,15.5240592532039,15.5240592573788,3.87481000280182,"4892","High-High"
"431340","4313409","Novo Hamburgo","RS",222.536,"43","431340 NOVO HAMBURGO",5.00044575023818,12.2777777777778,235879,15.5240592532039,15.5240592532682,1.26912604190702,"4893","High-High"
"431342","4313425","Novo Machado","RS",218.836,"43","431342 NOVO MACHADO",17.1855674419657,0.611111111111112,3246,15.5240592532039,15.5240592578804,4.36175077531886,"4894","High-High"
"431344","4313441","Novo Tiradentes","RS",75.428,"43","431344 NOVO TIRADENTES",10.0371925457026,0.222222222222222,2188,15.5240592532039,15.5240592601417,2.54746926293146,"4895","Not significant"
"431346","4313466","Novo Xingu","RS",79.851,"43","431346 NOVO XINGU",0,0,1678,15.5240592532039,15.5240592622503,-3.85270942756341e-06,"4896","Not significant"
"431349","4313490","Novo Barreiro","RS",123.344,"43","431349 NOVO BARREIRO",1.31243929968239,0.0555555555555555,4371,15.5240592532039,15.5240592566768,0.333097641259223,"4897","Not significant"
"431350","4313508","Osório","RS",663.878,"43","431350 OSORIO",2.12220008624764,0.944444444444445,48929,15.5240592532039,15.5240592535141,0.538617643517153,"4898","High-High"
"431360","4313607","Paim Filho","RS",182.115,"43","431360 PAIM FILHO",18.5788737175683,0.722222222222223,3691,15.5240592532039,15.5240592573166,4.71537657893951,"4899","High-High"
"431365","4313656","Palmares do Sul","RS",949.201,"43","431365 PALMARES DO SUL",31.3062507117534,3.66666666666667,13170,15.5240592532039,15.5240592543565,7.94562752692476,"4900","High-High"
"431370","4313706","Palmeira das Missões","RS",1421.101,"43","431370 PALMEIRA DAS MISSOES",0.649166805043386,0.222222222222222,34233,15.5240592532039,15.5240592536473,0.164756858637936,"4901","Not significant"
"431380","4313805","Palmitinho","RS",144.181,"43","431380 PALMITINHO",2.86614032982628,0.222222222222222,8032,15.5240592532039,15.5240592550938,0.727432171241283,"4902","Not significant"
"431390","4313904","Panambi","RS",491.57,"43","431390 PANAMBI",1.44495712783116,0.611111111111111,45042,15.5240592532039,15.5240592535409,0.366731110321855,"4903","Not significant"
"431395","4313953","Pantano Grande","RS",841.225,"43","431395 PANTANO GRANDE",2.81907716124711,0.277777777777778,10438,15.5240592532039,15.5240592546582,0.715487381294777,"4904","Not significant"
"431400","4314001","Paraí","RS",121.745,"43","431400 PARAI",2.19967085133515,0.166666666666667,7357,15.5240592532039,15.5240592552672,0.558279983373212,"4905","Not significant"
"431402","4314027","Paraíso do Sul","RS",337.534,"43","431402 PARAISO DO SUL",10.2955073836092,0.777777777777778,6635,15.5240592532039,15.5240592554917,2.61303043512875,"4906","High-High"
"431403","4314035","Pareci Novo","RS",57.485,"43","431403 PARECI NOVO",10.3696184892033,0.388888888888889,4433,15.5240592532039,15.5240592566282,2.63184008207665,"4907","High-High"
"431405","4314050","Parobé","RS",108.707,"43","431405 PAROBE",2.04799697031467,1.11111111111111,53555,15.5240592532039,15.5240592534873,0.519784643939718,"4908","Not significant"
"431406","4314068","Passa Sete","RS",304.266,"43","431406 PASSA SETE",2.77131724596632,0.111111111111111,4036,15.5240592532039,15.524059256965,0.70336575463721,"4909","High-High"
"431407","4314076","Passo do Sobrado","RS",265.133,"43","431407 PASSO DO SOBRADO",22.4078312132738,1.38888888888889,6154,15.5240592532039,15.5240592556706,5.68717882750069,"4910","High-High"
"431410","4314100","Passo Fundo","RS",784.407,"43","431410 PASSO FUNDO",2.61192045862244,5.16666666666667,214564,15.5240592532039,15.5240592532746,0.662910315740346,"4911","Not significant"
"431413","4314134","Paulo Bento","RS",149.669,"43","431413 PAULO BENTO",0,0,2188,15.5240592532039,15.5240592601417,-3.85270942782507e-06,"4912","Not significant"
"431415","4314159","Paverama","RS",171.863,"43","431415 PAVERAMA",12.5781851521944,1.05555555555556,8146,15.5240592532039,15.5240592550674,3.19238170511513,"4913","High-High"
"431417","4314175","Pedras Altas","RS",1373.985,"43","431417 PEDRAS ALTAS",0,0,2100,15.5240592532039,15.5240592604324,-3.85270942778899e-06,"4914","Not significant"
"431420","4314209","Pedro Osório","RS",603.757,"43","431420 PEDRO OSORIO",0,0,7634,15.5240592532039,15.5240592551924,-3.85270942843922e-06,"4915","Not significant"
"431430","4314308","Pejuçara","RS",414.106,"43","431430 PEJUCARA",5.73788277620668,0.222222222222222,3819,15.5240592532039,15.5240592571787,1.45629003105577,"4916","Not significant"
"431440","4314407","Pelotas","RS",1608.78,"43","431440 PELOTAS",2.81099217319036,9.5,336131,15.5240592532039,15.5240592532491,0.713435384254799,"4917","Not significant"
"431442","4314423","Picada Café","RS",84.28,"43","431442 PICADA CAFE",7.20003207522726,0.388888888888889,5470,15.5240592532039,15.524059255979,1.82738842479606,"4918","High-High"
"431445","4314456","Pinhal","RS",68.222,"43","431445 PINHAL",0,0,3034,15.5240592532039,15.5240592582072,-3.85270942806512e-06,"4919","Not significant"
"431446","4314464","Pinhal da Serra","RS",438.11,"43","431446 PINHAL DA SERRA",5.08999089929666,0.111111111111111,2299,15.5240592532039,15.5240592598067,1.291852900652,"4920","Not significant"
"431447","4314472","Pinhal Grande","RS",478.11,"43","431447 PINHAL GRANDE",1.21618992021794,0.0555555555555554,3867,15.5240592532039,15.5240592571294,0.308669226088458,"4921","Not significant"
"431449","4314498","Pinheirinho do Vale","RS",105.385,"43","431449 PINHEIRINHO DO VALE",1.22396024577122,0.0555555555555555,4637,15.5240592532039,15.5240592564775,0.310641360768948,"4922","Not significant"
"431450","4314506","Pinheiro Machado","RS",2249.176,"43","431450 PINHEIRO MACHADO",0.488185901191174,0.0555555555555556,11409,15.5240592532039,15.5240592545344,0.123899365574104,"4923","Not significant"
"431454","4314548","Pinto Bandeira","RS",104.801,"43",NA,0,NA,2784,15.5240592532039,15.5240592586564,-3.85270942800937e-06,"4924","Not significant"
"431455","4314555","Pirapó","RS",293.723,"43","431455 PIRAPO",2.09564524917222,0.0555555555555556,2260,15.5240592532039,15.5240592599207,0.531877936736813,"4925","Not significant"
"431460","4314605","Piratini","RS",3538.3,"43","431460 PIRATINI",0.838761684377778,0.166666666666667,17792,15.5240592532039,15.5240592540571,0.212876674596548,"4926","Not significant"
"431470","4314704","Planalto","RS",228.552,"43","431470 PLANALTO",1.63925849049545,0.166666666666667,10624,15.5240592532039,15.5240592546327,0.416045447515672,"4927","Not significant"
"431475","4314753","Poço das Antas","RS",67.618,"43","431475 POCO DAS ANTAS",51.2769565565973,1.05555555555555,2222,15.5240592532039,15.5240592600355,13.0142596164308,"4928","High-High"
"431477","4314779","Pontão","RS",502.709,"43","431477 PONTAO",12.6462327895287,0.444444444444444,3350,15.5240592532039,15.5240592577352,3.20965242331276,"4929","Not significant"
"431478","4314787","Ponte Preta","RS",99.504,"43","431478 PONTE PRETA",7.23655772289399,0.111111111111111,1604,15.5240592532039,15.5240592626677,1.83665875622387,"4930","Not significant"
"431480","4314803","Portão","RS",159.298,"43","431480 PORTAO",2.40465509922354,0.833333333333333,35237,15.5240592532039,15.5240592536347,0.610305672693399,"4931","High-High"
"431490","4314902","Porto Alegre","RS",495.39,"43","431490 PORTO ALEGRE",3.83559403513973,54.6666666666667,1389322,15.5240592532039,15.5240592532148,0.973482771634983,"4932","High-High"
"431500","4315008","Porto Lucena","RS",250.876,"43","431500 PORTO LUCENA",3.09441026286214,0.166666666666666,4424,15.5240592532039,15.5240592566352,0.78536784544235,"4933","High-High"
"431505","4315057","Porto Mauá","RS",105.811,"43","431505 PORTO MAUA",13.2753836980666,0.333333333333333,2176,15.5240592532039,15.5240592601799,3.36933303274064,"4934","High-High"
"431507","4315073","Porto Vera Cruz","RS",114.284,"43","431507 PORTO VERA CRUZ",5.86243630575194,0.111111111111111,1585,15.5240592532039,15.5240592627811,1.48790213412796,"4935","High-High"
"431510","4315107","Porto Xavier","RS",281.497,"43","431510 PORTO XAVIER",1.06372323059176,0.111111111111111,10132,15.5240592532039,15.5240592547021,0.269972669166713,"4936","Not significant"
"431513","4315131","Pouso Novo","RS",105.338,"43","431513 POUSO NOVO",2.75300077084022,0.0555555555555556,1773,15.5240592532039,15.5240592617656,0.69871697173963,"4937","High-High"
"431514","4315149","Presidente Lucena","RS",49.628,"43","431514 PRESIDENTE LUCENA",29.3968550724805,0.833333333333334,3159,15.5240592532039,15.5240592580092,7.4610165118687,"4938","High-High"
"431515","4315156","Progresso","RS",256.039,"43","431515 PROGRESSO",2.92870534269532,0.166666666666666,5430,15.5240592532039,15.5240592559995,0.743311381224171,"4939","Not significant"
"431517","4315172","Protásio Alves","RS",171.994,"43","431517 PROTASIO ALVES",8.15594697276153,0.166666666666667,2069,15.5240592532039,15.5240592605407,2.07000283001892,"4940","Not significant"
"431520","4315206","Putinga","RS",216.159,"43","431520 PUTINGA",2.77937312546647,0.111111111111111,3814,15.5240592532039,15.5240592571839,0.705410363855196,"4941","Not significant"
"431530","4315305","Quaraí","RS",3139.995,"43","431530 QUARAI",0.694205389726604,0.166666666666667,23988,15.5240592532039,15.5240592538367,0.176187802414076,"4942","Not significant"
"431531","4315313","Quatro Irmãos","RS",268.971,"43","431531 QUATRO IRMAOS",5.98661784476597,0.111111111111111,1579,15.5240592532039,15.5240592628175,1.51941982501732,"4943","Not significant"
"431532","4315321","Quevedos","RS",543.359,"43","431532 QUEVEDOS",8.00314274681642,0.222222222222222,2555,15.5240592532039,15.5240592591451,2.03122060532236,"4944","Not significant"
"431535","4315354","Quinze de Novembro","RS",223.072,"43","431535 QUINZE DE NOVEMBRO",2.9707193074158,0.111111111111111,4000,15.5240592532039,15.5240592569989,0.753974666290213,"4945","Not significant"
"431540","4315404","Redentora","RS",303.705,"43","431540 REDENTORA",1.04120681164531,0.111111111111111,9934,15.5240592532039,15.524059254732,0.26425792655537,"4946","Not significant"
"431545","4315453","Relvado","RS",108.188,"43","431545 RELVADO",6.13243791617323,0.111111111111111,1828,15.5240592532039,15.524059261508,1.55642944803354,"4947","High-High"
"431550","4315503","Restinga Sêca","RS",968.62,"43","431550 RESTINGA SECA",3.53275143105536,0.555555555555555,15213,15.5240592532039,15.5240592542017,0.896620303457654,"4948","High-High"
"431555","4315552","Rio dos Índios","RS",235.854,"43","431555 RIO DOS INDIOS",6.45868211574379,0.222222222222222,2874,15.5240592532039,15.5240592584857,1.63923131970438,"4949","Not significant"
"431560","4315602","Rio Grande","RS",2682.867,"43","431560 RIO GRANDE",2.80129439262728,5.61111111111111,198958,15.5240592532039,15.5240592532802,0.710974055036892,"4950","High-High"
"431570","4315701","Rio Pardo","RS",2051.112,"43","431570 RIO PARDO",12.0649602148054,4.61111111111111,35666,15.5240592532039,15.5240592536295,3.06212349564948,"4951","High-High"
"431575","4315750","Riozinho","RS",239.09,"43","431575 RIOZINHO",2.48303362005898,0.111111111111111,4572,15.5240592532039,15.5240592565241,0.630198403974186,"4952","Not significant"
"431580","4315800","Roca Sales","RS",208.108,"43","431580 ROCA SALES",22.6664218813357,2.33333333333334,10644,15.5240592532039,15.52405925463,5.75281000612695,"4953","High-High"
"431590","4315909","Rodeio Bonito","RS",83.278,"43","431590 RODEIO BONITO",0.946754525486633,0.0555555555555556,6821,15.5240592532039,15.5240592554294,0.240285619687633,"4954","Not significant"
"431595","4315958","Rolador","RS",295.326,"43","431595 ROLADOR",0,0,2332,15.5240592532039,15.5240592597133,-3.85270942787823e-06,"4955","Not significant"
"431600","4316006","Rolante","RS",296.09,"43","431600 ROLANTE",8.95341478171773,1.88888888888889,21733,15.5240592532039,15.5240592539024,2.27240283375556,"4956","Not significant"
"431610","4316105","Ronda Alta","RS",418.675,"43","431610 RONDA ALTA",0,0,9972,15.5240592532039,15.5240592547261,-3.85270942849707e-06,"4957","Not significant"
"431620","4316204","Rondinha","RS",252.454,"43","431620 RONDINHA",2.09505218030367,0.111111111111111,5083,15.5240592532039,15.5240592561903,0.531727413933724,"4958","Not significant"
"431630","4316303","Roque Gonzales","RS",349.074,"43","431630 ROQUE GONZALES",1.68926061405783,0.111111111111111,6698,15.5240592532039,15.5240592554702,0.428736154087917,"4959","Not significant"
"431640","4316402","Rosário do Sul","RS",4343.656,"43","431640 ROSARIO DO SUL",0.558078223757725,0.222222222222222,37700,15.5240592532039,15.5240592536065,0.141638271347996,"4960","Not significant"
"431642","4316428","Sagrada Família","RS",77.889,"43","431642 SAGRADA FAMILIA",0,0,2529,15.5240592532039,15.5240592592062,-3.85270942794115e-06,"4961","Not significant"
"431643","4316436","Saldanha Marinho","RS",221.554,"43","431643 SALDANHA MARINHO",4.27211384340796,0.111111111111111,2621,15.5240592532039,15.5240592589955,1.08427296213561,"4962","Not significant"
"431645","4316451","Salto do Jacuí","RS",507.698,"43","431645 SALTO DO JACUI",0.891065491159093,0.111111111111111,10373,15.5240592532039,15.5240592546673,0.22615155609313,"4963","Not significant"
"431647","4316477","Salvador das Missões","RS",94.312,"43","431647 SALVADOR DAS MISSOES",2.03276822376713,0.0555555555555556,2953,15.5240592532039,15.5240592583444,0.515919536933298,"4964","Not significant"
"431650","4316501","Salvador do Sul","RS",99.156,"43","431650 SALVADOR DO SUL",4.53849510174421,0.333333333333333,7182,15.5240592532039,15.5240592553175,1.1518814186265,"4965","High-High"
"431660","4316600","Sananduva","RS",504.438,"43","431660 SANANDUVA",5.83773800227391,0.944444444444444,16759,15.5240592532039,15.5240592541097,1.48163362232379,"4966","High-High"
"431670","4316709","Santa Bárbara do Sul","RS",975.799,"43","431670 SANTA BARBARA DO SUL",1.97243658537602,0.166666666666666,8275,15.5240592532039,15.5240592550383,0.500607164913137,"4967","Not significant"
"431673","4316733","Santa Cecília do Sul","RS",200.056,"43","431673 SANTA CECILIA DO SUL",3.27761389708292,0.0555555555555555,1710,15.5240592532039,15.524059262081,0.831865541817931,"4968","Not significant"
"431675","4316758","Santa Clara do Sul","RS",86.442,"43","431675 SANTA CLARA DO SUL",14.8994891081067,0.944444444444444,7067,15.5240592532039,15.5240592553519,3.78153643086241,"4969","High-High"
"431680","4316808","Santa Cruz do Sul","RS",733.898,"43","431680 SANTA CRUZ DO SUL",15.5837429811532,19.6111111111111,138104,15.5240592532039,15.5240592533138,3.95520235794281,"4970","High-High"
"431690","4316907","Santa Maria","RS",1780.194,"43","431690 SANTA MARIA",3.034362126249,8.33333333333333,282244,15.5240592532039,15.5240592532577,0.770127427153452,"4971","High-High"
"431695","4316956","Santa Maria do Herval","RS",140.437,"43","431695 SANTA MARIA DO HERVAL",3.51342671954816,0.222222222222222,6482,15.5240592532039,15.5240592555457,0.891715626855624,"4972","High-High"
"431697","4316972","Santa Margarida do Sul","RS",955.299,"43","431697 SANTA MARGARIDA DO SUL",0,0,2658,15.5240592532039,15.5240592589149,-3.85270942797729e-06,"4973","Not significant"
"431700","4317004","Santana da Boa Vista","RS",1418.805,"43","431700 SANTANA DA BOA VISTA",0,0,7140,15.5240592532039,15.5240592553299,-3.85270942842215e-06,"4974","Not significant"
"431710","4317103","Sant'Ana do Livramento","RS",6946.407,"43","431710 SANT'ANA DO LIVRAMENTO",0.540435398375304,0.444444444444444,87296,15.5240592532039,15.5240592533778,0.137160463122206,"4975","Not significant"
"431720","4317202","Santa Rosa","RS",489.38,"43","431720 SANTA ROSA",5.96914170157897,4.27777777777778,79395,15.5240592532039,15.5240592533951,1.51498432175157,"4976","High-High"
"431725","4317251","Santa Tereza","RS",73.669,"43","431725 SANTA TEREZA",6.84932227260344,0.111111111111111,1531,15.5240592532039,15.5240592631189,1.73837710079883,"4977","High-High"
"431730","4317301","Santa Vitória do Palmar","RS",5206.977,"43","431730 SANTA VITORIA DO PALMAR",47.186189935861,14.8888888888889,31961,15.5240592532039,15.5240592536788,11.976009337116,"4978","Not significant"
"431740","4317400","Santiago","RS",2414.195,"43","431740 SANTIAGO",0.995721201012448,0.5,50331,15.5240592532039,15.5240592535055,0.252713526103938,"4979","Not significant"
"431750","4317509","Santo Ângelo","RS",679.34,"43","431750 SANTO ANGELO",2.28033113896273,1.77777777777778,79130,15.5240592532039,15.5240592533957,0.578751834807556,"4980","Not significant"
"431755","4317558","Santo Antônio do Palma","RS",126.094,"43","431755 SANTO ANTONIO DO PALMA",18.2359271897887,0.388888888888889,2134,15.5240592532039,15.5240592603172,4.62833560007892,"4981","Not significant"
"431760","4317608","Santo Antônio da Patrulha","RS",1049.583,"43","431760 SANTO ANTONIO DA PATRULHA",2.48085391438239,1.05555555555556,44393,15.5240592532039,15.5240592535458,0.629645187426804,"4982","High-High"
"431770","4317707","Santo Antônio das Missões","RS",1710.869,"43","431770 SANTO ANTONIO DAS MISSOES",1.57154753753221,0.166666666666667,10493,15.5240592532039,15.5240592546506,0.398860180663833,"4983","Not significant"
"431775","4317756","Santo Antônio do Planalto","RS",203.44,"43","431775 SANTO ANTONIO DO PLANALTO",0,0,2136,15.5240592532039,15.5240592603106,-3.85270942780411e-06,"4984","Not significant"
"431780","4317806","Santo Augusto","RS",467.775,"43","431780 SANTO AUGUSTO",1.17402820891566,0.166666666666667,14196,15.5240592532039,15.5240592542732,0.29796844244819,"4985","Not significant"
"431790","4317905","Santo Cristo","RS",367.202,"43","431790 SANTO CRISTO",8.8810358961077,1.33333333333333,15656,15.5240592532039,15.5240592541735,2.25403282992962,"4986","High-High"
"431795","4317954","Santo Expedito do Sul","RS",125.595,"43","431795 SANTO EXPEDITO DO SUL",2.23563603845294,0.0555555555555555,2395,15.5240592532039,15.5240592595421,0.567408068352615,"4987","High-High"
"431800","4318002","São Borja","RS",3616.69,"43","431800 SAO BORJA",1.64247980679343,1,61323,15.5240592532039,15.5240592534514,0.416863028406879,"4988","Not significant"
"431805","4318051","São Domingos do Sul","RS",78.67,"43","431805 SAO DOMINGOS DO SUL",1.81257930034439,0.0555555555555555,2808,15.5240592532039,15.5240592586098,0.46003485002516,"4989","Not significant"
"431810","4318101","São Francisco de Assis","RS",2506.975,"43","431810 SAO FRANCISCO DE ASSIS",2.68344725134423,0.5,17949,15.5240592532039,15.5240592540496,0.681064055498427,"4990","Not significant"
"431820","4318200","São Francisco de Paula","RS",3317.794,"43","431820 SAO FRANCISCO DE PAULA",1.02239843130554,0.222222222222222,22373,15.5240592532039,15.5240592538824,0.259484296580333,"4991","Not significant"
"431830","4318309","São Gabriel","RS",5053.46,"43","431830 SAO GABRIEL",0.91477676150268,0.555555555555556,60102,15.5240592532039,15.5240592534565,0.232169556003411,"4992","Not significant"
"431840","4318408","São Jerônimo","RS",935.596,"43","431840 SAO JERONIMO",2.30301296349806,0.500000000000001,21421,15.5240592532039,15.5240592539125,0.58450855790211,"4993","High-High"
"431842","4318424","São João da Urtiga","RS",171.029,"43","431842 SAO JOAO DA URTIGA",20.5149784532146,0.944444444444445,4549,15.5240592532039,15.5240592565409,5.20676645139844,"4994","High-High"
"431843","4318432","São João do Polêsine","RS",78.32,"43","431843 SAO JOAO DO POLESINE",10.609468196327,0.277777777777778,2707,15.5240592532039,15.5240592588115,2.69271474160702,"4995","High-High"
"431844","4318440","São Jorge","RS",125.62,"43","431844 SAO JORGE",1.90781440781441,0.0555555555555555,2976,15.5240592532039,15.5240592583047,0.484205839562334,"4996","Not significant"
"431845","4318457","São José das Missões","RS",98.125,"43","431845 SAO JOSE DAS MISSOES",0,0,2403,15.5240592532039,15.524059259521,-3.85270942790209e-06,"4997","Not significant"
"431846","4318465","São José do Herval","RS",102.912,"43","431846 SAO JOSE DO HERVAL",0,0,1934,15.5240592532039,15.5240592610529,-3.852709427712e-06,"4998","Not significant"
"431848","4318481","São José do Hortêncio","RS",63.709,"43","431848 SAO JOSE DO HORTENCIO",32.7193125986456,1.5,4551,15.5240592532039,15.5240592565394,8.30426737028878,"4999","High-High"
"431849","4318499","São José do Inhacorá","RS",77.732,"43","431849 SAO JOSE DO INHACORA",35.4732314799546,0.777777777777778,2463,15.5240592532039,15.5240592593671,9.00322121355026,"5000","High-High"
"431850","4318507","São José do Norte","RS",1071.824,"43","431850 SAO JOSE DO NORTE",1.26734742676148,0.333333333333333,26245,15.5240592532039,15.5240592537823,0.321653172779745,"5001","Not significant"
"431860","4318606","São José do Ouro","RS",335.287,"43","431860 SAO JOSE DO OURO",26.3027975424465,1.83333333333334,6978,15.5240592532039,15.5240592553793,6.67573433909138,"5002","High-High"
"431861","4318614","São José do Sul","RS",54.764,"43","431861 SAO JOSE DO SUL",17.225171042245,0.38888888888889,2440,15.5240592532039,15.5240592594252,4.37180230161557,"5003","High-High"
"431862","4318622","São José dos Ausentes","RS",1173.907,"43","431862 SAO JOSE DOS AUSENTES",0,0,4286,15.5240592532039,15.5240592567456,-3.85270942824648e-06,"5004","Low-High"
"431870","4318705","São Leopoldo","RS",103.009,"43","431870 SAO LEOPOLDO",3.96852771630322,8.83333333333334,225669,15.5240592532039,15.5240592532712,1.00722178555172,"5005","Not significant"
"431880","4318804","São Lourenço do Sul","RS",2036.125,"43","431880 SAO LOURENCO DO SUL",6.5282973671997,2.83333333333333,43283,15.5240592532039,15.5240592535546,1.65689990415823,"5006","Not significant"
"431890","4318903","São Luiz Gonzaga","RS",1295.522,"43","431890 SAO LUIZ GONZAGA",0.316639285124095,0.111111111111111,35858,15.5240592532039,15.5240592536272,0.0803602593374187,"5007","Not significant"
"431900","4319000","São Marcos","RS",256.159,"43","431900 SAO MARCOS",1.0452031018975,0.222222222222222,21537,15.5240592532039,15.5240592539087,0.265272198425293,"5008","Not significant"
"431910","4319109","São Martinho","RS",171.245,"43","431910 SAO MARTINHO",3.97653735165061,0.222222222222222,5589,15.5240592532039,15.5240592559199,1.00925465776782,"5009","High-High"
"431912","4319125","São Martinho da Serra","RS",669.547,"43","431912 SAO MARTINHO DA SERRA",7.00696593460341,0.222222222222222,2911,15.5240592532039,15.5240592584186,1.77838759094647,"5010","Not significant"
"431915","4319158","São Miguel das Missões","RS",1228.447,"43","431915 SAO MIGUEL DAS MISSOES",0.772033845963806,0.0555555555555554,7196,15.5240592532039,15.5240592553134,0.195940925505026,"5011","Not significant"
"431920","4319208","São Nicolau","RS",485.588,"43","431920 SAO NICOLAU",0,0,5248,15.5240592532039,15.5240592560964,-3.85270942832704e-06,"5012","Not significant"
"431930","4319307","São Paulo das Missões","RS",223.942,"43","431930 SAO PAULO DAS MISSOES",0.951782688976456,0.0555555555555557,5948,15.5240592532039,15.524059255756,0.241561784434845,"5013","Not significant"
"431935","4319356","São Pedro da Serra","RS",35.207,"43","431935 SAO PEDRO DA SERRA",6.47383981661947,0.222222222222222,3614,15.5240592532039,15.5240592574042,1.64307839505702,"5014","High-High"
"431936","4319364","São Pedro das Missões","RS",79.894,"43","431936 SAO PEDRO DAS MISSOES",0,0,1791,15.5240592532039,15.5240592616795,-3.85270942763424e-06,"5015","Low-Low"
"431937","4319372","São Pedro do Butiá","RS",107.559,"43","431937 SAO PEDRO DO BUTIA",0,0,3139,15.5240592532039,15.5240592580398,-3.85270942808589e-06,"5016","Not significant"
"431940","4319406","São Pedro do Sul","RS",873.394,"43","431940 SAO PEDRO DO SUL",2.01595702240377,0.333333333333334,15870,15.5240592532039,15.5240592541604,0.511652797740022,"5017","Not significant"
"431950","4319505","São Sebastião do Caí","RS",114.293,"43","431950 SAO SEBASTIAO DO CAI",2.49400826762701,0.611111111111112,24883,15.5240592532039,15.5240592538139,0.632983806372686,"5018","High-High"
"431960","4319604","São Sepé","RS",2204.779,"43","431960 SAO SEPE",3.3142162354725,0.777777777777778,21575,15.5240592532039,15.5240592539075,0.841155338223574,"5019","Not significant"
"431970","4319703","São Valentim","RS",154.45,"43","431970 SAO VALENTIM",1.67134643668939,0.0555555555555555,3324,15.5240592532039,15.5240592577706,0.424189475786246,"5020","Not significant"
"431971","4319711","São Valentim do Sul","RS",91.898,"43","431971 SAO VALENTIM DO SUL",7.51243250880485,0.166666666666667,2255,15.5240592532039,15.5240592599356,1.90667670186136,"5021","High-High"
"431973","4319737","São Valério do Sul","RS",107.402,"43","431973 SAO VALERIO DO SUL",0,0,2594,15.5240592532039,15.5240592590558,-3.85270942795981e-06,"5022","Not significant"
"431975","4319752","São Vendelino","RS",31.935,"43","431975 SAO VENDELINO",2.45170148082769,0.0555555555555556,2306,15.5240592532039,15.5240592597867,0.622246201936675,"5023","Not significant"
"431980","4319802","São Vicente do Sul","RS",1174.822,"43","431980 SAO VICENTE DO SUL",3.22679377796084,0.277777777777778,8259,15.5240592532039,15.5240592550419,0.818967225407644,"5024","Not significant"
"431990","4319901","Sapiranga","RS",136.473,"43","431990 SAPIRANGA",5.24637466943495,4.11111111111111,77898,15.5240592532039,15.5240592533988,1.33154362603149,"5025","Not significant"
"432000","4320008","Sapucaia do Sul","RS",58.247,"43","432000 SAPUCAIA DO SUL",3.12652581921907,4.22222222222222,136542,15.5240592532039,15.5240592533151,0.793518881392048,"5026","Not significant"
"432010","4320107","Sarandi","RS",351.717,"43","432010 SARANDI",2.133463050893,0.5,23356,15.5240592532039,15.5240592538538,0.541476221695513,"5027","High-High"
"432020","4320206","Seberi","RS",300.827,"43","432020 SEBERI",1.53390098171248,0.166666666666667,12313,15.5240592532039,15.5240592544367,0.38930535859575,"5028","Not significant"
"432023","4320230","Sede Nova","RS",119.312,"43","432023 SEDE NOVA",4.07256992730183,0.111111111111111,2753,15.5240592532039,15.5240592587178,1.03362804730694,"5029","Not significant"
"432026","4320263","Segredo","RS",245.17,"43","432026 SEGREDO",0.909702891035789,0.0555555555555556,6107,15.5240592532039,15.5240592556895,0.230881790652965,"5030","Not significant"
"432030","4320305","Selbach","RS",176.471,"43","432030 SELBACH",5.46219633826544,0.277777777777778,5220,15.5240592532039,15.5240592561119,1.38631988896741,"5031","Not significant"
"432032","4320321","Senador Salgado Filho","RS",147.068,"43","432032 SENADOR SALGADO FILHO",11.7791000628518,0.333333333333333,2726,15.5240592532039,15.5240592587725,2.9895712302882,"5032","Not significant"
"432035","4320354","Sentinela do Sul","RS",282.13,"43","432035 SENTINELA DO SUL",6.13121023641675,0.333333333333333,5422,15.5240592532039,15.5240592560036,1.5561178590717,"5033","Not significant"
"432040","4320404","Serafina Corrêa","RS",163.31,"43","432040 SERAFINA CORREA",0.319670611402011,0.0555555555555555,17379,15.5240592532039,15.5240592540774,0.0811296201076121,"5034","Low-High"
"432045","4320453","Sério","RS",98.131,"43","432045 SERIO",4.97725333914061,0.111111111111111,2093,15.5240592532039,15.5240592604566,1.26323972992908,"5035","High-High"
"432050","4320503","Sertão","RS",440.631,"43","432050 SERTAO",4.84174191970341,0.277777777777778,5637,15.5240592532039,15.5240592558968,1.22884647758369,"5036","High-High"
"432055","4320552","Sertão Santana","RS",252.013,"43","432055 SERTAO SANTANA",7.47209366229173,0.444444444444445,5988,15.5240592532039,15.5240592557389,1.89643856764523,"5037","Not significant"
"432057","4320578","Sete de Setembro","RS",129.238,"43","432057 SETE DE SETEMBRO",5.38536650468861,0.111111111111111,1884,15.5240592532039,15.5240592612612,1.36682021942081,"5038","Not significant"
"432060","4320602","Severiano de Almeida","RS",167.598,"43","432060 SEVERIANO DE ALMEIDA",1.45167377986819,0.0555555555555556,3467,15.5240592532039,15.5240592575823,0.368435819077397,"5039","Not significant"
"432065","4320651","Silveira Martins","RS",119.285,"43","432065 SILVEIRA MARTINS",22.3551871625687,0.555555555555556,2060,15.5240592532039,15.5240592605728,5.67381759005605,"5040","High-High"
"432067","4320677","Sinimbu","RS",510.213,"43","432067 SINIMBU",14.9880773680541,1.5,8698,15.5240592532039,15.5240592549491,3.80402042826309,"5041","High-High"
"432070","4320701","Sobradinho","RS",128.823,"43","432070 SOBRADINHO",1.92228826436085,0.277777777777778,14512,15.5240592532039,15.5240592542499,0.487879352938262,"5042","Not significant"
"432080","4320800","Soledade","RS",1215.056,"43","432080 SOLEDADE",0.364822977335979,0.111111111111111,30936,15.5240592532039,15.5240592536946,0.0925894419486839,"5043","Not significant"
"432085","4320859","Tabaí","RS",94.754,"43","432085 TABAI",1.22747581872637,0.0555555555555556,4565,15.5240592532039,15.5240592565292,0.31153362496976,"5044","Low-High"
"432090","4320909","Tapejara","RS",238.082,"43","432090 TAPEJARA",0.937660783928212,0.222222222222222,25201,15.5240592532039,15.5240592538062,0.237977597607372,"5045","Low-High"
"432100","4321006","Tapera","RS",179.935,"43","432100 TAPERA",1.55278657199837,0.166666666666667,10822,15.5240592532039,15.5240592546066,0.394098584718937,"5046","Not significant"
"432110","4321105","Tapes","RS",805.452,"43","432110 TAPES",1.32425194669629,0.222222222222222,14938,15.5240592532039,15.5240592542201,0.336095730697651,"5047","Not significant"
"432120","4321204","Taquara","RS",452.572,"43","432120 TAQUARA",2.70412916206337,1.5,54360,15.5240592532039,15.5240592534831,0.686313193784179,"5048","High-High"
"432130","4321303","Taquari","RS",349.967,"43","432130 TAQUARI",11.1159543790828,2.88888888888889,25968,15.5240592532039,15.5240592537885,2.82126263313901,"5049","High-High"
"432132","4321329","Taquaruçu do Sul","RS",76.917,"43","432132 TAQUARUCU DO SUL",5.36427123781842,0.166666666666667,3190,15.5240592532039,15.5240592579625,1.36146617011662,"5050","Not significant"
"432135","4321352","Tavares","RS",610.106,"43","432135 TAVARES",0,0,5319,15.5240592532039,15.5240592560578,-3.85270942833183e-06,"5051","Not significant"
"432140","4321402","Tenente Portela","RS",337.495,"43","432140 TENENTE PORTELA",4.40072407039914,0.611111111111111,14811,15.5240592532039,15.5240592542288,1.11691466905693,"5052","Not significant"
"432143","4321436","Terra de Areia","RS",142.304,"43","432143 TERRA DE AREIA",0.518677579642942,0.0555555555555555,10569,15.5240592532039,15.5240592546402,0.131638255782943,"5053","Not significant"
"432145","4321451","Teutônia","RS",177.795,"43","432145 TEUTONIA",19.1070613795781,5.66666666666666,33963,15.5240592532039,15.5240592536508,4.84943237877854,"5054","High-High"
"432146","4321469","Tio Hugo","RS",113.944,"43","432146 TIO HUGO",1.90781440781441,0.0555555555555555,3352,15.5240592532039,15.5240592577325,0.484205839571257,"5055","Not significant"
"432147","4321477","Tiradentes do Sul","RS",236.653,"43","432147 TIRADENTES DO SUL",1.08316544268972,0.0555555555555556,5201,15.5240592532039,15.5240592561225,0.274907167761321,"5056","Not significant"
"432149","4321493","Toropi","RS",198.316,"43","432149 TOROPI",9.65921191873324,0.277777777777778,2598,15.5240592532039,15.5240592590468,2.45153651279386,"5057","Not significant"
"432150","4321501","Torres","RS",161.627,"43","432150 TORRES",2.27063894893528,0.888888888888889,43268,15.5240592532039,15.5240592535547,0.576291924484108,"5058","Not significant"
"432160","4321600","Tramandaí","RS",142.878,"43","432160 TRAMANDAI",0.704057094963212,0.333333333333333,56296,15.5240592532039,15.5240592534735,0.17868819823146,"5059","Not significant"
"432162","4321626","Travesseiro","RS",80.681,"43","432162 TRAVESSEIRO",15.1590964244501,0.333333333333333,2193,15.5240592532039,15.5240592601259,3.84742563744697,"5060","High-High"
"432163","4321634","Três Arroios","RS",148.601,"43","432163 TRES ARROIOS",10.2698009130854,0.277777777777778,2638,15.5240592532039,15.5240592589582,2.60650604644238,"5061","Not significant"
"432166","4321667","Três Cachoeiras","RS",251.483,"43","432166 TRES CACHOEIRAS",3.512943404691,0.388888888888889,11216,15.5240592532039,15.5240592545573,0.891592959953034,"5062","Not significant"
"432170","4321709","Três Coroas","RS",165.285,"43","432170 TRES COROAS",14.0923433417679,3.5,24420,15.5240592532039,15.5240592538255,3.5766801297263,"5063","Not significant"
"432180","4321808","Três de Maio","RS",421.461,"43","432180 TRES DE MAIO",11.2769314489403,2.72222222222222,25452,15.5240592532039,15.5240592538003,2.8621191531173,"5064","High-High"
"432183","4321832","Três Forquilhas","RS",217.386,"43","432183 TRES FORQUILHAS",2.0815120103243,0.0555555555555556,2814,15.5240592532039,15.5240592585983,0.528290873361024,"5065","Not significant"
"432185","4321857","Três Palmeiras","RS",180.599,"43","432185 TRES PALMEIRAS",2.50624692219567,0.111111111111111,4826,15.5240592532039,15.5240592563493,0.636090017878374,"5066","Not significant"
"432190","4321907","Três Passos","RS",268.902,"43","432190 TRES PASSOS",1.37737504084804,0.333333333333333,26284,15.5240592532039,15.5240592537814,0.349578550084689,"5067","Not significant"
"432195","4321956","Trindade do Sul","RS",268.417,"43","432195 TRINDADE DO SUL",2.77887131247762,0.166666666666667,7766,15.5240592532039,15.5240592551586,0.705283002082403,"5068","Not significant"
"432200","4322004","Triunfo","RS",817.625,"43","432200 TRIUNFO",8.86894984193314,2.44444444444445,28414,15.5240592532039,15.5240592537381,2.25096534889518,"5069","High-High"
"432210","4322103","Tucunduva","RS",181.198,"43","432210 TUCUNDUVA",12.6098692630862,0.722222222222223,5649,15.5240592532039,15.5240592558911,3.20042323859008,"5070","High-High"
"432215","4322152","Tunas","RS",217.302,"43","432215 TUNAS",2.42496738373884,0.111111111111111,3739,15.5240592532039,15.5240592572638,0.615460998525113,"5071","Not significant"
"432218","4322186","Tupanci do Sul","RS",135.243,"43","432218 TUPANCI DO SUL",7.29964706565437,0.111111111111111,1398,15.5240592532039,15.5240592640622,1.85267104282547,"5072","High-High"
"432220","4322202","Tupanciretã","RS",2253.234,"43","432220 TUPANCIRETA",1.19003543243054,0.277777777777778,20345,15.5240592532039,15.52405925395,0.302031129440973,"5073","Not significant"
"432225","4322251","Tupandi","RS",59.447,"43","432225 TUPANDI",13.6520176123189,0.611111111111111,5160,15.5240592532039,15.5240592561457,3.46492398321261,"5074","High-High"
"432230","4322301","Tuparendi","RS",307.71,"43","432230 TUPARENDI",10.9374278461711,0.944444444444444,8536,15.5240592532039,15.5240592549822,2.77595200049798,"5075","High-High"
"432232","4322327","Turuçu","RS",253.635,"43","432232 TURUCU",5.93676433499478,0.222222222222222,3489,15.5240592532039,15.5240592575547,1.50676683737065,"5076","Not significant"
"432234","4322343","Ubiretama","RS",125.876,"43","432234 UBIRETAMA",0,0,2028,15.5240592532039,15.524059260689,-3.85270942775714e-06,"5077","Low-High"
"432235","4322350","União da Serra","RS",131.154,"43","432235 UNIAO DA SERRA",15.2268703949594,0.222222222222222,1186,15.5240592532039,15.5240592660031,3.86462689762842,"5078","High-High"
"432237","4322376","Unistalda","RS",602.387,"43","432237 UNISTALDA",0,0,2052,15.5240592532039,15.5240592606015,-3.85270942776801e-06,"5079","Not significant"
"432240","4322400","Uruguaiana","RS",5702.098,"43","432240 URUGUAIANA",0.482812608396203,0.611111111111111,120885,15.5240592532039,15.5240592533295,0.122535605854434,"5080","Not significant"
"432250","4322509","Vacaria","RS",2124.492,"43","432250 VACARIA",0.774092293028217,0.5,66110,15.5240592532039,15.5240592534335,0.196463366282454,"5081","Not significant"
"432252","4322525","Vale Verde","RS",329.727,"43","432252 VALE VERDE",35.9729210392528,1.22222222222222,3214,15.5240592532039,15.5240592579269,9.13004409922919,"5082","High-High"
"432253","4322533","Vale do Sol","RS",328.275,"43","432253 VALE DO SOL",35.998075668839,4,10080,15.5240592532039,15.5240592547098,9.13642842949084,"5083","High-High"
"432254","4322541","Vale Real","RS",45.085,"43","432254 VALE REAL",4.27545054063292,0.222222222222222,6213,15.5240592532039,15.5240592556471,1.08511982719392,"5084","Not significant"
"432255","4322558","Vanini","RS",64.905,"43","432255 VANINI",0,0,2047,15.5240592532039,15.5240592606196,-3.85270942776577e-06,"5085","Not significant"
"432260","4322608","Venâncio Aires","RS",772.588,"43","432260 VENANCIO AIRES",35.9856562663159,24.8333333333333,70805,15.5240592532039,15.5240592534183,9.13327634387645,"5086","High-High"
"432270","4322707","Vera Cruz","RS",309.621,"43","432270 VERA CRUZ",33.4859982822774,8.44444444444444,27638,15.5240592532039,15.5240592537531,8.4988547677296,"5087","High-High"
"432280","4322806","Veranópolis","RS",289.397,"43","432280 VERANOPOLIS",0.654704710029343,0.166666666666667,24540,15.5240592532039,15.5240592538225,0.16616239748737,"5088","Not significant"
"432285","4322855","Vespasiano Corrêa","RS",113.622,"43","432285 VESPASIANO CORREA",5.89109035051566,0.111111111111111,1852,15.5240592532039,15.5240592614004,1.49517462681142,"5089","High-High"
"432290","4322905","Viadutos","RS",268.072,"43","432290 VIADUTOS",5.66557499959039,0.277777777777778,4852,15.5240592532039,15.5240592563325,1.43793807499164,"5090","Not significant"
"432300","4323002","Viamão","RS",1496.506,"43","432300 VIAMAO",4.74045879806772,11.7222222222222,232113,15.5240592532039,15.5240592532693,1.20314048188085,"5091","High-High"
"432310","4323101","Vicente Dutra","RS",193.025,"43","432310 VICENTE DUTRA",2.41601841216119,0.111111111111111,4747,15.5240592532039,15.5240592564017,0.613189719556008,"5092","High-High"
"432320","4323200","Victor Graeff","RS",238.133,"43","432320 VICTOR GRAEFF",1.84141715464221,0.0555555555555555,2832,15.5240592532039,15.524059258564,0.467353994119738,"5093","Not significant"
"432330","4323309","Vila Flores","RS",107.703,"43","432330 VILA FLORES",0,0,3736,15.5240592532039,15.524059257267,-3.85270942818178e-06,"5094","Not significant"
"432335","4323358","Vila Lângaro","RS",151.695,"43","432335 VILA LANGARO",10.5409696417368,0.222222222222222,2122,15.5240592532039,15.5240592603575,2.67532957869132,"5095","Not significant"
"432340","4323408","Vila Maria","RS",181.061,"43","432340 VILA MARIA",2.51611351056379,0.111111111111111,4512,15.5240592532039,15.5240592565682,0.638594191077634,"5096","High-High"
"432345","4323457","Vila Nova do Sul","RS",508.278,"43","432345 VILA NOVA DO SUL",0,0,3935,15.5240592532039,15.5240592570616,-3.85270942820728e-06,"5097","Not significant"
"432350","4323507","Vista Alegre","RS",77.63,"43","432350 VISTA ALEGRE",0,0,2712,15.5240592532039,15.5240592588012,-3.85270942799141e-06,"5098","Not significant"
"432360","4323606","Vista Alegre do Prata","RS",119.327,"43","432360 VISTA ALEGRE DO PRATA",0,0,1624,15.5240592532039,15.5240592625511,-3.85270942752608e-06,"5099","Not significant"
"432370","4323705","Vista Gaúcha","RS",90.022,"43","432370 VISTA GAUCHA",0,0,2842,15.5240592532039,15.5240592585452,-3.85270942802318e-06,"5100","Not significant"
"432375","4323754","Vitória das Missões","RS",258.312,"43","432375 VITORIA DAS MISSOES",3.54647657552222,0.111111111111111,3318,15.5240592532039,15.5240592577789,0.900103791030916,"5101","Not significant"
"432377","4323770","Westfália","RS",63.665,"43","432377 WESTFALIA",58.6373457514653,1.72222222222222,3219,15.5240592532039,15.5240592579196,14.8823510692396,"5102","High-High"
"432380","4323804","Xangri-lá","RS",60.756,"43","432380 XANGRI-LA",0.391318979753156,0.0555555555555556,16907,15.5240592532039,15.5240592541017,0.0993142161844395,"5103","Not significant"
"500020","5000203","Água Clara","MS",7781.558,"50","500020 AGUA CLARA",0,0,17647,15.5240592532039,15.5240592540641,-3.85270942857923e-06,"5104","Low-Low"
"500025","5000252","Alcinópolis","MS",4397.518,"50","500025 ALCINOPOLIS",0,0,4648,15.5240592532039,15.5240592564698,-3.85270942828071e-06,"5105","Low-Low"
"500060","5000609","Amambai","MS",4193.742,"50","500060 AMAMBAI",0.144431445614339,0.0555555555555554,41414,15.5240592532039,15.5240592535704,0.0366533323707838,"5106","Low-Low"
"500070","5000708","Anastácio","MS",2913.177,"50","500070 ANASTACIO",0,0,24741,15.5240592532039,15.5240592538174,-3.85270942860983e-06,"5107","Not significant"
"500080","5000807","Anaurilândia","MS",3415.657,"50","500080 ANAURILANDIA",0,0,7735,15.5240592532039,15.5240592551664,-3.85270942844244e-06,"5108","Low-Low"
"500085","5000856","Angélica","MS",1283.627,"50","500085 ANGELICA",0,0,11203,15.5240592532039,15.5240592545589,-3.85270942851783e-06,"5109","Not significant"
"500090","5000906","Antônio João","MS",1142.895,"50","500090 ANTONIO JOAO",0,0,9641,15.5240592532039,15.5240592547784,-3.85270942849059e-06,"5110","Not significant"
"500100","5001003","Aparecida do Taboado","MS",2751.485,"50","500100 APARECIDA DO TABOADO",0.230731603769232,0.0555555555555556,29446,15.5240592532039,15.5240592537194,0.0585566018176753,"5111","Low-Low"
"500110","5001102","Aquidauana","MS",17087.021,"50","500110 AQUIDAUANA",0.475294724954959,0.222222222222222,48561,15.5240592532039,15.5240592535165,0.120627541833805,"5112","Low-Low"
"500124","5001243","Aral Moreira","MS",1653.86,"50","500124 ARAL MOREIRA",0,0,11085,15.5240592532039,15.5240592545733,-3.85270942851604e-06,"5113","Not significant"
"500150","5001508","Bandeirantes","MS",3357.926,"50","500150 BANDEIRANTES",0.701016473887139,0.0555555555555558,8276,15.5240592532039,15.5240592550381,0.17791647840019,"5114","Not significant"
"500190","5001904","Bataguassu","MS",2392.476,"50","500190 BATAGUASSU",0.283519038303422,0.0555555555555556,24004,15.5240592532039,15.5240592538363,0.071954229663539,"5115","Not significant"
"500200","5002001","Batayporã","MS",1826.578,"50","500200 BATAYPORA",0,0,10953,15.5240592532039,15.5240592545898,-3.85270942851399e-06,"5116","Low-Low"
"500210","5002100","Bela Vista","MS",4899.44,"50","500210 BELA VISTA",0.22935043370167,0.0555555555555555,21965,15.5240592532039,15.524059253895,0.0582060562240492,"5117","Not significant"
"500215","5002159","Bodoquena","MS",2591.933,"50","500215 BODOQUENA",0,0,8849,15.5240592532039,15.5240592549193,-3.8527094284731e-06,"5118","Not significant"
"500220","5002209","Bonito","MS",5373.016,"50","500220 BONITO",1.81358873680567,0.388888888888889,24761,15.5240592532039,15.5240592538169,0.46029104845402,"5119","Not significant"
"500230","5002308","Brasilândia","MS",5803.542,"50","500230 BRASILANDIA",0,0,11840,15.5240592532039,15.524059254486,-3.85270942852687e-06,"5120","Low-Low"
"500240","5002407","Caarapó","MS",2115.73,"50","500240 CAARAPO",0.237042093935041,0.0555555555555556,32406,15.5240592532039,15.5240592536723,0.0601582253767491,"5121","Not significant"
"500260","5002605","Camapuã","MS",6238.127,"50","500260 CAMAPUA",0,0,13920,15.5240592532039,15.5240592542944,-3.85270942855065e-06,"5122","Low-Low"
"500270","5002704","Campo Grande","MS",8082.978,"50","500270 CAMPO GRANDE",0.378370964916379,3.22222222222222,954537,15.5240592532039,15.5240592532198,0.0960279666155031,"5123","Not significant"
"500280","5002803","Caracol","MS",2943.206,"50","500280 CARACOL",0,0,5115,15.5240592532039,15.5240592561716,-3.85270942831771e-06,"5124","Not significant"
"500290","5002902","Cassilândia","MS",3658.252,"50","500290 CASSILANDIA",0.253227382996288,0.0555555555555556,21549,15.5240592532039,15.5240592539083,0.0642661059985813,"5125","Low-Low"
"500295","5002951","Chapadão do Sul","MS",3252.327,"50","500295 CHAPADAO DO SUL",0.321278947233146,0.0555555555555555,33791,15.5240592532039,15.5240592536531,0.0815378211343498,"5126","Low-Low"
"500310","5003108","Corguinho","MS",2639.657,"50","500310 CORGUINHO",1.0077191285245,0.0555555555555557,4893,15.5240592532039,15.5240592563063,0.255758640304563,"5127","Not significant"
"500315","5003157","Coronel Sapucaia","MS",1023.727,"50","500315 CORONEL SAPUCAIA",0,0,14661,15.5240592532039,15.5240592542393,-3.85270942855749e-06,"5128","Not significant"
"500320","5003207","Corumbá","MS",64432.45,"50","500320 CORUMBA",0.101013067206033,0.111111111111111,99107,15.5240592532039,15.5240592533571,0.0256336023777709,"5129","Low-Low"
"500325","5003256","Costa Rica","MS",4159.384,"50","500325 COSTA RICA",0,0,28163,15.5240592532039,15.5240592537429,-3.85270942861908e-06,"5130","Low-Low"
"500330","5003306","Coxim","MS",6391.486,"50","500330 COXIM",0.497404142108615,0.166666666666667,33390,15.5240592532039,15.5240592536585,0.126238986025115,"5131","Low-Low"
"500345","5003454","Deodápolis","MS",828.533,"50","500345 DEODAPOLIS",0.427877045252276,0.0555555555555555,14210,15.5240592532039,15.5240592542721,0.108592775762422,"5132","Low-Low"
"500348","5003488","Dois Irmãos do Buriti","MS",2431.609,"50","500348 DOIS IRMAOS DO BURITI",0,0,11470,15.5240592532039,15.5240592545273,-3.85270942852174e-06,"5133","Not significant"
"500350","5003504","Douradina","MS",280.457,"50","500350 DOURADINA",0,0,5749,15.5240592532039,15.5240592558443,-3.85270942835832e-06,"5134","Not significant"
"500370","5003702","Dourados","MS",4062.236,"50","500370 DOURADOS",0.198961318795713,0.444444444444444,260640,15.5240592532039,15.5240592532621,0.0504931969873858,"5135","Not significant"
"500375","5003751","Eldorado","MS",1012.796,"50","500375 ELDORADO",0,0,11633,15.5240592532039,15.5240592545088,-3.85270942852404e-06,"5136","Low-Low"
"500380","5003801","Fátima do Sul","MS",315.333,"50","500380 FATIMA DO SUL",0.578827333213298,0.111111111111111,21388,15.5240592532039,15.5240592539136,0.146904464884428,"5137","Not significant"
"500390","5003900","Figueirão","MS",4879.932,"50","500390 FIGUEIRAO",0,0,3709,15.5240592532039,15.5240592572966,-3.85270942817811e-06,"5138","Not significant"
"500400","5004007","Glória de Dourados","MS",493.434,"50","500400 GLORIA DE DOURADOS",0,0,10777,15.5240592532039,15.5240592546124,-3.85270942851118e-06,"5139","Not significant"
"500410","5004106","Guia Lopes da Laguna","MS",1225.426,"50","500410 GUIA LOPES DA LAGUNA",0,0,10135,15.5240592532039,15.5240592547017,-3.85270942850011e-06,"5140","Not significant"
"500430","5004304","Iguatemi","MS",2957.41,"50","500430 IGUATEMI",0,0,14017,15.5240592532039,15.5240592542869,-3.85270942855158e-06,"5141","Low-Low"
"500440","5004403","Inocência","MS",5761.19,"50","500440 INOCENCIA",0,0,8712,15.5240592532039,15.5240592549463,-3.85270942846975e-06,"5142","Low-Low"
"500450","5004502","Itaporã","MS",1342.764,"50","500450 ITAPORA",0.223662609426932,0.0555555555555556,25075,15.5240592532039,15.5240592538093,0.0567624673557723,"5143","Not significant"
"500460","5004601","Itaquiraí","MS",2063.717,"50","500460 ITAQUIRAI",0,0,19996,15.5240592532039,15.524059253963,-3.85270942859176e-06,"5144","Low-Low"
"500470","5004700","Ivinhema","MS",2003.43,"50","500470 IVINHEMA",0,0,29613,15.5240592532039,15.5240592537165,-3.85270942862236e-06,"5145","Low-Low"
"500480","5004809","Japorã","MS",416.605,"50","500480 JAPORA",0,0,8409,15.5240592532039,15.5240592550091,-3.85270942846196e-06,"5146","Low-Low"
"500490","5004908","Jaraguari","MS",2912.836,"50","500490 JARAGUARI",0,0,7425,15.5240592532039,15.5240592552483,-3.85270942843228e-06,"5147","Not significant"
"500500","5005004","Jardim","MS",2126.133,"50","500500 JARDIM",0,0,24509,15.5240592532039,15.5240592538233,-3.85270942860911e-06,"5148","Not significant"
"500510","5005103","Jateí","MS",1933.316,"50","500510 JATEI",0,0,3620,15.5240592532039,15.5240592573972,-3.85270942816562e-06,"5149","Not significant"
"500515","5005152","Juti","MS",1569.176,"50","500515 JUTI",0,0,7009,15.5240592532039,15.5240592553697,-3.85270942841722e-06,"5150","Not significant"
"500520","5005202","Ladário","MS",354.255,"50","500520 LADARIO",0.258133795909096,0.0555555555555556,22290,15.5240592532039,15.5240592538849,0.0655113700438514,"5151","Not significant"
"500525","5005251","Laguna Carapã","MS",1725.78,"50","500525 LAGUNA CARAPA",0.792292577803133,0.0555555555555557,7012,15.5240592532039,15.5240592553687,0.201082659559355,"5152","Not significant"
"500540","5005400","Maracaju","MS",5396.905,"50","500540 MARACAJU",0.489557213482119,0.222222222222222,47558,15.5240592532039,15.5240592535231,0.124247409234687,"5153","Low-Low"
"500560","5005608","Miranda","MS",5471.436,"50","500560 MIRANDA",0.424160816279781,0.111111111111111,26487,15.5240592532039,15.524059253777,0.107649584392878,"5154","Not significant"
"500568","5005681","Mundo Novo","MS",478.38,"50","500568 MUNDO NOVO",0,0,19937,15.5240592532039,15.5240592539653,-3.85270942859149e-06,"5155","Not significant"
"500570","5005707","Naviraí","MS",3189.667,"50","500570 NAVIRAI",0,0,52707,15.5240592532039,15.5240592534919,-3.85270942865023e-06,"5156","Low-Low"
"500580","5005806","Nioaque","MS",3909.44,"50","500580 NIOAQUE",1.08336890359271,0.166666666666667,13412,15.5240592532039,15.5240592543357,0.274958806836391,"5157","Not significant"
"500600","5006002","Nova Alvorada do Sul","MS",4025.012,"50","500600 NOVA ALVORADA DO SUL",0.240980114320966,0.0555555555555555,23054,15.5240592532039,15.5240592538623,0.061157708151902,"5158","Not significant"
"500620","5006200","Nova Andradina","MS",4770.685,"50","500620 NOVA ANDRADINA",0.102173015697862,0.0555555555555556,50610,15.5240592532039,15.5240592535038,0.0259280011934183,"5159","Low-Low"
"500625","5006259","Novo Horizonte do Sul","MS",849.19,"50","500625 NOVO HORIZONTE DO SUL",0,0,4811,15.5240592532039,15.5240592563591,-3.85270942829444e-06,"5160","Low-Low"
"500627","5006275","Paraíso das Águas","MS",5061.433,"50",NA,0,NA,5777,15.5240592532039,15.5240592558315,-3.85270942835991e-06,"5161","Not significant"
"500630","5006309","Paranaíba","MS",5405.48,"50","500630 PARANAIBA",0,0,42543,15.5240592532039,15.5240592535607,-3.85270942864169e-06,"5162","Low-Low"
"500635","5006358","Paranhos","MS",1307.092,"50","500635 PARANHOS",0,0,13323,15.5240592532039,15.5240592543433,-3.85270942854458e-06,"5163","Not significant"
"500640","5006408","Pedro Gomes","MS",3553.782,"50","500640 PEDRO GOMES",0,0,6974,15.5240592532039,15.5240592553805,-3.85270942841587e-06,"5164","Not significant"
"500660","5006606","Ponta Porã","MS",5359.354,"50","500660 PONTA PORA",0.326647230596179,0.277777777777778,97577,15.5240592532039,15.5240592533595,0.0829003094489786,"5165","Low-Low"
"500690","5006903","Porto Murtinho","MS",17505.2,"50","500690 PORTO MURTINHO",0.324298380453888,0.0555555555555555,12864,15.5240592532039,15.5240592543839,0.0823041634060013,"5166","Not significant"
"500710","5007109","Ribas do Rio Pardo","MS",17315.283,"50","500710 RIBAS DO RIO PARDO",0.463040136319016,0.111111111111111,23996,15.5240592532039,15.5240592538365,0.11751728615524,"5167","Low-Low"
"500720","5007208","Rio Brilhante","MS",3983.562,"50","500720 RIO BRILHANTE",0.301456370591353,0.111111111111111,39936,15.5240592532039,15.524059253584,0.0765067847308327,"5168","Low-Low"
"500730","5007307","Rio Negro","MS",1828.8,"50","500730 RIO NEGRO",0,0,4933,15.5240592532039,15.5240592562811,-3.85270942830412e-06,"5169","Not significant"
"500740","5007406","Rio Verde de Mato Grosso","MS",8173.868,"50","500740 RIO VERDE DE MATO GROSSO",0,0,20393,15.5240592532039,15.5240592539483,-3.8527094285936e-06,"5170","Not significant"
"500750","5007505","Rochedo","MS",1309.574,"50","500750 ROCHEDO",0,0,5407,15.5240592532039,15.5240592560113,-3.85270942833759e-06,"5171","Not significant"
"500755","5007554","Santa Rita do Pardo","MS",6142.001,"50","500755 SANTA RITA DO PARDO",0,0,7174,15.5240592532039,15.5240592553199,-3.8527094284234e-06,"5172","Not significant"
"500769","5007695","São Gabriel do Oeste","MS",3849.875,"50","500769 SAO GABRIEL DO OESTE",0.2618445376611,0.0555555555555556,31694,15.5240592532039,15.5240592536828,0.0664531687406005,"5173","Not significant"
"500770","5007703","Sete Quedas","MS",839.117,"50","500770 SETE QUEDAS",0,0,11301,15.5240592532039,15.5240592545471,-3.85270942851929e-06,"5174","Not significant"
"500780","5007802","Selvíria","MS",3254.917,"50","500780 SELVIRIA",0,0,8593,15.5240592532039,15.5240592549704,-3.85270942846676e-06,"5175","Low-Low"
"500790","5007901","Sidrolândia","MS",5265.695,"50","500790 SIDROLANDIA",0.346456808568947,0.166666666666667,49374,15.5240592532039,15.5240592535113,0.0879280467465091,"5176","Not significant"
"500793","5007935","Sonora","MS",4185.528,"50","500793 SONORA",0,0,14822,15.5240592532039,15.524059254228,-3.85270942855888e-06,"5177","Not significant"
"500795","5007950","Tacuru","MS",1784.207,"50","500795 TACURU",0.486177960580691,0.0555555555555556,11159,15.5240592532039,15.5240592545642,0.123389743515761,"5178","Low-Low"
"500797","5007976","Taquarussu","MS",1052.232,"50","500797 TAQUARUSSU",0,0,3730,15.5240592532039,15.5240592572736,-3.85270942818097e-06,"5179","Low-Low"
"500800","5008008","Terenos","MS",2845.723,"50","500800 TERENOS",0.278977380513988,0.0555555555555555,18139,15.5240592532039,15.5240592540408,0.0708015416909437,"5180","Not significant"
"500830","5008305","Três Lagoas","MS",10217.071,"50","500830 TRES LAGOAS",0.0876479181709328,0.111111111111111,141435,15.5240592532039,15.5240592533112,0.0222414827481501,"5181","Low-Low"
"500840","5008404","Vicentina","MS",312.429,"50","500840 VICENTINA",2.76854928017719,0.166666666666667,6476,15.5240592532039,15.5240592555479,0.702663235672915,"5182","Not significant"
"510010","5100102","Acorizal","MT",850.763,"51","510010 ACORIZAL",2.01690163570723,0.111111111111111,4990,15.5240592532039,15.524059256246,0.511892543728716,"5183","Not significant"
"510020","5100201","Água Boa","MT",7549.308,"51","510020 AGUA BOA",0.561819846847911,0.111111111111111,31314,15.5240592532039,15.5240592536887,0.142587907831099,"5184","Low-Low"
"510025","5100250","Alta Floresta","MT",8955.41,"51","510025 ALTA FLORESTA",0.197929661600199,0.111111111111111,61291,15.5240592532039,15.5240592534516,0.0502313589323898,"5185","Not significant"
"510030","5100300","Alto Araguaia","MT",5402.308,"51","510030 ALTO ARAGUAIA",0,0,17657,15.5240592532039,15.5240592540636,-3.85270942857929e-06,"5186","Low-Low"
"510035","5100359","Alto Boa Vista","MT",2248.414,"51","510035 ALTO BOA VISTA",0,0,5875,15.5240592532039,15.5240592557877,-3.85270942836535e-06,"5187","Low-Low"
"510040","5100409","Alto Garças","MT",3858.153,"51","510040 ALTO GARCAS",0,0,13707,15.5240592532039,15.5240592543113,-3.85270942854854e-06,"5188","Low-Low"
"510050","5100508","Alto Paraguai","MT",1847.354,"51","510050 ALTO PARAGUAI",0,0,7717,15.5240592532039,15.524059255171,-3.85270942844188e-06,"5189","Not significant"
"510060","5100607","Alto Taquari","MT",1436.582,"51","510060 ALTO TAQUARI",0,0,11571,15.5240592532039,15.5240592545158,-3.85270942852318e-06,"5190","Low-Low"
"510080","5100805","Apiacás","MT",20489.024,"51","510080 APIACAS",0,0,8692,15.5240592532039,15.5240592549503,-3.85270942846926e-06,"5191","Not significant"
"510100","5101001","Araguaiana","MT",6380.7,"51","510100 ARAGUAIANA",0,0,3950,15.5240592532039,15.5240592570469,-3.85270942820909e-06,"5192","Low-Low"
"510120","5101209","Araguainha","MT",675.231,"51","510120 ARAGUAINHA",0,0,1006,15.5240592532039,15.5240592682933,-3.85270942681355e-06,"5193","Low-Low"
"510125","5101258","Araputanga","MT",1639.733,"51","510125 ARAPUTANGA",0,0,14854,15.5240592532039,15.5240592542258,-3.85270942855915e-06,"5194","Not significant"
"510130","5101308","Arenápolis","MT",417.337,"51","510130 ARENAPOLIS",0.543702833779169,0.0555555555555555,10747,15.5240592532039,15.5240592546164,0.137989749175762,"5195","Not significant"
"510140","5101407","Aripuanã","MT",24678.135,"51","510140 ARIPUANA",0,0,26010,15.5240592532039,15.5240592537875,-3.85270942861355e-06,"5196","Not significant"
"510160","5101605","Barão de Melgaço","MT",11374.872,"51","510160 BARAO DE MELGACO",1.53320147800622,0.111111111111111,7204,15.5240592532039,15.524059255311,0.389127822199174,"5197","Not significant"
"510170","5101704","Barra do Bugres","MT",5976.864,"51","510170 BARRA DO BUGRES",1.01035382513519,0.333333333333333,29576,15.5240592532039,15.5240592537171,0.256427335158078,"5198","Low-Low"
"510180","5101803","Barra do Garças","MT",8363.149,"51","510180 BARRA DO GARCAS",0.192427580088261,0.111111111111111,72694,15.5240592532039,15.5240592534127,0.0488349121998684,"5199","Low-Low"
"510185","5101852","Bom Jesus do Araguaia","MT",4266.636,"51","510185 BOM JESUS DO ARAGUAIA",0,0,7731,15.5240592532039,15.5240592551674,-3.85270942844232e-06,"5200","Low-Low"
"510190","5101902","Brasnorte","MT",15968.355,"51","510190 BRASNORTE",1.01781802714796,0.166666666666667,17496,15.5240592532039,15.5240592540715,0.258321774648504,"5201","Not significant"
"510250","5102504","Cáceres","MT",24495.51,"51","510250 CACERES",0.180132109269532,0.166666666666666,91626,15.5240592532039,15.5240592533696,0.0457142804875256,"5202","Not significant"
"510260","5102603","Campinápolis","MT",5978.985,"51","510260 CAMPINAPOLIS",0.429630775311697,0.0555555555555556,15713,15.5240592532039,15.52405925417,0.109037878330951,"5203","Low-Low"
"510263","5102637","Campo Novo do Parecis","MT",9428.586,"51","510263 CAMPO NOVO DO PARECIS",0.777284384612973,0.277777777777778,50033,15.5240592532039,15.5240592535073,0.197273529827176,"5204","Not significant"
"510267","5102678","Campo Verde","MT",4770.631,"51","510267 CAMPO VERDE",0.302037940923912,0.111111111111111,47831,15.5240592532039,15.5240592535213,0.0766543892310123,"5205","Low-Low"
"510268","5102686","Campos de Júlio","MT",6792.808,"51","510268 CAMPOS DE JULIO",1.86146944397908,0.111111111111111,9608,15.5240592532039,15.5240592547838,0.472443332432226,"5206","Not significant"
"510269","5102694","Canabrava do Norte","MT",3449.037,"51","510269 CANABRAVA DO NORTE",0.821463190234444,0.0555555555555555,4480,15.5240592532039,15.5240592565923,0.208486258775584,"5207","Low-Low"
"510270","5102702","Canarana","MT",10855.181,"51","510270 CANARANA",0,0,27657,15.5240592532039,15.5240592537528,-3.85270942861786e-06,"5208","Low-Low"
"510279","5102793","Carlinda","MT",2421.788,"51","510279 CARLINDA",0,0,10324,15.5240592532039,15.5240592546742,-3.85270942850351e-06,"5209","Not significant"
"510285","5102850","Castanheira","MT",3713.466,"51","510285 CASTANHEIRA",0.6349932055727,0.0555555555555555,7459,15.5240592532039,15.524059255239,0.1611595515693,"5210","Not significant"
"510300","5103007","Chapada dos Guimarães","MT",6603.252,"51","510300 CHAPADA DOS GUIMARAES",0.879884483805731,0.166666666666666,19374,15.5240592532039,15.5240592539874,0.2233137789493,"5211","Not significant"
"510305","5103056","Cláudia","MT",3843.561,"51","510305 CLAUDIA",0.503585528966239,0.0555555555555555,9436,15.5240592532039,15.5240592548126,0.127807842726935,"5212","Not significant"
"510310","5103106","Cocalinho","MT",16563.136,"51","510310 COCALINHO",0,0,6428,15.5240592532039,15.5240592555654,-3.85270942839293e-06,"5213","Low-Low"
"510320","5103205","Colíder","MT",3112.091,"51","510320 COLIDER",0.167215132300613,0.0555555555555556,32010,15.5240592532039,15.5240592536781,0.0424359084302741,"5214","Not significant"
"510325","5103254","Colniza","MT",27960.237,"51","510325 COLNIZA",3.89498980974462,1.44444444444445,26090,15.5240592532039,15.5240592537857,0.988557618326523,"5215","Not significant"
"510330","5103304","Comodoro","MT",21485.018,"51","510330 COMODORO",0,0,18461,15.5240592532039,15.5240592540262,-3.85270942858393e-06,"5216","Not significant"
"510335","5103353","Confresa","MT",5802.314,"51","510335 CONFRESA",0.179599636490336,0.0555555555555555,37541,15.5240592532039,15.5240592536082,0.0455791371107845,"5217","Low-Low"
"510336","5103361","Conquista D'Oeste","MT",2684.676,"51","510336 CONQUISTA D'OESTE",0,0,3874,15.5240592532039,15.5240592571223,-3.85270942819974e-06,"5218","Not significant"
"510337","5103379","Cotriguaçu","MT",9469.957,"51","510337 COTRIGUACU",0.534290782415422,0.0555555555555555,10398,15.5240592532039,15.5240592546638,0.135600938987121,"5219","Not significant"
"510340","5103403","Cuiabá","MT",4327.448,"51","510340 CUIABA",0.134195214082153,0.833333333333333,682932,15.5240592532039,15.5240592532261,0.0340553424929656,"5220","Not significant"
"510343","5103437","Curvelândia","MT",357.128,"51","510343 CURVELANDIA",1.11849316600676,0.0555555555555556,4967,15.5240592532039,15.52405925626,0.283873462367726,"5221","Not significant"
"510345","5103452","Denise","MT",1273.178,"51","510345 DENISE",0,0,6815,15.5240592532039,15.5240592554313,-3.85270942840957e-06,"5222","Not significant"
"510350","5103502","Diamantino","MT",8263.397,"51","510350 DIAMANTINO",0,0,22479,15.5240592532039,15.5240592538792,-3.85270942860217e-06,"5223","Low-Low"
"510360","5103601","Dom Aquino","MT",2183.603,"51","510360 DOM AQUINO",0,0,7915,15.5240592532039,15.5240592551218,-3.85270942844798e-06,"5224","Low-Low"
"510370","5103700","Feliz Natal","MT",11661.514,"51","510370 FELIZ NATAL",0,0,10564,15.5240592532039,15.5240592546408,-3.85270942850766e-06,"5225","Low-Low"
"510380","5103809","Figueirópolis D'Oeste","MT",891.448,"51","510380 FIGUEIROPOLIS D'OESTE",0,0,3112,15.5240592532039,15.5240592580818,-3.85270942808068e-06,"5226","Not significant"
"510385","5103858","Gaúcha do Norte","MT",16908.375,"51","510385 GAUCHA DO NORTE",0,0,9181,15.5240592532039,15.5240592548573,-3.8527094284808e-06,"5227","Low-Low"
"510390","5103908","General Carneiro","MT",4514.917,"51","510390 GENERAL CARNEIRO",0,0,6250,15.5240592532039,15.5240592556327,-3.85270942838458e-06,"5228","Not significant"
"510395","5103957","Glória D'Oeste","MT",833.13,"51","510395 GLORIA D'OESTE",0,0,2899,15.5240592532039,15.5240592584401,-3.85270942803621e-06,"5229","Not significant"
"510410","5104104","Guarantã do Norte","MT",4725.281,"51","510410 GUARANTA DO NORTE",1.19234196952959,0.388888888888889,31328,15.5240592532039,15.5240592536884,0.302616536291551,"5230","Not significant"
"510420","5104203","Guiratinga","MT",5043.899,"51","510420 GUIRATINGA",0,0,10532,15.5240592532039,15.5240592546452,-3.85270942850712e-06,"5231","Not significant"
"510450","5104500","Indiavaí","MT",592.495,"51","510450 INDIAVAI",0,0,2194,15.5240592532039,15.5240592601227,-3.85270942782742e-06,"5232","Low-Low"
"510452","5104526","Ipiranga do Norte","MT",3422.016,"51","510452 IPIRANGA DO NORTE",0.710883628350039,0.0555555555555555,8409,15.5240592532039,15.5240592550091,0.180420795280979,"5233","Not significant"
"510454","5104542","Itanhangá","MT",2909.745,"51","510454 ITANHANGA",0,0,8049,15.5240592532039,15.5240592550898,-3.85270942845194e-06,"5234","Not significant"
"510455","5104559","Itaúba","MT",4521.79,"51","510455 ITAUBA",0,0,5161,15.5240592532039,15.5240592561452,-3.85270942832099e-06,"5235","Not significant"
"510460","5104609","Itiquira","MT",8698.814,"51","510460 ITIQUIRA",0,0,12519,15.5240592532039,15.5240592544164,-3.8527094285355e-06,"5236","Low-Low"
"510480","5104807","Jaciara","MT",2429.678,"51","510480 JACIARA",0,0,29560,15.5240592532039,15.5240592537174,-3.85270942862224e-06,"5237","Not significant"
"510490","5104906","Jangada","MT",1114.302,"51","510490 JANGADA",0,0,7447,15.5240592532039,15.5240592552423,-3.85270942843303e-06,"5238","Not significant"
"510500","5105002","Jauru","MT",1345.411,"51","510500 JAURU",0,0,8076,15.5240592532039,15.5240592550835,-3.85270942845273e-06,"5239","Not significant"
"510510","5105101","Juara","MT",22632.713,"51","510510 JUARA",1.0881220152363,0.388888888888889,35899,15.5240592532039,15.5240592536267,0.276165162511857,"5240","Not significant"
"510515","5105150","Juína","MT",26397.173,"51","510515 JUINA",0.382216477626819,0.166666666666667,47800,15.5240592532039,15.5240592535215,0.0970039706319468,"5241","Not significant"
"510517","5105176","Juruena","MT",3207.837,"51","510517 JURUENA",0.700353678607694,0.111111111111111,10149,15.5240592532039,15.5240592546996,0.177748258738298,"5242","Not significant"
"510520","5105200","Juscimeira","MT",2291.307,"51","510520 JUSCIMEIRA",0,0,11620,15.5240592532039,15.5240592545103,-3.85270942852386e-06,"5243","Not significant"
"510523","5105234","Lambari D'Oeste","MT",1810.547,"51","510523 LAMBARI D'OESTE",0,0,4724,15.5240592532039,15.5240592564172,-3.85270942828723e-06,"5244","Not significant"
"510525","5105259","Lucas do Rio Verde","MT",3674.596,"51","510525 LUCAS DO RIO VERDE",0.0602189077735383,0.0555555555555555,92256,15.5240592532039,15.5240592533684,0.0152799079578401,"5245","Not significant"
"510530","5105309","Luciara","MT",4282.733,"51","510530 LUCIARA",0,0,2591,15.5240592532039,15.5240592590626,-3.85270942795897e-06,"5246","Low-Low"
"510550","5105507","Vila Bela da Santíssima Trindade","MT",13484.71,"51","510550 VILA BELA DA SANTISSIMA TRINDADE",0,0,17384,15.5240592532039,15.5240592540771,-3.85270942857761e-06,"5247","Low-Low"
"510558","5105580","Marcelândia","MT",12285.486,"51","510558 MARCELANDIA",0.874218079917736,0.111111111111111,11414,15.5240592532039,15.5240592545338,0.22187562664293,"5248","Not significant"
"510560","5105606","Matupá","MT",5228.272,"51","510560 MATUPA",0.350066512637401,0.0555555555555556,21415,15.5240592532039,15.5240592539127,0.0888442017388907,"5249","Not significant"
"510562","5105622","Mirassol d'Oeste","MT",1085.486,"51","510562 MIRASSOL D'OESTE",0,0,27511,15.5240592532039,15.5240592537557,-3.8527094286175e-06,"5250","Not significant"
"510590","5105903","Nobres","MT",3908.739,"51","510590 NOBRES",0.371385490711649,0.0555555555555556,15753,15.5240592532039,15.5240592541675,0.0942550298417618,"5251","Low-Low"
"510600","5106000","Nortelândia","MT",1336.754,"51","510600 NORTELANDIA",0,0,5935,15.5240592532039,15.5240592557616,-3.85270942836859e-06,"5252","Low-Low"
"510610","5106109","Nossa Senhora do Livramento","MT",5537.413,"51","510610 NOSSA SENHORA DO LIVRAMENTO",0.903754556200075,0.111111111111111,11658,15.5240592532039,15.524059254506,0.229372083339668,"5253","Not significant"
"510615","5106158","Nova Bandeirantes","MT",9556.661,"51","510615 NOVA BANDEIRANTES",0.372630998427497,0.0555555555555556,14160,15.5240592532039,15.5240592542759,0.094571143875073,"5254","Not significant"
"510617","5106174","Nova Nazaré","MT",4034.539,"51","510617 NOVA NAZARE",0,0,4467,15.5240592532039,15.5240592566021,-3.85270942826429e-06,"5255","Not significant"
"510618","5106182","Nova Lacerda","MT",4780.426,"51","510618 NOVA LACERDA",0,0,6965,15.5240592532039,15.5240592553833,-3.85270942841552e-06,"5256","Not significant"
"510619","5106190","Nova Santa Helena","MT",2385.611,"51","510619 NOVA SANTA HELENA",3.08745152229743,0.111111111111111,4431,15.5240592532039,15.5240592566297,0.783601693759274,"5257","Not significant"
"510620","5106208","Nova Brasilândia","MT",3290.032,"51","510620 NOVA BRASILANDIA",0,0,3853,15.5240592532039,15.5240592571437,-3.85270942819709e-06,"5258","Not significant"
"510621","5106216","Nova Canaã do Norte","MT",5953.099,"51","510621 NOVA CANAA DO NORTE",0,0,11771,15.5240592532039,15.5240592544935,-3.85270942852594e-06,"5259","Low-Low"
"510622","5106224","Nova Mutum","MT",9536.814,"51","510622 NOVA MUTUM",0.126495492965586,0.0555555555555555,61223,15.5240592532039,15.5240592534518,0.0321011274612437,"5260","Low-Low"
"510623","5106232","Nova Olímpia","MT",1327.266,"51","510623 NOVA OLIMPIA",0,0,16314,15.5240592532039,15.5240592541344,-3.8527094285705e-06,"5261","Not significant"
"510624","5106240","Nova Ubiratã","MT",12460.736,"51","510624 NOVA UBIRATA",0.451744637791149,0.0555555555555556,12108,15.5240592532039,15.5240592544576,0.114650450760248,"5262","Low-Low"
"510625","5106257","Nova Xavantina","MT",5491.972,"51","510625 NOVA XAVANTINA",0,0,25486,15.5240592532039,15.5240592537995,-3.85270942861206e-06,"5263","Low-Low"
"510626","5106265","Novo Mundo","MT",5800.759,"51","510626 NOVO MUNDO",0.739557448822622,0.0555555555555554,6444,15.5240592532039,15.5240592555596,0.187698307037648,"5264","Not significant"
"510627","5106273","Novo Horizonte do Norte","MT",920.048,"51","510627 NOVO HORIZONTE DO NORTE",0,0,3307,15.5240592532039,15.5240592577941,-3.85270942811637e-06,"5265","Not significant"
"510628","5106281","Novo São Joaquim","MT",5225.595,"51","510628 NOVO SAO JOAQUIM",0,0,7160,15.5240592532039,15.524059255324,-3.85270942842289e-06,"5266","Low-Low"
"510629","5106299","Paranaíta","MT",4814.149,"51","510629 PARANAITA",0,0,11989,15.5240592532039,15.52405925447,-3.85270942852885e-06,"5267","Not significant"
"510630","5106307","Paranatinga","MT",24166.632,"51","510630 PARANATINGA",0,0,28228,15.5240592532039,15.5240592537417,-3.85270942861924e-06,"5268","Low-Low"
"510631","5106315","Novo Santo Antônio","MT",4394.78,"51","510631 NOVO SANTO ANTONIO",0,0,2040,15.5240592532039,15.524059260645,-3.85270942776261e-06,"5269","Low-Low"
"510637","5106372","Pedra Preta","MT",3841.672,"51","510637 PEDRA PRETA",0.352621742656652,0.0555555555555556,18722,15.5240592532039,15.5240592540147,0.0894927276834751,"5270","Low-Low"
"510642","5106422","Peixoto de Azevedo","MT",14433.775,"51","510642 PEIXOTO DE AZEVEDO",0.350412473069253,0.111111111111111,33599,15.5240592532039,15.5240592536557,0.0889320076570069,"5271","Not significant"
"510645","5106455","Planalto da Serra","MT",2437.59,"51","510645 PLANALTO DA SERRA",0,0,3287,15.5240592532039,15.5240592578221,-3.85270942811291e-06,"5272","Not significant"
"510650","5106505","Poconé","MT",17156.759,"51","510650 POCONE",0.339307037018388,0.111111111111111,31269,15.5240592532039,15.5240592536894,0.0861134107580159,"5273","Not significant"
"510665","5106653","Pontal do Araguaia","MT",2742.482,"51","510665 PONTAL DO ARAGUAIA",0,0,7299,15.5240592532039,15.5240592552836,-3.8527094284279e-06,"5274","Not significant"
"510670","5106703","Ponte Branca","MT",701.138,"51","510670 PONTE BRANCA",0,0,2076,15.5240592532039,15.524059260516,-3.85270942777862e-06,"5275","Low-Low"
"510675","5106752","Pontes e Lacerda","MT",8545.292,"51","510675 PONTES E LACERDA",0.230002809686906,0.111111111111111,54795,15.5240592532039,15.5240592534809,0.0583716314368649,"5276","Not significant"
"510677","5106778","Porto Alegre do Norte","MT",3971.721,"51","510677 PORTO ALEGRE DO NORTE",0,0,12524,15.5240592532039,15.524059254416,-3.85270942853556e-06,"5277","Not significant"
"510680","5106802","Porto dos Gaúchos","MT",6846.668,"51","510680 PORTO DOS GAUCHOS",5.11655512576492,0.277777777777778,5690,15.5240592532039,15.5240592558717,1.29859499054519,"5278","Not significant"
"510682","5106828","Porto Esperidião","MT",5835.278,"51","510682 PORTO ESPERIDIAO",0.484608823757463,0.0555555555555555,10167,15.5240592532039,15.5240592546969,0.122991491329233,"5279","Low-Low"
"510685","5106851","Porto Estrela","MT",2045.467,"51","510685 PORTO ESTRELA",0,0,3181,15.5240592532039,15.5240592579759,-3.85270942809381e-06,"5280","Not significant"
"510700","5107008","Poxoréu","MT",6915.298,"51","510700 POXOREO",0,0,24587,15.5240592532039,15.5240592538213,-3.85270942860935e-06,"5281","Low-Low"
"510704","5107040","Primavera do Leste","MT",5470.383,"51","510704 PRIMAVERA DO LESTE",0.248443619159973,0.166666666666667,92927,15.5240592532039,15.5240592533672,0.0630519707012343,"5282","Low-Low"
"510706","5107065","Querência","MT",17799.989,"51","510706 QUERENCIA",0,0,29820,15.5240592532039,15.5240592537129,-3.8527094286228e-06,"5283","Low-Low"
"510710","5107107","São José dos Quatro Marcos","MT",1282.763,"51","510710 SAO JOSE DOS QUATRO MARCOS",0.311584719885337,0.0555555555555555,17830,15.5240592532039,15.5240592540553,0.0790773937341135,"5284","Low-Low"
"510715","5107156","Reserva do Cabaçal","MT",1331.677,"51","510715 RESERVA DO CABACAL",0,0,2062,15.5240592532039,15.5240592605656,-3.85270942777246e-06,"5285","Not significant"
"510718","5107180","Ribeirão Cascalheira","MT",11354.555,"51","510718 RIBEIRAO CASCALHEIRA",0,0,10431,15.5240592532039,15.5240592546592,-3.85270942850538e-06,"5286","Low-Low"
"510719","5107198","Ribeirãozinho","MT",624.997,"51","510719 RIBEIRAOZINHO",0,0,2697,15.5240592532039,15.5240592588323,-3.85270942798754e-06,"5287","Not significant"
"510720","5107206","Rio Branco","MT",539.287,"51","510720 RIO BRANCO",0,0,4489,15.5240592532039,15.5240592565855,-3.85270942826635e-06,"5288","Low-Low"
"510724","5107248","Santa Carmem","MT",3812.09,"51","510724 SANTA CARMEM",0,0,5677,15.5240592532039,15.5240592558778,-3.85270942835416e-06,"5289","Not significant"
"510726","5107263","Santo Afonso","MT",1166.382,"51","510726 SANTO AFONSO",4.41092144148913,0.111111111111111,2460,15.5240592532039,15.5240592593746,1.11950279583903,"5290","Not significant"
"510729","5107297","São José do Povo","MT",489.737,"51","510729 SAO JOSE DO POVO",0,0,2780,15.5240592532039,15.5240592586643,-3.85270942800839e-06,"5291","Not significant"
"510730","5107305","São José do Rio Claro","MT",4525.304,"51","510730 SAO JOSE DO RIO CLARO",0,0,14662,15.5240592532039,15.5240592542392,-3.85270942855749e-06,"5292","Not significant"
"510735","5107354","São José do Xingu","MT",7465.563,"51","510735 SAO JOSE DO XINGU",0,0,6168,15.5240592532039,15.524059255665,-3.85270942838058e-06,"5293","Not significant"
"510740","5107404","São Pedro da Cipa","MT",344.33,"51","510740 SAO PEDRO DA CIPA",0,0,4247,15.5240592532039,15.5240592567782,-3.85270942824244e-06,"5294","Low-Low"
"510757","5107578","Rondolândia","MT",12658.341,"51","510757 RONDOLANDIA",0,0,3527,15.5240592532039,15.5240592575078,-3.8527094281519e-06,"5295","Not significant"
"510760","5107602","Rondonópolis","MT",4824.02,"51","510760 RONDONOPOLIS",0.362880767920579,0.777777777777778,259167,15.5240592532039,15.5240592532625,0.0920965026893932,"5296","Low-Low"
"510770","5107701","Rosário Oeste","MT",7339.443,"51","510770 ROSARIO OESTE",0,0,15236,15.5240592532039,15.5240592542002,-3.85270942856233e-06,"5297","Low-Low"
"510774","5107743","Santa Cruz do Xingu","MT",5623.39,"51","510774 SANTA CRUZ DO XINGU",0,0,2834,15.5240592532039,15.5240592585602,-3.8527094280213e-06,"5298","Low-Low"
"510775","5107750","Salto do Céu","MT",1753.378,"51","510775 SALTO DO CEU",0,0,3679,15.5240592532039,15.52405925733,-3.85270942817397e-06,"5299","Not significant"
"510776","5107768","Santa Rita do Trivelato","MT",4747.042,"51","510776 SANTA RITA DO TRIVELATO",0,0,3463,15.5240592532039,15.5240592575873,-3.85270942814203e-06,"5300","Low-Low"
"510777","5107776","Santa Terezinha","MT",6466.223,"51","510777 SANTA TEREZINHA",0,0,7720,15.5240592532039,15.5240592551702,-3.85270942844197e-06,"5301","Low-Low"
"510779","5107792","Santo Antônio do Leste","MT",3403.593,"51","510779 SANTO ANTONIO DO LESTE",0,0,4212,15.5240592532039,15.5240592568079,-3.85270942823876e-06,"5302","Not significant"
"510780","5107800","Santo Antônio de Leverger","MT",9469.139,"51","510780 SANTO ANTONIO DO LEVERGER",0.768758198944773,0.111111111111111,16795,15.5240592532039,15.5240592541077,0.195109555318137,"5303","Not significant"
"510785","5107859","São Félix do Araguaia","MT",16682.473,"51","510785 SAO FELIX DO ARAGUAIA",0,0,14332,15.5240592532039,15.5240592542631,-3.85270942855454e-06,"5304","Low-Low"
"510787","5107875","Sapezal","MT",13614.552,"51","510787 SAPEZAL",0.522832773707951,0.111111111111111,31499,15.5240592532039,15.5240592536858,0.132692857970307,"5305","Not significant"
"510788","5107883","Serra Nova Dourada","MT",1490.793,"51","510788 SERRA NOVA DOURADA",0,0,1901,15.5240592532039,15.5240592611891,-3.85270942769509e-06,"5306","Low-Low"
"510790","5107909","Sinop","MT",3990.87,"51","510790 SINOP",0.207982434675885,0.277777777777778,216029,15.5240592532039,15.5240592532742,0.052782786439622,"5307","Low-Low"
"510792","5107925","Sorriso","MT",9293.629,"51","510792 SORRISO",0.41124838678327,0.333333333333333,120985,15.5240592532039,15.5240592533294,0.104372366501338,"5308","Low-Low"
"510794","5107941","Tabaporã","MT",8439.05,"51","510794 TABAPORA",0,0,9908,15.5240592532039,15.524059254736,-3.85270942849585e-06,"5309","Not significant"
"510795","5107958","Tangará da Serra","MT",11636.825,"51","510795 TANGARA DA SERRA",0.503773714620253,0.5,112547,15.5240592532039,15.5240592533388,0.127855604882853,"5310","Not significant"
"510800","5108006","Tapurah","MT",4492.539,"51","510800 TAPURAH",0.428438000736913,0.0555555555555556,15272,15.5240592532039,15.5240592541979,0.108735148145193,"5311","Not significant"
"510805","5108055","Terra Nova do Norte","MT",2399.736,"51","510805 TERRA NOVA DO NORTE",0.574692826684139,0.0555555555555557,10641,15.5240592532039,15.5240592546304,0.1458551132637,"5312","Not significant"
"510810","5108105","Tesouro","MT",4244.073,"51","510810 TESOURO",1.60844109888696,0.0555555555555556,2977,15.5240592532039,15.5240592583029,0.408223890167078,"5313","Low-Low"
"510820","5108204","Torixoréu","MT",2398.383,"51","510820 TORIXOREU",0,0,4230,15.5240592532039,15.5240592567925,-3.85270942824066e-06,"5314","Low-Low"
"510830","5108303","União do Sul","MT",4590.628,"51","510830 UNIAO DO SUL",0,0,3897,15.5240592532039,15.5240592570992,-3.85270942820261e-06,"5315","Not significant"
"510835","5108352","Vale de São Domingos","MT",1901.545,"51","510835 VALE DE SAO DOMINGOS",1.7772090708751,0.0555555555555556,2907,15.5240592532039,15.5240592584257,0.451057767216956,"5316","Not significant"
"510840","5108402","Várzea Grande","MT",724.279,"51","510840 VARZEA GRANDE",0.0981067389482999,0.277777777777778,314627,15.5240592532039,15.5240592532521,0.0248959665230373,"5317","Not significant"
"510850","5108501","Vera","MT",3058.364,"51","510850 VERA",0,0,13389,15.5240592532039,15.5240592543377,-3.85270942854528e-06,"5318","Low-Low"
"510860","5108600","Vila Rica","MT",7436.383,"51","510860 VILA RICA",0,0,19827,15.5240592532039,15.5240592539695,-3.85270942859096e-06,"5319","Low-Low"
"510880","5108808","Nova Guarita","MT",1121.928,"51","510880 NOVA GUARITA",0,0,4579,15.5240592532039,15.524059256519,-3.8527094282746e-06,"5320","Not significant"
"510885","5108857","Nova Marilândia","MT",1905.744,"51","510885 NOVA MARILANDIA",0,0,3678,15.5240592532039,15.5240592573311,-3.85270942817383e-06,"5321","Not significant"
"510890","5108907","Nova Maringá","MT",11553.479,"51","510890 NOVA MARINGA",0.817835353386656,0.0555555555555555,5775,15.5240592532039,15.5240592558324,0.207565501627042,"5322","Not significant"
"510895","5108956","Nova Monte Verde","MT",5139.307,"51","510895 NOVA MONTE VERDE",1.80301741688595,0.166666666666667,8451,15.5240592532039,15.5240592550001,0.457608012002322,"5323","Not significant"
"520005","5200050","Abadia de Goiás","GO",143.357,"52","520005 ABADIA DE GOIAS",0.71842177105335,0.0555555555555556,21165,15.5240592532039,15.5240592539211,0.182334001175797,"5324","Not significant"
"520010","5200100","Abadiânia","GO",1044.555,"52","520010 ABADIANIA",0.32064847948491,0.0555555555555555,17638,15.5240592532039,15.5240592540645,0.0813778063052276,"5325","Not significant"
"520013","5200134","Acreúna","GO",1566.742,"52","520013 ACREUNA",0,0,21995,15.5240592532039,15.524059253894,-3.85270942860033e-06,"5326","Low-Low"
"520015","5200159","Adelândia","GO",115.385,"52","520015 ADELANDIA",0,0,2297,15.5240592532039,15.5240592598125,-3.85270942786592e-06,"5327","Low-Low"
"520017","5200175","Água Fria de Goiás","GO",2023.636,"52","520017 AGUA FRIA DE GOIAS",0.9508053321163,0.0555555555555554,4991,15.5240592532039,15.5240592562453,0.241313727983519,"5328","Not significant"
"520020","5200209","Água Limpa","GO",458.836,"52","520020 AGUA LIMPA",0,0,1856,15.5240592532039,15.5240592613827,-3.85270942767107e-06,"5329","Low-Low"
"520025","5200258","Águas Lindas de Goiás","GO",191.817,"52","520025 AGUAS LINDAS DE GOIAS",0.475648163060954,0.888888888888889,240613,15.5240592532039,15.524059253267,0.120717245610921,"5330","Not significant"
"520030","5200308","Alexânia","GO",846.876,"52","520030 ALEXANIA",0,0,28009,15.5240592532039,15.5240592537459,-3.85270942861871e-06,"5331","Not significant"
"520050","5200506","Aloândia","GO",102.094,"52","520050 ALOANDIA",0,0,1984,15.5240592532039,15.5240592608551,-3.85270942773655e-06,"5332","Not significant"
"520055","5200555","Alto Horizonte","GO",500.342,"52","520055 ALTO HORIZONTE",0,0,6375,15.5240592532039,15.5240592555851,-3.85270942839049e-06,"5333","Not significant"
"520060","5200605","Alto Paraíso de Goiás","GO",2594.998,"52","520060 ALTO PARAISO DE GOIAS",0,0,10936,15.5240592532039,15.524059254592,-3.85270942851372e-06,"5334","Low-Low"
"520080","5200803","Alvorada do Norte","GO",1268.347,"52","520080 ALVORADA DO NORTE",0,0,8597,15.5240592532039,15.5240592549696,-3.85270942846686e-06,"5335","Low-Low"
"520082","5200829","Amaralina","GO",1343.742,"52","520082 AMARALINA",0,0,3281,15.5240592532039,15.5240592578305,-3.85270942811186e-06,"5336","Low-Low"
"520085","5200852","Americano do Brasil","GO",133.834,"52","520085 AMERICANO DO BRASIL",0,0,5281,15.5240592532039,15.5240592560783,-3.85270942832928e-06,"5337","Not significant"
"520090","5200902","Amorinópolis","GO",406.93,"52","520090 AMORINOPOLIS",0,0,2952,15.5240592532039,15.5240592583461,-3.85270942804787e-06,"5338","Not significant"
"520110","5201108","Anápolis","GO",935.672,"52","520110 ANAPOLIS",0.458419326618241,1.66666666666667,415847,15.5240592532039,15.5240592532404,0.116344509164902,"5339","Not significant"
"520120","5201207","Anhanguera","GO",55.569,"52","520120 ANHANGUERA",0,0,921,15.5240592532039,15.5240592696859,-3.85270942664075e-06,"5340","Not significant"
"520130","5201306","Anicuns","GO",976.038,"52","520130 ANICUNS",0,0,18443,15.5240592532039,15.524059254027,-3.85270942858383e-06,"5341","Low-Low"
"520140","5201405","Aparecida de Goiânia","GO",279.954,"52","520140 APARECIDA DE GOIANIA",0.184249091858029,1,550925,15.5240592532039,15.5240592532314,0.0467591844702259,"5342","Not significant"
"520145","5201454","Aparecida do Rio Doce","GO",603.254,"52","520145 APARECIDA DO RIO DOCE",0,0,3012,15.5240592532039,15.5240592582437,-3.85270942806059e-06,"5343","Not significant"
"520150","5201504","Aporé","GO",2899.237,"52","520150 APORE",0,0,4452,15.5240592532039,15.5240592566136,-3.85270942826286e-06,"5344","Low-Low"
"520160","5201603","Araçu","GO",149.776,"52","520160 ARACU",0,0,3842,15.5240592532039,15.5240592571549,-3.85270942819569e-06,"5345","Not significant"
"520170","5201702","Aragarças","GO",661.677,"52","520170 ARAGARCAS",0,0,18604,15.5240592532039,15.5240592540198,-3.85270942858472e-06,"5346","Low-Low"
"520180","5201801","Aragoiânia","GO",218.125,"52","520180 ARAGOIANIA",0,0,12554,15.5240592532039,15.5240592544131,-3.85270942853592e-06,"5347","Not significant"
"520215","5202155","Araguapaz","GO",2188.1,"52","520215 ARAGUAPAZ",0,0,7182,15.5240592532039,15.5240592553175,-3.85270942842369e-06,"5348","Low-Low"
"520235","5202353","Arenópolis","GO",1075.535,"52","520235 ARENOPOLIS",0,0,2930,15.5240592532039,15.5240592583847,-3.85270942804308e-06,"5349","Not significant"
"520250","5202502","Aruanã","GO",3054.773,"52","520250 ARUANA",0,0,8515,15.5240592532039,15.5240592549866,-3.85270942846475e-06,"5350","Low-Low"
"520260","5202601","Aurilândia","GO",565.514,"52","520260 AURILANDIA",1.85185185185185,0.0555555555555555,3266,15.5240592532039,15.5240592578517,0.470002355262552,"5351","Not significant"
"520280","5202809","Avelinópolis","GO",170.228,"52","520280 AVELINOPOLIS",0,0,2963,15.5240592532039,15.524059258327,-3.85270942805024e-06,"5352","Not significant"
"520310","5203104","Baliza","GO",1780.173,"52","520310 BALIZA",0,0,3335,15.5240592532039,15.5240592577556,-3.85270942812115e-06,"5353","Low-Low"
"520320","5203203","Barro Alto","GO",1080.268,"52","520320 BARRO ALTO",0,0,10738,15.5240592532039,15.5240592546176,-3.85270942851055e-06,"5354","Not significant"
"520330","5203302","Bela Vista de Goiás","GO",1274.034,"52","520330 BELA VISTA DE GOIAS",1.56988315288971,0.444444444444444,36583,15.5240592532039,15.5240592536188,0.39843775427524,"5355","Not significant"
"520340","5203401","Bom Jardim de Goiás","GO",1901.137,"52","520340 BOM JARDIM DE GOIAS",0,0,7824,15.5240592532039,15.5240592551441,-3.85270942844521e-06,"5356","Low-Low"
"520350","5203500","Bom Jesus de Goiás","GO",1405.605,"52","520350 BOM JESUS DE GOIAS",0,0,24701,15.5240592532039,15.5240592538184,-3.85270942860971e-06,"5357","Low-Low"
"520355","5203559","Bonfinópolis","GO",121.915,"52","520355 BONFINOPOLIS",0.539583872917206,0.0555555555555556,10828,15.5240592532039,15.5240592546058,0.13694434310092,"5358","Not significant"
"520357","5203575","Bonópolis","GO",1635.319,"52","520357 BONOPOLIS",0,0,3306,15.5240592532039,15.5240592577955,-3.8527094281162e-06,"5359","Low-Low"
"520360","5203609","Brazabrantes","GO",125.326,"52","520360 BRAZABRANTES",0,0,4149,15.5240592532039,15.5240592568626,-3.85270942823197e-06,"5360","Not significant"
"520380","5203807","Britânia","GO",1458.459,"52","520380 BRITANIA",0,0,5788,15.5240592532039,15.5240592558265,-3.85270942836053e-06,"5361","Low-Low"
"520390","5203906","Buriti Alegre","GO",901.932,"52","520390 BURITI ALEGRE",0,0,10831,15.5240592532039,15.5240592546054,-3.85270942851205e-06,"5362","Not significant"
"520393","5203939","Buriti de Goiás","GO",202.576,"52","520393 BURITI DE GOIAS",0,0,2789,15.5240592532039,15.5240592586467,-3.85270942801058e-06,"5363","Not significant"
"520396","5203962","Buritinópolis","GO",246.075,"52","520396 BURITINOPOLIS",0,0,3154,15.5240592532039,15.5240592580168,-3.85270942808874e-06,"5364","Low-Low"
"520400","5204003","Cabeceiras","GO",1126.434,"52","520400 CABECEIRAS",0,0,7678,15.5240592532039,15.524059255181,-3.85270942844064e-06,"5365","Not significant"
"520410","5204102","Cachoeira Alta","GO",1657.226,"52","520410 CACHOEIRA ALTA",0,0,11789,15.5240592532039,15.5240592544915,-3.85270942852619e-06,"5366","Low-Low"
"520420","5204201","Cachoeira de Goiás","GO",424.49,"52","520420 CACHOEIRA DE GOIAS",0,0,1419,15.5240592532039,15.5240592639015,-3.85270942735852e-06,"5367","Not significant"
"520425","5204250","Cachoeira Dourada","GO",528.281,"52","520425 CACHOEIRA DOURADA",0,0,7801,15.5240592532039,15.5240592551498,-3.8527094284445e-06,"5368","Not significant"
"520430","5204300","Caçu","GO",2254.34,"52","520430 CACU",0,0,14006,15.5240592532039,15.5240592542877,-3.85270942855148e-06,"5369","Low-Low"
"520440","5204409","Caiapônia","GO",8627.961,"52","520440 CAIAPONIA",0,0,16655,15.5240592532039,15.5240592541153,-3.85270942857287e-06,"5370","Low-Low"
"520450","5204508","Caldas Novas","GO",1608.523,"52","520450 CALDAS NOVAS",0.400522702054806,0.333333333333334,104788,15.5240592532039,15.5240592533488,0.101650151761029,"5371","Low-Low"
"520455","5204557","Caldazinha","GO",251.72,"52","520455 CALDAZINHA",1.50028505416029,0.0555555555555555,4735,15.5240592532039,15.5240592564098,0.38077352346703,"5372","Not significant"
"520460","5204607","Campestre de Goiás","GO",272.734,"52","520460 CAMPESTRE DE GOIAS",0,0,3854,15.5240592532039,15.5240592571426,-3.85270942819721e-06,"5373","Not significant"
"520465","5204656","Campinaçu","GO",1978.386,"52","520465 CAMPINACU",0,0,3758,15.5240592532039,15.5240592572432,-3.85270942818473e-06,"5374","Not significant"
"520470","5204706","Campinorte","GO",1064.541,"52","520470 CAMPINORTE",0.431365444176998,0.0555555555555556,12879,15.5240592532039,15.5240592543825,0.109478143103406,"5375","Low-Low"
"520480","5204805","Campo Alegre de Goiás","GO",2450.111,"52","520480 CAMPO ALEGRE DE GOIAS",1.55327403687514,0.111111111111111,7711,15.5240592532039,15.5240592551725,0.394222304931618,"5376","Not significant"
"520485","5204854","Campo Limpo de Goiás","GO",156.113,"52","520485 CAMPO LIMPO DE GOIAS",1.47054984844238,0.111111111111111,8449,15.5240592532039,15.5240592550005,0.373226628590941,"5377","Not significant"
"520490","5204904","Campos Belos","GO",735.126,"52","520490 CAMPOS BELOS",0.899794153801263,0.166666666666667,18258,15.5240592532039,15.5240592540353,0.228366919937727,"5378","Low-Low"
"520495","5204953","Campos Verdes","GO",443.125,"52","520495 CAMPOS VERDES",1.38715494520738,0.0555555555555555,3899,15.5240592532039,15.5240592570972,0.352060722559038,"5379","Not significant"
"520500","5205000","Carmo do Rio Verde","GO",419.821,"52","520500 CARMO DO RIO VERDE",0,0,9937,15.5240592532039,15.5240592547315,-3.85270942849641e-06,"5380","Not significant"
"520505","5205059","Castelândia","GO",299.228,"52","520505 CASTELANDIA",0,0,2921,15.5240592532039,15.5240592584007,-3.8527094280411e-06,"5381","Low-Low"
"520510","5205109","Catalão","GO",3826.37,"52","520510 CATALAO",0.303770520811184,0.277777777777777,120789,15.5240592532039,15.5240592533296,0.0770941238150754,"5382","Not significant"
"520520","5205208","Caturaí","GO",205.065,"52","520520 CATURAI",2.26295541977823,0.111111111111111,5318,15.5240592532039,15.5240592560583,0.574341818979936,"5383","High-Low"
"520530","5205307","Cavalcante","GO",6948.78,"52","520530 CAVALCANTE",0.565220831778978,0.0555555555555557,9721,15.5240592532039,15.5240592547654,0.143451089202883,"5384","Low-Low"
"520540","5205406","Ceres","GO",213.07,"52","520540 CERES",0.510158071327761,0.111111111111111,22484,15.5240592532039,15.524059253879,0.129475976015511,"5385","Not significant"
"520545","5205455","Cezarina","GO",417.08,"52","520545 CEZARINA",0,0,8265,15.5240592532039,15.5240592550405,-3.85270942845806e-06,"5386","Low-Low"
"520547","5205471","Chapadão do Céu","GO",2184.076,"52","520547 CHAPADAO DO CEU",0,0,13897,15.5240592532039,15.5240592542962,-3.85270942855042e-06,"5387","Not significant"
"520549","5205497","Cidade Ocidental","GO",389.984,"52","520549 CIDADE OCIDENTAL",0.733254090700554,0.5,98963,15.5240592532039,15.5240592533573,0.186098493628571,"5388","Not significant"
"520551","5205513","Cocalzinho de Goiás","GO",1785.339,"52","520551 COCALZINHO DE GOIAS",0,0,26638,15.5240592532039,15.5240592537737,-3.85270942861525e-06,"5389","Not significant"
"520552","5205521","Colinas do Sul","GO",1707.519,"52","520552 COLINAS DO SUL",0,0,4153,15.5240592532039,15.5240592568591,-3.8527094282324e-06,"5390","Not significant"
"520570","5205703","Córrego do Ouro","GO",458.077,"52","520570 CORREGO DO OURO",2.11077338736913,0.0555555555555556,2456,15.5240592532039,15.5240592593846,0.535717508934314,"5391","Not significant"
"520580","5205802","Corumbá de Goiás","GO",1064.833,"52","520580 CORUMBA DE GOIAS",0,0,10714,15.5240592532039,15.5240592546207,-3.85270942851015e-06,"5392","Not significant"
"520590","5205901","Corumbaíba","GO",1864.277,"52","520590 CORUMBAIBA",0.606236965905233,0.0555555555555556,9416,15.5240592532039,15.524059254816,0.153861121543497,"5393","Not significant"
"520620","5206206","Cristalina","GO",6153.921,"52","520620 CRISTALINA",0.304755513470372,0.166666666666667,65705,15.5240592532039,15.5240592534349,0.0773441182537469,"5394","Not significant"
"520630","5206305","Cristianópolis","GO",221.624,"52","520630 CRISTIANOPOLIS",0,0,3630,15.5240592532039,15.5240592573857,-3.85270942816705e-06,"5395","Not significant"
"520640","5206404","Crixás","GO",4673.039,"52","520640 CRIXAS",1.0939426149121,0.166666666666667,17445,15.5240592532039,15.524059254074,0.277642450218199,"5396","Low-Low"
"520650","5206503","Cromínia","GO",364.918,"52","520650 CROMINIA",1.48663515000149,0.0555555555555556,3977,15.5240592532039,15.5240592570208,0.3773091320253,"5397","Not significant"
"520660","5206602","Cumari","GO",568.365,"52","520660 CUMARI",1.84569952011812,0.0555555555555555,2955,15.5240592532039,15.5240592583409,0.46844087283666,"5398","High-Low"
"520670","5206701","Damianópolis","GO",417.625,"52","520670 DAMIANOPOLIS",0,0,3884,15.5240592532039,15.5240592571122,-3.85270942820099e-06,"5399","Low-Low"
"520680","5206800","Damolândia","GO",86.057,"52","520680 DAMOLANDIA",0,0,2755,15.5240592532039,15.5240592587138,-3.85270942800225e-06,"5400","Not significant"
"520690","5206909","Davinópolis","GO",482.857,"52","520690 DAVINOPOLIS",2.65308288230924,0.0555555555555556,1901,15.5240592532039,15.5240592611891,0.673357476690944,"5401","Not significant"
"520710","5207105","Diorama","GO",685.382,"52","520710 DIORAMA",2.18292949137743,0.0555555555555555,2023,15.5240592532039,15.5240592607075,0.554030969996367,"5402","Not significant"
"520725","5207253","Doverlândia","GO",3227.558,"52","520725 DOVERLANDIA",0.70412617941135,0.0555555555555555,6895,15.5240592532039,15.5240592554055,0.178705732084873,"5403","Low-Low"
"520735","5207352","Edealina","GO",598.218,"52","520735 EDEALINA",0,0,4087,15.5240592532039,15.5240592569181,-3.85270942822508e-06,"5404","Not significant"
"520740","5207402","Edéia","GO",1469.099,"52","520740 EDEIA",0.442356521662199,0.0555555555555556,11953,15.5240592532039,15.5240592544739,0.112267715414574,"5405","Low-Low"
"520750","5207501","Estrela do Norte","GO",301.139,"52","520750 ESTRELA DO NORTE",0,0,3224,15.5240592532039,15.5240592579123,-3.85270942810171e-06,"5406","Low-Low"
"520753","5207535","Faina","GO",1949.685,"52","520753 FAINA",0,0,7164,15.5240592532039,15.5240592553228,-3.85270942842303e-06,"5407","Not significant"
"520760","5207600","Fazenda Nova","GO",1279.107,"52","520760 FAZENDA NOVA",0,0,5878,15.5240592532039,15.5240592557864,-3.85270942836551e-06,"5408","Not significant"
"520780","5207808","Firminópolis","GO",422.34,"52","520780 FIRMINOPOLIS",0,0,10365,15.5240592532039,15.5240592546684,-3.85270942850423e-06,"5409","Not significant"
"520790","5207907","Flores de Goiás","GO",3695.106,"52","520790 FLORES DE GOIAS",0,0,14156,15.5240592532039,15.5240592542762,-3.8527094285529e-06,"5410","Low-Low"
"520800","5208004","Formosa","GO",5804.292,"52","520800 FORMOSA",0.355932341010378,0.388888888888889,120478,15.5240592532039,15.5240592533299,0.090332968645882,"5411","Low-Low"
"520810","5208103","Formoso","GO",843.42,"52","520810 FORMOSO",0,0,4681,15.5240592532039,15.5240592564468,-3.85270942828356e-06,"5412","Low-Low"
"520815","5208152","Gameleira de Goiás","GO",588.328,"52","520815 GAMELEIRA DE GOIAS",0,0,3542,15.5240592532039,15.5240592574896,-3.85270942815416e-06,"5413","Not significant"
"520830","5208301","Divinópolis de Goiás","GO",828.874,"52","520830 DIVINOPOLIS DE GOIAS",0,0,4440,15.5240592532039,15.5240592566228,-3.85270942826172e-06,"5414","Not significant"
"520840","5208400","Goianápolis","GO",166.642,"52","520840 GOIANAPOLIS",0.968626197464139,0.111111111111111,14555,15.5240592532039,15.5240592542468,0.245836723365832,"5415","Not significant"
"520850","5208509","Goiandira","GO",569.917,"52","520850 GOIANDIRA",0,0,4986,15.5240592532039,15.5240592562484,-3.85270942830818e-06,"5416","Not significant"
"520860","5208608","Goianésia","GO",1547.319,"52","520860 GOIANESIA",0.41581496567643,0.277777777777778,77014,15.5240592532039,15.524059253401,0.105531379532912,"5417","Not significant"
"520870","5208707","Goiânia","GO",729.296,"52","520870 GOIANIA",0.244297729729863,3.55555555555555,1494599,15.5240592532039,15.524059253214,0.061999730065741,"5418","Not significant"
"520880","5208806","Goianira","GO",213.772,"52","520880 GOIANIRA",0.266147570214612,0.111111111111111,78754,15.5240592532039,15.5240592533966,0.0675452928285281,"5419","Not significant"
"520890","5208905","Goiás","GO",3108.423,"52","520890 GOIAS",1.36356504150913,0.333333333333333,24233,15.5240592532039,15.5240592538303,0.346073525956143,"5420","Low-Low"
"520910","5209101","Goiatuba","GO",2479.591,"52","520910 GOIATUBA",0.660896316117077,0.222222222222222,36777,15.5240592532039,15.5240592536166,0.167733847869904,"5421","Low-Low"
"520915","5209150","Gouvelândia","GO",827.373,"52","520915 GOUVELANDIA",0,0,4356,15.5240592532039,15.5240592566887,-3.85270942825354e-06,"5422","Low-Low"
"520920","5209200","Guapó","GO",514.178,"52","520920 GUAPO",0.397506837117598,0.0555555555555555,20588,15.5240592532039,15.5240592539412,0.100884715127831,"5423","Low-Low"
"520929","5209291","Guaraíta","GO",205.533,"52","520929 GUARAITA",0,0,2185,15.5240592532039,15.5240592601512,-3.85270942782388e-06,"5424","Not significant"
"520940","5209408","Guarani de Goiás","GO",1221.054,"52","520940 GUARANI DE GOIAS",1.34030290845731,0.0555555555555556,4106,15.5240592532039,15.5240592569009,0.340169518571422,"5425","Not significant"
"520945","5209457","Guarinos","GO",593.188,"52","520945 GUARINOS",0,0,2165,15.5240592532039,15.5240592602154,-3.85270942781592e-06,"5426","Not significant"
"520960","5209606","Heitoraí","GO",228.615,"52","520960 HEITORAI",0,0,3360,15.5240592532039,15.5240592577217,-3.85270942812536e-06,"5427","Not significant"
"520970","5209705","Hidrolândia","GO",952.122,"52","520970 HIDROLANDIA",0.572973964063072,0.111111111111111,29827,15.5240592532039,15.5240592537128,0.145418860172575,"5428","Not significant"
"520980","5209804","Hidrolina","GO",583.756,"52","520980 HIDROLINA",0,0,3514,15.5240592532039,15.5240592575237,-3.85270942814993e-06,"5429","Not significant"
"520990","5209903","Iaciara","GO",1547.183,"52","520990 IACIARA",0.447055247087435,0.0555555555555556,10430,15.5240592532039,15.5240592546593,0.113460267678511,"5430","Not significant"
"520993","5209937","Inaciolândia","GO",689.201,"52","520993 INACIOLANDIA",0,0,6061,15.5240592532039,15.5240592557084,-3.85270942837518e-06,"5431","Low-Low"
"520995","5209952","Indiara","GO",955.419,"52","520995 INDIARA",0,0,17747,15.5240592532039,15.5240592540592,-3.85270942857983e-06,"5432","Low-Low"
"521000","5210000","Inhumas","GO",614.887,"52","521000 INHUMAS",0,0,53629,15.5240592532039,15.5240592534869,-3.85270942865084e-06,"5433","Not significant"
"521010","5210109","Ipameri","GO",4382.863,"52","521010 IPAMERI",0.449206028344901,0.111111111111111,26163,15.5240592532039,15.5240592537841,0.114006143175,"5434","Low-Low"
"521015","5210158","Ipiranga de Goiás","GO",244.209,"52","521015 IPIRANGA DE GOIAS",0,0,2964,15.5240592532039,15.5240592583253,-3.85270942805046e-06,"5435","Not significant"
"521020","5210208","Iporá","GO",1027.249,"52","521020 IPORA",0.329888932019685,0.111111111111111,36983,15.5240592532039,15.5240592536143,0.0837230641368675,"5436","Not significant"
"521030","5210307","Israelândia","GO",579.19,"52","521030 ISRAELANDIA",0,0,2540,15.5240592532039,15.5240592591802,-3.85270942794437e-06,"5437","Not significant"
"521040","5210406","Itaberaí","GO",1461.916,"52","521040 ITABERAI",0.131763763383904,0.0555555555555556,46943,15.5240592532039,15.5240592535273,0.0334382321543698,"5438","Not significant"
"521056","5210562","Itaguari","GO",142.652,"52","521056 ITAGUARI",2.36359068793536,0.111111111111111,5088,15.5240592532039,15.5240592561874,0.599883387397297,"5439","Not significant"
"521060","5210604","Itaguaru","GO",241.029,"52","521060 ITAGUARU",0,0,4880,15.5240592532039,15.5240592563145,-3.85270942829997e-06,"5440","Not significant"
"521080","5210802","Itajá","GO",2082.736,"52","521080 ITAJA",0,0,4328,15.5240592532039,15.5240592567113,-3.85270942825074e-06,"5441","Low-Low"
"521090","5210901","Itapaci","GO",952.998,"52","521090 ITAPACI",0.474682936459537,0.111111111111111,21708,15.5240592532039,15.5240592539032,0.120472267861243,"5442","Not significant"
"521100","5211008","Itapirapuã","GO",2047.874,"52","521100 ITAPIRAPUA",0.683760683760683,0.0555555555555555,8125,15.5240592532039,15.5240592550722,0.173536901018839,"5443","Not significant"
"521120","5211206","Itapuranga","GO",1281.404,"52","521120 ITAPURANGA",0.208330729199218,0.0555555555555556,26574,15.5240592532039,15.5240592537751,0.0528711847563934,"5444","Not significant"
"521130","5211305","Itarumã","GO",3437.367,"52","521130 ITARUMA",0,0,6142,15.5240592532039,15.5240592556754,-3.85270942837928e-06,"5445","Low-Low"
"521140","5211404","Itauçu","GO",383.066,"52","521140 ITAUCU",0.644496004124772,0.0555555555555554,7701,15.5240592532039,15.5240592551751,0.163571393698634,"5446","Not significant"
"521150","5211503","Itumbiara","GO",2447.014,"52","521150 ITUMBIARA",0.425012292928488,0.444444444444444,112289,15.5240592532039,15.5240592533391,0.107865692022279,"5447","Low-Low"
"521160","5211602","Ivolândia","GO",1260.841,"52","521160 IVOLANDIA",2.06296158765524,0.0555555555555556,2729,15.5240592532039,15.5240592587663,0.523582713898224,"5448","Not significant"
"521170","5211701","Jandaia","GO",863.087,"52","521170 JANDAIA",0,0,6360,15.5240592532039,15.5240592555907,-3.85270942838979e-06,"5449","Low-Low"
"521180","5211800","Jaraguá","GO",1848.947,"52","521180 JARAGUA",0.499381018893684,0.222222222222222,46427,15.5240592532039,15.5240592535309,0.126740723980849,"5450","Not significant"
"521190","5211909","Jataí","GO",7178.792,"52","521190 JATAI",1.00041368850592,0.944444444444445,110404,15.5240592532039,15.5240592533414,0.253904495161938,"5451","Low-Low"
"521200","5212006","Jaupaci","GO",528.783,"52","521200 JAUPACI",0,0,2946,15.5240592532039,15.5240592583566,-3.85270942804657e-06,"5452","Not significant"
"521205","5212055","Jesúpolis","GO",115.211,"52","521205 JESUPOLIS",0,0,2124,15.5240592532039,15.5240592603507,-3.85270942779913e-06,"5453","Not significant"
"521210","5212105","Joviânia","GO",446.258,"52","521210 JOVIANIA",0,0,7247,15.5240592532039,15.5240592552985,-3.85270942842604e-06,"5454","Not significant"
"521220","5212204","Jussara","GO",4092.34,"52","521220 JUSSARA",0.567414519002711,0.111111111111111,19901,15.5240592532039,15.5240592539667,0.144007854377935,"5455","Low-Low"
"521225","5212253","Lagoa Santa","GO",463.289,"52","521225 LAGOA SANTA",0,0,1426,15.5240592532039,15.524059263849,-3.85270942736503e-06,"5456","Not significant"
"521230","5212303","Leopoldo de Bulhões","GO",476.137,"52","521230 LEOPOLDO DE BULHOES",1.41795963994519,0.111111111111111,9035,15.5240592532039,15.524059254884,0.359879057376066,"5457","Not significant"
"521250","5212501","Luziânia","GO",3962.107,"52","521250 LUZIANIA",0.306975987345767,0.611111111111112,218872,15.5240592532039,15.5240592532732,0.0779076819675134,"5458","Not significant"
"521260","5212600","Mairipotaba","GO",468.029,"52","521260 MAIRIPOTABA",0,0,2618,15.5240592532039,15.5240592590022,-3.85270942796647e-06,"5459","Not significant"
"521270","5212709","Mambaí","GO",858.27,"52","521270 MAMBAI",0,0,8405,15.5240592532039,15.5240592550099,-3.85270942846186e-06,"5460","Low-Low"
"521280","5212808","Mara Rosa","GO",1695.463,"52","521280 MARA ROSA",0,0,10815,15.5240592532039,15.5240592546075,-3.8527094285118e-06,"5461","Low-Low"
"521290","5212907","Marzagão","GO",225.518,"52","521290 MARZAGAO",0,0,2893,15.5240592532039,15.524059258451,-3.85270942803486e-06,"5462","Not significant"
"521295","5212956","Matrinchã","GO",1150.503,"52","521295 MATRINCHA",0,0,4033,15.5240592532039,15.5240592569678,-3.85270942821891e-06,"5463","Not significant"
"521300","5213004","Maurilândia","GO",389.959,"52","521300 MAURILANDIA",0,0,10239,15.5240592532039,15.5240592546864,-3.852709428502e-06,"5464","Low-Low"
"521305","5213053","Mimoso de Goiás","GO",1380.701,"52","521305 MIMOSO DE GOIAS",2.04624514016779,0.0555555555555556,2633,15.5240592532039,15.5240592589691,0.519340023484015,"5465","Not significant"
"521308","5213087","Minaçu","GO",2854.137,"52","521308 MINACU",0.410382681850826,0.111111111111111,26939,15.5240592532039,15.5240592537674,0.104152647685875,"5466","Low-Low"
"521310","5213103","Mineiros","GO",9042.844,"52","521310 MINEIROS",0.378053862376325,0.222222222222222,73781,15.5240592532039,15.5240592534096,0.0959474849272143,"5467","Low-Low"
"521340","5213400","Moiporá","GO",452.314,"52","521340 MOIPORA",3.70123621289511,0.0555555555555555,1693,15.5240592532039,15.5240592621702,0.939382305664872,"5468","Not significant"
"521350","5213509","Monte Alegre de Goiás","GO",3119.86,"52","521350 MONTE ALEGRE DE GOIAS",0,0,6613,15.5240592532039,15.5240592554994,-3.85270942840113e-06,"5469","Low-Low"
"521370","5213707","Montes Claros de Goiás","GO",2900.397,"52","521370 MONTES CLAROS DE GOIAS",0,0,8972,15.5240592532039,15.5240592548958,-3.85270942847602e-06,"5470","Not significant"
"521375","5213756","Montividiu","GO",1869.581,"52","521375 MONTIVIDIU",0,0,12957,15.5240592532039,15.5240592543755,-3.85270942854059e-06,"5471","Not significant"
"521377","5213772","Montividiu do Norte","GO",1337.232,"52","521377 MONTIVIDIU DO NORTE",0,0,3770,15.5240592532039,15.5240592572304,-3.85270942818632e-06,"5472","Not significant"
"521380","5213806","Morrinhos","GO",2846.299,"52","521380 MORRINHOS",0,0,53640,15.5240592532039,15.5240592534869,-3.85270942865085e-06,"5473","Low-Low"
"521385","5213855","Morro Agudo de Goiás","GO",282.333,"52","521385 MORRO AGUDO DE GOIAS",0,0,2499,15.5240592532039,15.5240592592783,-3.8527094279322e-06,"5474","Not significant"
"521390","5213905","Mossâmedes","GO",684.882,"52","521390 MOSSAMEDES",0,0,4655,15.5240592532039,15.5240592564649,-3.85270942828132e-06,"5475","Low-Low"
"521400","5214002","Mozarlândia","GO",1738.516,"52","521400 MOZARLANDIA",0.371832913162142,0.0555555555555556,15109,15.5240592532039,15.5240592542086,0.094368587159482,"5476","Not significant"
"521405","5214051","Mundo Novo","GO",2141.534,"52","521405 MUNDO NOVO",0,0,6223,15.5240592532039,15.5240592556432,-3.85270942838327e-06,"5477","Low-Low"
"521410","5214101","Mutunópolis","GO",955.069,"52","521410 MUTUNOPOLIS",0,0,3562,15.5240592532039,15.5240592574655,-3.85270942815715e-06,"5478","Low-Low"
"521440","5214408","Nazário","GO",281.147,"52","521440 NAZARIO",0,0,8330,15.5240592532039,15.5240592550262,-3.85270942845984e-06,"5479","Low-Low"
"521450","5214507","Nerópolis","GO",204.713,"52","521450 NEROPOLIS",0.343501613313937,0.111111111111111,33706,15.5240592532039,15.5240592536543,0.087178008283566,"5480","Not significant"
"521460","5214606","Niquelândia","GO",9846.293,"52","521460 NIQUELANDIA",0,0,34466,15.5240592532039,15.5240592536443,-3.85270942863131e-06,"5481","Not significant"
"521470","5214705","Nova América","GO",209.432,"52","521470 NOVA AMERICA",0,0,2375,15.5240592532039,15.5240592595954,-3.85270942789285e-06,"5482","Not significant"
"521480","5214804","Nova Aurora","GO",307.335,"52","521480 NOVA AURORA",0,0,2130,15.5240592532039,15.5240592603306,-3.85270942780162e-06,"5483","Not significant"
"521483","5214838","Nova Crixás","GO",7308.681,"52","521483 NOVA CRIXAS",0,0,13095,15.5240592532039,15.5240592543631,-3.85270942854212e-06,"5484","Low-Low"
"521486","5214861","Nova Glória","GO",411.753,"52","521486 NOVA GLORIA",0.676022822530489,0.0555555555555556,8375,15.5240592532039,15.5240592550164,0.171573005899078,"5485","Not significant"
"521487","5214879","Nova Iguaçu de Goiás","GO",625.625,"52","521487 NOVA IGUACU DE GOIAS",0,0,3072,15.5240592532039,15.5240592581453,-3.8527094280728e-06,"5486","Not significant"
"521490","5214903","Nova Roma","GO",2136.725,"52","521490 NOVA ROMA",0,0,3053,15.5240592532039,15.524059258176,-3.85270942806898e-06,"5487","Low-Low"
"521500","5215009","Nova Veneza","GO",122.354,"52","521500 NOVA VENEZA",0.620247354645033,0.0555555555555556,9790,15.5240592532039,15.5240592547544,0.157417005173412,"5488","Not significant"
"521520","5215207","Novo Brasil","GO",649.349,"52","521520 NOVO BRASIL",0,0,3568,15.5240592532039,15.5240592574583,-3.85270942815804e-06,"5489","Not significant"
"521523","5215231","Novo Gama","GO",192.285,"52","521523 NOVO GAMA",0.328888750976815,0.333333333333334,107092,15.5240592532039,15.5240592533456,0.0834692148359632,"5490","Not significant"
"521525","5215256","Novo Planalto","GO",1254.491,"52","521525 NOVO PLANALTO",0,0,3723,15.5240592532039,15.5240592572812,-3.85270942818002e-06,"5491","Low-Low"
"521530","5215306","Orizona","GO",1971.265,"52","521530 ORIZONA",0.687997313081577,0.111111111111111,16890,15.5240592532039,15.5240592541026,0.174612171748504,"5492","Not significant"
"521540","5215405","Ouro Verde de Goiás","GO",208.804,"52","521540 OURO VERDE DE GOIAS",0,0,4108,15.5240592532039,15.5240592568991,-3.85270942822743e-06,"5493","Not significant"
"521550","5215504","Ouvidor","GO",411.318,"52","521550 OUVIDOR",0,0,7542,15.5240592532039,15.5240592552166,-3.85270942843621e-06,"5494","Not significant"
"521560","5215603","Padre Bernardo","GO",3142.615,"52","521560 PADRE BERNARDO",1.28267421015486,0.388888888888889,36692,15.5240592532039,15.5240592536176,0.325543161787271,"5495","Not significant"
"521565","5215652","Palestina de Goiás","GO",1318.047,"52","521565 PALESTINA DE GOIAS",0,0,3132,15.5240592532039,15.5240592580506,-3.85270942808455e-06,"5496","Not significant"
"521570","5215702","Palmeiras de Goiás","GO",1537.196,"52","521570 PALMEIRAS DE GOIAS",0.238047628569524,0.0555555555555556,33749,15.5240592532039,15.5240592536537,0.0604134334379102,"5497","Low-Low"
"521580","5215801","Palmelo","GO",59.809,"52","521580 PALMELO",0,0,2273,15.5240592532039,15.5240592598822,-3.85270942785726e-06,"5498","Not significant"
"521590","5215900","Palminópolis","GO",393.326,"52","521590 PALMINOPOLIS",0,0,3939,15.5240592532039,15.5240592570576,-3.85270942820776e-06,"5499","Not significant"
"521600","5216007","Panamá","GO",432.204,"52","521600 PANAMA",0,0,2449,15.5240592532039,15.5240592594023,-3.85270942791682e-06,"5500","Not significant"
"521630","5216304","Paranaiguara","GO",1153.415,"52","521630 PARANAIGUARA",0,0,7470,15.5240592532039,15.524059255236,-3.8527094284338e-06,"5501","Low-Low"
"521640","5216403","Paraúna","GO",3786.578,"52","521640 PARAUNA",0,0,10749,15.5240592532039,15.5240592546161,-3.85270942851073e-06,"5502","Not significant"
"521645","5216452","Perolândia","GO",1033.657,"52","521645 PEROLANDIA",0,0,3000,15.5240592532039,15.5240592582639,-3.85270942805808e-06,"5503","Not significant"
"521680","5216809","Petrolina de Goiás","GO",530.49,"52","521680 PETROLINA DE GOIAS",0,0,9577,15.5240592532039,15.5240592547889,-3.85270942848928e-06,"5504","Not significant"
"521690","5216908","Pilar de Goiás","GO",906.048,"52","521690 PILAR DE GOIAS",2.38640702558228,0.0555555555555556,2288,15.5240592532039,15.5240592598385,0.605674250308492,"5505","High-Low"
"521710","5217104","Piracanjuba","GO",2374.232,"52","521710 PIRACANJUBA",0.224267542207152,0.0555555555555556,25309,15.5240592532039,15.5240592538037,0.0569160013233415,"5506","Low-Low"
"521720","5217203","Piranhas","GO",2045.088,"52","521720 PIRANHAS",0.504042420210085,0.0555555555555556,11913,15.5240592532039,15.5240592544781,0.127923803257651,"5507","Low-Low"
"521730","5217302","Pirenópolis","GO",2200.369,"52","521730 PIRENOPOLIS",0.695241821236364,0.166666666666667,27757,15.5240592532039,15.5240592537508,0.17645085220621,"5508","Low-Low"
"521740","5217401","Pires do Rio","GO",1077.641,"52","521740 PIRES DO RIO",0.534619359384133,0.166666666666667,33494,15.5240592532039,15.5240592536571,0.135684332927678,"5509","Low-Low"
"521760","5217609","Planaltina","GO",2558.924,"52","521760 PLANALTINA",0.317273735750791,0.277777777777778,110619,15.5240592532039,15.5240592533411,0.08052128503411,"5510","Not significant"
"521770","5217708","Pontalina","GO",1434.289,"52","521770 PONTALINA",0.312513672473171,0.0555555555555555,18685,15.5240592532039,15.5240592540163,0.0793131650151663,"5511","Low-Low"
"521800","5218003","Porangatu","GO",4825.287,"52","521800 PORANGATU",0.245669570095273,0.111111111111111,45400,15.5240592532039,15.5240592535382,0.0623479077487102,"5512","Low-Low"
"521805","5218052","Porteirão","GO",606.262,"52","521805 PORTEIRAO",0,0,4225,15.5240592532039,15.5240592567968,-3.85270942824013e-06,"5513","Not significant"
"521810","5218102","Portelândia","GO",553.411,"52","521810 PORTELANDIA",0,0,3234,15.5240592532039,15.5240592578977,-3.85270942810351e-06,"5514","Not significant"
"521830","5218300","Posse","GO",2076.99,"52","521830 POSSE",0.325067962257194,0.111111111111111,36060,15.5240592532039,15.5240592536249,0.0824994858495921,"5515","Not significant"
"521839","5218391","Professor Jamil","GO",356.292,"52","521839 PROFESSOR JAMIL",0,0,3732,15.5240592532039,15.5240592572714,-3.85270942818124e-06,"5516","Not significant"
"521850","5218508","Quirinópolis","GO",3786.026,"52","521850 QUIRINOPOLIS",0.109923932638614,0.0555555555555555,49986,15.5240592532039,15.5240592535076,0.0278952098966898,"5517","Low-Low"
"521860","5218607","Rialma","GO",268.291,"52","521860 RIALMA",0,0,12551,15.5240592532039,15.5240592544133,-3.85270942853589e-06,"5518","Not significant"
"521870","5218706","Rianápolis","GO",157.379,"52","521870 RIANAPOLIS",0,0,3938,15.5240592532039,15.5240592570586,-3.85270942820764e-06,"5519","Not significant"
"521878","5218789","Rio Quente","GO",244.655,"52","521878 RIO QUENTE",0,0,3994,15.5240592532039,15.5240592570046,-3.85270942821435e-06,"5520","Not significant"
"521880","5218805","Rio Verde","GO",8374.255,"52","521880 RIO VERDE",0.0233402186978492,0.0555555555555556,238025,15.5240592532039,15.5240592532677,0.00591997304048887,"5521","Low-Low"
"521890","5218904","Rubiataba","GO",750.659,"52","521890 RUBIATABA",0,0,20132,15.5240592532039,15.5240592539579,-3.8527094285924e-06,"5522","Not significant"
"521900","5219001","Sanclerlândia","GO",509.402,"52","521900 SANCLERLANDIA",0,0,8063,15.5240592532039,15.5240592550866,-3.85270942845235e-06,"5523","Not significant"
"521910","5219100","Santa Bárbara de Goiás","GO",140.957,"52","521910 SANTA BARBARA DE GOIAS",0,0,6280,15.5240592532039,15.5240592556211,-3.85270942838602e-06,"5524","Low-Low"
"521920","5219209","Santa Cruz de Goiás","GO",1109.007,"52","521920 SANTA CRUZ DE GOIAS",0,0,3016,15.5240592532039,15.524059258237,-3.85270942806141e-06,"5525","Not significant"
"521925","5219258","Santa Fé de Goiás","GO",1164.186,"52","521925 SANTA FE DE GOIAS",0,0,5036,15.5240592532039,15.5240592562182,-3.85270942831193e-06,"5526","Not significant"
"521930","5219308","Santa Helena de Goiás","GO",1142.337,"52","521930 SANTA HELENA DE GOIAS",0.433833216639368,0.166666666666667,39481,15.5240592532039,15.5240592535884,0.110104472029967,"5527","Low-Low"
"521935","5219357","Santa Isabel","GO",812.756,"52","521935 SANTA ISABEL",1.45623998835008,0.0555555555555555,3556,15.5240592532039,15.5240592574727,0.369594738098738,"5528","Not significant"
"521940","5219407","Santa Rita do Araguaia","GO",1357.197,"52","521940 SANTA RITA DO ARAGUAIA",0,0,5842,15.5240592532039,15.5240592558023,-3.85270942836353e-06,"5529","Not significant"
"521945","5219456","Santa Rita do Novo Destino","GO",970.448,"52","521945 SANTA RITA DO NOVO DESTINO",0,0,2648,15.5240592532039,15.5240592589365,-3.85270942797462e-06,"5530","Low-Low"
"521950","5219506","Santa Rosa de Goiás","GO",166.44,"52","521950 SANTA ROSA DE GOIAS",1.97706603400553,0.0555555555555555,2837,15.5240592532039,15.5240592585546,0.501782134437911,"5531","Not significant"
"521960","5219605","Santa Tereza de Goiás","GO",789.544,"52","521960 SANTA TEREZA DE GOIAS",0,0,3225,15.5240592532039,15.5240592579108,-3.85270942810189e-06,"5532","Low-Low"
"521970","5219704","Santa Terezinha de Goiás","GO",1206.6,"52","521970 SANTA TEREZINHA DE GOIAS",0,0,10818,15.5240592532039,15.5240592546071,-3.85270942851184e-06,"5533","Not significant"
"521971","5219712","Santo Antônio da Barra","GO",450.336,"52","521971 SANTO ANTONIO DA BARRA",0,0,4293,15.5240592532039,15.5240592567399,-3.85270942824719e-06,"5534","Not significant"
"521973","5219738","Santo Antônio de Goiás","GO",135.022,"52","521973 SANTO ANTONIO DE GOIAS",0.752173782230644,0.0555555555555554,7873,15.5240592532039,15.524059255132,0.190900374753265,"5535","Not significant"
"521975","5219753","Santo Antônio do Descoberto","GO",943.948,"52","521975 SANTO ANTONIO DO DESCOBERTO",0.0783024038837994,0.0555555555555557,74614,15.5240592532039,15.5240592534073,0.0198695598926543,"5536","Not significant"
"521980","5219803","São Domingos","GO",3335.999,"52","521980 SAO DOMINGOS",0,0,9581,15.5240592532039,15.5240592547883,-3.85270942848936e-06,"5537","Not significant"
"521990","5219902","São Francisco de Goiás","GO",416.535,"52","521990 SAO FRANCISCO DE GOIAS",0,0,6491,15.5240592532039,15.5240592555425,-3.85270942839577e-06,"5538","Not significant"
"522000","5220009","São João d'Aliança","GO",3334.455,"52","522000 SAO JOAO D'ALIANCA",0.541635522624116,0.0555555555555555,14757,15.5240592532039,15.5240592542325,0.137465058675996,"5539","Not significant"
"522005","5220058","São João da Paraúna","GO",286.979,"52","522005 SAO JOAO DA PARAUNA",3.38960070503694,0.0555555555555555,1807,15.5240592532039,15.5240592616045,0.860288169099915,"5540","Not significant"
"522010","5220108","São Luís de Montes Belos","GO",829.62,"52","522010 SAO LUIS DE MONTES BELOS",0.162647643398295,0.0555555555555556,35031,15.5240592532039,15.5240592536372,0.0412766644351491,"5541","Not significant"
"522015","5220157","São Luiz do Norte","GO",583.832,"52","522015 SAO LUIZ DO NORTE",0,0,4926,15.5240592532039,15.5240592562855,-3.85270942830358e-06,"5542","Not significant"
"522020","5220207","São Miguel do Araguaia","GO",6150.179,"52","522020 SAO MIGUEL DO ARAGUAIA",0,0,22079,15.5240592532039,15.5240592538914,-3.85270942860065e-06,"5543","Low-Low"
"522026","5220264","São Miguel do Passa Quatro","GO",537.347,"52","522026 SAO MIGUEL DO PASSA QUATRO",0,0,4621,15.5240592532039,15.5240592564889,-3.85270942827834e-06,"5544","Not significant"
"522028","5220280","São Patrício","GO",172.763,"52","522028 SAO PATRICIO",2.59241976460828,0.0555555555555555,2190,15.5240592532039,15.5240592601354,0.657960974081161,"5545","High-Low"
"522040","5220405","São Simão","GO",415.015,"52","522040 SAO SIMAO",0,0,17194,15.5240592532039,15.5240592540868,-3.85270942857641e-06,"5546","Low-Low"
"522045","5220454","Senador Canedo","GO",247.005,"52","522045 SENADOR CANEDO",0.156219332605734,0.166666666666667,169849,15.5240592532039,15.5240592532933,0.0396451376065573,"5547","Not significant"
"522050","5220504","Serranópolis","GO",5521.774,"52","522050 SERRANOPOLIS",0,0,8201,15.5240592532039,15.5240592550549,-3.85270942845628e-06,"5548","Not significant"
"522060","5220603","Silvânia","GO",2349.924,"52","522060 SILVANIA",0.272906398563421,0.0555555555555555,22939,15.5240592532039,15.5240592538656,0.0692607061203089,"5549","Not significant"
"522068","5220686","Simolândia","GO",346.811,"52","522068 SIMOLANDIA",0,0,5693,15.5240592532039,15.5240592558703,-3.8527094283551e-06,"5550","Not significant"
"522070","5220702","Sítio d'Abadia","GO",1611.851,"52","522070 SITIO D'ABADIA",0,0,2973,15.5240592532039,15.5240592583098,-3.85270942805238e-06,"5551","Low-Low"
"522100","5221007","Taquaral de Goiás","GO",205.665,"52","522100 TAQUARAL DE GOIAS",3.13366993055947,0.111111111111111,4146,15.5240592532039,15.5240592568652,0.795332080708803,"5552","Not significant"
"522108","5221080","Teresina de Goiás","GO",784.793,"52","522108 TERESINA DE GOIAS",0,0,2685,15.5240592532039,15.5240592588575,-3.85270942798442e-06,"5553","Not significant"
"522119","5221197","Terezópolis de Goiás","GO",107.407,"52","522119 TEREZOPOLIS DE GOIAS",0,0,8243,15.5240592532039,15.5240592550454,-3.85270942845745e-06,"5554","Not significant"
"522130","5221304","Três Ranchos","GO",284.034,"52","522130 TRES RANCHOS",0,0,2970,15.5240592532039,15.524059258315,-3.85270942805174e-06,"5555","Not significant"
"522140","5221403","Trindade","GO",712.69,"52","522140 TRINDADE",0.0957846559336433,0.111111111111111,150858,15.5240592532039,15.5240592533045,0.024306614069459,"5556","Not significant"
"522145","5221452","Trombas","GO",802.905,"52","522145 TROMBAS",0,0,3106,15.5240592532039,15.5240592580912,-3.85270942807951e-06,"5557","Low-Low"
"522150","5221502","Turvânia","GO",482.317,"52","522150 TURVANIA",0,0,4478,15.5240592532039,15.5240592565938,-3.85270942826532e-06,"5558","Low-Low"
"522155","5221551","Turvelândia","GO",935.659,"52","522155 TURVELANDIA",0,0,5130,15.5240592532039,15.5240592561629,-3.85270942831878e-06,"5559","Not significant"
"522157","5221577","Uirapuru","GO",1154.305,"52","522157 UIRAPURU",0,0,2809,15.5240592532039,15.5240592586079,-3.85270942801539e-06,"5560","Low-Low"
"522160","5221601","Uruaçu","GO",2142.484,"52","522160 URUACU",0,0,44150,15.5240592532039,15.5240592535477,-3.8527094286433e-06,"5561","Not significant"
"522170","5221700","Uruana","GO",522.904,"52","522170 URUANA",0,0,13871,15.5240592532039,15.5240592542983,-3.85270942855017e-06,"5562","Low-Low"
"522180","5221809","Urutaí","GO",623.821,"52","522180 URUTAI",0,0,3667,15.5240592532039,15.5240592573435,-3.85270942817229e-06,"5563","Not significant"
"522185","5221858","Valparaíso de Goiás","GO",61.488,"52","522185 VALPARAISO DE GOIAS",0.274734895173595,0.444444444444445,213506,15.5240592532039,15.524059253275,0.0697247846910353,"5564","Not significant"
"522190","5221908","Varjão","GO",517.402,"52","522190 VARJAO",0,0,3768,15.5240592532039,15.5240592572325,-3.85270942818606e-06,"5565","Not significant"
"522200","5222005","Vianópolis","GO",954.115,"52","522200 VIANOPOLIS",0,0,15476,15.5240592532039,15.5240592541848,-3.85270942856425e-06,"5566","Not significant"
"522205","5222054","Vicentinópolis","GO",733.794,"52","522205 VICENTINOPOLIS",0,0,9077,15.5240592532039,15.5240592548762,-3.85270942847845e-06,"5567","Not significant"
"522220","5222203","Vila Boa","GO",1052.593,"52","522220 VILA BOA",0,0,4185,15.5240592532039,15.5240592568311,-3.85270942823587e-06,"5568","Not significant"
"522230","5222302","Vila Propício","GO",2181.593,"52","522230 VILA PROPICIO",0,0,5982,15.5240592532039,15.5240592557415,-3.85270942837108e-06,"5569","Not significant"
"530010","5300108","Brasília","DF",5760.784,"53","530010 BRASILIA",0.710254634635301,19.7777777777778,2982818,15.5240592532039,15.524059253209,0.180261154578037,"5570","Not significant"
