"","code","Municipio","2007","2008","2009","2010","2011","2012","2013","2014","2015","2016","2017","2018","2019","2020","2021","2022","2023","2024"
"1","110001","110001 ALTA FLORESTA D'OESTE",29380,24577,24354,24392,24228,24069,25728,25652,25578,25506,25437,23167,22945,22728,22516,21558,21494,22853
"2","110002","110002 ARIQUEMES",88803,84581,85542,90353,91570,92747,101269,102860,104401,105896,107345,106168,107863,109523,111148,100896,96833,108573
"3","110003","110003 CABIXI",7413,6777,6691,6313,6221,6132,6495,6424,6355,6289,6224,5438,5312,5188,5067,5107,5351,5690
"4","110004","110004 CACOAL",76855,78263,78675,78574,78959,79330,85863,86556,87226,87877,88507,84813,85359,85893,86416,92202,86887,97637
"5","110005","110005 CEREJEIRAS",17066,16784,16627,17029,16939,16852,18041,18013,17986,17959,17934,16444,16323,16204,16088,15237,15890,16975
"6","110006","110006 COLORADO DO OESTE",17808,18216,17826,18591,18338,18093,19190,19001,18817,18639,18467,16227,15882,15544,15213,15747,15663,16588
"7","110007","110007 CORUMBIARA",9259,9761,9682,8783,8655,8530,9036,8938,8842,8749,8659,7567,7391,7220,7052,7503,7519,8001
"8","110008","110008 COSTA MARQUES",12119,13973,14451,13678,14023,14355,15853,16258,16651,17031,17400,17855,18331,18798,19255,12633,12627,13522
"9","110009","110009 ESPIGAO D'OESTE",27836,28617,28889,28729,28963,29189,31699,32047,32385,32712,33030,32047,32374,32695,33009,29722,29414,32717
"10","110010","110010 GUAJARA-MIRIM",42693,40541,40760,41656,41934,42202,45761,46203,46632,47048,47451,45783,46174,46556,46930,39396,39387,43553
"11","110011","110011 JARU",56641,53955,53946,52005,51883,51765,55597,55669,55738,55806,55871,51933,51775,51620,51469,52090,50591,55583
"12","110012","110012 JI-PARANA",114462,110707,111004,116610,117363,118092,128026,129242,130419,131560,132667,127907,128969,130009,131026,136825,124333,139359
"13","110013","110013 MACHADINHO D'OESTE",30767,32214,33162,31135,31780,32403,35633,36412,37167,37899,38609,39097,39991,40867,41724,30626,30707,34063
"14","110014","110014 NOVA BRASILANDIA D'OESTE",18149,17653,17691,19874,19883,19891,21427,21511,21592,21670,21747,20459,20474,20489,20504,17355,15679,16504
"15","110015","110015 OURO PRETO DO OESTE",40712,37142,36725,37928,37702,37482,40099,40010,39924,39840,39759,36340,36035,35737,35445,36753,35044,38681
"16","110018","110018 PIMENTA BUENO",31368,33803,33982,33822,33981,34135,36939,37230,37512,37786,38051,36434,36660,36881,37098,37464,35079,39053
"17","110020","110020 PORTO VELHO",387964,379186,383425,428527,435732,442701,484992,494013,502748,511219,519436,519531,529544,539354,548952,461748,460434,514873
"18","110025","110025 PRESIDENTE MEDICI",25151,22896,22519,22319,22009,21709,23017,22783,22557,22337,22124,19409,18986,18571,18165,19316,19327,20518
"19","110026","110026 RIO CRESPO",3702,3260,3290,3316,3346,3374,3666,3709,3750,3790,3829,3723,3764,3804,3843,3476,3471,3753
"20","110028","110028 ROLIM DE MOURA",50285,50249,50497,50648,50899,51142,55357,55807,56242,56664,57074,54702,55058,55407,55748,57180,56406,62559
"21","110029","110029 SANTA LUZIA D'OESTE",10986,9566,9349,8886,8678,8476,8887,8706,8532,8362,8198,6781,6495,6216,5942,7394,7419,7877
"22","110030","110030 VILHENA",67650,68405,69866,76202,77937,79616,87727,89797,91801,93745,95630,97448,99854,102211,104517,95599,95832,108528
"23","110032","110032 SAO MIGUEL DO GUAPORE",32304,23283,23200,21828,21879,21927,23668,23803,23933,24059,24181,22931,23005,23077,23147,21612,20746,22267
"24","110033","110033 NOVA MAMORE",21185,21650,22341,22546,23143,23719,26227,26925,27600,28255,28891,29757,30583,31392,32184,25452,25444,28496
"25","110034","110034 ALVORADA D'OESTE",19496,17009,16708,16853,16625,16404,17399,17228,17063,16902,16747,14722,14411,14106,13807,13092,13117,13837
"26","110037","110037 ALTO ALEGRE DOS PARECIS",15868,11962,11875,12816,12825,12833,13827,13884,13940,13993,14045,13227,13241,13255,13268,13023,11479,12263
"27","110040","110040 ALTO PARAISO",17022,17169,17570,17135,17444,17742,19459,19841,20210,20569,20916,20999,21428,21847,22258,17140,16320,17463
"28","110045","110045 BURITIS",45293,33879,34693,32383,32899,33397,36555,37207,37838,38450,39044,38937,39654,40356,41043,28178,27992,30729
"29","110050","110050 NOVO HORIZONTE DO OESTE",13015,9966,9719,10240,10084,9933,10515,10393,10276,10161,10051,8751,8538,8329,8125,7653,7667,8056
"30","110060","110060 CACAULANDIA",5479,5707,5732,5736,5764,5791,6268,6318,6367,6414,6460,6190,6230,6269,6307,4157,4150,4345
"31","110070","110070 CAMPO NOVO DE RONDONIA",19700,12790,12912,12665,12758,12847,13939,14081,14220,14354,14484,14009,14139,14266,14391,8840,8844,9225
"32","110080","110080 CANDEIAS DO JAMARI",17987,17147,17547,19779,20292,20787,22973,23573,24155,24719,25266,25983,26693,27388,28068,22564,22310,24163
"33","110090","110090 CASTANHEIRAS",4079,3737,3684,3575,3527,3479,3689,3653,3617,3583,3550,3119,3052,2987,2923,3269,3233,3456
"34","110092","110092 CHUPINGUAIA",6817,7633,7841,8301,8515,8721,9636,9887,10129,10364,10593,10886,11182,11472,11755,9351,9324,10129
"35","110094","110094 CUJUBIM",9648,14122,14887,15854,16570,17262,19410,20204,20974,21720,22443,24226,25215,26183,27131,14338,14863,15883
"36","110100","110100 GOVERNADOR JORGE TEIXEIRA",19565,11793,11591,10512,10272,10040,10534,10327,10127,9933,9745,8095,7767,7445,7130,8012,8001,8420
"37","110110","110110 ITAPUA DO OESTE",8981,8110,8230,8566,8700,8830,9661,9831,9995,10155,10310,10272,10458,10641,10819,9465,8548,9209
"38","110120","110120 MINISTRO ANDREAZZA",11206,10653,10572,10352,10277,10203,10899,10860,10823,10786,10751,9762,9660,9559,9461,6440,6466,6657
"39","110130","110130 MIRANTE DA SERRA",14303,12446,12360,11878,11781,11686,12469,12414,12360,12308,12258,11080,10947,10818,10691,9200,9235,9740
"40","110140","110140 MONTE NEGRO",17520,12710,12705,14091,14204,14313,15541,15710,15873,16032,16186,15695,15852,16007,16158,11966,11548,12241
"41","110143","110143 NOVA UNIAO",9724,7978,7946,7493,7437,7382,7883,7853,7824,7796,7769,7047,6970,6895,6822,6194,6200,6577
"42","110145","110145 PARECIS",3140,4696,4808,4810,4902,4990,5477,5589,5697,5802,5904,5947,6074,6198,6319,3953,4125,4390
"43","110146","110146 PIMENTEIRAS DO OESTE",2651,2427,2411,2315,2299,2283,2440,2432,2424,2417,2410,2191,2169,2148,2127,2180,2156,2311
"44","110147","110147 PRIMAVERA DE RONDONIA",4405,3819,3766,3524,3464,3406,3597,3548,3501,3456,3411,2939,2856,2776,2697,3071,3076,3279
"45","110148","110148 SAO FELIPE D'OESTE",7303,6477,6411,6018,5939,5862,6219,6160,6103,6048,5994,5280,5172,5066,4962,5259,5258,5605
"46","110149","110149 SAO FRANCISCO DO GUAPORE",18446,16091,16486,16035,16341,16636,18265,18640,19002,19353,19694,19842,20266,20681,21088,16302,16286,17511
"47","110150","110150 SERINGUEIRAS",16909,12088,12122,11629,11624,11619,12505,12543,12581,12617,12653,11860,11856,11851,11846,11183,12060,12954
"48","110155","110155 TEIXEIROPOLIS",5933,5070,5013,4888,4832,4778,5080,5041,5003,4966,4931,4384,4308,4233,4160,4284,4256,4536
"49","110160","110160 THEOBROMA",14809,10254,10153,10649,10612,10575,11343,11345,11347,11348,11350,10494,10444,10395,10348,9253,8113,8540
"50","110170","110170 URUPA",18201,13785,13660,12974,12828,12687,13491,13391,13293,13198,13106,11665,11467,11272,11081,10828,10725,11377
"51","110175","110175 VALE DO ANARI",11450,8981,9103,9384,9511,9633,10518,10682,10843,10999,11149,11028,11204,11377,11545,7806,7788,8265
"52","110180","110180 VALE DO PARAISO",10519,9008,8912,8210,8084,7961,8425,8327,8231,8138,8047,6998,6825,6656,6490,6487,6479,6843
"53","120001","120001 ACRELANDIA",12118,11987,12243,12538,12779,13011,13353,13613,13869,14120,14366,15020,15256,15490,15721,12707,14021,14657
"54","120005","120005 ASSIS BRASIL",5248,5559,5666,6072,6192,6308,6480,6610,6738,6863,6986,7300,7417,7534,7649,8157,8100,8573
"55","120010","120010 BRASILEIA",18386,19829,20236,21398,21837,22261,22899,23378,23849,24311,24765,25848,26278,26702,27123,25786,26000,27841
"56","120013","120013 BUJARI",9082,6745,6774,8471,8629,8782,9003,9173,9339,9503,9664,10111,10266,10420,10572,11962,12917,13766
"57","120017","120017 CAPIXABA",7739,8897,9289,8798,9088,9368,9836,10170,10498,10820,11136,11456,11733,12008,12280,9737,10392,10922
"58","120020","120020 CRUZEIRO DO SUL",89095,76392,77000,78507,79174,79819,80377,80953,81519,82075,82622,87673,88376,89072,89760,94345,91888,98382
"59","120025","120025 EPITACIOLANDIA",14600,13960,14221,15100,15394,15679,16099,16417,16731,17038,17340,18122,18411,18696,18979,18697,18757,19739
"60","120030","120030 FEIJO",40480,32210,32263,32412,32487,32560,32411,32398,32385,32372,32360,34675,34780,34884,34986,35035,35426,37644
"61","120032","120032 JORDAO",4694,6333,6539,6577,6740,6898,7147,7330,7509,7685,7858,8159,8317,8473,8628,11105,9222,9787
"62","120033","120033 MANCIO LIMA",13480,14387,14778,15206,15554,15890,16410,16795,17173,17545,17910,18638,18977,19311,19643,19172,19294,20329
"63","120034","120034 MANOEL URBANO",8052,7405,7511,7981,8105,8224,8386,8514,8641,8765,8886,9336,9459,9581,9701,12246,11996,12776
"64","120035","120035 MARECHAL THAUMATURGO",8508,13728,14272,14227,14683,15123,15857,16380,16895,17401,17897,18430,18867,19299,19727,16825,17093,17951
"65","120038","120038 PLACIDO DE CASTRO",17334,17921,18235,17209,17401,17587,17795,17979,18159,18336,18510,19565,19761,19955,20147,16313,16560,17127
"66","120039","120039 PORTO WALTER",4742,8562,8858,9176,9448,9711,10143,10453,10759,11059,11353,11720,11982,12241,12497,10706,10735,11275
"67","120040","120040 RIO BRANCO",322449,301398,305951,336038,342299,348354,357194,363928,370550,377057,383443,401155,407319,413418,419452,364368,364756,387852
"68","120042","120042 RODRIGUES ALVES",10180,13020,13461,14389,14832,15260,15968,16475,16974,17464,17945,18504,18930,19351,19767,16072,14938,15537
"69","120043","120043 SANTA ROSA DO PURUS",3771,4165,4361,4691,4879,5061,5374,5593,5809,6021,6230,6362,6540,6717,6893,7672,6723,7143
"70","120045","120045 SENADOR GUIOMARD",21496,19506,19700,20179,20387,20588,20799,20992,21182,21369,21552,22810,23024,23236,23446,21658,21454,22352
"71","120050","120050 SENA MADUREIRA",34235,35544,36168,38029,38709,39366,40311,41036,41750,42451,43139,45177,45848,46511,47168,39746,41343,43916
"72","120060","120060 TARAUACA",31078,33368,33884,35590,36186,36763,37571,38201,38819,39427,40024,41976,42567,43151,43730,43072,43467,46517
"73","120070","120070 XAPURI",14092,14848,15078,16091,16370,16639,17021,17317,17608,17894,18174,19048,19323,19596,19866,18181,18243,19090
"74","120080","120080 PORTO ACRE",12588,14309,14681,14880,15213,15534,16029,16396,16757,17111,17459,18180,18504,18824,19141,16218,16693,17455
"75","130002","130002 ALVARAES",15183,13445,13565,14088,14237,14381,15166,15357,15545,15729,15908,15860,16041,16220,16396,15916,15866,16670
"76","130006","130006 AMATURA",9428,8694,8829,9467,9633,9794,10436,10644,10847,11047,11242,11332,11536,11736,11934,10814,10819,11411
"77","130008","130008 ANAMA",7010,8483,8673,10214,10495,10766,11636,11981,12320,12653,12978,13269,13614,13956,14292,9927,9962,10318
"78","130010","130010 ANORI",13247,14386,14687,16317,16701,17072,18351,18826,19292,19749,20196,20538,21010,21477,21937,17052,17194,17932
"79","130014","130014 APUI",20589,18170,18597,18007,18326,18633,19860,20258,20648,21031,21406,21583,21973,22359,22739,21403,20647,21735
"80","130020","130020 ATALAIA DO NORTE",11752,14292,14715,15153,15545,15924,17174,17658,18133,18599,19054,19438,19921,20398,20868,15440,15314,15892
"81","130030","130030 AUTAZES",30331,31107,31771,32135,32733,33312,35554,36301,37033,37752,38454,38830,39565,40290,41005,41672,41564,45328
"82","130040","130040 BARCELOS",35078,25318,25410,25718,25835,25948,27110,27273,27433,27589,27743,27364,27502,27638,27772,18399,18834,18626
"83","130050","130050 BARREIRINHA",27762,27664,28159,27355,27722,28077,29737,30202,30658,31105,31542,31593,32041,32483,32919,30990,31051,33436
"84","130060","130060 BENJAMIN CONSTANT",27282,30476,31200,33411,34194,34950,37564,38533,39484,40417,41329,42020,42984,43935,44873,37436,37648,40509
"85","130063","130063 BERURI",14020,14374,14702,15486,15828,16158,17332,17755,18171,18579,18978,19258,19679,20093,20503,20807,20718,22136
"86","130068","130068 BOA VISTA DO RAMOS",12944,13677,13991,14979,15325,15659,16820,17248,17668,18080,18483,18781,19207,19626,20040,24018,23785,25769
"87","130070","130070 BOCA DO ACRE",28696,30858,31221,30632,30906,31171,32792,33148,33498,33840,34176,33976,34308,34635,34958,35964,35447,38246
"88","130080","130080 BORBA",38049,32160,32496,34961,35448,35919,38073,38688,39292,39885,40464,40565,41161,41748,42328,33209,33080,34879
"89","130083","130083 CAAPIRANGA",10432,10958,11173,10975,11142,11303,12004,12214,12420,12622,12820,12877,13081,13283,13482,13851,13469,14310
"90","130090","130090 CANUTAMA",9569,11844,11949,12738,13843,13986,14754,14944,15130,15312,15490,15450,15629,15807,15981,17362,16869,17885
"91","130100","130100 CARAUARI",26830,25950,26187,25774,25955,26130,27405,27645,27880,28111,28337,28076,28294,28508,28719,29176,28742,30892
"92","130110","130110 CAREIRO",24030,32190,32637,32734,33132,33517,35431,35938,36435,36922,37399,37384,37869,38348,38820,30819,30792,32442
"93","130115","130115 CAREIRO DA VARZEA",16528,24030,24700,23930,24442,24937,26722,27357,27981,28592,29190,29595,30225,30846,31459,19615,19637,19809
"94","130120","130120 COARI",90605,67055,66988,75965,76646,77305,81325,82209,83078,83929,84762,84272,85097,85910,86713,71130,70616,73820
"95","130130","130130 CODAJAS",20856,16418,16295,23206,23644,24067,25696,26242,26777,27303,27817,28100,28637,29168,29691,24071,23549,24451
"96","130140","130140 EIRUNEPE",30750,30473,30899,30665,31020,31364,33127,33580,34025,34461,34888,34840,35273,35700,36121,33173,33170,35534
"97","130150","130150 ENVIRA",13938,17148,17617,16338,16635,16923,18051,18422,18786,19143,19492,19668,20033,20393,20748,17034,17186,17920
"98","130160","130160 FONTE BOA",40681,19783,18796,22817,23011,23198,21859,21295,20742,20199,19669,18221,17609,17005,16409,27692,25871,27875
"99","130165","130165 GUAJARA",12394,14684,15029,13974,14189,14396,15291,15561,15826,16085,16339,16416,16678,16937,17193,13809,13815,14332
"100","130170","130170 HUMAITA",27837,40027,40737,44227,45105,45954,49137,50230,51302,52354,53383,54001,55080,56144,57195,59504,57473,62312
"101","130180","130180 IPIXUNA",18355,17850,18199,22254,22867,23460,25362,26118,26860,27587,28299,28933,29689,30436,31172,24387,24311,25458
"102","130185","130185 IRANDUBA",44311,33834,33885,40781,41374,41947,44503,45250,45984,46703,47407,47571,48296,49011,49718,59767,61163,67114
"103","130190","130190 ITACOATIARA",83146,87896,89438,86839,87970,89064,94278,95714,97122,98503,99854,99955,101337,102701,104046,103826,103598,112520
"104","130195","130195 ITAMARATI",7843,8300,8282,8038,8010,7983,8232,8205,8179,8153,8128,7888,7851,7814,7777,10783,10937,11730
"105","130200","130200 ITAPIRANGA",9114,9515,9733,8211,8281,8348,8774,8864,8953,9040,9125,9064,9148,9230,9312,10183,10162,10805
"106","130210","130210 JAPURA",13167,5025,4242,7326,7388,7448,6083,5599,5125,4660,4205,3265,2755,2251,1755,9281,8858,9397
"107","130220","130220 JURUA",7860,9032,9277,10802,11126,11439,12408,12807,13198,13581,13956,14312,14712,15106,15495,10501,10742,11152
"108","130230","130230 JUTAI",28795,17337,16789,17992,18145,18293,17376,16977,16585,16200,15824,14753,14317,13886,13462,25048,25172,27656
"109","130240","130240 LABREA",25567,38451,39391,37701,38373,39022,41600,42439,43263,44071,44861,45245,46069,46882,47685,47003,45448,48927
"110","130250","130250 MANACAPURU",86462,85279,86478,85141,86078,86985,91795,92996,94175,95330,96460,96236,97377,98502,99613,102736,101883,110691
"111","130255","130255 MANAQUIRI",14359,20095,20837,22801,23576,24325,26530,27480,28413,29327,30222,31147,32105,33049,33981,17333,17107,17009
"112","130260","130260 MANAUS",1731993,1709010,1738641,1802014,1832424,1861838,1982177,2020301,2057711,2094391,2130264,2145444,2182763,2219580,2255903,2054731,2063689,2279686
"113","130270","130270 MANICORE",38186,45996,46773,47017,47707,48373,51331,52200,53053,53890,54708,54907,55751,56583,57405,59225,53914,57758
"114","130280","130280 MARAA",21412,18051,18136,17528,17563,17596,18310,18367,18423,18477,18531,18186,18224,18261,18298,15706,15529,15843
"115","130290","130290 MAUES",47924,48808,49668,52236,53173,54079,57663,58834,59983,61110,62212,62755,63905,65040,66159,61167,61204,65714
"116","130300","130300 NHAMUNDA",17099,18198,18474,18278,18503,18720,19792,20078,20358,20633,20902,20899,21173,21443,21710,20249,20136,21106
"117","130310","130310 NOVA OLINDA DO NORTE",32634,30357,31014,30696,31232,31749,33829,34498,35156,35800,36431,36721,37378,38026,38665,27088,27062,28267
"118","130320","130320 NOVO AIRAO",6037,15343,15915,14723,15113,15489,16719,17199,17671,18133,18586,18974,19454,19928,20395,15819,15761,16467
"119","130330","130330 NOVO ARIPUANA",21656,18796,18953,21451,21784,22106,23486,23905,24315,24718,25112,25237,25644,26046,26443,24251,23818,24987
"120","130340","130340 PARINTINS",116093,105742,107249,102033,102946,103828,109225,110411,111575,112716,113832,113168,114273,115363,116439,96251,96372,101956
"121","130350","130350 PAUINI",17132,18938,19105,18166,18249,18329,19149,19265,19378,19488,19597,19329,19426,19522,19616,20351,19373,20232
"122","130353","130353 PRESIDENTE FIGUEIREDO",25913,25474,26284,27175,27926,28652,30978,31903,32812,33703,34574,35352,36279,37193,38095,30762,30668,33004
"123","130356","130356 RIO PRETO DA EVA",26733,26004,26847,25719,26344,26948,28999,29771,30530,31274,32001,32577,33347,34106,34856,24807,24936,25723
"124","130360","130360 SANTA ISABEL DO RIO NEGRO",6541,17780,18504,18146,18729,19292,20986,21702,22404,23092,23765,24436,25156,25865,26566,14305,14164,14176
"125","130370","130370 SANTO ANTONIO DO ICA",37308,30176,30347,24481,24689,24890,24327,24005,23688,23378,23075,21966,21602,21243,20889,28233,28211,30448
"126","130380","130380 SAO GABRIEL DA CACHOEIRA",35576,40806,41887,37896,38507,39097,41575,42342,43094,43831,44553,44816,45564,46303,47031,51921,51795,56406
"127","130390","130390 SAO PAULO DE OLIVENCA",30965,32067,32956,31422,32060,32677,34963,35757,36536,37300,38047,38515,39299,40073,40837,32727,32967,35196
"128","130395","130395 SAO SEBASTIAO DO UATUMA",9329,9079,9269,10705,10978,11241,12115,12451,12781,13105,13421,13685,14020,14352,14678,11697,11670,12247
"129","130400","130400 SILVES",9512,8479,8543,8444,8495,8544,8946,9014,9081,9147,9211,9110,9171,9230,9289,11572,11559,12404
"130","130406","130406 TABATINGA",46186,47051,47951,52272,53374,54440,58314,59684,61028,62346,63635,64488,65844,67182,68502,66837,66764,72283
"131","130410","130410 TAPAUA",16633,19966,19884,19077,18010,17903,18383,18266,18152,18039,17930,17299,17156,17015,16876,21914,19599,20501
"132","130420","130420 TEFE",73130,64703,64670,61453,61223,61000,62885,62662,62444,62230,62021,60154,59849,59547,59250,74142,73669,79278
"133","130423","130423 TONANTINS",20043,19858,20286,17079,17200,17316,18162,18322,18478,18632,18782,18610,18755,18897,19038,20180,19247,20224
"134","130426","130426 UARINI",14261,10130,10107,11891,12017,12139,12801,12963,13121,13276,13428,13387,13540,13690,13839,14597,14431,15278
"135","130430","130430 URUCARA",24195,16035,15781,17094,16996,16902,17367,17264,17163,17065,16968,16383,16256,16130,16007,18582,18631,19505
"136","130440","130440 URUCURITUBA",7790,17971,18539,17837,18265,18679,20091,20621,21140,21650,22148,22537,23065,23585,24098,24017,23945,25592
"137","140002","140002 AMAJARI",6374,7980,8251,9327,9637,9936,10432,10721,11006,11285,11560,12394,12796,13185,13561,16994,13927,15583
"138","140005","140005 ALTO ALEGRE",23606,14562,14204,16448,16337,16228,16428,16301,16176,16053,15933,15638,15510,15380,15249,23582,21096,23049
"139","140010","140010 BOA VISTA",257072,260930,266901,284313,290741,296959,308996,314900,320714,326419,332020,375374,399213,419652,436591,408157,413486,470169
"140","140015","140015 BONFIM",13810,10604,10726,10943,11068,11188,11525,11632,11739,11843,11945,12257,12409,12557,12701,16169,13923,15222
"141","140017","140017 CANTA",11171,11638,11943,13902,14312,14707,15393,15774,16149,16516,16877,17868,18335,18799,19257,18030,18682,20552
"142","140020","140020 CARACARAI",18981,18789,19237,18398,18714,19019,19696,19981,20261,20537,20807,21564,21926,22283,22635,20780,20957,22443
"143","140023","140023 CAROEBE",5930,7400,7572,8114,8300,8480,8826,8997,9165,9331,9493,9950,10169,10383,10595,10555,10656,11708
"144","140028","140028 IRACEMA",6518,6118,6249,8696,8997,9288,9762,10043,10320,10592,10859,11600,11950,12296,12637,11000,10023,10778
"145","140030","140030 MUCAJAI",11795,13017,13191,14792,15065,15328,15890,16137,16380,16618,16852,17528,17853,18172,18482,17058,18095,19619
"146","140040","140040 NORMANDIA",5048,7403,7531,8940,9156,9364,9754,9953,10148,10339,10527,11045,11290,11532,11772,15264,13986,15744
"147","140045","140045 PACARAIMA",8654,9019,9218,10433,10698,10953,11423,11667,11908,12144,12375,15580,17401,18913,20108,19317,19305,22104
"148","140047","140047 RORAINOPOLIS",27201,25714,26546,24279,24808,25319,26326,26811,27288,27756,28215,29533,30163,30782,31387,29932,32647,36747
"149","140050","140050 SAO JOAO DA BALIZA",5552,5945,6017,6769,6898,7023,7284,7401,7516,7629,7740,8052,8201,8348,8492,8011,8858,9727
"150","140060","140060 SAO LUIZ",6917,5922,5978,6750,6861,6968,7210,7309,7407,7503,7597,7860,7986,8110,8232,6192,7315,7777
"151","140070","140070 UIRAMUTA",6652,7742,7933,8375,8573,8764,9127,9309,9488,9664,9836,10325,10559,10789,11014,13764,13751,15571
"152","150010","150010 ABAETETUBA",135457,138005,139823,141100,142785,144415,147267,148873,150431,151934,153380,156292,157698,159080,160439,158042,158188,170999
"153","150013","150013 ABEL FIGUEIREDO",7310,6879,6971,6780,6844,6905,7013,7070,7126,7179,7231,7382,7434,7486,7536,6119,7030,6302
"154","150020","150020 ACARA",64840,48878,48497,53569,53680,53787,54030,54047,54064,54080,54096,55513,55591,55669,55744,63268,59023,62701
"155","150030","150030 AFUA",37586,32368,32629,35042,35467,35879,36598,37004,37398,37778,38144,38863,39218,39567,39910,38020,37765,40246
"156","150034","150034 AGUA AZUL DO NORTE",35050,30389,31218,25057,25286,25506,25899,26105,26305,26497,26682,27241,27430,27615,27797,16672,18080,17960
"157","150040","150040 ALENQUER",39386,55688,57064,52626,53004,53369,54035,54353,54662,54960,55246,56480,56789,57092,57390,86096,69377,74836
"158","150050","150050 ALMEIRIM",34398,31475,31197,33614,33588,33563,33562,33466,33372,33282,33195,34142,34109,34076,34044,38843,34280,36334
"159","150060","150060 ALTAMIRA",86888,96842,98751,99075,100736,102343,105106,106768,108382,109938,111435,113195,114594,115969,117320,135067,126279,136982
"160","150070","150070 ANAJAS",21756,26563,27385,24759,25254,25731,26547,27051,27540,28012,28466,28859,29277,29688,30091,34065,28011,30003
"161","150080","150080 ANANINDEUA",513885,495480,505514,471980,477999,483821,493976,499776,505404,510834,516057,525566,530598,535547,540410,515745,478778,507838
"162","150085","150085 ANAPU",5973,19410,20422,20543,21398,22225,23609,24525,25414,26271,27096,27161,27890,28607,29312,33566,31850,34947
"163","150090","150090 AUGUSTO CORREA",35294,38760,39319,40497,41072,41628,42591,43154,43700,44227,44734,45516,45998,46471,46937,43691,44573,47596
"164","150095","150095 AURORA DO PARA",25995,22092,22317,26546,27070,27576,28441,28974,29492,29991,30471,30896,31338,31773,32200,32772,23774,24321
"165","150100","150100 AVEIRO",19468,19839,20263,15849,15875,15899,15959,15956,15953,15950,15947,16371,16388,16404,16421,18343,18290,19223
"166","150110","150110 BAGRE",13592,19780,20386,23864,24644,25398,26666,27491,28292,29065,29808,30009,30673,31325,31967,35265,31892,34633
"167","150120","150120 BAIAO",22010,27652,28301,36882,38092,39263,41232,42513,43757,44956,46110,46416,47446,48459,49454,51844,51641,55949
"168","150125","150125 BANNACH",3279,3935,3950,3431,3405,3379,3340,3303,3267,3233,3200,3310,3286,3262,3239,3730,4031,4252
"169","150130","150130 BARCARENA",78007,89909,92569,99859,102668,105385,109975,112921,115779,118537,121190,122294,124680,127027,129333,126733,126650,137331
"170","150140","150140 BELEM",1450697,1424124,1437604,1393399,1402056,1410430,1425922,1432844,1439561,1446042,1452275,1485732,1492745,1499641,1506420,1367336,1303403,1398531
"171","150145","150145 BELTERRA",18123,12861,12672,16318,16451,16579,16808,16924,17036,17145,17249,17624,17732,17839,17944,18060,18099,18954
"172","150150","150150 BENEVIDES",47318,45616,46611,51651,52888,54083,56112,57393,58637,59836,60990,61689,62737,63768,64780,56152,63567,68191
"173","150157","150157 BOM JESUS DO TOCANTINS",14404,13559,13602,15298,15467,15629,15916,16074,16227,16375,16517,16841,16981,17118,17254,14511,18005,18958
"174","150160","150160 BONITO",10901,11817,12011,13630,13923,14207,14689,14990,15282,15563,15834,16038,16286,16530,16769,12892,12622,12998
"175","150170","150170 BRAGANCA",105257,105908,107061,113227,114720,116164,118678,120124,121528,122881,124184,126436,127686,128914,130122,121793,123082,131679
"176","150172","150172 BRASIL NOVO",22017,19531,19751,15690,15575,17960,15300,15139,14984,14834,14689,15190,15086,14983,14883,30214,24718,26606
"177","150175","150175 BREJO GRANDE DO ARAGUAIA",8362,7673,7687,7317,7306,7295,7285,7258,7232,7206,7182,7392,7380,7368,7357,6791,6783,6985
"178","150178","150178 BREU BRANCO",48336,50400,52201,52493,54032,55521,58033,59651,61222,62737,64194,64738,66046,67332,68597,40157,45712,47351
"179","150180","150180 BREVES",86982,99223,101096,92860,93835,94779,96444,97351,98231,99080,99896,101891,102701,103497,104280,114628,106968,115051
"180","150190","150190 BUJARU",26916,23429,23650,25695,26053,26400,27000,27349,27689,28016,28331,28832,29132,29427,29717,27049,24383,25112
"181","150195","150195 CACHOEIRA DO PIRIA",21560,18481,18780,26484,27332,28153,29533,30430,31300,32139,32947,33178,33900,34609,35307,26510,19630,19578
"182","150200","150200 CACHOEIRA DO ARARI",17943,19996,20408,20443,20801,21147,21740,22100,22449,22786,23110,23466,23767,24064,24355,22950,23981,25243
"183","150210","150210 CAMETA",108203,115377,117102,120896,122683,124411,127401,129161,130868,132515,134100,136390,137890,139364,140814,134734,134184,143837
"184","150215","150215 CANAA DOS CARAJAS",14315,26135,27673,26716,27929,29101,31062,32366,33632,34853,36027,36050,37085,38103,39103,75433,77079,86629
"185","150220","150220 CAPANEMA",62181,63799,64429,63639,64140,64624,65498,65932,66353,66759,67150,68616,69027,69431,69828,70321,70394,74808
"186","150230","150230 CAPITAO POCO",53439,52557,52799,51893,52057,52214,52537,52616,52693,52768,52839,54179,54303,54425,54545,56331,56506,59960
"187","150240","150240 CASTANHAL",162082,159110,161496,173149,176116,178986,183917,186895,189784,192571,195253,198294,200793,203251,205667,200003,192256,207603
"188","150250","150250 CHAVES",17310,20228,20506,21005,21286,21557,22029,22302,22566,22821,23066,23482,23717,23948,24175,20630,20757,21487
"189","150260","150260 COLARES",12585,11367,11429,11381,11439,11495,11600,11641,11682,11721,11759,12040,12085,12131,12175,11923,12868,13526
"190","150270","150270 CONCEICAO DO ARAGUAIA",44528,46916,47238,45557,45724,45885,46206,46302,46395,46485,46571,47734,47864,47991,48115,44765,44617,47099
"191","150275","150275 CONCORDIA DO PARA",25811,22148,22249,28216,28774,29313,30233,30801,31352,31884,32395,32847,33318,33781,34236,26869,26881,28287
"192","150276","150276 CUMARU DO NORTE",6247,11348,11892,10466,10811,11144,11704,12069,12423,12765,13093,13179,13473,13761,14044,12397,14036,14937
"193","150277","150277 CURIONOPOLIS",12918,18102,17944,18288,18197,18108,17983,17844,17709,17578,17453,18014,17929,17846,17764,19929,19950,20859
"194","150280","150280 CURRALINHO",24111,26864,27540,28549,29204,29838,30915,31591,32248,32881,33490,33893,34448,34994,35530,38060,33903,36451
"195","150285","150285 CURUA",10054,12644,12984,12254,12487,12712,13097,13333,13562,13783,13996,14197,14393,14587,14776,14126,14117,14834
"196","150290","150290 CURUCA",30971,35790,36747,34294,34919,35523,36557,37188,37800,38391,38959,39540,40066,40584,41093,44493,41262,44413
"197","150293","150293 DOM ELISEU",52429,39161,39086,51319,52224,53100,54602,55513,56398,57251,58071,58956,59719,60469,61206,58444,58484,62322
"198","150295","150295 ELDORADO DOS CARAJAS",45039,29308,29250,31786,31954,32115,32420,32544,32664,32780,32892,33674,33808,33940,34069,30264,28192,29425
"199","150300","150300 FARO",15798,18710,19582,8177,8035,7897,7680,7504,7333,7168,7009,7319,7194,7070,6949,8728,8728,9125
"200","150304","150304 FLORESTA DO ARAGUAIA",15504,15516,15628,17768,18036,18295,18741,19005,19261,19508,19746,20080,20304,20525,20742,17896,17898,18565
"201","150307","150307 GARRAFAO DO NORTE",27406,25436,25540,25034,25097,25157,25287,25307,25326,25345,25363,26020,26066,26111,26155,24716,24703,25552
"202","150309","150309 GOIANESIA DO PARA",32592,28583,29161,30436,31031,35299,36500,37249,37975,38677,39352,39857,40475,41081,41678,23806,26362,27059
"203","150310","150310 GURUPA",26613,25306,25517,29062,29520,29963,30727,31182,31623,32049,32458,32991,33376,33755,34127,31945,31786,33922
"204","150320","150320 IGARAPE-ACU",36734,35005,35236,35887,36155,36414,36883,37112,37333,37547,37753,38588,38807,39023,39234,35788,35797,37855
"205","150330","150330 IGARAPE-MIRI",61759,56639,57001,58077,58498,58904,59644,59998,60343,60675,60994,62355,62698,63036,63367,66369,64831,68955
"206","150340","150340 INHANGAPI",8545,10134,10375,10037,10218,10393,10693,10876,11053,11224,11388,11559,11711,11861,12009,10334,10325,10754
"207","150345","150345 IPIXUNA DO PARA",38621,42636,44396,51309,53318,51569,54609,56613,58558,60433,62237,62455,64053,65625,67170,29116,30329,30158
"208","150350","150350 IRITUIA",30018,30573,30555,31364,31429,31492,31634,31644,31654,31664,31673,32504,32550,32595,32639,30627,30955,32698
"209","150360","150360 ITAITUBA",96784,124865,127851,97493,97704,97908,98363,98405,98446,98485,98523,101097,101247,101395,101541,137170,123314,133684
"210","150370","150370 ITUPIRANGA",67580,42332,41540,51220,51341,51457,51711,51743,51775,51806,51835,53182,53269,53355,53439,53873,49754,52187
"211","150375","150375 JACAREACANGA",36298,39892,41483,14103,14223,41487,41487,NA,41487,41487,8059,8899,8239,7590,6952,24742,24042,26006
"212","150380","150380 JACUNDA",49551,54513,55901,51360,52191,52993,54376,55204,56006,56781,57526,58457,59155,59842,60517,36184,37707,38391
"213","150390","150390 JURUTI",37951,35155,35532,47086,48306,49486,51483,52755,53989,55179,56325,56908,57943,58960,59961,57837,50881,53952
"214","150400","150400 LIMOEIRO DO AJURU",22194,24483,24967,25021,25440,25846,26542,26961,27368,27760,28138,28583,28935,29282,29623,29617,29569,31778
"215","150405","150405 MAE DO RIO",22158,28762,29090,27904,28100,28290,28636,28800,28959,29112,29260,29917,30077,30235,30389,34566,34353,37048
"216","150410","150410 MAGALHAES BARATA",8004,7883,7892,8115,8148,8179,8240,8260,8279,8298,8316,8523,8548,8573,8598,8090,8115,8428
"217","150420","150420 MARABA",205756,199946,203048,233669,238708,243583,251885,257062,262085,266932,271594,275086,279349,283542,287664,271321,266533,288513
"218","150430","150430 MARACANA",29267,29269,29417,28376,28438,28498,28631,28643,28656,28668,28679,29429,29473,29516,29559,25929,25971,27207
"219","150440","150440 MARAPANIM",28659,27727,28004,26605,26750,26890,27153,27262,27368,27471,27569,28220,28336,28450,28563,30867,26573,28105
"220","150442","150442 MARITUBA",105425,98746,101159,108246,110842,113353,117614,120305,122916,125435,127858,129321,131521,133685,135812,123890,111785,118998
"221","150445","150445 MEDICILANDIA",22820,23487,23680,27328,27785,28227,28987,29444,29887,30315,30726,31213,31597,31975,32347,26438,27094,28633
"222","150450","150450 MELGACO",26615,17989,17655,24808,25096,25374,25860,26133,26397,26652,26897,27415,27654,27890,28121,26770,27881,29846
"223","150460","150460 MOCAJUBA",22283,24328,24696,26731,27207,27666,28454,28933,29398,29846,30277,30736,31136,31530,31917,27265,27198,28821
"224","150470","150470 MOJU",63626,67195,68601,70018,71329,72597,74768,76096,77385,78629,79825,80988,82094,83182,84251,81364,84094,90795
"225","150475",NA,NA,NA,NA,NA,NA,NA,15232,15341,15446,15548,15646,15982,16084,16184,16282,22845,23501,25312
"226","150480","150480 MONTE ALEGRE",70918,63543,63944,55462,55636,55804,56147,56231,56312,56391,56466,57900,58032,58162,58289,59890,60012,63641
"227","150490","150490 MUANA",28103,30117,30570,34204,34875,35524,36632,37314,37977,38616,39231,39783,40349,40906,41454,60117,45368,48955
"228","150495","150495 NOVA ESPERANCA DO PIRIA",29310,23599,24061,20158,20256,20350,20528,20596,20663,20727,20789,21291,21368,21444,21519,21132,20478,21259
"229","150497","150497 NOVA IPIXUNA",14722,14808,15098,14645,14859,15065,15422,15632,15836,16032,16221,16499,16678,16854,17027,13318,13955,14417
"230","150500","150500 NOVA TIMBOTEUA",13088,12568,12677,13670,13844,14012,14305,14472,14635,14791,14942,15218,15363,15506,15646,12737,12806,13204
"231","150503","150503 NOVO PROGRESSO",41407,21843,21504,25124,25138,25151,25203,25169,25135,25102,25071,25758,25762,25766,25769,33636,33638,36518
"232","150506","150506 NOVO REPARTIMENTO",53112,54506,55759,62050,63604,65106,67652,69267,70835,72347,73802,74602,75919,77214,78488,60438,60732,63754
"233","150510","150510 OBIDOS",50047,48287,48428,49333,49552,49763,50171,50317,50459,50596,50727,51964,52137,52306,52473,58121,52229,55271
"234","150520","150520 OEIRAS DO PARA",27047,26487,26797,28595,29005,29402,30088,30490,30880,31257,31619,32168,32512,32850,33182,33886,33844,36377
"235","150530","150530 ORIXIMINA",54853,57765,58684,62794,63905,64978,66821,67939,69024,70071,71078,72160,73096,74016,74921,76140,68294,72460
"236","150540","150540 OUREM",15788,15719,15842,16311,16458,16601,16854,16986,17114,17237,17356,17721,17842,17961,18079,17836,17855,18675
"237","150543","150543 OURILANDIA DO NORTE",20144,21171,21324,27359,27965,28551,29547,30171,30776,31359,31921,32319,32832,33335,33831,26570,32467,34905
"238","150548","150548 PACAJA",31524,40768,41955,39979,40831,41654,43057,43930,44778,45596,46383,46986,47706,48414,49110,43527,41097,43594
"239","150549","150549 PALESTINA DO PARA",9258,7329,7298,7475,7470,7465,7465,7444,7424,7404,7386,7596,7589,7582,7575,6872,6885,7086
"240","150550","150550 PARAGOMINAS",90755,95479,97350,97819,99460,101046,103775,105417,107010,108547,110026,111764,113145,114503,115838,104883,105550,112843
"241","150553","150553 PARAUAPEBAS",98794,145326,152779,153908,160229,166342,176582,183352,189921,196259,202356,202882,208273,213576,218787,271577,267836,298854
"242","150555","150555 PAU D'ARCO",9207,6583,6522,6033,5950,5869,5743,5637,5535,5436,5341,5557,5483,5410,5339,6772,6931,7296
"243","150560","150560 PEIXE-BOI",9282,7908,7916,7854,7862,7869,7889,7881,7874,7867,7860,8073,8077,8081,8084,8315,8285,8651
"244","150563","150563 PICARRA",14649,13106,13143,12697,12699,12701,12720,12697,12675,12653,12632,12983,12981,12979,12976,12794,12832,13341
"245","150565","150565 PLACAS",15950,19030,19590,23934,24744,25526,26842,27700,28533,29336,30109,30293,30982,31659,32325,18602,18668,18772
"246","150570","150570 PONTA DE PEDRAS",20562,25743,26450,25999,26560,27103,28025,28601,29160,29700,30219,30608,31082,31549,32007,24913,24984,25767
"247","150580","150580 PORTEL",45355,47967,48941,52172,53257,54306,56094,57205,58282,59322,60322,61126,62043,62945,63831,67288,62503,66898
"248","150590","150590 PORTO DE MOZ",30846,27689,28093,33956,34756,35529,36841,37669,38471,39246,39991,40458,41135,41801,42456,40709,40597,43673
"249","150600","150600 PRAINHA",30393,26866,26571,29349,29337,29325,29342,29270,29200,29132,29067,29886,29866,29846,29827,35655,35577,38318
"250","150610","150610 PRIMAVERA",11209,10883,10993,10268,10311,10352,10432,10458,10485,10510,10534,10792,10825,10857,10889,10700,10851,11332
"251","150611","150611 QUATIPURU",12384,13232,13460,12411,12527,12639,12838,12943,13044,13142,13237,13512,13608,13702,13794,11534,11524,11870
"252","150613","150613 REDENCAO",73415,66762,67063,75556,76501,77415,79010,79917,80797,81647,82464,83997,84787,85563,86326,91227,85597,91947
"253","150616","150616 RIO MARIA",9806,17457,17436,17697,17713,17728,17774,17755,17738,17721,17705,18186,18193,18201,18208,17965,18384,19129
"254","150618","150618 RONDON DO PARA",47287,47074,47776,46964,47509,48036,48959,49476,49977,50460,50925,51903,52357,52803,53242,35182,53143,56593
"255","150619","150619 RUROPOLIS",29080,35033,36068,40087,41272,42417,44349,45595,46804,47971,49093,49503,50510,51500,52473,41975,35769,37360
"256","150620","150620 SALINOPOLIS",42618,38681,39185,37421,37726,38021,38552,38819,39078,39328,39569,40424,40675,40922,41164,44451,44772,48168
"257","150630","150630 SALVATERRA",17867,17858,18126,20183,20572,20948,21592,21987,22370,22740,23096,23424,23752,24075,24392,24701,24129,25441
"258","150635","150635 SANTA BARBARA DO PARA",13605,14439,14741,17141,17584,18012,18736,19197,19645,20077,20492,20704,21079,21449,21811,21089,21087,22288
"259","150640","150640 SANTA CRUZ DO ARARI",5667,6190,6281,8155,8378,8593,8957,9191,9417,9635,9845,9939,10128,10314,10496,6820,7445,7654
"260","150650","150650 SANTA IZABEL DO PARA",51650,54464,55571,59466,60713,61919,63973,65251,66490,67686,68836,69746,70801,71837,72856,68963,73019,78317
"261","150655","150655 SANTA LUZIA DO PARA",19883,18523,18411,19424,19426,19428,19455,19418,19383,19348,19316,19852,19848,19843,19839,20341,20370,21217
"262","150658","150658 SANTA MARIA DAS BARREIRAS",14121,17156,17781,17206,17686,18150,18934,19437,19925,20396,20849,21042,21449,21850,22244,17639,16548,17079
"263","150660","150660 SANTA MARIA DO PARA",23318,23001,23201,23026,23194,23355,23649,23790,23927,24059,24186,24725,24861,24995,25127,24583,24624,25696
"264","150670","150670 SANTANA DO ARAGUAIA",44236,52856,55032,56153,58067,59919,63031,65062,67033,68934,70764,71187,72817,74419,75995,44526,32413,31683
"265","150680","150680 SANTAREM",278118,275571,276663,294580,297040,299419,288462,290521,292520,294447,296302,302667,304589,306480,308339,351220,331942,357311
"266","150690","150690 SANTAREM NOVO",6245,6267,6348,6141,6196,6248,6341,6390,6437,6482,6526,6664,6709,6753,6796,6116,6116,6348
"267","150700","150700 SANTO ANTONIO DO TAUA",22140,26222,26856,26674,27199,27707,28575,29110,29629,30129,30611,31038,31482,31918,32346,28282,27461,29134
"268","150710","150710 SAO CAETANO DE ODIVELAS",14454,16757,16864,16891,16991,17087,17266,17344,17420,17492,17563,17970,18050,18129,18207,15226,16666,17248
"269","150715","150715 SAO DOMINGOS DO ARAGUAIA",24874,21889,22063,23130,23370,23602,24012,24235,24451,24659,24859,25358,25557,25753,25945,20970,21092,21638
"270","150720","150720 SAO DOMINGOS DO CAPIM",32958,27897,27928,29846,30034,30215,30550,30701,30847,30987,31123,31837,31989,32139,32285,30144,30599,32449
"271","150730","150730 SAO FELIX DO XINGU",42896,64223,67208,91340,95694,99905,106940,111633,116186,120580,124806,124763,128481,132138,135732,81161,65418,65957
"272","150740","150740 SAO FRANCISCO DO PARA",16479,11986,11742,15060,15123,15184,15301,15341,15380,15418,15454,15833,15882,15930,15978,14912,14894,15418
"273","150745","150745 SAO GERALDO DO ARAGUAIA",27181,25291,25028,25587,25429,25277,25056,24828,24607,24394,24188,24991,24847,24705,24566,24243,24255,24978
"274","150746","150746 SAO JOAO DA PONTA",3895,4949,5045,5265,5360,5451,5608,5703,5795,5884,5970,6059,6139,6217,6294,4264,4430,4509
"275","150747","150747 SAO JOAO DE PIRABAS",18530,19691,19900,20647,20890,21125,21536,21767,21991,22207,22415,22842,23045,23244,23440,20593,20689,21447
"276","150750","150750 SAO JOAO DO ARAGUAIA",17956,11963,11928,13155,13225,13293,13419,13470,13521,13569,13616,13940,13996,14051,14105,13446,13664,14246
"277","150760","150760 SAO MIGUEL DO GUAMA",48541,44532,44820,51567,52350,53108,54417,55191,55942,56667,57364,58328,58986,59632,60268,52810,52894,55798
"278","150770","150770 SAO SEBASTIAO DA BOA VISTA",19994,21499,21872,22904,23307,23696,24363,24768,25161,25540,25904,26301,26640,26974,27302,31336,25643,27441
"279","150775","150775 SAPUCAIA",2596,5444,5610,5047,5144,5236,5395,5492,5587,5678,5766,5849,5930,6009,6088,5295,5847,6160
"280","150780","150780 SENADOR JOSE PORFIRIO",9462,14566,14434,13045,12840,12641,12331,12075,11827,11587,11357,11839,11658,11480,11305,22651,22576,24441
"281","150790","150790 SOURE",22065,22244,22458,23001,23235,23461,23861,24076,24286,24488,24682,25181,25374,25565,25752,24183,24204,25218
"282","150795","150795 TAILANDIA",56070,69581,72720,79297,82434,85468,90552,93906,97161,100300,103321,103664,106339,108969,111554,84206,72493,75526
"283","150796","150796 TERRA ALTA",10802,10372,10580,10262,10416,10565,10822,10973,11120,11262,11399,11591,11720,11847,11971,10404,10400,10815
"284","150797","150797 TERRA SANTA",17819,15885,16001,16949,17130,17305,17614,17783,17946,18105,18257,18619,18769,18917,19063,18804,18782,19667
"285","150800","150800 TOME-ACU",52268,48522,48605,56518,57228,57914,59112,59795,60456,61095,61709,62854,63447,64030,64604,76055,67585,72326
"286","150803","150803 TRACUATEUA",27745,27374,27823,27455,27817,28167,28775,29125,29465,29793,30108,30656,30959,31257,31549,28015,28595,30373
"287","150805","150805 TRAIRAO",18477,16860,17136,16875,17093,17303,17670,17880,18084,18280,18469,18807,18989,19168,19344,18924,15242,15619
"288","150808","150808 TUCUMA",20142,27491,27693,33690,34334,34956,36021,36674,37308,37920,38508,39059,39602,40136,40661,34812,39550,42480
"289","150810","150810 TUCURUI",89692,94015,96011,97128,98919,100651,103619,105431,107189,108885,110516,112148,113659,115144,116605,90232,91306,96238
"290","150812","150812 ULIANOPOLIS",29306,34485,36020,43341,45190,46979,49972,51956,53881,55739,57525,57632,59210,60761,62286,56562,37972,39576
"291","150815","150815 URUARA",62102,34875,33779,44789,44758,44727,44731,44607,44486,44370,44258,45517,45476,45435,45395,48511,43558,45939
"292","150820","150820 VIGIA",42524,45680,46204,47889,48482,49054,50055,50622,51173,51705,52216,53191,53686,54172,54650,49096,50832,53806
"293","150830","150830 VISEU",53990,55144,55508,56716,57148,57566,58323,58694,59054,59401,59735,61049,61403,61751,62093,58095,58692,61970
"294","150835","150835 VITORIA DO XINGU",10068,9809,9664,13431,13607,13777,14072,14242,14407,14566,14719,14987,15134,15279,15421,15104,15607,16414
"295","150840","150840 XINGUARA",28761,40067,40528,40573,40984,41382,42085,42465,42833,43188,43530,44410,44751,45086,45416,56127,52893,56999
"296","160005","160005 SERRA DO NAVIO",4480,3921,3980,4380,4464,4545,4761,4850,4938,5025,5111,5306,5397,5488,5577,4744,4673,4986
"297","160010","160010 AMAPA",7521,7745,7803,8069,8142,8213,8483,8553,8622,8690,8757,9029,9109,9187,9265,7944,7943,8434
"298","160015","160015 PEDRA BRANCA DO AMAPARI",6181,7800,8179,10772,11292,11794,12828,13411,13988,14560,15125,15931,16502,17067,17625,12365,12847,13798
"299","160020","160020 CALCOENE",8051,9060,9296,9000,9175,9343,9793,9979,10163,10345,10525,10926,11117,11306,11493,10613,10612,11391
"300","160021","160021 CUTIAS",4644,4528,4653,4696,4805,4910,5173,5291,5407,5523,5637,5864,5983,6101,6217,4388,4461,4725
"301","160023","160023 FERREIRA GOMES",4590,5301,5473,5802,5974,6141,6525,6714,6901,7087,7270,7591,7780,7967,8151,6689,6666,7145
"302","160025","160025 ITAUBAL",4235,3583,3643,4265,4371,4473,4722,4836,4949,5061,5172,5387,5503,5617,5730,5477,5599,6043
"303","160027","160027 LARANJAL DO JARI",38505,39285,40358,39942,40820,41668,43832,44777,45712,46639,47554,49446,50410,51362,52302,35038,35114,37969
"304","160030","160030 MACAPA",381215,359020,366486,398204,407023,415554,437256,446757,456171,465495,474706,493634,503327,512902,522357,478448,442933,487200
"305","160040","160040 MAZAGAO",14602,14418,14657,17032,17420,17794,18739,19157,19571,19981,20387,21206,21632,22053,22468,22105,21924,23575
"306","160050","160050 OIAPOQUE",17423,20226,20966,20509,21095,21661,22986,23628,24263,24892,25514,26627,27270,27906,28534,27778,27482,30481
"307","160053","160053 PORTO GRANDE",15975,14598,14953,16809,17252,17680,18708,19191,19669,20143,20611,21484,21971,22452,22927,17923,17848,18988
"308","160055","160055 PRACUUBA",3018,3533,3657,3793,3909,4021,4277,4404,4531,4655,4779,4993,5120,5246,5370,3803,3803,4042
"309","160060","160060 SANTANA",105097,95733,97219,101262,102861,104407,108897,110565,112218,113854,115471,119610,121364,123096,124808,114995,107618,118353
"310","160070","160070 TARTARUGALZINHO",9188,13160,13766,12563,12981,13385,14292,14754,15212,15665,16112,16855,17315,17769,18217,10511,12945,13785
"311","160080","160080 VITORIA DO JARI",11927,11253,11518,12428,12725,13013,13724,14045,14364,14680,14991,15605,15931,16254,16572,11447,11291,11922
"312","170025","170025 ABREULANDIA",2412,2310,2322,2391,2407,2422,2506,2523,2539,2555,2571,2564,2579,2594,2609,2463,2576,2668
"313","170030","170030 AGUIARNOPOLIS",3729,4120,4221,5162,5317,5467,5820,5987,6149,6307,6460,6572,6733,6892,7049,4787,4497,4537
"314","170035","170035 ALIANCA DO TOCANTINS",6537,5860,5812,5671,5633,5595,5686,5645,5605,5565,5527,5434,5390,5346,5303,4932,5147,5222
"315","170040","170040 ALMAS",9175,7692,7609,7586,7518,7452,7553,7480,7409,7340,7273,7131,7055,6979,6905,9044,6499,6542
"316","170070","170070 ALVORADA",8247,8200,8162,8374,8364,8354,8557,8546,8536,8526,8516,8427,8412,8396,8381,8821,8802,9094
"317","170100","170100 ANANAS",12400,9615,9510,9865,9816,9768,9952,9900,9848,9798,9749,9607,9549,9492,9435,10368,10325,10662
"318","170105","170105 ANGICO",2896,3264,3296,3175,3197,3219,3332,3355,3379,3401,3423,3417,3433,3454,3475,3062,2876,2918
"319","170110","170110 APARECIDA DO RIO NEGRO",3730,4140,4194,4213,4267,4319,4504,4561,4618,4672,4726,4741,4795,4848,4901,4965,4856,5067
"320","170130","170130 ARAGOMINAS",8982,5618,5554,5882,5860,5838,5958,5933,5910,5887,5865,5786,5758,5731,5705,6914,5290,5360
"321","170190","170190 ARAGUACEMA",6210,5579,5586,6317,6387,6454,6716,6791,6863,6934,7003,7016,7086,7155,7223,5913,5927,6039
"322","170200","170200 ARAGUACU",8899,9244,9226,8786,8744,8702,8868,8822,8777,8734,8692,8567,8517,8467,8418,8666,8133,8273
"323","170210","170210 ARAGUAINA",132667,119128,119636,150484,153351,156123,164093,167176,170183,173112,175960,177517,180470,183381,186245,186867,171301,181493
"324","170215","170215 ARAGUANA",5918,5154,5246,5030,5095,5157,5379,5448,5515,5581,5645,5663,5729,5793,5856,4316,4310,4338
"325","170220","170220 ARAGUATINS",30528,26722,26774,31329,31738,32133,33524,33963,34392,34810,35216,35346,35761,36170,36573,31719,31918,33205
"326","170230","170230 ARAPOEMA",6581,7034,7024,6742,6721,6700,6844,6821,6799,6777,6756,6670,6643,6616,6590,5443,5550,5553
"327","170240","170240 ARRAIAS",10949,10928,10917,10645,10619,10594,10833,10805,10778,10752,10727,10601,10567,10534,10502,10253,10287,10522
"328","170255","170255 AUGUSTINOPOLIS",15222,15248,15464,15950,16180,16401,17140,17386,17627,17861,18089,18178,18412,18643,18870,17471,17484,18128
"329","170270","170270 AURORA DO TOCANTINS",2778,3486,3527,3446,3473,3499,3625,3654,3682,3709,3735,3731,3757,3783,3809,3338,3342,3420
"330","170290","170290 AXIXA DO TOCANTINS",7853,9175,9201,9275,9310,9343,9632,9669,9706,9741,9776,9725,9756,9787,9817,10267,10262,10663
"331","170300","170300 BABACULANDIA",11396,10672,10698,10424,10432,10439,10720,10728,10736,10744,10752,10662,10664,10666,10668,8218,7880,7779
"332","170305","170305 BANDEIRANTES DO TOCANTINS",2654,2791,2808,3122,3162,3200,3336,3379,3420,3460,3500,3512,3553,3592,3631,3548,3407,3534
"333","170307","170307 BARRA DO OURO",3805,3684,3697,4123,4165,4206,4371,4416,4460,4503,4544,4549,4591,4632,4673,4643,4476,4641
"334","170310","170310 BARROLANDIA",4413,5304,5320,5349,5370,5390,5557,5579,5601,5622,5643,5614,5632,5651,5669,4875,4846,4915
"335","170320","170320 BERNARDO SAYAO",4752,4648,4651,4456,4449,4442,4547,4540,4532,4525,4518,4469,4459,4448,4439,4217,4229,4316
"336","170330","170330 BOM JESUS DO TOCANTINS",2189,2793,2839,3768,3879,3987,4241,4361,4477,4590,4700,4779,4894,5008,5120,4087,4038,4181
"337","170360","170360 BRASILANDIA DO TOCANTINS",2102,2183,2201,2064,2075,2086,2154,2166,2177,2188,2199,2191,2201,2211,2221,1947,1974,2016
"338","170370","170370 BREJINHO DE NAZARE",3974,5452,5507,5185,5209,5232,5400,5426,5451,5475,5499,5475,5497,5519,5540,4753,4725,4796
"339","170380","170380 BURITI DO TOCANTINS",8032,8404,8460,9768,9916,10059,10522,10681,10837,10988,11135,11197,11348,11497,11644,10346,10307,10654
"340","170382","170382 CACHOEIRINHA",2482,2235,2251,2148,2158,2167,2236,2246,2256,2266,2276,2266,2275,2284,2293,1964,1961,1991
"341","170384","170384 CAMPOS LINDOS",7556,7858,8076,8139,8331,8517,9000,9207,9408,9604,9795,9917,10116,10312,10505,8661,8653,8951
"342","170386","170386 CARIRI DO TOCANTINS",3203,3672,3740,3756,3815,3872,4053,4116,4178,4238,4296,4321,4382,4441,4499,3555,4007,4147
"343","170388","170388 CARMOLANDIA",2191,2383,2423,2316,2340,2363,2457,2482,2507,2531,2555,2556,2580,2603,2627,2203,2201,2246
"344","170389","170389 CARRASCO BONITO",4658,3411,3426,3688,3725,3759,3906,3945,3983,4019,4055,4059,4095,4130,4165,3343,3318,3362
"345","170390","170390 CASEARA",4414,4813,4920,4601,4674,4744,4965,5043,5119,5193,5265,5295,5369,5442,5514,4764,4847,5009
"346","170410","170410 CENTENARIO",2348,2457,2482,2566,2597,2627,2737,2771,2803,2835,2866,2874,2905,2936,2966,2133,2131,2135
"347","170460","170460 CHAPADA DE AREIA",1169,1274,1276,1335,1340,1345,1386,1391,1397,1402,1407,1401,1406,1410,1415,1358,1501,1563
"348","170510","170510 CHAPADA DA NATIVIDADE",3786,3791,3844,3277,3278,3278,3362,3363,3363,3363,3364,3334,3333,3331,3330,3118,3117,3182
"349","170550","170550 COLINAS DO TOCANTINS",28943,30190,30667,30838,31263,31675,33078,33535,33981,34416,34839,34990,35424,35851,36271,33967,34233,35957
"350","170555","170555 COMBINADO",4230,5023,5071,4669,4681,4691,4827,4839,4851,4863,4874,4843,4852,4861,4870,4751,4756,4896
"351","170560","170560 CONCEICAO DO TOCANTINS",4604,4529,4541,4182,4168,4153,4240,4224,4209,4194,4179,4124,4105,4087,4070,3891,3887,3956
"352","170600","170600 COUTO MAGALHAES",3825,5035,5103,5009,5061,5111,5314,5370,5424,5477,5529,5536,5588,5639,5690,5254,5331,5515
"353","170610","170610 CRISTALANDIA",6790,6698,6629,7234,7228,7222,7399,7393,7386,7380,7374,7300,7289,7278,7268,6331,6371,6437
"354","170625","170625 CRIXAS DO TOCANTINS",1602,1299,1295,1564,1578,1592,1651,1666,1680,1694,1708,1708,1722,1735,1749,1411,1470,1499
"355","170650","170650 DARCINOPOLIS",5106,5288,5384,5273,5350,5425,5670,5753,5833,5912,5988,6018,6097,6174,6250,6357,5827,6054
"356","170700","170700 DIANOPOLIS",17546,19158,19522,19112,19395,19669,20566,20870,21167,21457,21738,21850,22139,22424,22704,17658,17739,18031
"357","170710","170710 DIVINOPOLIS DO TOCANTINS",6197,6549,6621,6363,6409,6452,6681,6729,6777,6823,6868,6856,6900,6943,6986,7065,7024,7297
"358","170720","170720 DOIS IRMAOS DO TOCANTINS",6685,7261,7253,7161,7153,7145,7319,7311,7302,7294,7286,7211,7198,7185,7173,6735,6327,6395
"359","170730","170730 DUERE",4733,4617,4634,4592,4595,4597,4718,4720,4722,4725,4727,4687,4686,4686,4686,4284,4248,4321
"360","170740","170740 ESPERANTINA",9875,8375,8448,9476,9619,9756,10203,10356,10506,10651,10793,10851,10996,11139,11280,7510,7530,7493
"361","170755","170755 FATIMA",3807,4101,4123,3805,3802,3799,3892,3889,3886,3882,3879,3841,3835,3830,3824,3445,3467,3520
"362","170765","170765 FIGUEIROPOLIS",5111,4950,4870,5340,5323,5307,5421,5403,5386,5369,5352,5284,5263,5243,5222,5185,5211,5336
"363","170770","170770 FILADELFIA",8829,8007,7978,8505,8528,8549,8800,8824,8848,8871,8893,8837,8856,8874,8892,10590,7712,7823
"364","170820","170820 FORMOSO DO ARAGUAIA",20523,18743,18724,18427,18398,18369,18804,18773,18742,18713,18684,18482,18440,18399,18358,20471,18881,19428
"365","170825","170825 FORTALEZA DO TABOCAO",2988,2160,2145,2419,2433,2446,2527,2542,2556,2570,2584,2576,2589,2602,2615,3458,3455,3676
"366","170830","170830 GOIANORTE",4576,5376,5424,4956,4965,4974,5115,5125,5135,5144,5153,5116,5123,5130,5136,4779,4738,4840
"367","170900","170900 GOIATINS",10734,11982,12068,12064,12143,12220,12644,12730,12813,12894,12973,12942,13019,13095,13169,12798,12433,12816
"368","170930","170930 GUARAI",21349,22314,22528,23200,23445,23681,24629,24892,25149,25399,25642,25677,25923,26165,26403,26444,24775,25681
"369","170950","170950 GURUPI",74012,73548,74352,76755,77655,78525,81792,82762,83707,84628,85523,85737,86647,87545,88428,83817,85125,89574
"370","170980","170980 IPUEIRAS",1186,1754,1803,1639,1676,1711,1804,1843,1881,1918,1955,1977,2015,2052,2088,1597,1590,1627
"371","171050","171050 ITACAJA",6528,6565,6538,7104,7127,7148,7363,7388,7411,7434,7456,7414,7433,7452,7471,6780,6819,6969
"372","171070","171070 ITAGUATINS",6758,6246,6229,6029,6002,5976,6092,6063,6035,6007,5980,5896,5864,5832,5801,5187,5172,5206
"373","171090","171090 ITAPIRATINS",3668,3521,3541,3532,3552,3571,3690,3711,3732,3752,3772,3758,3777,3795,3814,3936,3577,3679
"374","171110","171110 ITAPORA DO TOCANTINS",1561,3080,3138,2445,2440,2434,2488,2482,2476,2470,2465,2435,2427,2420,2412,2407,2404,2464
"375","171150","171150 JAU DO TOCANTINS",3327,3906,3985,3507,3537,3566,3698,3730,3761,3791,3821,3819,3849,3878,3906,3475,3334,3403
"376","171180","171180 JUARINA",2719,2200,2186,2231,2224,2216,2262,2253,2245,2237,2229,2202,2193,2184,2174,2240,2243,2305
"377","171190","171190 LAGOA DA CONFUSAO",9549,8481,8706,10210,10521,10821,11525,11859,12184,12501,12808,13034,13357,13676,13989,16117,15288,16312
"378","171195","171195 LAGOA DO TOCANTINS",2985,3278,3354,3525,3602,3676,3875,3957,4037,4115,4191,4237,4316,4393,4470,3501,3516,3610
"379","171200","171200 LAJEADO",3693,2219,2207,2773,2806,2838,2956,2991,3026,3059,3092,3101,3134,3167,3199,3652,3357,3520
"380","171215","171215 LAVANDEIRA",1219,1640,1677,1605,1636,1665,1749,1782,1814,1845,1875,1892,1923,1954,1984,1625,1626,1673
"381","171240","171240 LIZARDA",3464,3737,3729,3725,3721,3716,3806,3801,3796,3791,3787,3748,3740,3733,3727,2994,2999,2991
"382","171245","171245 LUZINOPOLIS",2558,2874,2961,2622,2669,2713,2847,2896,2945,2992,3038,3060,3108,3154,3200,2989,2717,2803
"383","171250","171250 MARIANOPOLIS DO TOCANTINS",4177,4616,4739,4352,4431,4507,4730,4814,4896,4976,5054,5094,5175,5254,5332,4460,4615,4772
"384","171270","171270 MATEIROS",1996,1788,1804,2223,2268,2311,2430,2478,2524,2570,2614,2638,2684,2729,2773,2076,2748,2888
"385","171280","171280 MAURILANDIA DO TOCANTINS",3626,3281,3323,3154,3178,3200,3313,3338,3362,3386,3409,3403,3426,3448,3470,3234,3095,3171
"386","171320","171320 MIRACEMA DO TOCANTINS",28804,20194,19741,20684,20396,20117,20243,19934,19634,19340,19055,18566,18248,17936,17628,19561,18566,18787
"387","171330","171330 MIRANORTE",12561,12200,12243,12623,12687,12747,13164,13232,13298,13363,13426,13375,13434,13493,13551,13027,12701,13056
"388","171360","171360 MONTE DO CARMO",4043,6586,6726,6716,6833,6946,7286,7412,7535,7654,7770,7827,7947,8066,8182,5874,5694,5722
"389","171370","171370 MONTE SANTO DO TOCANTINS",1958,1911,1912,2085,2102,2118,2196,2213,2231,2248,2264,2263,2279,2295,2311,2290,2396,2500
"390","171380","171380 PALMEIRAS DO TOCANTINS",6127,4672,4670,5740,5826,5909,6180,6272,6362,6450,6535,6570,6658,6745,6830,5359,4872,4897
"391","171395","171395 MURICILANDIA",2621,2935,2950,3152,3189,3224,3356,3395,3433,3470,3507,3514,3551,3587,3623,3722,3367,3485
"392","171420","171420 NATIVIDADE",9892,9355,9394,9000,9011,9021,9268,9279,9291,9301,9312,9239,9244,9250,9256,8643,8754,8961
"393","171430","171430 NAZARE",5999,4652,4596,4386,4328,4271,4301,4239,4177,4118,4060,3959,3898,3834,3772,4664,4521,4660
"394","171488","171488 NOVA OLINDA",10847,10835,10973,10686,10786,10883,11301,11408,11513,11616,11715,11719,11819,11917,12014,10353,10367,10609
"395","171500","171500 NOVA ROSALANDIA",3284,3888,3957,3770,3815,3858,4018,4066,4113,4159,4203,4215,4260,4304,4348,3334,3362,3403
"396","171510","171510 NOVO ACORDO",3565,3870,3955,3762,3817,3869,4043,4101,4158,4213,4267,4287,4342,4397,4450,3828,3969,4102
"397","171515","171515 NOVO ALEGRE",2625,1848,1801,2286,2287,2288,2349,2350,2351,2352,2353,2332,2332,2332,2332,1845,1846,1841
"398","171525","171525 NOVO JARDIM",2683,2492,2534,2457,2481,2504,2600,2625,2650,2674,2697,2698,2722,2745,2768,2235,2230,2263
"399","171550","171550 OLIVEIRA DE FATIMA",1046,1114,1139,1037,1044,1049,1085,1091,1098,1104,1110,1106,1112,1118,1124,1172,1164,1211
"400","171570","171570 PALMEIRANTE",3669,4837,4957,4954,5058,5157,5432,5543,5651,5757,5859,5919,6026,6131,6234,4947,4798,4909
"401","171575","171575 PALMEIROPOLIS",5154,8366,8495,7339,7360,7380,7600,7623,7645,7666,7687,7641,7659,7676,7694,7262,6975,7119
"402","171610","171610 PARAISO DO TOCANTINS",43253,41500,42014,44417,45054,45669,47724,48409,49076,49727,50360,50602,51252,51891,52521,51494,52360,55164
"403","171620","171620 PARANA",9948,10794,10818,10338,10333,10327,10585,10579,10573,10568,10562,10461,10449,10437,10426,10492,10542,10854
"404","171630","171630 PAU D'ARCO",4743,4909,4966,4588,4608,4627,4772,4793,4814,4834,4853,4831,4849,4867,4885,4017,4043,4085
"405","171650","171650 PEDRO AFONSO",9022,10605,10757,11539,11732,11919,12490,12698,12900,13097,13288,13380,13578,13773,13964,14675,14055,14731
"406","171660","171660 PEIXE",8669,9002,9016,10384,10509,10629,11075,11209,11340,11467,11591,11623,11749,11873,11996,9431,9317,9438
"407","171665","171665 PEQUIZEIRO",5702,4940,4972,5054,5090,5124,5305,5344,5381,5418,5453,5443,5477,5512,5546,4893,4921,5038
"408","171670","171670 COLMEIA",9872,9005,8961,8611,8555,8500,8642,8581,8522,8465,8409,8270,8205,8141,8078,8476,8941,9158
"409","171700","171700 PINDORAMA DO TOCANTINS",4459,4521,4500,4506,4493,4479,4576,4562,4547,4534,4520,4464,4447,4430,4414,4128,4478,4596
"410","171720","171720 PIRAQUE",3857,3103,3128,2920,2927,2933,3017,3024,3031,3038,3044,3023,3028,3033,3038,2278,2282,2265
"411","171750","171750 PIUM",3893,6598,6699,6694,6783,6869,7168,7264,7357,7447,7536,7564,7654,7743,7830,7132,7128,7375
"412","171780","171780 PONTE ALTA DO BOM JESUS",4200,4660,4661,4544,4542,4540,4654,4652,4649,4647,4645,4601,4596,4591,4586,4222,4220,4295
"413","171790","171790 PONTE ALTA DO TOCANTINS",6099,6763,6817,7180,7258,7333,7628,7712,7793,7872,7949,7961,8039,8116,8192,7284,7586,7842
"414","171800","171800 PORTO ALEGRE DO TOCANTINS",2641,2917,2966,2796,2827,2857,2973,3007,3039,3071,3102,3108,3139,3170,3200,2869,2866,2953
"415","171820","171820 PORTO NACIONAL",47467,46598,46724,49146,49465,49774,51501,51846,52182,52510,52828,52700,53010,53316,53618,71101,64418,68555
"416","171830","171830 PRAIA NORTE",8798,7267,7309,7659,7727,7792,8085,8158,8229,8298,8365,8365,8432,8498,8563,8808,9044,9460
"417","171840","171840 PRESIDENTE KENNEDY",3921,3785,3794,3681,3676,3670,3756,3750,3744,3738,3733,3692,3684,3676,3668,2963,3047,3051
"418","171845","171845 PUGMIL",2771,2230,2255,2369,2399,2427,2529,2561,2591,2621,2650,2659,2688,2717,2746,2185,2193,2231
"419","171850","171850 RECURSOLANDIA",4018,3777,3840,3768,3817,3864,4029,4081,4132,4182,4230,4244,4293,4342,4389,3380,3421,3471
"420","171855","171855 RIACHINHO",3758,3798,3797,4191,4231,4270,4435,4478,4520,4561,4601,4604,4645,4684,4723,3962,3960,4039
"421","171865","171865 RIO DA CONCEICAO",1577,1499,1526,1714,1755,1794,1895,1938,1980,2021,2061,2088,2130,2171,2211,1747,1768,1822
"422","171870","171870 RIO DOS BOIS",2924,2150,2141,2570,2594,2616,2715,2740,2764,2787,2810,2811,2834,2856,2879,2737,2738,2833
"423","171875","171875 RIO SONO",5314,6345,6367,6254,6267,6279,6459,6473,6486,6500,6512,6468,6478,6488,6498,5600,4841,4798
"424","171880","171880 SAMPAIO",2395,3788,3885,3864,3946,4025,4241,4329,4415,4498,4579,4627,4711,4794,4876,4203,4215,4372
"425","171884","171884 SANDOLANDIA",3751,3543,3571,3326,3326,3326,3411,3411,3410,3410,3410,3378,3375,3373,3371,4631,3723,3873
"426","171886","171886 SANTA FE DO ARAGUAIA",7191,5773,5793,6599,6683,6764,7054,7144,7232,7318,7402,7426,7512,7595,7678,7919,7216,7489
"427","171888","171888 SANTA MARIA DO TOCANTINS",2498,2755,2805,2894,2946,2995,3143,3198,3252,3305,3356,3381,3434,3486,3537,2557,2680,2726
"428","171889","171889 SANTA RITA DO TOCANTINS",1953,2330,2385,2128,2150,2170,2255,2278,2300,2322,2343,2344,2365,2386,2407,2177,2219,2291
"429","171890","171890 SANTA ROSA DO TOCANTINS",4733,4545,4557,4568,4588,4607,4752,4773,4794,4814,4833,4811,4829,4846,4864,4701,4653,4789
"430","171900","171900 SANTA TEREZA DO TOCANTINS",2473,2366,2400,2523,2555,2585,2695,2729,2762,2794,2825,2834,2866,2897,2928,2715,2781,2889
"431","172000","172000 SANTA TEREZINHA DO TOCANTINS",2901,2356,2345,2474,2476,2477,2543,2545,2547,2548,2550,2528,2529,2530,2530,2560,2406,2463
"432","172010","172010 SAO BENTO DO TOCANTINS",2756,4583,4669,4608,4675,4740,4954,5026,5096,5164,5231,5256,5324,5391,5457,5387,5654,5936
"433","172015","172015 SAO FELIX DO TOCANTINS",1644,1451,1469,1437,1450,1463,1518,1532,1545,1559,1571,1572,1585,1598,1610,1780,1783,1875
"434","172020","172020 SAO MIGUEL DO TOCANTINS",9787,10536,10738,10481,10635,10783,11271,11436,11597,11754,11906,11967,12139,12294,12445,14103,13241,13939
"435","172025","172025 SAO SALVADOR DO TOCANTINS",2857,3102,3138,2910,2924,2936,3030,3044,3058,3071,3084,3070,3082,3094,3106,2481,2385,2385
"436","172030","172030 SAO SEBASTIAO DO TOCANTINS",4662,4373,4438,4283,4331,4376,4553,4604,4654,4702,4749,4757,4805,4852,4898,4100,4100,4189
"437","172049","172049 SAO VALERIO",6249,5024,5016,4383,4332,4282,4322,4267,4214,4161,4111,4017,3960,3904,3848,4399,4422,4547
"438","172065","172065 SILVANOPOLIS",3748,5250,5297,5068,5095,5120,5289,5318,5345,5372,5399,5378,5403,5428,5452,5126,5108,5252
"439","172080","172080 SITIO NOVO DO TOCANTINS",11488,9568,9573,9148,9122,9097,9297,9270,9243,9217,9192,9078,9029,8997,8965,10830,10830,11334
"440","172085","172085 SUCUPIRA",1202,1718,1740,1742,1763,1783,1856,1878,1900,1921,1941,1946,1966,1986,2007,1576,1577,1599
"441","172090","172090 TAGUATINGA",14673,14528,14650,15051,15196,15336,15931,16086,16238,16386,16530,16538,16683,16825,16966,13986,14011,14247
"442","172093","172093 TAIPAS DO TOCANTINS",1311,1974,1999,1945,1963,1981,2056,2075,2094,2112,2130,2131,2148,2166,2183,2023,2021,2086
"443","172097","172097 TALISMA",2885,2632,2668,2562,2582,2601,2695,2716,2737,2757,2777,2773,2793,2812,2831,2661,2456,2509
"444","172100","172100 PALMAS",233516,184010,188642,228332,235316,242070,257904,265409,272726,279856,286787,291855,299127,306296,313349,334454,302692,323625
"445","172110","172110 TOCANTINIA",5952,6866,6972,6736,6809,6880,7158,7236,7313,7387,7460,7471,7545,7617,7688,8518,7459,7751
"446","172120","172120 TOCANTINOPOLIS",27633,21932,21828,22619,22607,22596,23165,23153,23141,23130,23119,22896,22870,22845,22820,23847,22615,23203
"447","172125","172125 TUPIRAMA",1333,1448,1473,1574,1605,1634,1718,1751,1782,1813,1843,1860,1891,1922,1952,1803,1909,2003
"448","172130","172130 TUPIRATINS",1495,2072,2153,2097,2154,2208,2342,2402,2461,2518,2574,2613,2671,2729,2785,1861,1874,1897
"449","172208","172208 WANDERLANDIA",11136,9574,9489,10981,11036,11088,11450,11509,11566,11622,11677,11631,11683,11734,11783,11586,10522,10751
"450","172210","172210 XAMBIOA",12967,11160,11099,11484,11471,11458,11736,11722,11709,11695,11683,11561,11540,11520,11500,10519,10517,10683
"451","210005","210005 ACAILANDIA",109083,100017,101133,104047,105255,106422,107790,108765,109685,110543,111339,111757,112445,113121,113783,107263,106550,110506
"452","210010","210010 AFONSO CUNHA",4761,5834,5945,5905,6000,6090,6197,6277,6351,6421,6486,6469,6524,6578,6631,6144,6144,6296
"453","210015","210015 AGUA DOCE DO MARANHAO",9843,12213,12464,11581,11726,11865,12028,12146,12257,12360,12457,12488,12571,12652,12731,12154,12142,12446
"454","210020","210020 ALCANTARA",22740,21969,22018,21851,21564,21605,21644,21652,21659,21667,21673,22083,22097,22112,22126,18446,18467,18774
"455","210030","210030 ALDEIAS ALTAS",18235,22328,22670,23952,24346,24726,25177,25509,25823,26115,26387,26302,26532,26757,26979,22549,23286,23782
"456","210040","210040 ALTAMIRA DO MARANHAO",6848,7607,7770,11063,11225,11381,11564,11699,11616,10210,8070,8066,8128,8189,8250,6451,6447,6565
"457","210043","210043 ALTO ALEGRE DO MARANHAO",24721,22676,22914,24599,24969,25326,25748,26056,26348,26619,26872,26839,27053,27858,28066,23270,24048,24543
"458","210047","210047 ALTO ALEGRE DO PINDARE",36530,32955,33209,31057,31125,31190,31253,31271,31287,31303,31312,31894,31919,31943,31967,25673,25710,26411
"459","210050","210050 ALTO PARNAIBA",10032,10606,10642,10766,10812,10856,10904,10931,10956,10979,11001,11168,11190,11212,11233,11076,11109,11382
"460","210055","210055 AMAPA DO MARANHAO",6802,6361,6457,6431,6508,6583,6669,6731,6789,6844,6895,6918,6962,7005,7047,7162,7170,7364
"461","210060","210060 AMARANTE DO MARANHAO",38261,36850,37389,37932,38451,38953,39544,39974,40378,40756,41106,41136,41435,41729,42017,36266,37085,38333
"462","210070","210070 ANAJATUBA",23564,24695,25061,25291,25629,25955,26339,26618,26880,27125,27352,26614,26803,26988,27170,23968,25322,26221
"463","210080","210080 ANAPURUS",10315,12990,13252,13939,14220,14492,14815,15057,15286,15499,15696,15566,15732,15894,16054,13795,13793,14111
"464","210083","210083 APICUM-ACU",13374,13641,13890,14959,15256,15542,17474,17712,17948,18169,18374,17063,17239,17413,17582,17533,17519,17984
"465","210087","210087 ARAGUANA",8598,10221,10325,13973,11508,14407,14658,14843,15018,15182,15332,15297,15426,15551,15675,11169,11181,11347
"466","210090","210090 ARAIOSES",35262,38800,39166,42505,43089,43653,44317,44800,45255,45680,46074,46103,46440,46771,47095,38980,39052,40278
"467","210095","210095 ARAME",26370,27967,27746,31702,31835,31729,31867,31944,32015,32083,32145,32637,32701,32764,32825,25646,25517,26191
"468","210100","210100 ARARI",27672,28585,28787,28488,28651,28809,28986,29096,29200,29297,29388,29764,29848,29932,30014,29302,29472,30521
"469","210110","210110 AXIXA",10810,14743,15205,11407,11505,11599,11706,11780,11850,11915,11975,12076,12130,12183,12234,11797,11790,12079
"470","210120","210120 BACABAL",97645,97946,98488,100014,100615,101195,101851,102265,102656,103020,103359,104633,104949,104790,105094,104352,103711,107620
"471","210125","210125 BACABEIRA",11529,15115,15574,14925,15264,15591,15982,16276,16553,16812,17053,16855,17055,17252,17446,17073,16966,17414
"472","210130","210130 BACURI",17019,16500,16585,16604,16687,17437,17164,17280,17335,17388,17435,18508,18582,18654,18726,16206,16290,16610
"473","210135","210135 BACURITUBA",5163,5597,5686,5293,5341,5387,5440,5477,5511,5544,5574,5617,5644,5670,5696,5196,5252,5374
"474","210140","210140 BALSAS",75911,81497,83617,83528,85322,87057,89126,90679,92144,93511,94779,93826,94887,95929,96951,100257,101767,106094
"475","210150","210150 BARAO DE GRAJAU",16921,17069,17236,17841,17681,17862,18074,18223,18365,18496,18619,18714,18820,18924,19026,19310,18984,19458
"476","210160","210160 BARRA DO CORDA",78666,81027,81332,82830,83454,84180,85022,85603,86151,86662,87135,87794,88212,88492,88895,84708,84532,87672
"477","210170","210170 BARREIRINHAS",46728,49398,50352,54930,56123,58083,58599,59623,60588,61621,62458,61828,62528,63217,63891,69312,65589,67999
"478","210173","210173 BELAGUA",5434,5892,5952,6524,6622,6986,7105,7191,7273,7350,7422,7409,7469,7528,7586,8504,8460,8716
"479","210177","210177 BELA VISTA DO MARANHAO",11145,8850,8854,12049,12194,12335,10717,10836,10931,11020,11103,11138,11209,11279,11347,11911,11750,12073
"480","210180","210180 BENEDITO LEITE",5637,5545,5559,5469,5483,5497,5510,5515,5519,5524,5528,5627,5632,5638,5643,5472,5469,5597
"481","210190","210190 BEQUIMAO",18277,21356,21506,20344,20725,20773,20821,20837,20853,20867,20881,21260,21280,21299,21317,19572,19584,19983
"482","210193","210193 BERNARDO DO MEARIM",6168,6160,6244,5996,6055,6111,6176,5860,5900,5938,5973,6011,6043,6073,6102,5842,5840,5983
"483","210197","210197 BOA VISTA DO GURUPI",6514,7643,7902,7949,8166,8375,8626,8816,8996,9164,9320,9158,9287,8382,8494,7622,7574,7769
"484","210200","210200 BOM JARDIM",38935,38813,39224,39049,39401,39740,40134,40405,40660,40898,41120,41435,41630,41822,42010,32894,33100,34035
"485","210203","210203 BOM JESUS DAS SELVAS",20038,24661,25474,28459,29374,30259,31320,32133,32900,33615,34278,33479,34028,34567,35095,28589,28599,29588
"486","210207","210207 BOM LUGAR",13695,13222,13385,14818,15071,15314,15604,15655,15855,16041,16214,16148,16294,16438,16578,11675,12212,12414
"487","210210","210210 BREJO",30459,32018,32454,33359,33808,34242,34754,35124,35473,35799,36102,36139,36397,36651,36900,34116,34120,35322
"488","210215","210215 BREJO DE AREIA",7826,5896,5505,5577,5265,4962,4591,4291,9166,10444,8696,9367,9188,9014,8841,9224,9218,9387
"489","210220","210220 BURITI",25210,26029,26197,27013,27235,27449,27697,27864,28022,28170,28306,28557,28678,28798,28916,29693,29685,30799
"490","210230","210230 BURITI BRAVO",21701,22941,23074,22899,23011,23119,23238,23308,23375,23437,23495,23827,23884,23939,23993,22427,22455,22940
"491","210232","210232 BURITICUPU",68630,63466,64684,65237,66326,67378,68626,69548,70417,71227,71979,71723,72358,72983,73595,52395,55499,56896
"492","210235","210235 BURITIRANA",15918,15027,15051,14784,14858,14930,15008,15055,15100,15142,15180,15393,15430,15467,15503,12870,12918,13157
"493","210237","210237 CACHOEIRA GRANDE",8685,9116,9290,8446,8528,8607,8698,8762,8822,8878,8930,9382,9431,9478,9524,10227,9732,10004
"494","210240","210240 CAJAPIO",11048,10279,10340,10593,10668,10740,10822,10876,10927,10975,11019,11136,11177,11216,11255,10032,10121,10342
"495","210250","210250 CAJARI",11185,13203,13166,18338,18473,18603,18751,18850,18943,19030,19110,19307,19379,19451,19521,16296,16412,16711
"496","210255","210255 CAMPESTRE DO MARANHAO",13517,12615,12714,13369,13511,13649,13808,13921,14028,14127,14219,14294,14374,14453,14530,12185,12301,12553
"497","210260","210260 CANDIDO MENDES",21279,19409,19685,18505,19046,19222,19426,19567,19702,19827,19943,20076,20178,20278,20376,19805,19932,20413
"498","210270","210270 CANTANHEDE",17869,19396,19562,20448,20667,20879,21125,21299,21464,21617,21759,21872,21995,22117,22236,17355,24303,24976
"499","210275","210275 CAPINZAL DO NORTE",10789,10683,10686,10698,10710,10722,10729,10725,10720,10716,10713,10932,10934,10935,10937,11372,11374,11664
"500","210280","210280 CAROLINA",23418,25159,25255,23959,23957,23955,23939,23902,23866,23833,23803,24337,24322,24165,24151,24056,24062,24606
"501","210290","210290 CARUTAPERA",20957,20905,21124,22006,22266,22517,22811,23021,23219,23404,23576,23658,23807,23952,24095,24263,24238,24855
"502","210300","210300 CAXIAS",145088,147416,148073,155129,156327,158059,159396,160291,161137,161926,162657,164224,164880,165525,166159,153634,156973,163428
"503","210310","210310 CEDRAL",11194,10127,10150,10297,10336,10374,10414,10435,10455,10473,10490,10657,10675,10693,10711,10214,10208,10444
"504","210312","210312 CENTRAL DO MARANHAO",9048,9062,9245,7887,8006,8120,8255,8354,8447,8534,8615,8604,8673,8740,8806,7086,7094,7233
"505","210315","210315 CENTRO DO GUILHERME",7190,7318,7431,12565,11632,11979,12395,12713,13015,13295,13555,13243,13458,13670,13876,12384,12342,12668
"506","210317","210317 CENTRO NOVO DO MARANHAO",16755,15577,15666,17622,19581,19947,20382,20707,21013,21300,21565,21399,21622,21840,22056,16254,16267,16529
"507","210320","210320 CHAPADINHA",65118,69734,70537,73350,74274,75167,76217,76972,77684,78348,78965,79145,79675,80195,80705,81339,81386,84202
"508","210325","210325 CIDELANDIA",12458,12778,12867,13681,13825,13963,14125,14238,14346,14446,14539,14617,14697,14777,14855,12857,12878,13152
"509","210330","210330 CODO",115694,113768,113937,118038,118568,119079,119641,119962,120265,120548,120810,122597,122859,123116,123368,112110,114275,118295
"510","210340","210340 COELHO NETO",44381,45343,45619,46750,47099,47435,47821,48078,48320,48546,48756,49246,49435,49621,49804,41353,41658,42918
"511","210350","210350 COLINAS",41596,36725,36786,39132,39388,39635,39915,40097,40268,40427,40575,41042,41178,41312,41443,40322,40316,41745
"512","210355","210355 CONCEICAO DO LAGO-ACU",9263,14535,14907,14436,14718,14989,15313,15554,15782,15995,16192,16072,16237,16400,16559,14921,14915,15264
"513","210360","210360 COROATA",61381,62442,63083,61725,62190,62639,63154,63497,63821,64123,64403,65044,65296,65544,65788,59563,59566,61351
"514","210370","210370 CURURUPU",40978,35009,35110,32652,32568,32487,31149,31027,30913,30805,30706,32765,32695,32626,32559,31662,31558,32608
"515","210375","210375 DAVINOPOLIS",11636,12118,12087,12579,12603,12625,12646,12650,12653,12656,12659,12901,12908,12916,12923,14467,14404,14788
"516","210380","210380 DOM PEDRO",23850,22092,22087,22681,22737,22791,22844,22863,22881,22897,22912,23328,23350,23372,23393,23111,23053,23579
"517","210390","210390 DUQUE BACELAR",11005,10704,10835,10649,10744,10836,10942,11015,11084,11148,11208,11296,11349,11401,11451,10223,10223,10448
"518","210400","210400 ESPERANTINOPOLIS",22688,19055,18815,18452,17917,17715,17460,17238,17029,16833,16653,17379,17241,17104,16971,18355,18311,18725
"519","210405","210405 ESTREITO",25908,27328,27759,35835,36826,37784,38932,39805,40629,41397,42110,41355,41946,42527,43097,33245,33294,34353
"520","210407","210407 FEIRA NOVA DO MARANHAO",7504,7872,7901,8126,8171,8215,8263,8293,8321,8347,8372,8481,8504,8484,8506,8048,8048,8236
"521","210408","210408 FERNANDO FALCAO",4960,8404,8773,9241,9415,9584,9783,9932,10073,10204,10326,10258,10360,10460,10559,10875,10873,11184
"522","210409","210409 FORMOSA DA SERRA NEGRA",18753,17432,17791,17757,17464,17749,18087,18337,18573,18793,18997,18917,19089,19258,19425,17758,17719,18133
"523","210410","210410 FORTALEZA DOS NOGUEIRAS",12882,11919,11970,11646,12271,12306,12343,12360,12375,12390,12403,12615,12631,12647,12662,12642,12640,12951
"524","210420","210420 FORTUNA",13768,14903,14920,15098,15137,15174,15212,15226,15239,15251,15262,15536,15552,15567,17812,17075,16976,17346
"525","210430","210430 GODOFREDO VIANA",6680,10823,11202,10635,10523,10762,11046,11262,11464,11654,11830,11672,11819,11963,12104,9894,10186,10422
"526","210440","210440 GONCALVES DIAS",17010,16914,16909,17482,17514,17545,17572,17576,17579,17583,17586,17924,17934,17944,17953,17432,17206,17579
"527","210450","210450 GOVERNADOR ARCHER",8109,10224,10334,10205,10290,10372,10466,10531,10591,10648,10700,10793,10840,10886,10931,10294,10231,10472
"528","210455","210455 GOVERNADOR EDISON LOBAO",13417,14557,14919,15895,16280,16651,17094,17430,17747,18042,18316,18068,18296,18520,18740,18375,18411,18908
"529","210460","210460 GOVERNADOR EUGENIO BARROS",16059,16341,16507,15991,16096,16197,16312,16386,16456,16522,16582,16772,16828,16882,14703,13918,13930,14258
"530","210462","210462 GOVERNADOR LUIZ ROCHA",6318,7091,7146,7337,7401,7462,7532,7580,7626,7668,7708,7772,7807,7841,7878,7061,7063,7219
"531","210465","210465 GOVERNADOR NEWTON BELLO",13320,11666,11643,11921,10205,10166,10113,10060,10011,9965,9921,10211,10180,10151,10121,10708,10713,10981
"532","210467","210467 GOVERNADOR NUNES FREIRE",34755,24671,24516,25401,25362,25323,25262,25188,25117,25052,24991,25616,25577,25539,25502,22754,23128,23563
"533","210470","210470 GRACA ARANHA",6235,6439,6470,6140,6145,6150,6151,6147,6142,6138,6134,6263,6262,6261,6261,6012,6023,6161
"534","210480","210480 GRAJAU",55430,55833,56630,62093,63203,64510,65078,66013,67626,68458,69232,68876,69527,70065,70692,73942,73872,76578
"535","210490","210490 GUIMARAES",12881,12741,12745,12081,12039,11997,11939,11881,11827,11776,11728,12063,12030,11997,11966,10285,10290,10470
"536","210500","210500 HUMBERTO DE CAMPOS",22282,25037,25408,26189,26567,26933,27364,27679,27976,28252,28509,28498,28717,28932,29143,25656,25680,26546
"537","210510","210510 ICATU",22182,25198,25558,25145,25426,25698,26014,26240,26452,26651,26835,26953,27113,27269,27423,24719,24794,25332
"538","210515","210515 IGARAPE DO MEIO",11738,12073,12293,12550,12806,13052,13347,13567,13774,13968,14147,14026,14177,14324,14470,13483,13974,14350
"539","210520","210520 IGARAPE GRANDE",8985,11003,11117,11041,11167,11289,11431,11533,11628,11718,11206,11252,11320,11387,11453,10222,10231,10463
"540","210530","210530 IMPERATRIZ",232864,236311,236689,247505,248806,250063,251468,252320,253123,253873,254569,258016,258682,259337,259980,273027,273110,285146
"541","210535","210535 ITAIPAVA DO GRAJAU",13498,13636,13965,14297,12337,13103,14084,14298,15609,15817,16009,15897,16057,16005,16158,13847,13828,14143
"542","210540","210540 ITAPECURU MIRIM",51510,56241,56808,62110,63024,63907,64951,65713,66433,67104,67726,67673,68203,68723,69233,65721,60440,62269
"543","210542","210542 ITINGA DO MARANHAO",30019,25866,26127,24863,24997,25125,25269,25357,25440,25518,25589,25932,26000,26068,26134,23904,22513,22934
"544","210545","210545 JATOBA",4097,8557,8913,8526,8793,9051,9360,9596,9819,10027,10221,9993,10153,10310,10464,8239,7471,7610
"545","210547","210547 JENIPAPO DOS VIEIRAS",14903,15270,15433,15440,15589,15733,15899,16015,16124,16226,16321,16432,16515,17040,17123,17066,17076,17499
"546","210550","210550 JOAO LISBOA",21974,20482,20393,20381,23641,23561,23450,23338,23232,23133,23042,23696,23632,23740,23677,24609,24709,25287
"547","210560","210560 JOSELANDIA",14049,16054,16190,15433,15626,15688,15755,15792,15827,15861,15891,16136,16168,16198,16228,14942,14924,15235
"548","210565","210565 JUNCO DO MARANHAO",6628,4101,3945,4020,3904,3792,3653,3539,3431,3330,3237,3506,3432,4392,4334,5146,5146,5275
"549","210570","210570 LAGO DA PEDRA",42657,43947,44269,46083,46701,47298,48002,48511,48992,49440,49856,49911,50266,50616,50959,44422,44403,45875
"550","210580","210580 LAGO DO JUNCO",9580,9890,9886,10729,10798,10865,9873,10565,10602,10638,10672,10808,10840,10869,10900,9491,9506,9700
"551","210590","210590 LAGO VERDE",14079,15014,15103,15412,15520,15624,15742,15820,15893,15962,16025,16199,16257,16314,16369,14678,14769,15077
"552","210592","210592 LAGOA DO MATO",10260,10536,10632,10934,10922,10955,10989,11005,11020,11034,11048,11235,11250,11265,11280,10583,10572,10809
"553","210594","210594 LAGO DOS RODRIGUES",7847,7993,7945,7794,7769,7744,8775,8745,8716,8689,8664,8889,8873,8857,8841,8755,8758,8961
"554","210596","210596 LAGOA GRANDE DO MARANHAO",7914,9287,9358,10517,12879,12501,12687,12822,11111,11202,11286,11320,11394,11464,11534,11417,11411,11710
"555","210598","210598 LAJEADO NOVO",6734,6829,6934,6923,7016,7106,7211,7287,7359,7427,7489,7496,7550,7602,7653,7051,7057,7227
"556","210600","210600 LIMA CAMPOS",10997,11706,11790,11423,11475,11525,11580,11612,11642,11670,11695,11867,11893,11918,11943,11320,11297,11558
"557","210610","210610 LORETO",10494,10646,10698,11390,11495,11597,11714,11795,11871,11943,12009,12098,12157,12214,12271,11526,11597,11876
"558","210620","210620 LUIS DOMINGUES",5694,6884,6996,6510,6571,6629,6697,6744,6788,6829,6867,6917,6951,6984,7016,7159,7161,7351
"559","210630","210630 MAGALHAES DE ALMEIDA",14316,14653,14810,17587,17938,18277,18680,18982,19267,19532,19779,19620,19826,20029,20228,13747,13807,14001
"560","210632","210632 MARACACUME",17285,18098,18416,19155,19566,19887,20268,20549,20815,21063,21293,21201,21395,21586,21773,21106,21149,21686
"561","210635","210635 MARAJA DO SENA",6937,6979,6952,8051,7772,7751,7721,7689,7658,7630,7604,7810,7792,7775,7757,7200,7027,7165
"562","210637","210637 MARANHAOZINHO",10800,12299,12684,14065,14118,14524,15011,15384,15734,16062,16366,16013,16265,16511,16754,13797,13761,14086
"563","210640","210640 MATA ROMA",12816,14252,14492,15150,15408,15657,15951,16169,16375,16567,16745,16679,16829,16977,17122,16919,17090,17537
"564","210650","210650 MATINHA",22511,21037,21202,21885,22089,22286,22515,22673,22822,22962,23091,23256,23370,23482,23591,21808,22034,22530
"565","210660","210660 MATOES",27384,29134,29386,31015,31307,32216,32545,32773,32988,33188,33374,33615,33782,33943,34099,31954,32174,33300
"566","210663","210663 MATOES DO NORTE",8135,10944,11293,13794,14283,14755,15322,15758,16169,16552,16908,16451,16745,17033,17316,17582,17432,17945
"567","210667","210667 MILAGRES DO MARANHAO",7496,7838,7854,8118,8157,8195,8237,8261,8284,8306,8326,8445,8464,8483,8502,8812,8818,9048
"568","210670","210670 MIRADOR",22265,19999,19989,20452,20495,20537,20576,20586,20596,20605,20613,21000,21015,21031,21045,20998,21030,21518
"569","210675","210675 MIRANDA DO NORTE",17694,18288,18499,24427,25065,25681,26419,26979,27507,27999,28456,28001,28381,28754,29121,20562,23864,24377
"570","210680","210680 MIRINZAL",13980,14201,14298,14218,14312,14402,14504,14570,14632,14690,14744,14913,14962,15011,15059,13958,13978,14297
"571","210690","210690 MONCAO",26624,28386,28604,31738,32157,31717,32180,32516,32833,32884,33156,33201,33434,33664,33888,27620,27751,28606
"572","210700","210700 MONTES ALTOS",11119,9055,8918,9413,9342,9272,9183,9102,9026,8955,8889,9209,9160,9111,9064,10286,9106,9309
"573","210710","210710 MORROS",16053,17620,17917,17783,18028,18265,18544,18747,18938,19116,19282,19292,19433,19572,19708,18054,18554,18994
"574","210720","210720 NINA RODRIGUES",8964,10326,10526,12464,12785,13095,13465,13746,14012,14259,14489,14264,14454,14642,14826,12477,14176,14551
"575","210725","210725 NOVA COLINAS",4683,4987,5090,4885,4961,5034,5120,5183,5243,5298,5350,5340,5384,5427,5469,5021,5021,5144
"576","210730","210730 NOVA IORQUE",4216,5041,5086,4590,4594,4598,4599,4595,4592,4589,4586,4683,4683,4682,4682,4308,4320,4412
"577","210735","210735 NOVA OLINDA DO MARANHAO",13853,17646,17836,19134,19401,19659,19963,20184,20393,20588,20768,20774,20928,21080,21228,14277,14314,14468
"578","210740","210740 OLHO D'AGUA DAS CUNHAS",16983,17868,17928,18601,18711,18816,18934,19009,19080,19145,19206,19448,19505,19561,19616,17937,17919,18295
"579","210745","210745 OLINDA NOVA DO MARANHAO",10067,12456,12685,13181,13416,13643,13911,14110,14299,14474,14637,14563,14701,14836,14968,13320,13577,13909
"580","210750","210750 PACO DO LUMIAR",105383,101452,103958,105121,107764,110321,113378,115693,117877,119915,122420,120621,122197,123747,125265,145752,145643,152306
"581","210760","210760 PALMEIRANDIA",18711,18646,18774,18764,18896,19007,19133,19213,19288,19359,19424,19661,19722,19781,19840,21056,21059,21606
"582","210770","210770 PARAIBANO",19618,20048,20254,20103,20276,20443,20636,20768,20892,21008,21116,21290,21386,21479,21571,19530,18274,18619
"583","210780","210780 PARNARAMA",33435,35972,36301,34586,34791,33669,33883,34018,34146,34265,34375,34805,34907,35008,35108,31179,31250,32256
"584","210790","210790 PASSAGEM FRANCA",15367,17625,17898,17562,17773,17977,18216,18387,18549,18699,18839,18898,19019,19137,19253,17244,17220,17592
"585","210800","210800 PASTOS BONS",16771,18055,18304,18067,18268,18461,18687,18848,18999,19140,19271,19358,19472,19583,19693,18724,18802,19246
"586","210805","210805 PAULINO NEVES",12300,13195,13369,14519,14749,14971,15234,15427,15609,15779,15937,15901,16035,16166,16295,17054,17056,17523
"587","210810","210810 PAULO RAMOS",19061,16534,16235,20079,20396,20454,20514,20539,20612,20635,20657,21015,21040,21066,21092,20183,20341,20792
"588","210820","210820 PEDREIRAS",44077,39049,38932,39448,39419,39391,39337,38582,38506,38433,38365,39267,39229,39191,39153,36980,37050,38267
"589","210825","210825 PEDRO DO ROSARIO",25173,22417,22860,22732,23099,23454,23874,24183,24475,24748,25000,24930,25144,25354,25560,24260,24320,24917
"590","210830","210830 PENALVA",31159,34505,34910,34267,34717,35996,36520,36899,37255,37833,38144,38203,38470,38731,38987,32436,32511,33534
"591","210840","210840 PERI MIRIM",12817,12556,12475,13803,13844,13898,13956,13989,14019,14048,14074,14291,14318,14345,14371,11093,11108,11277
"592","210845","210845 PERITORO",20703,19601,19815,21201,21498,21785,22123,22369,22602,22818,23019,23025,23196,23364,23530,20471,20479,20910
"593","210850","210850 PINDARE-MIRIM",29445,31879,32237,31152,31384,31609,31866,32037,32198,32348,32488,32815,32941,33065,33186,29440,31429,32521
"594","210860","210860 PINHEIRO",74324,76391,77179,78162,78876,79566,80365,80917,81438,81924,82374,82990,83387,83777,84160,85054,84621,87919
"595","210870","210870 PIO XII",29580,22410,22217,22016,21860,21708,21512,21333,21164,21007,20861,21594,21485,21379,21274,21941,21886,22369
"596","210880","210880 PIRAPEMAS",13930,15477,15502,17381,17555,17722,17917,18053,18182,18302,18413,18527,18625,18720,18814,14819,17714,18120
"597","210890","210890 POCAO DE PEDRAS",20592,16184,15532,19708,19592,19165,18633,18191,17773,17384,17023,18157,17873,17595,17321,17133,17161,17444
"598","210900","210900 PORTO FRANCO",18523,19271,19511,21530,21890,22239,22651,22956,23243,23511,23760,23675,23885,24092,24294,23565,23903,24517
"599","210905","210905 PORTO RICO DO MARANHAO",5899,7110,7177,6030,6004,5978,5943,5909,5877,5847,5819,5995,5975,5955,5936,5961,5954,6091
"600","210910","210910 PRESIDENTE DUTRA",42856,41173,41301,44731,45155,45564,46039,46369,46680,46970,47239,47567,47804,48036,48264,45102,45155,46578
"601","210920","210920 PRESIDENTE JUSCELINO",12297,12094,12381,11541,11722,11897,12103,12255,12398,12532,12656,12629,12734,12838,12939,11293,11356,11616
"602","210923","210923 PRESIDENTE MEDICI",5148,6252,6359,6374,6471,6564,6674,6755,6831,6902,6968,6959,7015,7070,7124,4575,4696,4748
"603","210927","210927 PRESIDENTE SARNEY",14897,16095,16323,17165,17430,17686,17988,18210,18420,18615,18797,18764,18918,19069,19217,17542,17511,17913
"604","210930","210930 PRESIDENTE VARGAS",11018,10096,10193,10717,10843,10964,11105,11206,11302,11391,11474,11124,11193,11261,11328,9616,10549,10791
"605","210940","210940 PRIMEIRA CRUZ",12775,12366,12490,13954,14158,14355,14588,14758,14918,15068,15207,15197,15315,15431,15545,13095,13614,13922
"606","210945","210945 RAPOSA",21990,25042,25840,26327,27037,27723,28543,29167,29755,30304,30863,30337,30761,31177,31586,31667,30839,32054
"607","210950","210950 RIACHAO",21433,21626,21675,20209,20150,20093,20011,19926,19846,19771,19701,20243,20195,20334,20288,22153,22145,22699
"608","210955","210955 RIBAMAR FIQUENE",7273,7391,7483,7318,7382,7444,7514,7563,7609,7652,7691,7755,7791,7825,7859,7424,7420,7597
"609","210960","210960 ROSARIO",35432,39103,39631,39576,40030,40469,40983,41349,41694,42016,42314,42482,42740,42994,43243,36688,38475,39763
"610","210970","210970 SAMBAIBA",4853,5971,6035,5487,5505,5522,5538,5546,5554,5561,5568,5663,5671,5679,5686,5568,5568,5701
"611","210975","210975 SANTA FILOMENA DO MARANHAO",5788,5703,5806,7061,7155,7246,7426,7503,7576,7645,7708,7719,7773,7826,7878,6698,6697,6839
"612","210980","210980 SANTA HELENA",34627,35070,35470,39110,39744,40356,41081,40518,41009,41466,41891,41770,42130,42483,42829,41221,41561,43112
"613","210990","210990 SANTA INES",76663,84582,85698,77282,78020,78733,82106,82680,83238,83759,88013,88590,89044,89489,89927,85261,85014,88167
"614","211000","211000 SANTA LUZIA",84898,71314,71451,74043,74501,74943,75444,75762,71067,71329,71576,72440,72667,72887,73105,57189,57635,59037
"615","211003","211003 SANTA LUZIA DO PARUA",19152,20194,20193,22644,22843,23035,23256,24507,24663,24810,24946,25134,25254,25371,25487,23413,24307,24870
"616","211010","211010 SANTA QUITERIA DO MARANHAO",33683,29215,29552,29191,29460,28914,29208,24879,25041,25192,25334,25519,25642,25764,25884,23782,23957,24489
"617","211020","211020 SANTA RITA",25394,31940,32871,32366,33117,33843,34710,35364,35980,36556,37090,37404,37855,38298,38732,35231,37035,38446
"618","211023","211023 SANTANA DO MARANHAO",12023,10890,11171,11661,11937,12203,12521,12761,12987,13199,13395,13223,13386,13547,13704,10325,10567,10777
"619","211027","211027 SANTO AMARO DO MARANHAO",9741,11509,11693,13820,14143,14456,14828,15110,15375,15623,15853,15654,15846,16034,16219,13193,13949,14280
"620","211030","211030 SANTO ANTONIO DOS LOPES",14104,14637,14662,14288,14291,14294,14289,14270,14253,14237,14222,14534,14528,14522,14516,14298,14304,14623
"621","211040","211040 SAO BENEDITO DO RIO PRETO",17617,17704,17819,17799,17904,18004,18118,18189,18256,18319,18377,18608,18663,18717,18769,18306,18364,18793
"622","211050","211050 SAO BENTO",35037,38645,39312,40736,41421,42083,42867,43447,45044,45560,46039,44811,45211,45604,45989,46307,46395,48036
"623","211060","211060 SAO BERNARDO",26560,26273,26614,26476,26765,27044,27369,27599,27817,28020,28208,28343,28507,28667,28825,26899,26943,27887
"624","211065","211065 SAO DOMINGOS DO AZEITAO",7930,7168,7253,6983,7037,7088,7147,7187,7224,7259,7291,7363,7392,7420,7448,7937,7992,8213
"625","211070","211070 SAO DOMINGOS DO MARANHAO",37631,33491,33503,33607,33650,33692,33725,33716,33707,33699,33691,34368,34376,34384,34391,33837,34034,35221
"626","211080","211080 SAO FELIX DE BALSAS",4205,4511,4438,4702,4669,4636,4593,4554,4518,4484,4453,4609,4585,4562,4540,4402,4402,4495
"627","211085","211085 SAO FRANCISCO DO BREJAO",8615,8702,8865,10261,10507,10745,11027,11242,11444,11633,11808,11652,11798,11941,12082,8837,9051,9222
"628","211090","211090 SAO FRANCISCO DO MARANHAO",12805,14632,14806,12146,11908,11932,11955,11961,11966,11971,11976,12201,12210,12218,12226,12049,12064,12353
"629","211100","211100 SAO JOAO BATISTA",21737,18617,18571,19920,19997,20072,20152,20195,20235,20272,20307,20629,20665,20701,20736,18559,18544,18909
"630","211102","211102 SAO JOAO DO CARU",15325,12613,12513,12309,15649,15631,15599,15558,15520,15483,15450,15828,15808,15787,15768,12297,12251,12421
"631","211105","211105 SAO JOAO DO PARAISO",12063,11611,11728,10814,10849,10882,10917,10933,10949,10963,10977,11162,11177,11193,11207,9622,9904,10105
"632","211107","211107 SAO JOAO DO SOTER",17047,17108,17323,17238,17423,17602,17809,17956,18095,18225,18345,18438,18543,18645,18746,16083,16889,17254
"633","211110","211110 SAO JOAO DOS PATOS",24197,24267,24358,24928,24927,25056,25199,25287,25371,25448,25520,25860,25929,25996,26063,25452,25020,25891
"634","211120","211120 SAO JOSE DE RIBAMAR",138707,135821,139475,163045,165418,167714,170423,172402,174267,176008,176418,176321,177687,179028,180345,269657,244579,257414
"635","211125","211125 SAO JOSE DOS BASILIOS",7741,7490,7491,7496,7501,7506,7507,7501,7495,7489,7484,7642,7641,7640,7639,6977,6957,7102
"636","211130","211130 SAO LUIS",1017774,986826,997093,1014837,1027430,1039610,1053922,1064197,1073893,1082935,1091868,1094667,1101884,1108975,1115932,1061374,1037775,1088057
"637","211140","211140 SAO LUIS GONZAGA DO MARANHAO",20717,20163,19877,20153,19952,19758,19510,18807,18607,18421,18247,18988,18856,18727,18600,17870,17818,18153
"638","211150","211150 SAO MATEUS DO MARANHAO",38742,39210,39620,39093,39418,39733,40095,40341,40574,40791,40992,41350,41529,41579,41750,38902,38829,40160
"639","211153","211153 SAO PEDRO DA AGUA BRANCA",11235,11439,11479,12028,12113,12195,12287,12349,12407,12461,12511,12645,12690,12735,12779,14379,13444,14736
"640","211157","211157 SAO PEDRO DOS CRENTES",4372,4136,4150,4425,4456,4486,4520,4542,4563,4583,4601,4651,4668,4684,4700,5764,5783,5965
"641","211160","211160 SAO RAIMUNDO DAS MANGABEIRAS",15487,16447,16596,17474,17674,17868,18093,18255,18406,18548,18680,18755,18868,18980,19090,18593,18672,19129
"642","211163","211163 SAO RAIMUNDO DO DOCA BEZERRA",6488,4590,4372,6090,5921,5757,5554,5387,5230,5082,4946,5345,5237,5131,5028,5646,5650,5767
"643","211167","211167 SAO ROBERTO",4588,5145,5211,5957,6077,6193,6329,6432,6529,6620,6704,6649,6719,6789,6856,4548,4544,4602
"644","211170","211170 SAO VICENTE FERRER",20134,20288,20458,20863,21052,21235,21445,21591,20678,20800,20913,22142,22247,22350,22452,19446,19498,19885
"645","211172","211172 SATUBINHA",10616,8651,8718,11990,12301,12600,12959,13231,13487,13727,13949,13730,13914,14096,14274,8821,8784,8880
"646","211174","211174 SENADOR ALEXANDRE COSTA",7532,9343,9413,10256,10386,10511,10657,10763,10862,10955,11042,11067,11141,11214,11285,10087,10207,10445
"647","211176","211176 SENADOR LA ROCQUE",17968,19328,19359,17998,14550,14447,14315,14195,14081,13975,13877,14367,14293,14050,13981,14688,14700,15035
"648","211178","211178 SERRANO DO MARANHAO",3196,10911,11089,10940,11080,10545,10693,10758,10859,10953,11040,10206,10253,10299,10343,10194,10202,10461
"649","211180","211180 SITIO NOVO",16369,16009,16080,17002,17147,17288,17449,17559,17663,17760,17851,18001,18081,18160,18237,16626,17074,17457
"650","211190","211190 SUCUPIRA DO NORTE",10491,10529,10540,10444,10450,10454,10454,10444,10434,10425,10416,10639,10636,10634,10631,10247,10238,10471
"651","211195","211195 SUCUPIRA DO RIACHAO",4906,4818,4876,4613,5437,5466,5498,5519,5537,5556,5571,5645,5660,5676,5692,4966,4985,5088
"652","211200","211200 TASSO FRAGOSO",6560,6850,6895,7796,7904,8008,8130,8219,8303,8382,8455,8459,8521,8582,8642,8891,8862,9106
"653","211210","211210 TIMBIRAS",29331,26884,26905,27997,28120,28238,28368,28442,28511,28575,28635,29064,29124,29183,29241,26501,26484,27344
"654","211220","211220 TIMON",148620,148804,150637,155460,157438,159471,161721,163342,164869,166295,167619,167973,169107,170222,171317,175044,174465,182241
"655","211223","211223 TRIZIDELA DO VALE",16938,18867,19097,18953,19149,19339,19559,20747,20891,21028,21749,21885,21998,22112,22223,22438,22484,23052
"656","211227","211227 TUFILANDIA",5497,5677,5688,5596,5624,5651,5681,5699,5716,5731,5746,5826,5840,5854,5868,5502,5507,5633
"657","211230","211230 TUNTUM",37758,39041,39378,39183,39560,39924,40273,40566,40844,41102,41342,41621,41832,42040,42242,34411,36251,37401
"658","211240","211240 TURIACU",36250,33456,33649,33933,34136,34333,34554,34694,34826,34949,35063,35497,35604,35709,35811,37522,37491,38905
"659","211245","211245 TURILANDIA",17825,20758,21102,22846,23277,23694,24190,24559,24907,25232,25533,25365,25619,25868,26112,31875,31638,33032
"660","211250","211250 TUTOIA",46210,47733,48427,52788,53724,54629,55705,56501,57253,57955,58605,58311,58860,59398,59927,53346,53356,55041
"661","211260","211260 URBANO SANTOS",16973,22459,22936,24573,25108,25356,26833,31840,32316,32629,33038,32775,33122,33459,33791,32792,32812,34060
"662","211270","211270 VARGEM GRANDE",36246,44648,45630,49412,50541,51633,52937,53918,54845,55710,56511,55841,56510,57168,57813,48430,43261,44540
"663","211280","211280 VIANA",46191,48907,49351,49496,49883,50257,50687,50976,51249,51503,51738,52229,52441,52649,52852,51449,51442,53115
"664","211285","211285 VILA NOVA DOS MARTIRIOS",7556,8961,9188,11258,11608,11946,12352,12661,12954,13227,13480,13183,13392,13598,13800,10138,10362,10575
"665","211290","211290 VITORIA DO MEARIM",35477,31851,32015,31217,31406,31588,31793,31923,32046,32161,32267,32664,32764,32861,32956,30478,30805,31851
"666","211300","211300 VITORINO FREIRE",27864,31107,31145,31658,31684,31709,30959,30937,30917,30897,30879,31525,31523,31522,31520,30067,30845,31906
"667","211400","211400 ZE DOCA",52846,46290,46265,50173,51615,49355,49848,50190,50507,50806,51084,51471,51714,51956,52190,40786,40801,41943
"668","220005","220005 ACAUA",5894,6437,6496,6749,6795,6840,6890,6913,6933,6951,6966,7065,7084,7102,7119,6422,6420,6515
"669","220010","220010 AGRICOLANDIA",5209,5121,5100,5098,5080,5062,5097,5087,5078,5069,5062,5148,5139,5131,5123,4962,4940,5023
"670","220020","220020 AGUA BRANCA",16431,16345,16518,16451,16600,16744,16869,16944,17010,17068,17119,17349,17411,17470,17525,17642,17573,18033
"671","220025","220025 ALAGOINHA DO PIAUI",5836,7662,7727,7341,7378,7413,7467,7485,7501,7515,7526,7636,7651,7665,7678,6819,6819,6901
"672","220027","220027 ALEGRETE DO PIAUI",4910,4610,4593,5153,5163,5173,5211,5215,4832,4835,4838,4912,4915,4918,4921,4571,4634,4713
"673","220030","220030 ALTO LONGA",12160,14004,14142,13646,13735,13820,13923,13967,14006,14040,14070,14268,14304,14339,14371,13185,13479,13734
"674","220040","220040 ALTOS",39379,39430,39735,38822,39031,39232,39522,39625,39715,39795,39864,40440,40524,40605,40681,46826,47453,49637
"675","220045","220045 ALVORADA DO GURGUEIA",4241,5120,5206,5050,5115,5177,5216,5249,5278,5303,5326,5392,5419,5445,5469,5327,5322,5459
"676","220050","220050 AMARANTE",17183,17813,17889,17135,17155,17173,17298,17305,17312,17317,17322,17592,17598,17604,17609,17194,17234,17577
"677","220060","220060 ANGICAL DO PIAUI",7344,6798,6787,6672,6664,6655,6703,6697,6692,6688,6684,6792,6788,6783,6779,6827,6827,6982
"678","220070","220070 ANISIO DE ABREU",7839,8434,8542,9098,9244,9385,9456,9531,9597,9655,9705,9818,9880,9938,9994,9401,9407,9631
"679","220080","220080 ANTONIO ALMEIDA",2498,3231,3265,3039,3054,3068,3090,3097,3103,3109,3114,3158,3164,3170,3175,3155,3152,3228
"680","220090","220090 AROAZES",6191,6025,6014,5779,5761,5742,5784,5773,5763,5755,5748,5844,5835,5827,5819,5369,5369,5433
"681","220095","220095 AROEIRAS DO ITAIM",2651,2731,2760,2440,2441,2442,2459,2460,2460,2460,2511,2551,2551,2551,2551,2709,2690,2766
"682","220100","220100 ARRAIAL",4671,5145,5167,4688,4672,4655,4688,4678,4670,4662,4656,4735,4727,4720,4713,4519,4520,4593
"683","220105","220105 ASSUNCAO DO PIAUI",7545,8243,8366,7503,7547,7590,7645,7667,7686,7703,7717,7828,7846,7863,7879,7467,7452,7597
"684","220110","220110 AVELINO LOPES",10741,11840,12040,11067,11164,11258,11341,11390,11433,11471,11503,11252,11289,11326,11361,10806,10866,11106
"685","220115","220115 BAIXA GRANDE DO RIBEIRO",9141,10531,10800,10516,10727,10930,11014,11123,11218,11302,11375,11497,11586,11671,11751,13273,13272,13838
"686","220117","220117 BARRA D'ALCANTARA",3590,3882,3896,3852,3855,3858,3886,3886,3887,3888,3889,3950,3951,3952,3953,3998,3995,4091
"687","220120","220120 BARRAS",43214,44574,44914,44850,45154,45448,45786,45938,46072,46189,46291,46941,47066,47185,47298,47909,47938,49533
"688","220130","220130 BARREIRAS DO PIAUI",3282,3452,3487,3234,3245,3255,3278,3283,3287,3291,3294,3344,3348,3352,3356,3271,3264,3334
"689","220140","220140 BARRO DURO",7406,6852,6849,6607,6594,6580,6627,6941,6935,6930,6925,7038,7032,7027,7022,6641,6640,6744
"690","220150","220150 BATALHA",26898,26465,26680,25774,25901,26023,26215,26277,26331,26379,26421,26806,26857,26905,26951,26300,26300,27123
"691","220155","220155 BELA VISTA DO PIAUI",2852,3441,3483,3778,3817,3854,3882,3902,3919,3934,3947,3999,4015,4030,4044,4093,4091,4208
"692","220157","220157 BELEM DO PIAUI",2494,2869,2907,3284,3337,3388,3413,3440,3464,3485,3503,3544,3566,3587,3607,3425,3423,3508
"693","220160","220160 BENEDITINOS",9432,9833,9842,9911,9927,9943,10014,10021,10027,10032,10037,10462,10467,10473,10479,9803,9929,10104
"694","220170","220170 BERTOLINIA",4660,5455,5483,5319,5335,5350,5389,5396,5402,5408,5413,5495,5501,5507,5512,5579,5562,5701
"695","220173","220173 BETANIA DO PIAUI",10106,6379,6439,6015,6029,6042,6086,6092,6097,6102,6106,6200,6205,6210,6214,6222,6220,6368
"696","220177","220177 BOA HORA",6164,6262,6362,6296,6383,6467,6516,6560,6599,6633,6663,6744,6781,6815,6848,6989,6902,7108
"697","220180","220180 BOCAINA",4475,4155,4149,4369,4382,4394,4425,4431,4436,4440,4428,4496,4500,4505,4509,4078,4078,4131
"698","220190","220190 BOM JESUS",17338,20100,20513,22629,23144,23642,23826,24092,24327,24532,24711,24960,25179,25387,25584,28857,28796,30321
"699","220191","220191 BOM PRINCIPIO DO PIAUI",4100,5429,5504,5304,5357,5407,5447,5474,5497,5517,5535,5608,5630,5651,5670,5636,5636,5786
"700","220192","220192 BONFIM DO PIAUI",4795,5334,5373,5393,5433,5471,5512,5531,5549,5564,5577,5654,5670,5685,5700,5918,5913,6089
"701","220194","220194 BOQUEIRAO DO PIAUI",5008,6508,6597,6193,6242,6288,6335,6359,6380,6284,6300,6388,6407,6426,6443,6594,6545,6728
"702","220196","220196 BRASILEIRA",6737,7920,7964,7966,8013,8057,8116,8139,8159,8177,8192,8310,8329,8347,8364,8438,8436,8658
"703","220198","220198 BREJO DO PIAUI",4690,3986,4025,3850,3786,3724,3749,3714,3871,3845,3823,3902,3875,3848,3824,3899,3904,3969
"704","220200","220200 BURITI DOS LOPES",18344,19700,19793,19074,19144,19212,19352,19386,19415,19441,19464,19754,19781,19807,19832,19545,19654,20096
"705","220202","220202 BURITI DOS MONTES",8229,8046,8121,7974,8027,8079,8138,8165,8188,7909,8108,8223,8244,8264,8282,7440,7434,7538
"706","220205","220205 CABECEIRAS DO PIAUI",9245,9710,9834,9928,10038,10144,10220,10276,10325,10368,10406,10540,10586,10630,10671,10001,10212,10449
"707","220207","220207 CAJAZEIRAS DO PIAUI",3056,3285,3323,3343,3379,3413,3438,3456,3471,3485,3497,3544,3559,3573,3586,3113,3108,3146
"708","220208","220208 CAJUEIRO DA PRAIA",6164,7183,7286,7163,7243,7321,7375,7415,7451,7483,7510,7608,7642,7674,7704,7963,7957,8203
"709","220209","220209 CALDEIRAO GRANDE DO PIAUI",5514,5784,5813,5671,5686,5700,5742,5675,5674,5680,5684,5770,5776,5781,5786,5503,5503,5605
"710","220210","220210 CAMPINAS DO PIAUI",4505,5759,5818,5408,5429,5449,5489,5499,5507,5515,5522,5603,5613,5620,5628,4948,4938,4988
"711","220211","220211 CAMPO ALEGRE DO FIDALGO",4139,4579,4644,4693,4755,4815,4851,4883,4911,4935,4957,5019,5045,5069,5093,4605,4616,4701
"712","220213","220213 CAMPO GRANDE DO PIAUI",5582,5808,5898,5592,5649,5704,5746,5775,5801,5823,5842,5919,5943,5965,5987,6011,6020,6188
"713","220217","220217 CAMPO LARGO DO PIAUI",6539,6920,7033,6803,6885,6964,7016,7058,7094,7126,7154,7245,7279,7311,7342,7422,7419,7636
"714","220220","220220 CAMPO MAIOR",41148,45827,46076,45177,45338,45493,45827,45904,45971,46031,46082,46770,46833,46893,46950,45252,45793,47074
"715","220225","220225 CANAVIEIRA",4163,4098,4098,3921,3907,3892,3920,3911,3904,3898,3892,3957,3950,3944,3938,3409,3414,3429
"716","220230","220230 CANTO DO BURITI",18700,20556,20759,20020,20201,20375,20528,20619,20700,20770,20831,21112,21187,21258,21326,19355,19365,19669
"717","220240","220240 CAPITAO DE CAMPOS",9932,11142,11246,10953,11024,11092,11173,11208,11239,11205,11229,11388,11417,11445,11471,11108,11100,11347
"718","220245","220245 CAPITAO GERVASIO OLIVEIRA",2359,3977,4024,3878,3913,3946,3975,3993,4008,4021,4033,4086,4100,4114,4127,3974,3974,4065
"719","220250","220250 CARACOL",9509,10643,10832,10212,10332,10448,10527,10588,10641,10688,10729,10866,10916,10964,11009,10326,10318,10538
"720","220253","220253 CARAUBAS DO PIAUI",5649,5526,5597,5525,5580,5634,5676,5704,5728,5750,5769,5845,5868,5890,5910,5626,5630,5755
"721","220255","220255 CARIDADE DO PIAUI",4149,4715,4779,4826,4871,4915,4951,4974,4994,5012,4982,5049,5067,5085,5102,5040,5033,5162
"722","220260","220260 CASTELO DO PIAUI",18694,19082,19149,18336,18336,18336,18469,18466,18160,19410,19410,19715,19716,19715,19716,19266,19288,19663
"723","220265","220265 CAXINGO",5242,5169,5276,5039,5108,5174,5213,5248,5279,5306,5330,5395,5424,5451,5477,5497,5496,5657
"724","220270","220270 COCAL",25335,26956,27218,26036,26923,27067,27274,27163,27230,27287,27338,27725,27787,27845,27901,28121,28212,29209
"725","220271","220271 COCAL DE TELHA",4152,4652,4686,4525,4547,4567,4601,4611,4621,4805,4812,4881,4891,4899,4908,4927,4911,5034
"726","220272","220272 COCAL DOS ALVES",5936,5495,5523,5572,5605,5635,5677,6014,6028,6042,6054,6140,6153,6168,6180,6362,6386,6569
"727","220273","220273 COIVARAS",3116,3907,3960,3811,3842,3872,3901,3916,3930,3942,3953,4007,4020,4032,4044,4110,4117,4233
"728","220275","220275 COLONIA DO GURGUEIA",5724,5865,5960,6036,6115,6191,6238,6278,6314,6345,6372,6451,6484,6516,6545,6157,6150,6287
"729","220277","220277 COLONIA DO PIAUI",7522,7882,7939,7433,7447,7461,7515,7522,7527,7532,7536,7651,7656,7661,7665,6991,6994,7088
"730","220280","220280 CONCEICAO DO CANINDE",5595,5064,5074,4475,4486,4496,4528,4532,4536,4540,4726,4798,4803,4807,4811,4943,4932,5063
"731","220285","220285 CORONEL JOSE DIAS",4573,4481,4476,4541,4551,4561,4594,4598,4602,4605,4608,4678,4682,4685,4688,4243,4250,4305
"732","220290","220290 CORRENTE",25126,25223,25406,25407,25575,25737,25927,26011,26084,26149,26205,26575,26644,26709,26771,27419,27278,28275
"733","220300","220300 CRISTALANDIA DO PIAUI",6941,8026,8173,7831,7904,7973,8033,8069,8102,8130,8154,8264,8294,8323,8350,7369,7356,7454
"734","220310","220310 CRISTINO CASTRO",10089,9791,9840,9981,10036,10089,10164,10191,10214,10235,10253,10401,10423,10444,10464,10509,10503,10772
"735","220320","220320 CURIMATA",10781,10658,10764,10761,10857,10948,11030,11078,11121,11158,11190,11348,11388,11426,11461,11044,11270,11552
"736","220323","220323 CURRAIS",4543,4669,4711,4704,4741,4776,4811,4829,4845,4859,4871,4939,4954,4968,4982,4832,4854,4968
"737","220325","220325 CURRALINHOS",4289,4189,4243,4183,4225,4265,4297,4318,4337,4353,4367,4425,4443,4459,4475,4396,4413,4527
"738","220327","220327 CURRAL NOVO DO PIAUI",3817,5040,5123,4869,4931,4990,5027,5059,5086,5152,5251,5316,5343,5367,5390,5073,5073,5185
"739","220330","220330 DEMERVAL LOBAO",14189,13173,13232,13278,13339,13398,13496,13526,13552,13575,13595,13793,13817,13840,13862,16359,16352,16998
"740","220335","220335 DIRCEU ARCOVERDE",6025,6915,6993,6675,6722,6767,6818,6841,6862,6880,6896,6992,7011,7029,7046,7061,7054,7238
"741","220340","220340 DOM EXPEDITO LOPES",6726,6721,6783,6569,6617,6662,6712,6735,6756,6774,6790,6884,6904,6922,6940,6315,6320,6421
"742","220342","220342 DOMINGOS MOURAO",4280,4435,4446,4264,4263,4261,4292,4291,4290,4288,4287,4356,4355,4354,4352,4071,4075,4138
"743","220345","220345 DOM INOCENCIO",10092,10628,10788,9245,9271,9296,9364,9376,9387,9396,9404,9546,9556,9565,9574,9036,9159,9335
"744","220350","220350 ELESBAO VELOSO",15241,14577,14491,14512,14452,14394,14496,14462,14432,14406,14383,14630,14602,14575,14550,13574,13607,13786
"745","220360","220360 ELISEU MARTINS",3859,4858,4922,4665,4702,4738,4773,4791,4807,4822,4834,4900,4915,4930,4943,4377,4377,4435
"746","220370","220370 ESPERANTINA",36182,37231,37525,37767,38049,38322,38607,38749,38874,38983,39078,39621,39737,39848,39953,40968,40970,42510
"747","220375","220375 FARTURA DO PIAUI",4548,5339,5400,5074,5104,5133,5171,5186,5199,5210,5220,5295,5307,5319,5330,5284,5284,5414
"748","220380","220380 FLORES DO PIAUI",3965,4596,4610,4366,4366,4366,4396,4395,4394,4394,4393,4464,4463,4462,4461,4415,4414,4508
"749","220385","220385 FLORESTA DO PIAUI",2492,2624,2651,2482,2488,2492,2511,2513,2515,2517,2518,2556,2558,2560,2561,2334,2333,2364
"750","220390","220390 FLORIANO",57226,57700,57975,57690,57928,58158,58586,58702,58803,58892,58969,59840,59935,60025,60111,62593,62036,64150
"751","220400","220400 FRANCINOPOLIS",5210,5443,5460,5235,5234,5233,5270,5268,5267,5265,5264,5349,5348,5347,5345,4506,4505,4517
"752","220410","220410 FRANCISCO AYRES",5406,5160,5151,4477,4419,4363,4392,4361,4333,4309,4288,4373,4348,4323,4300,4407,4412,4494
"753","220415","220415 FRANCISCO MACEDO",2527,2319,2314,2879,2921,2961,2984,3078,3097,3113,3128,3166,3184,3200,3216,2921,2929,2986
"754","220420","220420 FRANCISCO SANTOS",7038,8533,8680,8592,8727,8857,8924,8993,9054,9108,9154,9262,9319,9372,9423,8257,8237,8366
"755","220430","220430 FRONTEIRAS",10590,11373,11497,11117,11202,11284,11368,11411,11372,11405,11432,11590,11625,11659,11690,10293,10259,10382
"756","220435","220435 GEMINIANO",5252,5406,5457,5475,5194,5237,5276,5298,5319,5337,5352,5424,5442,5460,5477,5447,5445,5587
"757","220440","220440 GILBUES",11323,10648,10680,10402,10416,10429,10504,10509,10514,10518,10522,10686,10690,10694,10698,10926,10892,11166
"758","220450","220450 GUADALUPE",11004,9860,9814,10268,10268,10268,10342,10340,10338,10337,10335,10500,10499,10497,10496,10305,10270,10478
"759","220455","220455 GUARIBAS",4635,4468,4490,4401,4417,4432,4464,4472,4478,4484,4489,4556,4562,4568,4573,4281,4276,4350
"760","220460","220460 HUGO NAPOLEAO",3764,3779,3785,3771,3777,3782,3809,3811,3813,3815,3816,3875,3877,3879,3880,3526,3518,3562
"761","220465","220465 ILHA GRANDE",8770,8663,8734,8914,8993,9069,9136,9176,9211,9242,9268,9394,9426,9457,9487,9207,9274,9501
"762","220470","220470 INHUMA",15486,15403,15491,14845,14878,14909,15017,15032,15044,15056,15065,15296,15308,15319,15330,14803,14958,15259
"763","220480","220480 IPIRANGA DO PIAUI",9197,9624,9729,9327,9397,9463,9534,9569,9599,9626,9649,9782,9811,9838,9863,9275,9420,9620
"764","220490","220490 ISAIAS COELHO",7664,8014,8045,8221,8265,8307,8368,8389,8408,8424,8428,8551,8549,8566,8582,7782,7774,7886
"765","220500","220500 ITAINOPOLIS",10094,11403,11498,11109,11165,11219,11302,11330,11354,11375,11343,11507,11530,11551,11571,10614,10790,10980
"766","220510","220510 ITAUEIRA",9786,10861,10909,10678,10704,10728,10806,10818,10828,10837,10845,11010,11019,11028,11037,9939,10323,10493
"767","220515","220515 JACOBINA DO PIAUI",5718,5774,5814,5722,5696,5670,5710,5695,5682,5671,5656,5753,5741,5729,5718,5630,5613,5715
"768","220520","220520 JAICOS",17482,17310,17445,18035,18202,18364,18501,18585,18660,18725,18782,19035,19104,19170,19233,17408,17527,17811
"769","220525","220525 JARDIM DO MULATO",3910,4291,4321,4309,4334,4358,4389,4402,4412,4422,4430,4494,4504,4513,4522,4178,4180,4251
"770","220527","220527 JATOBA DO PIAUI",4616,4653,4679,4656,4683,4708,4743,4756,4767,4777,4786,4855,4865,4875,4885,4495,4494,4568
"771","220530","220530 JERUMENHA",4879,4496,4486,4390,4381,4372,4403,4397,4392,4388,4384,4457,4452,4447,4443,4435,4497,4600
"772","220535","220535 JOAO COSTA",3204,3291,3310,2960,2956,2951,2971,2968,2965,2963,2961,3010,3008,3005,3003,2971,2970,3031
"773","220540","220540 JOAQUIM PIRES",13335,14175,14275,13817,13874,13929,14032,14059,14083,14105,14123,14332,14354,14376,14396,13893,13886,14175
"774","220545","220545 JOCA MARQUES",4588,5500,5614,5100,5158,5214,5253,5282,5308,5331,5350,5419,5443,5466,5488,5390,5394,5535
"775","220550","220550 JOSE DE FREITAS",35759,36177,36483,37085,37410,37724,38005,38169,38314,38440,38550,39072,39208,39336,39457,42575,42559,44391
"776","220551","220551 JUAZEIRO DO PIAUI",4420,4906,4940,4757,4775,4793,4828,4837,5380,5385,5391,5472,5478,5485,5491,5215,5214,5311
"777","220552","220552 JULIO BORGES",5501,5401,5450,5373,5407,5439,5479,5496,5510,5523,5534,5614,5627,5640,5653,5388,5388,5499
"778","220553","220553 JUREMA",4173,4515,4555,4517,4554,4588,4623,4641,4657,4671,4683,4748,4763,4777,4790,4426,4425,4505
"779","220554","220554 LAGOINHA DO PIAUI",2318,2637,2678,2656,2689,2721,2741,2757,2772,2785,2796,2831,2845,2858,2870,2934,2939,3029
"780","220555","220555 LAGOA ALEGRE",8061,8090,8212,8008,8097,8184,8245,8290,8330,8365,8395,8504,8542,8577,8610,8263,8256,8449
"781","220556","220556 LAGOA DO BARRO DO PIAUI",5189,4673,4691,4523,4529,4535,4568,4570,4579,4580,4582,4653,4655,4656,4658,4997,4995,5146
"782","220557","220557 LAGOA DE SAO FRANCISCO",6290,6708,6779,6422,6471,6517,6566,6590,6611,6630,6646,6738,6758,6777,6795,6329,6331,6449
"783","220558","220558 LAGOA DO PIAUI",4085,3790,3810,3863,3892,3920,3948,3963,3975,3987,3996,4052,4064,4075,4086,4805,4810,5009
"784","220559","220559 LAGOA DO SITIO",4665,5188,5293,4850,4905,4958,4995,5022,5047,5068,5087,5154,5177,5198,5219,4529,4520,4575
"785","220560","220560 LANDRI SALES",5579,5746,5762,5281,5255,5229,5266,5251,5238,5227,5217,5307,5295,5283,5272,5315,5213,5311
"786","220570","220570 LUIS CORREIA",25891,26900,27148,28406,28725,29034,29252,29415,29558,29683,29792,30177,30311,30438,30558,30701,30641,31775
"787","220580","220580 LUZILANDIA",22713,25021,25097,24721,24774,24824,25005,25028,25049,25067,25082,25467,25486,25504,25521,25382,25375,26204
"788","220585","220585 MADEIRO",7613,7902,8011,7816,7897,7974,8034,8075,8111,8143,8170,8276,8310,8342,8372,8046,8032,8218
"789","220590","220590 MANOEL EMIDIO",4966,5511,5545,5213,5218,5223,5260,5262,5263,5265,5266,5348,5349,5351,5352,5212,5209,5314
"790","220595","220595 MARCOLANDIA",7355,7361,7474,7812,7938,8059,8121,8186,8249,8299,8342,8439,8492,8543,8590,8541,8533,8783
"791","220600","220600 MARCOS PARENTE",4744,4318,4293,4456,4455,4453,4484,4482,4481,4479,4478,4550,4549,4547,4546,4729,4724,4848
"792","220605","220605 MASSAPE DO PIAUI",6541,6613,6662,6220,6240,6260,6305,6315,6323,6332,6338,6434,6441,6449,6456,5233,5218,5215
"793","220610","220610 MATIAS OLIMPIO",10771,10766,10866,10473,10531,10586,10664,10693,10718,10740,10759,10913,10936,10958,10979,10712,10641,10875
"794","220620","220620 MIGUEL ALVES",31696,33104,33413,32289,32477,32658,32900,32993,33075,33146,33209,33684,33760,33833,33901,32151,32150,33071
"795","220630","220630 MIGUEL LEAO",1472,1228,1211,1253,1245,1236,1244,1239,1235,1231,1228,1250,1246,1242,1239,1318,1318,1352
"796","220635","220635 MILTON BRANDAO",8260,7220,7248,6769,6759,6750,6797,6791,6517,6513,6511,6617,6613,6608,6603,6543,6542,6678
"797","220640","220640 MONSENHOR GIL",10953,10616,10641,10333,10335,10337,10411,10410,10410,10409,10409,10565,10564,10564,10563,10260,10255,10455
"798","220650","220650 MONSENHOR HIPOLITO",7184,7369,7425,7391,7440,7486,7541,7565,7586,7605,7621,7729,7749,7767,7785,7550,7577,7751
"799","220660","220660 MONTE ALEGRE DO PIAUI",10900,10632,10666,10345,10354,10363,10438,10441,10444,10446,10448,10611,10613,10615,10618,10683,10660,10910
"800","220665","220665 MORRO CABECA NO TEMPO",4482,4362,4380,4068,4061,4053,4082,4077,4073,4070,4066,4533,4532,4530,4527,4361,4377,4458
"801","220667","220667 MORRO DO CHAPEU DO PIAUI",7228,6560,6613,6499,6537,6574,6622,6641,6657,6672,6684,6781,6796,6811,6825,6422,6425,6547
"802","220669","220669 MURICI DOS PORTELAS",6479,7877,8026,8464,8591,8714,8781,8846,8903,8954,8997,9105,9159,9209,9258,9841,9797,10139
"803","220670","220670 NAZARE DO PIAUI",7781,7144,7072,7321,7284,7248,7300,7279,7261,7245,7231,7356,7339,7322,7307,6660,6665,6729
"804","220672","220672 NAZARIA",NA,NA,7895,8068,8149,8227,8289,8330,8366,8398,8425,8536,8570,8602,8632,10278,10262,10706
"805","220675","220675 NOSSA SENHORA DE NAZARE",4018,4165,4191,4556,4610,4661,4696,4723,4747,4768,4786,4847,4870,4891,4911,5195,5228,5406
"806","220680","220680 NOSSA SENHORA DOS REMEDIOS",8177,8276,8370,8206,8283,8356,8419,8457,8491,8521,8547,8661,8692,8723,8751,8523,8525,8732
"807","220690","220690 NOVO ORIENTE DO PIAUI",6806,6367,6322,6498,6478,6459,6505,6493,6483,6474,6466,6575,6565,6556,6548,6081,6097,6178
"808","220695","220695 NOVO SANTO ANTONIO",2772,3481,3549,3260,3295,3329,3354,3371,3387,2930,2940,2979,2991,3003,3014,2820,2827,2886
"809","220700","220700 OEIRAS",35446,36082,36300,35640,35788,35931,36195,36266,36329,36385,36432,36971,37029,37085,37138,38192,38161,39545
"810","220710","220710 OLHO D'AGUA DO PIAUI",2000,2713,2751,2626,2653,2678,2698,2390,2400,2409,2417,2449,2459,2468,2477,2646,2637,2725
"811","220720","220720 PADRE MARCOS",7635,7551,7586,6657,6673,6687,6735,6742,6748,6753,6758,6862,6868,6873,6879,6379,6382,6481
"812","220730","220730 PAES LANDIM",4072,4517,4554,4059,4054,4049,4077,4074,4071,4068,4065,4132,4129,4126,4124,4100,4088,4174
"813","220735","220735 PAJEU DO PIAUI",2523,3721,3800,3363,3399,3434,3460,3479,3308,3321,3333,3375,3389,3404,3416,3001,3000,3041
"814","220740","220740 PALMEIRA DO PIAUI",5840,5128,5120,4993,4978,4962,4997,4988,4980,4973,4967,5051,5043,5036,5029,4954,4952,5048
"815","220750","220750 PALMEIRAIS",12929,14117,14304,13745,13868,13986,14090,14151,14206,14253,14295,14488,14539,14587,14633,13156,13264,13480
"816","220755","220755 PAQUETA",4433,4662,4689,4147,3908,3891,3919,3909,3900,3893,3886,3953,3945,3937,3931,3818,3813,3878
"817","220760","220760 PARNAGUA",9953,10611,10730,10276,10348,10417,10494,10530,10561,10589,10613,10762,10791,10819,10846,9429,10103,10289
"818","220770","220770 PARNAIBA",145393,144892,146059,145705,146736,147732,148832,149348,149803,150201,150547,152653,153078,153482,153863,163087,162159,169552
"819","220775","220775 PASSAGEM FRANCA DO PIAUI",4153,4245,4244,4546,4573,4424,4457,4470,4482,4491,4500,4302,4313,4323,4331,4144,4135,4220
"820","220777","220777 PATOS DO PIAUI",5833,6349,6417,6105,6142,6178,6223,6241,6257,6271,6288,6377,6392,6406,6420,5425,5425,5461
"821","220779","220779 PAU D'ARCO DO PIAUI",3256,3821,3898,3757,3809,3858,3888,3914,3937,3957,3975,4023,4045,4065,4084,3879,3880,3972
"822","220780","220780 PAULISTANA",18067,20416,20618,19785,19867,19947,20093,20133,20168,20198,20192,20490,20523,20554,20583,21080,21055,21601
"823","220785","220785 PAVUSSU",3966,4415,4461,3663,3646,3629,3655,3645,3637,3629,3623,3685,3677,3669,3662,3620,3628,3698
"824","220790","220790 PEDRO II",37787,37727,37853,37496,37596,37692,37968,38014,38055,38090,38127,38704,38742,38778,38812,37945,37894,39039
"825","220793","220793 PEDRO LAURENTINO",2428,2394,2411,2407,2427,2445,2463,2472,2481,2488,2495,2529,2536,2544,2551,2458,2458,2514
"826","220795","220795 NOVA SANTA RITA",4572,4407,4435,4187,4211,4233,4264,4276,4286,4295,4302,4365,4374,4383,4392,4059,4076,4147
"827","220800","220800 PICOS",72622,72477,73023,73414,74967,75481,76042,76309,76544,76749,76928,78002,78222,78431,78627,82028,83090,86228
"828","220810","220810 PIMENTEIRAS",12685,12058,12131,11733,11766,11798,11884,11900,11913,11925,11935,12115,12127,12139,12150,11172,11341,11528
"829","220820","220820 PIO IX",16824,17615,17717,17671,17761,17848,17979,18023,18061,18095,18125,18389,18425,18459,18492,17586,17613,17947
"830","220830","220830 PIRACURUCA",28051,26361,26502,27553,27766,27971,28179,28066,28160,28242,28312,28703,28791,28874,28952,28906,28846,29849
"831","220840","220840 PIRIPIRI",62616,61975,62110,61834,61963,62088,62542,62600,62650,62695,62733,63694,63742,63787,63829,65762,65538,67676
"832","220850","220850 PORTO",11471,11824,11938,11897,11999,12097,12188,12239,12284,12324,12358,12526,12568,12608,12646,12122,12052,12312
"833","220855","220855 PORTO ALEGRE DO PIAUI",2407,2540,2569,2559,2583,2606,2625,2637,2647,2656,2664,2700,2710,2720,2728,2342,2364,2391
"834","220860","220860 PRATA DO PIAUI",3465,3249,3265,3085,3083,3088,3109,3107,3106,3104,3103,3153,3151,3150,3149,3042,3042,3098
"835","220865","220865 QUEIMADA NOVA",9065,9642,9737,8553,8617,8679,8743,8775,8796,8821,8842,8966,8992,9017,9041,8734,8738,8936
"836","220870","220870 REDENCAO DO GURGUEIA",8552,8500,8561,8400,8448,8494,8556,8580,8600,8618,8634,8758,8778,8796,8814,8393,8394,8563
"837","220880","220880 REGENERACAO",18343,18138,18199,17556,17563,17569,17696,17696,17697,17697,17698,17978,17978,17979,17979,17108,17133,17418
"838","220885","220885 RIACHO FRIO",4554,5025,5097,4241,4235,4229,4259,4255,4252,4248,4246,4316,4312,4309,4306,4112,4165,4241
"839","220887","220887 RIBEIRA DO PIAUI",4067,4221,4249,4263,4293,4321,4354,4368,4381,4393,4403,4464,4477,4488,4499,4043,4055,4114
"840","220890","220890 RIBEIRO GONCALVES",5703,6767,6867,6845,6932,7015,7068,7112,7151,7185,7214,7305,7341,7376,7408,6164,6164,6215
"841","220900","220900 RIO GRANDE DO PIAUI",6398,6615,6665,6273,6278,6282,6327,6328,6329,6330,6331,6431,6432,6433,6434,5789,5801,5868
"842","220910","220910 SANTA CRUZ DO PIAUI",5620,5956,5963,6027,6047,6065,6110,6119,6127,6134,6140,6232,6240,6247,6254,5834,5831,5928
"843","220915","220915 SANTA CRUZ DOS MILAGRES",3543,3448,3459,3794,3830,3864,3893,3910,3926,3940,3952,4004,4019,4033,4046,3432,3435,3466
"844","220920","220920 SANTA FILOMENA",6381,6171,6179,6096,6101,6106,6150,6152,6153,6155,6156,6252,6253,6254,6256,6084,6087,6209
"845","220930","220930 SANTA LUZ",5060,5432,5495,5513,5570,5624,5666,5694,5719,5741,5761,5836,5860,5882,5903,5339,5336,5425
"846","220935","220935 SANTANA DO PIAUI",5045,4980,5004,4917,4468,4489,4522,4534,4544,4552,4559,4625,4634,4642,4650,4124,4125,4174
"847","220937","220937 SANTA ROSA DO PIAUI",5509,5296,5305,5149,5147,5145,5182,5180,5178,5177,5175,5258,5257,5255,5254,4645,4650,4690
"848","220940","220940 SANTO ANTONIO DE LISBOA",5225,5895,5966,6007,6073,6136,6182,6215,6244,6270,6305,6388,6415,6441,6466,5842,5839,5938
"849","220945","220945 SANTO ANTONIO DOS MILAGRES",2090,2019,2035,2059,2074,2087,2102,2109,2115,2120,2125,2155,2161,2166,2172,2141,2138,2189
"850","220950","220950 SANTO INACIO DO PIAUI",3580,3731,3749,3648,3664,3679,3706,3713,3720,3726,3731,3785,3798,3803,3809,3645,3646,3719
"851","220955","220955 SAO BRAZ DO PIAUI",4510,4434,4455,4313,4323,4332,4363,4367,4371,4374,4377,4444,4448,4451,4454,4359,4358,4451
"852","220960","220960 SAO FELIX DO PIAUI",3043,3222,3201,3069,3044,2925,2945,2931,2920,2909,2901,2954,2942,2932,2923,2842,2842,2885
"853","220965","220965 SAO FRANCISCO DE ASSIS DO PIAUI",4761,5159,5218,5567,5628,5686,5728,5759,5786,5810,5657,5731,5755,5779,5801,5561,5572,5703
"854","220970","220970 SAO FRANCISCO DO PIAUI",6085,6456,6460,6298,6294,6290,6335,6332,6329,6326,6324,6425,6423,6420,6417,5386,5392,5404
"855","220975","220975 SAO GONCALO DO GURGUEIA",2432,2525,2542,2825,2864,2901,2923,2942,2960,2975,2988,3025,3041,3057,3071,2960,2947,3019
"856","220980","220980 SAO GONCALO DO PIAUI",4826,4466,4483,4754,4793,4831,4866,4885,4903,4918,4931,4999,5015,5030,5044,4842,4837,4944
"857","220985","220985 SAO JOAO DA CANABRAVA",4079,4489,4515,4445,4461,4476,4509,4516,4523,4529,4534,4602,4608,4614,4619,4190,4242,4306
"858","220987","220987 SAO JOAO DA FRONTEIRA",5273,5151,5175,5608,5664,5718,5760,5873,5898,5919,5938,6019,6042,6064,6084,5525,5522,5615
"859","220990","220990 SAO JOAO DA SERRA",6150,6863,6874,6157,6118,6079,6122,6101,6081,6064,6050,6157,6139,6122,6106,6118,6114,6233
"860","220995","220995 SAO JOAO DA VARJOTA",4497,4914,4964,4651,4673,4693,4728,4738,4747,4755,4762,4832,4840,4848,4856,4375,4383,4443
"861","220997","220997 SAO JOAO DO ARRAIAL",7217,7287,7432,7336,7459,7578,7636,7700,7755,7804,7847,7937,7989,8038,8085,8202,8186,8443
"862","221000","221000 SAO JOAO DO PIAUI",19164,19073,19263,19548,19703,19852,20000,20077,20146,20206,20258,20537,20601,20662,20720,21506,21421,22036
"863","221005","221005 SAO JOSE DO DIVINO",5621,5190,5216,5148,5169,5189,5227,5237,5246,5253,5260,5338,5346,5354,5361,4842,4841,4906
"864","221010","221010 SAO JOSE DO PEIXE",3773,3837,3841,3700,3691,3682,3707,3702,3697,3692,3689,3750,3745,3741,3737,3288,3297,3320
"865","221020","221020 SAO JOSE DO PIAUI",6863,7004,7033,6591,6583,6574,6621,6615,6610,6606,6602,6710,6705,6700,6696,6600,6597,6732
"866","221030","221030 SAO JULIAO",6097,6078,6097,5675,5697,5719,5761,5771,6244,6253,6261,6353,6363,6371,6379,5998,6025,6135
"867","221035","221035 SAO LOURENCO DO PIAUI",4475,5041,5111,4427,4439,4451,4483,4488,4493,4497,4501,4568,4573,4577,4581,4411,4410,4497
"868","221037","221037 SAO LUIS DO PIAUI",2553,2670,2672,2561,2567,2573,2591,2593,2595,2597,2602,2642,2644,2646,2648,2279,2309,2329
"869","221038","221038 SAO MIGUEL DA BAIXA GRANDE",2073,2143,2150,2110,2117,2386,2403,2407,2409,2412,2413,2449,2452,2454,2456,2269,2269,2304
"870","221039","221039 SAO MIGUEL DO FIDALGO",2848,3166,3183,2976,2975,2974,2995,2994,2993,2992,2991,3040,3039,3038,3037,2824,2829,2870
"871","221040","221040 SAO MIGUEL DO TAPUIO",18977,19752,19831,18134,18083,18033,18162,18132,18105,17604,17395,17686,17662,17639,17617,17544,17554,17902
"872","221050","221050 SAO PEDRO DO PIAUI",13353,13459,13535,13639,13726,13810,13913,13956,13994,14027,14056,14255,14291,14324,14356,13776,13755,14046
"873","221060","221060 SAO RAIMUNDO NONATO",29745,31744,32214,32327,32745,33148,33400,33613,33802,33966,34109,34535,34710,34877,35035,39036,38934,40784
"874","221062","221062 SEBASTIAO BARROS",4993,4297,4272,3560,3517,3475,3499,3475,3455,3437,3421,3488,3469,3451,3434,3187,3202,3228
"875","221063","221063 SEBASTIAO LEAL",3913,4198,4240,4116,4138,4159,4189,4199,4209,4217,4224,4286,4294,4303,4311,4427,4446,4572
"876","221065","221065 SIGEFREDO PACHECO",9397,9779,9837,9619,9663,9706,9777,9799,9854,9865,9880,10024,10041,10058,10074,9465,9460,9631
"877","221070","221070 SIMOES",13727,14128,14158,14180,14225,14267,14372,14393,14411,14384,14398,14615,14633,14649,14664,14344,14350,14650
"878","221080","221080 SIMPLICIO MENDES",11489,11802,11860,12077,12166,12251,12341,12385,12424,12458,12488,12663,12711,12746,12778,13842,13870,14342
"879","221090","221090 SOCORRO DO PIAUI",4363,4731,4733,4522,4509,4495,4527,4519,4512,4506,4500,4576,4569,4563,4557,4151,4141,4184
"880","221093","221093 SUSSUAPARA",5775,5696,5761,6229,6321,6409,6457,6504,6545,6581,6612,6692,6730,6767,6801,6221,6220,6345
"881","221095","221095 TAMBORIL DO PIAUI",2197,2981,3035,2753,2780,2805,2826,2839,2851,2861,2870,2908,2919,2929,2939,2949,2949,3029
"882","221097","221097 TANQUE DO PIAUI",2745,2681,2709,2620,2642,2663,2683,2694,2703,2712,2719,2756,2765,2773,2781,2294,2316,2330
"883","221100","221100 TERESINA",815061,802416,802565,814230,822364,830231,836475,840600,844245,847430,850198,861442,864845,868075,871126,868523,866300,902644
"884","221110","221110 UNIAO",42813,42859,43134,42654,42873,43085,43403,43511,43606,43689,43761,44396,44485,44569,44649,46136,46119,47707
"885","221120","221120 URUCUI",18495,19566,19809,20149,20390,20623,20779,20902,21011,21105,21188,21457,21558,21655,21746,25166,25203,26501
"886","221130","221130 VALENCA DO PIAUI",21504,20280,20302,20326,20360,20393,20541,20555,20568,20579,20588,20906,20918,20929,20940,22316,22279,22920
"887","221135","221135 VARZEA BRANCA",6068,5326,5337,4913,4894,4875,4910,4899,4889,4881,4873,4956,4947,4938,4930,5055,5055,5173
"888","221140","221140 VARZEA GRANDE",4522,4556,4578,4336,4326,4316,4346,4339,4334,4329,4325,4397,4391,4386,4382,4418,4417,4515
"889","221150","221150 VERA MENDES",3008,3187,3206,2986,2993,2998,3020,3023,3025,3028,3029,3075,3077,3080,3082,3084,3185,3271
"890","221160","221160 VILA NOVA DO PIAUI",2974,3117,3138,3076,3033,2990,3010,2987,2965,2947,2931,2990,2971,2952,2935,2764,2935,2979
"891","221170","221170 WALL FERRAZ",4216,4580,4636,4280,4302,4323,4355,4365,4375,4383,4390,4454,4462,4471,4479,4020,4059,4117
"892","230010","230010 ABAIARA",8810,10835,11074,10496,10659,10815,11089,11226,11357,11483,11605,11663,11737,11853,11965,9670,10038,10282
"893","230015","230015 ACARAPE",15250,15388,15611,15338,15509,15673,16011,16153,16288,16418,16543,16639,14929,15036,15140,13553,14027,14306
"894","230020","230020 ACARAU",51915,54257,54750,57551,58210,58848,60137,60684,61210,61715,62199,62557,62641,63104,63556,64551,65264,68758
"895","230030","230030 ACOPIARA",45334,50485,50785,51160,51469,51768,52661,52903,53135,53358,53572,53931,54270,54481,54687,44601,44962,46215
"896","230040","230040 AIUABA",15496,16253,16423,16203,16338,16468,16784,16893,16997,17098,17194,17303,17399,17493,17584,13661,14076,14220
"897","230050","230050 ALCANTARAS",10348,10706,10818,10771,10865,10956,11171,11247,11321,11391,11459,11529,11714,11781,11846,11359,11369,11754
"898","230060","230060 ALTANEIRA",6429,6733,6841,6856,6946,7033,7196,7271,7344,7413,7479,7521,7586,7650,7712,6782,6782,6970
"899","230070","230070 ALTO SANTO",16919,20339,20830,16359,16434,16505,16767,16823,16876,16927,16976,17096,17146,17196,16077,14157,14155,14418
"900","230075","230075 AMONTADA",38436,39497,40196,39232,39762,40274,41227,41672,42098,42508,42901,43131,43452,43829,44195,47486,42156,44342
"901","230080","230080 ANTONINA DO NORTE",7720,7013,7059,6984,7021,7056,7172,7200,7227,7253,7278,7328,7353,7378,7402,7054,7245,7484
"902","230090","230090 APUIARES",15114,14251,14413,13925,14032,14135,14397,14483,14565,14644,14719,14814,14600,14672,14742,12974,12928,13219
"903","230100","230100 AQUIRAZ",72523,70439,71401,72628,73562,74465,76186,76967,77717,78438,79128,79563,80271,80935,81581,92281,80645,84737
"904","230110","230110 ARACATI",69805,68886,69618,69159,69771,70363,71749,72248,72727,73188,73629,74084,74547,74975,75392,82476,75113,78752
"905","230120","230120 ARACOIABA",25388,25251,25344,25391,25493,25592,25988,26062,26134,26203,26269,26455,26469,26535,26600,25522,25553,26696
"906","230125","230125 ARARENDA",10588,11085,11187,10491,10529,10564,10723,10750,10775,10800,10823,10901,10935,10959,10983,11096,11096,11485
"907","230130","230130 ARARIPE",21478,22133,22375,20685,20768,20848,21170,21230,21289,21345,21398,21550,21600,21654,21707,19791,19783,20223
"908","230140","230140 ARATUBA",13874,12477,12482,11529,11466,11404,11482,11419,11358,11300,11244,11346,11847,11802,11759,12110,11224,11459
"909","230150","230150 ARNEIROZ",7663,7497,7477,7650,7659,7667,7766,7768,7771,7774,7777,7836,7840,7844,7848,7304,7429,7619
"910","230160","230160 ASSARE",21962,22412,22552,22445,22541,22633,22988,23058,23126,23191,23254,23417,23417,23478,23537,21703,21697,22212
"911","230170","230170 AURORA",25813,25142,25122,24566,24517,24470,24716,24658,24602,24548,24496,24699,24654,24610,24567,23173,23714,24267
"912","230180","230180 BAIXIO",5989,5971,5976,6026,6050,6072,6165,6182,6198,6214,6228,6272,6288,6303,6318,5697,5704,5832
"913","230185","230185 BANABUIU",17712,18196,18385,17315,17403,17488,17775,17842,17906,17968,18027,18151,18197,18256,18313,16447,17195,17654
"914","230190","230190 BARBALHA",54346,52496,53006,55323,55960,56576,57818,58347,58855,59343,59811,60155,59732,61228,61662,72700,75033,80217
"915","230195","230195 BARREIRA",18956,19257,19478,19573,19769,19958,20371,20532,20687,20835,20978,21104,22425,22573,22715,22412,22392,23351
"916","230200","230200 BARRO",20549,21429,21555,21514,21630,21742,22104,22193,22279,22361,22440,22593,22680,22758,22834,19313,19381,19669
"917","230205","230205 BARROQUINHA",14765,15418,15562,14476,14519,14560,14771,14800,14828,14854,14880,14989,15017,15044,15069,14563,14567,14977
"918","230210","230210 BATURITE",32034,32968,33271,33321,33597,33863,34512,34735,34949,35154,35351,35575,35750,35941,36127,33335,35218,36978
"919","230220","230220 BEBERIBE",47057,48201,48758,49311,49846,50364,51442,51885,52310,52719,53110,53421,53573,53949,54315,52726,53114,55666
"920","230230","230230 BELA CRUZ",30393,30687,30901,30878,31072,31259,31804,31956,32103,32243,32378,32593,32591,32722,32851,30050,32775,34441
"921","230240","230240 BOA VIAGEM",52338,55728,56236,52498,52667,52829,53608,53725,53838,53945,54049,54440,54470,54577,54680,48213,50411,52169
"922","230250","230250 BREJO SANTO",42533,41040,41265,45193,45708,46207,47218,47645,48056,48451,48830,49109,49477,49842,50195,51034,51090,53778
"923","230260","230260 CAMOCIM",59203,60784,61275,60158,60520,60870,61918,62201,62473,62734,62985,63408,63661,63907,64147,62419,62326,65031
"924","230270","230270 CAMPOS SALES",27512,26359,26414,26506,26579,26648,27030,27077,27123,27167,27209,27409,27426,27470,27513,25132,25135,26082
"925","230280","230280 CANINDE",76212,76873,77548,74473,74847,75209,76439,76724,76998,77261,77514,78049,76997,77244,77484,73969,74174,77207
"926","230290","230290 CAPISTRANO",16411,16963,17036,17062,17134,17202,17470,17523,17573,17621,17668,17793,17738,17786,17830,16005,17254,17760
"927","230300","230300 CARIDADE",18305,18911,19232,20020,20359,20687,21236,21524,21800,22065,22320,22427,22547,22782,23011,15898,16377,16419
"928","230310","230310 CARIRE",19353,19099,19130,18347,18369,18391,18629,18637,18645,18653,18660,18802,18448,18459,18470,17633,17632,18075
"929","230320","230320 CARIRIACU",29486,27249,27379,26393,26433,26471,26821,26840,26858,26876,26892,27095,26965,26987,27008,26236,26320,27482
"930","230330","230330 CARIUS",19184,19270,19335,18567,18577,18586,18815,18813,18810,18807,18804,18950,18699,18699,18700,16398,17015,17333
"931","230340","230340 CARNAUBAL",16593,16626,16760,16746,16863,16975,17282,17374,17463,17549,17631,17747,17606,17685,17763,17211,17210,17758
"932","230350","230350 CASCAVEL",65328,67002,67951,66142,66834,67503,68926,69498,70047,70574,71079,71499,71743,72232,72706,70498,72720,76365
"933","230360","230360 CATARINA",18625,17794,18010,18745,18991,19228,19676,19882,20079,20269,20451,20562,20698,20871,21041,9950,10243,9577
"934","230365","230365 CATUNDA",9641,11029,11193,9952,10004,10053,10218,10257,10294,10331,10365,10437,10342,10376,10410,10425,10444,10817
"935","230370","230370 CAUCAIA",323115,326811,334364,325441,330855,336091,344936,349526,353932,358164,362223,363982,361400,365212,368918,372413,355679,375730
"936","230380","230380 CEDRO",25025,25469,25594,24527,24576,24622,24958,24986,25013,25038,25063,25249,25557,25585,25612,22216,22344,22678
"937","230390","230390 CHAVAL",13526,12609,12643,12615,12650,12684,12865,12888,12910,12931,12952,13047,13069,13091,13112,12443,12462,12805
"938","230393","230393 CHORO",13041,13316,13442,12853,12919,12982,13195,13246,13294,13340,13384,13476,13521,13565,13608,11414,12113,12380
"939","230395","230395 CHOROZINHO",21438,18770,18759,18915,18931,18947,19187,19189,19192,19194,19197,19345,20264,20274,20286,20174,20163,20763
"940","230400","230400 COREAU",22033,22024,22220,21954,22106,22252,22653,22773,22889,23000,23107,23258,23136,23239,23340,20944,20953,21438
"941","230410","230410 CRATEUS",74506,74904,75252,72812,72959,73102,74103,74188,74271,74350,74426,74982,75074,75159,75241,75394,76390,79809
"942","230420","230420 CRATO",116661,115724,116758,121428,122717,123963,126591,127657,128680,129662,130604,131372,132123,133031,133913,130858,131050,138232
"943","230423","230423 CROATA",17068,18057,18247,17069,17173,17272,17569,17650,17728,17802,17874,17994,18063,18133,18201,17492,17481,18007
"944","230425","230425 CRUZ",24533,23208,23543,22479,22687,22887,23344,23514,23677,23833,23983,24131,24827,24977,25121,29360,29761,31847
"945","230426","230426 DEPUTADO IRAPUAN PINHEIRO",8712,9508,9615,9095,9150,9203,9360,9403,9444,9483,9521,9585,9625,9662,9698,8470,8932,9172
"946","230427","230427 ERERE",6185,7242,7337,6840,6882,6922,7041,7073,7104,7134,7163,7211,7198,7225,7254,6466,6247,6393
"947","230428","230428 EUSEBIO",40935,40426,41308,46033,47030,47993,49455,50308,51127,51913,52667,52880,53618,54337,55035,73667,74170,80304
"948","230430","230430 FARIAS BRITO",22606,19687,19606,19007,18932,18859,19015,18937,18861,18789,18720,18882,19450,19389,19330,18226,18217,18557
"949","230435","230435 FORQUILHA",19396,21233,21604,21786,22116,22435,22998,23276,23544,23801,24047,24169,24218,24452,24680,22848,24173,25127
"950","230440","230440 FORTALEZA",2458545,2473614,2505554,2452185,2476589,2500194,2551806,2571896,2591188,2609716,2627482,2643247,2669342,2686612,2703391,2596157,2428708,2574412
"951","230445","230445 FORTIM",14139,14825,15092,14817,15029,15233,15603,15781,15951,16115,16272,16357,16480,16631,16776,17308,17294,18052
"952","230450","230450 FRECHEIRINHA",13646,13389,13541,12991,13080,13167,13402,13473,13541,13606,13669,13758,14072,14134,14195,15660,15657,16362
"953","230460","230460 GENERAL SAMPAIO",4270,6602,6658,6218,6322,6423,6591,6679,6763,6845,6922,6956,7618,7694,7767,6734,6734,6924
"954","230465","230465 GRACA",15190,15856,15952,15049,15068,15085,15281,15287,15294,15300,15307,15423,14399,14407,14415,13805,13801,14174
"955","230470","230470 GRANJA",54424,53486,53965,52645,52223,52528,53435,53682,53918,54146,54365,54729,54748,54962,55170,53352,53344,55633
"956","230480","230480 GRANJEIRO",5767,5031,4998,4629,4590,4551,4569,4531,4494,4459,4425,4469,4844,4814,4784,4843,4841,4960
"957","230490","230490 GROAIRAS",9303,9865,9968,10228,10339,10445,10668,10759,10847,10931,11012,11076,11068,11144,11219,10889,10910,11313
"958","230495","230495 GUAIUBA",21858,23502,23854,24091,24414,24727,25310,25581,25841,26091,26331,26472,26064,26290,26508,22283,24325,25085
"959","230500","230500 GUARACIABA DO NORTE",39054,38123,38406,37775,37986,38189,38832,38995,39151,39301,39445,39713,40642,40784,40921,42063,42053,44294
"960","230510","230510 GUARAMIRANGA",6071,4227,4076,4164,4059,3956,3909,3812,3720,3632,3547,3595,5193,5132,5073,5676,5654,5819
"961","230520","230520 HIDROLANDIA",17509,19103,19254,19325,19439,19548,19882,19970,20055,20136,20215,20352,19978,20053,20126,17854,17855,18225
"962","230523","230523 HORIZONTE",46981,52488,54362,55187,56830,58418,60584,62002,63365,64673,65928,66114,67337,68529,69688,69999,74755,79934
"963","230526","230526 IBARETAMA",13674,13156,13198,12922,12950,12977,13155,13172,13188,13203,13218,13317,13353,13369,13385,11927,11956,12191
"964","230530","230530 IBIAPINA",23967,23961,24122,23808,23935,24058,24458,24555,24649,24739,24825,24995,24997,25082,25165,23966,23965,24649
"965","230533","230533 IBICUITINGA",10147,11589,11797,11335,11481,11622,11890,12012,12130,12242,12350,12419,12525,12629,12730,11582,11611,11979
"966","230535","230535 ICAPUI",18084,19089,19381,18392,18572,18746,19129,19276,19418,19554,19685,19804,19934,20060,20183,21400,21433,22367
"967","230540","230540 ICO",64267,65377,65607,65456,65682,65900,66885,67045,67198,67345,67486,67972,68018,68162,68303,62125,62642,64802
"968","230550","230550 IGUATU",94099,96201,97202,96495,97331,98138,100053,100733,101386,102013,102614,103255,102498,103074,103633,97733,98064,102251
"969","230560","230560 INDEPENDENCIA",26310,26240,26316,25573,25597,25620,25946,25952,25957,25962,25967,26168,26178,26187,26196,24047,24024,24530
"970","230565","230565 IPAPORANGA",11583,11729,11772,11343,11351,11358,11500,11500,11499,11499,11499,11587,11593,11596,11597,11575,11575,11937
"971","230570","230570 IPAUMIRIM",11758,11966,11999,12009,12046,12080,12256,12281,12305,12327,12349,12439,12463,12485,12507,12204,12083,12441
"972","230580","230580 IPU",41266,40841,41048,40296,40440,40579,41190,41292,41391,41485,41576,41873,41964,42058,42148,41083,41081,42968
"973","230590","230590 IPUEIRAS",40872,39220,39289,37862,37809,37758,38159,38089,38022,37957,37896,38205,38166,38114,38064,36751,36798,38285
"974","230600","230600 IRACEMA",12419,14943,15114,13722,13766,13808,14011,14042,14071,14098,14125,14227,14297,14326,14351,13993,14001,14411
"975","230610","230610 IRAUCUBA",21606,22978,23309,22324,22537,22742,23202,23376,23543,23704,23858,24003,24156,24305,24450,23944,23915,24751
"976","230620","230620 ITAICABA",7329,7833,7952,7316,7373,7428,7567,7612,7656,7698,7738,7787,7827,7866,7904,7532,7536,7779
"977","230625","230625 ITAITINGA",34651,32382,32676,35817,36324,36814,37705,38131,38540,38933,39310,39518,37980,38325,38661,60706,64650,70679
"978","230630","230630 ITAPAGE",47429,46989,47356,48350,48908,49130,50211,50671,51113,51538,51945,52240,52675,53067,53448,46495,46426,49086
"979","230640","230640 ITAPIPOCA",108923,112662,114444,116065,117720,119320,122220,123613,124950,126234,127465,128135,129358,130539,131687,132711,131123,137892
"980","230650","230650 ITAPIUNA",18965,18390,18609,18626,18821,19009,19409,19570,19724,19872,20014,20133,20382,20520,20653,17211,17841,18228
"981","230655","230655 ITAREMA",34435,35988,36541,37471,38018,38547,39494,39955,40398,40822,41230,41445,41826,42215,42595,42698,42957,45465
"982","230660","230660 ITATIRA",16975,18579,18879,18894,19152,19401,19861,20077,20285,20484,20675,20786,21647,21836,22018,20444,20424,21087
"983","230670","230670 JAGUARETAMA",18404,18389,18409,17863,17851,17839,18040,18018,17997,17977,17958,18102,18162,18147,18133,17255,17232,17625
"984","230680","230680 JAGUARIBARA",9591,10251,10397,10399,10528,10652,10892,10999,11102,11200,11295,11359,11401,11492,11580,10344,10356,10656
"985","230690","230690 JAGUARIBE",37334,36385,36491,34409,34362,34317,34683,34621,34561,34503,34448,34729,34682,34636,34592,32945,33726,35124
"986","230700","230700 JAGUARUANA",32983,32134,32351,32236,32428,32614,33174,33324,33469,33607,33740,33967,33705,33834,33960,30181,31701,33070
"987","230710","230710 JARDIM",28495,26584,26578,26688,26710,26730,27067,27069,27072,27074,27076,27284,27174,27181,27187,27335,27411,28707
"988","230720","230720 JATI",7608,7501,7506,7660,7691,7647,7764,7785,7807,7827,7847,7902,8111,8130,8150,7821,7861,8100
"989","230725","230725 JIJOCA DE JERICOACOARA",17348,16447,16877,17002,17380,17744,18292,18616,18926,19224,19510,19587,19816,20087,20351,29472,25555,27662
"990","230730","230730 JUAZEIRO DO NORTE",244942,246515,249831,249939,252841,255648,261289,263704,266022,268248,270383,271926,274207,276264,278264,269435,286120,303004
"991","230740","230740 JUCAS",23937,23654,23735,23807,23898,23985,24351,24417,24479,24540,24597,24773,24833,24892,24949,22926,23922,24591
"992","230750","230750 LAVRAS DA MANGABEIRA",31590,30612,30527,31090,31082,31073,31435,31409,31383,31359,31335,31584,31508,31492,31476,30693,30802,32123
"993","230760","230760 LIMOEIRO DO NORTE",56361,55539,56101,56264,56774,56255,57372,57782,58175,58552,58915,59278,59540,59890,60232,59515,59560,62285
"994","230763","230763 MADALENA",16737,17636,17769,18088,18336,18575,19017,19225,19425,19616,19800,19906,19691,19864,20031,16127,16896,17264
"995","230765","230765 MARACANAU",198944,199808,201690,209057,211267,213404,217922,219749,221504,223188,224804,226128,227886,229458,230986,231121,234509,249684
"996","230770","230770 MARANGUAPE",102111,108525,110524,113561,115465,117306,120405,122020,123570,125058,126486,127098,128978,130346,131677,93155,105093,108937
"997","230780","230780 MARCO",20189,24250,24623,24703,25032,25349,25944,26219,26484,26738,26981,27127,27361,27595,27822,25790,25799,27064
"998","230790","230790 MARTINOPOLE",10435,10892,11103,10214,10338,10458,10693,10796,10895,10990,11082,11143,11233,11321,11407,10846,10846,11232
"999","230800","230800 MASSAPE",34579,34874,35379,35191,35623,36040,36854,37214,37560,37892,38210,38424,38737,39044,39341,37717,37697,39633
"1000","230810","230810 MAURITI",44536,43871,44214,44240,44543,44836,45640,45881,46113,46335,46548,46854,47962,48168,48370,45365,45561,47406
"1001","230820","230820 MERUOCA",12098,12656,12772,13693,13874,14049,14377,14529,14674,14814,14948,15030,15057,15185,15309,15164,15157,15749
"1002","230830","230830 MILAGRES",31643,27861,28076,28316,28259,28204,28487,28419,28354,28292,28231,28466,27512,27462,27413,25761,25900,26860
"1003","230835","230835 MILHA",14105,14691,14828,13086,13074,13062,13207,13188,13170,13152,13136,13241,13155,13142,13129,14135,14123,14635
"1004","230837","230837 MIRAIMA",12575,12625,12730,12800,12907,13009,13259,13345,13428,13507,13583,13669,13818,13894,13965,14260,14196,14736
"1005","230840","230840 MISSAO VELHA",35441,34926,35128,34274,34404,34529,35056,35150,35240,35326,35409,35662,36442,35480,35566,36719,36822,38767
"1006","230850","230850 MOMBACA",41540,46252,46733,42690,42793,42891,43493,43557,43619,43678,43735,44060,43797,43858,43917,37707,37735,38649
"1007","230860","230860 MONSENHOR TABOSA",17045,17114,17173,16705,16733,16760,16984,16998,17012,17025,17038,17167,17234,17249,17264,17171,17149,17664
"1008","230870","230870 MORADA NOVA",69071,63296,63125,62065,61886,61713,62287,62091,61903,61722,61548,62069,61890,61738,61590,60940,61443,65323
"1009","230880","230880 MORAUJO",7702,8406,8539,8070,8149,8225,8393,8457,8520,8579,8636,8689,8724,8779,8833,8264,8254,8516
"1010","230890","230890 MORRINHOS",20820,22269,22697,20700,20913,21119,21561,21737,21905,22067,22222,22354,22534,22685,22830,22311,22753,23608
"1011","230900","230900 MUCAMBO",15396,14481,14535,14102,14125,14146,14335,14346,14357,14367,14377,14485,14537,14549,14561,13670,13666,14009
"1012","230910","230910 MULUNGU",9804,11642,11915,11485,11684,11876,12196,12364,12526,12682,12831,12892,10823,10941,11056,9851,10569,10993
"1013","230920","230920 NOVA OLINDA",12689,13522,13659,14256,14424,14586,14908,15048,15181,15310,15433,15520,15565,15684,15798,15437,15399,15960
"1014","230930","230930 NOVA RUSSAS",30057,31770,32014,30965,31090,31210,31692,31783,31870,31954,32035,32262,32328,32408,32487,30518,30699,32014
"1015","230940","230940 NOVO ORIENTE",25415,28485,28705,27453,27556,27655,28075,28149,28220,28288,28353,28557,28607,28673,28737,27566,27545,29043
"1016","230945","230945 OCARA",23084,24371,24635,24007,24193,24373,24829,24979,25123,25261,25394,25557,25703,25833,25958,24483,24493,25218
"1017","230950","230950 OROS",22028,21824,21780,21389,21341,21294,21503,21447,21394,21342,21292,21471,21427,21384,21342,19675,19675,20019
"1018","230960","230960 PACAJUS",54508,58281,59694,61838,63202,64521,66510,67678,68800,69877,70911,71193,72203,73188,74145,67168,70983,74825
"1019","230970","230970 PACATUBA",63925,70018,71837,72299,73881,75411,77723,79077,80378,81627,82824,83157,83432,84554,85647,82432,81524,85873
"1020","230980","230980 PACOTI",11638,11473,11524,11607,11646,11684,11857,11884,11910,11936,11960,12046,12261,12288,12313,10467,11186,11442
"1021","230990","230990 PACUJA",6204,6184,6235,5986,6012,6037,6131,6150,6168,6186,6202,6246,6533,6549,6565,6136,6175,6345
"1022","231000","231000 PALHANO",8348,9173,9271,8866,8920,8972,9126,9169,9209,9248,9285,9348,9386,9422,9458,9335,9346,9671
"1023","231010","231010 PALMACIA",9537,10755,10833,12005,12170,12330,12624,12762,12895,13022,13145,13214,13322,13439,13553,10173,10242,10339
"1024","231020","231020 PARACURU",33153,32116,32554,31636,31951,32255,32919,33178,33426,33665,33894,34097,35076,35304,35526,40046,38980,41447
"1025","231025","231025 PARAIPABA",30292,29503,29896,30041,30393,30733,31413,31705,31986,32256,32515,32700,32744,32992,33232,32278,32216,33896
"1026","231030","231030 PARAMBU",34191,31983,32232,31309,31233,31160,31462,31376,31293,31213,31137,31398,31521,31455,31391,31066,31445,32816
"1027","231040","231040 PARAMOTI",11414,12032,12126,11308,11334,11360,11517,11533,11549,11564,11578,11664,12226,12252,12276,10369,10384,10528
"1028","231050","231050 PEDRA BRANCA",42394,42055,42148,41890,41979,42064,42643,42696,42746,42795,42841,43160,43258,43309,43359,37661,40187,42257
"1029","231060","231060 PENAFORTE",7512,8067,8170,8226,8319,8483,8666,8743,8817,8888,8956,9010,9077,9143,9207,8839,8972,9308
"1030","231070","231070 PENTECOSTE",32894,34955,35165,35400,35615,35823,36442,36611,36773,36928,37077,37326,37751,37900,38045,37853,37813,39715
"1031","231080","231080 PEREIRO",15591,15784,15830,15757,15798,15838,16063,16089,16115,16139,16163,16281,16307,16331,16356,15279,15501,15869
"1032","231085","231085 PINDORETAMA",17918,18022,18322,18683,18970,19247,19733,19975,20207,20430,20644,20748,20567,20769,20964,24329,23391,24607
"1033","231090","231090 PIQUET CARNEIRO",13167,15449,15669,15467,15647,15820,16169,16318,16461,16599,16731,16827,16959,17086,17210,16926,16616,17202
"1034","231095","231095 PIRES FERREIRA",8647,9812,9857,10216,10292,10365,10556,10616,10674,10730,10784,10853,10951,11001,11052,10603,10606,10952
"1035","231100","231100 PORANGA",12314,12308,12360,12001,12022,12041,12203,12214,12224,12234,12243,12334,12336,12347,12358,11742,12065,12423
"1036","231110","231110 PORTEIRAS",16192,15127,15058,15061,15016,14971,15108,15058,15010,14965,14921,15047,14996,14958,14920,17060,17050,17745
"1037","231120","231120 POTENGI",9982,10058,10141,10276,10364,10448,10651,10722,10790,10856,10918,10986,11045,11106,11165,9637,8833,8926
"1038","231123","231123 POTIRETAMA",5765,6792,6896,6126,6154,6181,6278,6299,6318,6337,6356,6400,6419,6437,6455,5977,5974,6129
"1039","231126","231126 QUITERIANOPOLIS",19750,20979,21229,19921,20042,20158,20505,20600,20690,20777,20860,21000,21084,21166,21246,19624,20213,20506
"1040","231130","231130 QUIXADA",76631,79505,80443,80604,81445,82258,83990,84684,85351,85991,86605,87116,87728,88321,88899,80701,84168,88483
"1041","231135","231135 QUIXELO",15525,16222,16271,15000,14955,14911,15046,14997,14949,14903,14860,14986,16178,16147,16116,15896,15910,16992
"1042","231140","231140 QUIXERAMOBIM",59261,72951,73521,71887,72866,73812,75565,76386,77174,77931,78658,79081,81082,81778,82455,78502,82177,85797
"1043","231150","231150 QUIXERE",19468,19517,19791,19412,19608,20810,21241,21410,21572,21728,21876,22008,22149,22293,22432,20863,20874,21607
"1044","231160","231160 REDENCAO",26892,26624,26772,26415,26540,26660,27088,27182,27272,27358,27441,27633,29053,29146,29238,25813,27214,28359
"1045","231170","231170 RERIUTABA",24555,19626,19443,19455,19315,19179,19281,19145,19015,18889,18769,18945,18491,18385,18279,18603,18606,19059
"1046","231180","231180 RUSSAS",66471,67023,67959,69833,70794,71723,73436,74243,75018,75762,76475,76884,78194,78882,79550,72609,72928,74582
"1047","231190","231190 SABOEIRO",16874,16806,16859,15752,15716,15681,15835,15793,15753,15715,15678,15808,15819,15788,15757,13755,13854,14036
"1048","231195","231195 SALITRE",15013,16586,16838,15453,15571,15684,15976,16070,16161,16248,16331,16435,16554,16635,16714,16635,16633,17220
"1049","231200","231200 SANTANA DO ACARAU",29394,30041,30416,29946,30234,30512,31133,31369,31596,31814,32023,32216,32452,32654,32851,28436,30628,32043
"1050","231210","231210 SANTANA DO CARIRI",18076,18242,18363,17170,17195,17219,17445,17457,17468,17479,17489,17622,17700,17712,17726,16981,16954,17388
"1051","231220","231220 SANTA QUITERIA",43994,44864,45081,42763,42793,42822,43358,43359,43359,43359,43360,43695,43703,43711,43719,40239,40183,41647
"1052","231230","231230 SAO BENEDITO",42614,44929,45410,44178,44507,44825,45653,45917,46171,46414,46648,46949,47903,48131,48354,47657,47640,49829
"1053","231240","231240 SAO GONCALO DO AMARANTE",40987,42311,42964,43890,44526,45141,46247,46783,47297,47791,48265,48516,48422,48869,49306,60126,54143,57499
"1054","231250","231250 SAO JOAO DO JAGUARIBE",9192,8521,8496,7900,7843,7788,7829,7774,7721,7670,7621,7691,7645,7601,7557,5855,5855,5792
"1055","231260","231260 SAO LUIS DO CURU",12248,12519,12619,12332,12397,12459,12663,12713,12760,12805,12849,12938,13000,13044,13086,10856,10822,10962
"1056","231270","231270 SENADOR POMPEU",27582,25069,25260,26469,26425,26382,26656,26600,26547,26496,26447,26664,25496,25456,25418,24256,24266,25143
"1057","231280","231280 SENADOR SA",5975,6575,6667,6852,6948,7041,7210,7290,7367,7442,7513,7553,7623,7691,7758,7262,7262,7519
"1058","231290","231290 SOBRAL",178915,180046,182430,188233,190724,193134,197663,199750,201756,203682,205529,206644,208935,210711,212437,219030,203023,215286
"1059","231300","231300 SOLONOPOLE",17532,17943,18025,17665,17718,17768,18025,18060,18094,18127,18158,18291,18324,18357,18389,18083,18179,18736
"1060","231310","231310 TABULEIRO DO NORTE",28797,29369,29577,29204,29366,29522,30018,30143,30263,30378,30489,30695,30697,30807,32079,30655,30652,32044
"1061","231320","231320 TAMBORIL",25726,26650,26859,25451,25424,25397,25675,25635,25597,25560,25525,25731,26251,26225,26199,24812,24815,25331
"1062","231325","231325 TARRAFAS",8438,8937,8901,8910,8887,8865,8949,8923,8899,8875,8852,8926,8592,8573,8555,7530,7529,7626
"1063","231330","231330 TAUA",52460,56202,56637,55716,56017,56307,57246,57478,57701,57914,58119,58517,58859,59062,59259,56086,61227,64255
"1064","231335","231335 TEJUCUOCA",14976,16056,16177,16827,17081,17643,18083,18301,18510,18709,18902,18998,19187,19371,19551,17149,17154,17626
"1065","231340","231340 TIANGUA",70032,67663,68591,68892,69723,70527,72110,72803,73468,74107,74719,75140,75946,76537,77111,81656,81506,86137
"1066","231350","231350 TRAIRI",51491,50788,51391,51422,51952,52464,53561,53998,54418,54820,55207,55535,55918,56291,56653,58122,58415,61516
"1067","231355","231355 TURURU",12847,14057,14302,14408,14632,14848,15224,15413,15594,15768,15935,16015,16271,16431,16588,15432,15412,15457
"1068","231360","231360 UBAJARA",30263,30885,31247,31787,32148,32496,33205,33505,33792,34068,34332,34530,34792,35047,35295,32778,32767,34312
"1069","231370","231370 UMARI",7037,7855,7889,7545,7554,7562,7660,7662,7665,7668,7671,7729,7733,7736,7740,6874,6871,6993
"1070","231375","231375 UMIRIM",19053,18901,19035,18802,18914,19023,19349,19437,19521,19602,19679,19811,19825,19903,19976,17491,17470,17804
"1071","231380","231380 URUBURETAMA",18936,20253,20624,19765,20031,20289,20768,20991,21206,21411,21609,21725,21850,22040,22223,20259,20189,21279
"1072","231390","231390 URUOCA",12547,13613,13819,12883,12991,13096,13348,13435,13519,13600,13677,13763,13840,13915,13988,13651,13746,14243
"1073","231395","231395 VARJOTA",19249,17704,17800,17593,17670,17745,18024,18081,18136,18188,18239,18368,18420,18471,18520,18105,18105,18660
"1074","231400","231400 VARZEA ALEGRE",37833,39379,39810,38434,38698,38952,39651,39861,40062,40255,40440,40704,40721,40903,41078,38825,38984,40771
"1075","231410","231410 VICOSA DO CEARA",49306,55670,56670,54955,55687,56394,57719,58332,58922,59487,60030,60355,60889,61410,61916,59470,59712,62609
"1076","240010","240010 ACARI",11350,11222,11223,11035,11024,11012,11355,11349,11344,11338,11333,11152,11136,11121,11106,10589,10597,10865
"1077","240020","240020 ACU",51572,52824,53279,53227,53636,54031,56354,56829,57292,57743,58183,57644,58017,58384,58743,56482,56496,58906
"1078","240030","240030 AFONSO BEZERRA",10976,10628,10599,10844,10843,10841,11191,11197,11202,11207,11211,11041,11035,11029,11024,10838,10839,11149
"1079","240040","240040 AGUA NOVA",2987,2929,2962,2980,3004,3026,3156,3183,3210,3235,3260,3230,3252,3272,3293,2951,2946,3028
"1080","240050","240050 ALEXANDRIA",13087,14127,14153,13507,13487,13467,13878,13864,13852,13839,13827,13602,13577,13553,13529,13211,13640,14042
"1081","240060","240060 ALMINO AFONSO",4757,5087,5073,4871,4847,4823,4945,4922,4899,4876,4854,4761,4735,4710,4685,4689,4687,4806
"1082","240070","240070 ALTO DO RODRIGUES",10558,11817,12049,12305,12521,12729,13440,13680,13915,14143,14365,14326,14529,14728,14923,12538,12484,12857
"1083","240080","240080 ANGICOS",11573,11544,11517,11549,11544,11538,11905,11906,11907,11908,11909,11724,11714,11705,11695,11641,11632,11973
"1084","240090","240090 ANTONIO MARTINS",6072,7205,7244,6907,6919,6930,7172,7188,7205,7221,7237,7137,7145,7154,7162,6577,6577,6738
"1085","240100","240100 APODI",36722,35648,35767,34763,34809,34852,36049,36120,36189,36257,36323,35814,35845,35874,35904,36118,35897,37390
"1086","240110","240110 AREIA BRANCA",23646,25147,25392,25315,25529,25736,26868,27115,27356,27176,27401,27162,27774,27967,28156,24076,24093,24643
"1087","240120","240120 ARES",11481,12611,12729,12924,13047,13166,13764,13905,14042,14176,14307,14192,14306,14417,14526,13268,13251,13657
"1088","240130","240130 AUGUSTO SEVERO",9121,9194,9208,9289,9310,9330,9660,9688,9716,9742,9768,9638,9655,9670,9686,10319,9730,10045
"1089","240140","240140 BAIA FORMOSA",8332,8726,8810,8573,8631,8687,9048,9116,9182,9247,9309,9218,9271,9322,9373,8825,8825,9098
"1090","240145","240145 BARAUNA",21859,23860,24348,24182,24586,24977,26347,26799,27238,27667,28085,27994,28374,28747,29112,26949,26913,28268
"1091","240150","240150 BARCELONA",4272,4040,4049,3950,3947,3944,4067,4067,4066,4065,4064,4002,3998,3994,3989,4003,3986,4103
"1092","240160","240160 BENTO FERNANDES",4926,5158,5203,5113,5145,5175,5385,5422,5458,5493,5527,5469,5497,5525,5552,4796,4807,4920
"1093","240165","240165 BODO",2783,2611,2599,2425,2399,2373,2412,2385,2358,2332,2307,2250,2223,2197,2171,2309,2306,2363
"1094","240170","240170 BOM JESUS",9813,8721,8730,9440,9504,9566,9965,10040,10114,10185,10254,10152,10210,10267,10323,9713,9952,10279
"1095","240180","240180 BREJINHO",12263,11476,11582,11577,11675,11769,12286,12399,12509,12616,12720,12609,12699,12787,12873,12205,12202,12603
"1096","240185","240185 CAICARA DO NORTE",5906,6582,6652,6016,6030,6043,6257,6568,6587,6606,6624,6537,6549,6561,6572,6282,6293,6474
"1097","240190","240190 CAICARA DO RIO DO VENTO",3072,3158,3203,3308,3342,3375,3531,3570,3608,3645,3680,3652,3684,3715,3745,3274,3268,3359
"1098","240200","240200 CAICO",62409,62497,63016,62709,63148,63571,66246,66759,67259,67747,68222,67554,67952,68343,68726,61160,61146,63339
"1099","240210","240210 CAMPO REDONDO",9074,10793,10944,10266,10348,10427,10879,10974,11066,11156,11244,11142,11217,11291,11363,10217,10215,10504
"1100","240220","240220 CANGUARETAMA",30494,30237,30541,30916,31216,31506,32945,33289,33623,33949,34267,33999,34276,34548,34814,29377,29668,30806
"1101","240230","240230 CARAUBAS",17582,20333,20473,19576,19635,19692,20414,21750,20564,20636,20707,20443,20493,20541,20588,19766,19614,20161
"1102","240240","240240 CARNAUBA DOS DANTAS",7407,7041,7091,7429,7495,7559,7896,7972,8045,8117,8188,8119,8180,8239,8297,7949,7992,8267
"1103","240250","240250 CARNAUBAIS",8744,9578,9710,9762,9883,10000,10491,10628,10760,10592,10715,10651,10759,10867,10972,9704,9714,10010
"1104","240260","240260 CEARA-MIRIM",71149,67416,67871,68141,68580,69005,71856,72374,72878,73370,73849,73099,73497,73886,74268,78486,79115,83009
"1105","240270","240270 CERRO CORA",11111,11207,11224,10916,10922,10928,11292,11305,11318,11331,11344,11178,11179,11181,11182,11002,11000,11322
"1106","240280","240280 CORONEL EZEQUIEL",4981,5404,5401,5405,5405,5405,5580,5583,5587,5590,5593,5508,5506,5504,5501,5092,5117,5241
"1107","240290","240290 CORONEL JOAO PESSOA",4695,4970,4996,4772,4778,4783,4946,4955,4963,4972,4980,4908,4912,4915,4918,4237,4237,4315
"1108","240300","240300 CRUZETA",8366,8046,8028,7967,7954,7942,8182,8173,8164,8155,8147,8014,7998,7983,7968,8008,8005,8238
"1109","240310","240310 CURRAIS NOVOS",41266,43315,43540,42652,42795,42934,44528,44710,44887,45060,45228,44664,44786,44905,45022,41341,41313,42930
"1110","240320","240320 DOUTOR SEVERIANO",6644,6615,6608,6492,6488,6954,7178,7181,7184,7187,7190,7080,7076,7072,7068,7049,7044,7253
"1111","240325","240325 PARNAMIRIM",176907,178819,184223,202456,208426,214199,229414,235983,242384,248623,254709,255793,261469,267036,272490,252950,252716,269298
"1112","240330","240330 ENCANTO",4859,5316,5368,5231,5265,5297,5515,5554,5593,5630,5666,5608,5638,5668,5697,6017,6016,6252
"1113","240340","240340 EQUADOR",5809,6050,6079,5822,5835,5846,6054,6070,6087,6103,6119,6036,6045,6054,6064,5355,5360,5476
"1114","240350","240350 ESPIRITO SANTO",11220,10414,10377,10475,10457,10439,10753,10739,10727,10714,10702,10527,10505,10484,10463,10622,10620,10936
"1115","240360","240360 EXTREMOZ",23513,22473,22755,24569,24953,25324,26677,27107,27525,27933,28331,28222,28583,28936,29282,61381,61635,66993
"1116","240370","240370 FELIPE GUERRA",5109,5848,5879,5734,5750,5765,5973,5994,6013,6033,6052,5972,5985,5997,6009,5970,6259,6458
"1117","240375","240375 FERNANDO PEDROZA",2534,2964,2997,2854,2870,2885,3000,3019,3037,3055,3072,3039,3054,3067,3081,2937,2938,3029
"1118","240380","240380 FLORANIA",8927,8540,8499,8959,8958,8957,9245,9250,9254,9258,9262,9121,9116,9786,9772,10199,10196,10528
"1119","240390","240390 FRANCISCO DANTAS",2820,3011,3003,2874,2863,2852,2929,2919,2909,2899,2890,2836,2824,2813,2801,2700,2700,2763
"1120","240400","240400 FRUTUOSO GOMES",4525,4482,4451,4233,4207,4181,4280,4254,4228,4204,4180,4095,4068,4041,4015,4122,4122,4231
"1121","240410","240410 GALINHOS",2197,2219,2272,2159,2223,2284,2446,2516,2584,2650,2715,2726,2786,2845,2903,2105,2104,2160
"1122","240420","240420 GOIANINHA",17802,20997,21317,22481,22851,23209,24476,24889,25292,25685,26068,25980,26328,26669,27004,27079,26741,28212
"1123","240430","240430 GOVERNADOR DIX-SEPT ROSADO",12898,12747,12825,12374,12421,12465,12934,12992,13048,13103,13157,12997,13037,13076,13115,11926,11932,12239
"1124","240440","240440 GROSSOS",9066,9741,9881,9393,9481,9566,9998,10099,10197,10293,10386,10302,10383,10463,10541,9742,9924,10251
"1125","240450","240450 GUAMARE",9915,12157,12556,12404,12731,13047,13922,14282,14633,14975,15309,15349,15659,15963,16261,15312,15295,15947
"1126","240460","240460 IELMO MARINHO",11213,12018,12192,12171,12319,12462,13070,13237,13400,13559,13714,13628,13766,13901,14033,11614,11615,11903
"1127","240470","240470 IPANGUACU",12492,13868,14055,13856,14005,14148,14814,14983,15147,15308,15464,15354,15491,15626,15759,14164,14131,14539
"1128","240480","240480 IPUEIRA",2079,2097,2120,2077,2091,2104,2190,2206,2221,2236,2251,2228,2241,2253,2264,2035,2035,2090
"1129","240485","240485 ITAJA",7521,6599,6626,6932,6985,7036,7336,7397,7457,7515,7571,7501,7548,7595,7641,7298,7292,7531
"1130","240490","240490 ITAU",5583,5936,5995,5564,5587,5609,5822,5850,5878,5904,5930,5858,5878,5897,5916,5317,5320,5452
"1131","240500","240500 JACANA",8375,8017,8039,7925,8040,8150,8573,8702,8827,8949,9068,9026,9133,9238,9341,10247,7834,8051
"1132","240510","240510 JANDAIRA",6701,6641,6706,6801,6820,6838,7086,6875,6898,6920,6942,6863,6878,6893,6907,6570,6562,6748
"1133","240520","240520 JANDUIS",5261,5569,5557,5345,5326,5307,5453,5436,5419,5402,5386,5289,5268,5248,5228,4767,4746,4834
"1134","240530","240530 JANUARIO CICCO",8568,8548,8625,9011,9113,9211,9651,9767,9879,9989,10096,10087,10181,10275,10367,9054,8591,8836
"1135","240540","240540 JAPI",6545,5757,5694,5522,5461,5401,5490,5427,5366,5306,5247,5117,5055,4995,4935,5123,5117,5231
"1136","240550","240550 JARDIM DE ANGICOS",2860,2607,2598,2607,2603,2598,2676,2673,2669,2666,2663,2617,2612,2606,2600,2436,2437,2493
"1137","240560","240560 JARDIM DE PIRANHAS",13729,14139,14328,13506,13623,13735,14342,14476,14606,14734,14858,14730,14837,14942,15044,13969,13977,14416
"1138","240570","240570 JARDIM DO SERIDO",12216,12362,12384,12113,12119,12124,12526,12540,12553,12566,12579,12395,12396,12396,12397,11623,11655,11952
"1139","240580","240580 JOAO CAMARA",32137,31332,31518,32227,32456,32677,34057,34324,34585,34839,35087,34747,34955,35160,35360,33191,33290,34768
"1140","240590","240590 JOAO DIAS",2553,2805,2819,2601,2602,2602,2687,2689,2691,2693,2695,2655,2654,2654,2653,2076,2076,2093
"1141","240600","240600 JOSE DA PENHA",6223,6157,6176,5868,5865,5862,6049,6049,6049,6050,6050,5957,5951,5946,5941,5799,5803,5964
"1142","240610","240610 JUCURUTU",19559,18014,18071,17692,17721,17749,18366,18409,18450,18490,18530,18274,18295,18315,18335,17779,17793,18286
"1143","240615","240615 JUNDIA",3131,3626,3673,3582,3609,3635,3790,3821,3851,3881,3910,3873,3898,3922,3945,3737,3739,3859
"1144","240620","240620 LAGOA D'ANTA",6102,6119,6163,6227,6273,6318,6587,6640,6692,6743,6793,6728,6769,6811,6851,6680,6513,6733
"1145","240630","240630 LAGOA DE PEDRAS",7550,7205,7281,6989,7035,7079,7372,7425,7478,7529,7579,7503,7544,7584,7624,7340,7338,7577
"1146","240640","240640 LAGOA DE VELHOS",3228,2778,2789,2668,2670,2671,2759,2762,2765,2768,2771,2731,2732,2732,2732,2569,2567,2633
"1147","240650","240650 LAGOA NOVA",13140,13574,13717,13983,14131,14274,14942,15110,15274,15434,15590,15477,15614,15749,15880,15584,15573,16126
"1148","240660","240660 LAGOA SALGADA",7389,7395,7457,7564,7623,7679,8009,8076,8142,8206,8269,8192,8245,8297,8348,8334,8319,8619
"1149","240670","240670 LAJES",10005,10737,10869,10381,10457,10530,10977,11065,11151,11234,11316,11208,11277,11344,11410,9866,9866,10108
"1150","240680","240680 LAJES PINTADAS",4587,4333,4307,4612,4619,4625,4784,4794,4803,4813,4822,4755,4759,4763,4768,4779,4787,4939
"1151","240690","240690 LUCRECIA",3428,3522,3564,3633,3665,3696,3860,3897,3933,3968,4002,3966,3996,4025,4053,3490,3490,3579
"1152","240700","240700 LUIS GOMES",9636,10060,10140,9610,9646,9679,10042,10086,10129,10171,10211,10086,10116,10146,10175,9083,9070,9286
"1153","240710","240710 MACAIBA",64611,65361,66384,69467,70587,71670,75548,76801,78021,79211,80031,79743,80792,81821,82828,81584,82249,86433
"1154","240720","240720 MACAU",25453,27951,28160,28954,29204,29446,30749,31037,31318,31592,31859,31584,31814,32039,32260,27395,27369,28384
"1155","240725","240725 MAJOR SALES",3116,3571,3622,3536,3582,3625,3805,3856,3906,3955,4002,3978,4020,4062,4102,3924,3924,4067
"1156","240730","240730 MARCELINO VIEIRA",7999,8342,8328,8265,8257,8249,8506,8502,8499,8495,8492,8358,8347,8336,8325,7896,7896,8092
"1157","240740","240740 MARTINS",7529,8331,8384,8218,8256,8293,8615,8661,8706,8750,8793,8692,8725,8758,8790,8178,8179,8411
"1158","240750","240750 MAXARANGUAPE",9741,9251,9371,10441,10629,10810,11419,11628,11831,12030,12223,12194,12371,12544,12714,10262,10255,10534
"1159","240760","240760 MESSIAS TARGINO",3968,3907,3937,4188,4225,4259,4448,4489,4530,4569,4608,4568,4601,4634,4665,4283,4274,4404
"1160","240770","240770 MONTANHAS",13924,12762,12833,11413,11372,11333,11644,11608,11572,11537,11503,11295,11251,11208,11166,11459,11444,11774
"1161","240780","240780 MONTE ALEGRE",21427,21225,21445,20685,20825,20959,21833,21996,22155,22311,22462,22239,22451,22576,22698,22950,23031,23843
"1162","240790","240790 MONTE DAS GAMELEIRAS",2347,2460,2458,2261,2240,2219,2261,2240,2219,2198,2178,2127,2105,2084,2063,2277,2276,2343
"1163","240800","240800 MOSSORO",232196,241645,244287,259815,263344,266758,280314,284288,288162,291937,295619,294076,297378,300618,303792,264181,264577,278034
"1164","240810","240810 NATAL",801665,798065,806203,803739,810780,817590,853928,862044,869954,877662,885180,877640,884122,890480,896708,751932,751300,785368
"1165","240820","240820 NISIA FLORESTA",23385,23655,24111,23784,24149,24501,25800,26208,26606,26994,27372,27260,27602,27938,28266,30952,31942,33949
"1166","240830","240830 NOVA CRUZ",37049,36336,36556,35490,35618,35741,37079,37239,37395,37547,37695,37233,37343,37450,37554,34252,34204,35534
"1167","240840","240840 OLHO-D'AGUA DO BORGES",4355,4570,4577,4295,4283,4270,4391,4380,4370,4359,4349,4272,4258,4244,4231,3896,3905,3748
"1168","240850","240850 OURO BRANCO",4776,5124,5171,4699,4702,4704,4860,4866,4871,4877,4882,4812,4812,4813,4813,4912,4913,5071
"1169","240860","240860 PARANA",3742,4004,4034,3952,3977,4001,4165,4194,4222,4249,4276,4232,4254,4276,4298,3934,3934,4046
"1170","240870","240870 PARAU",4163,3988,3969,3859,3842,3824,3924,3907,3891,3875,3859,3787,3768,3750,3732,3589,3579,3659
"1171","240880","240880 PARAZINHO",4616,4920,4976,4845,4885,4924,5139,5127,5173,5215,5258,5201,5237,5272,5307,4796,4801,4940
"1172","240890","240890 PARELHAS",20808,20566,20674,20354,20434,20511,21288,21387,21483,21577,21669,21408,21477,21545,21611,21464,21499,22179
"1173","240895","240895 RIO DO FOGO",10631,10048,10123,10059,10124,10187,10607,10684,10758,10830,10901,10789,10848,10905,10961,10268,10351,10672
"1174","240910","240910 PASSA E FICA",9863,10718,10960,11100,11313,11519,12188,12424,12655,12880,13099,13076,13277,13474,13667,10892,11102,11406
"1175","240920","240920 PASSAGEM",2906,2704,2703,2895,2910,2925,3040,3057,3075,3092,3109,3075,3089,3102,3114,3119,3115,3222
"1176","240930","240930 PATU",10691,11634,11675,11964,12025,12084,12561,12635,12706,12776,12844,12701,12755,12809,12861,11001,11007,11245
"1177","240933","240933 SANTA MARIA",4594,4813,4905,4762,4838,4911,5174,5259,5341,5422,5500,5480,5551,5621,5689,4843,4847,4992
"1178","240940","240940 PAU DOS FERROS",28102,27547,27811,27745,27975,28197,29430,29696,29954,30206,30452,30183,30394,30600,30802,30403,30479,31975
"1179","240950","240950 PEDRA GRANDE",4466,4030,4028,3521,3483,3447,3505,3467,3429,3392,3356,3275,3237,3199,3163,3611,3618,3729
"1180","240960","240960 PEDRA PRETA",2970,2732,2716,2590,2571,2552,2607,2587,2568,2550,2532,2478,2458,2438,2419,2450,2441,2499
"1181","240970","240970 PEDRO AVELINO",5076,7607,7557,7171,7107,7045,7186,7122,7059,6998,6938,6780,6716,6653,6591,6241,6242,6345
"1182","240980","240980 PEDRO VELHO",14170,14073,14122,14114,14160,14204,14729,14787,14844,14900,14954,14767,14806,14844,14881,13860,13824,14197
"1183","240990","240990 PENDENCIAS",11691,12893,13034,13432,13588,13739,14402,14579,14751,14919,15083,14984,15129,15272,15411,12273,12278,12536
"1184","241000","241000 PILOES",3718,3488,3531,3453,3488,3522,3683,3723,3761,3799,3836,3806,3838,3869,3900,2963,2965,3010
"1185","241010","241010 POCO BRANCO",13792,12645,12674,13949,14079,14204,14845,14994,15139,15280,15418,15294,15413,15531,15646,12389,12390,12619
"1186","241020","241020 PORTALEGRE",7073,7056,7087,7320,7365,7407,7708,7760,7811,7861,7909,7827,7867,7906,7944,7601,7601,7842
"1187","241025","241025 PORTO DO MANGUE",5034,4947,5034,5217,5306,5392,5689,5788,5884,6691,6789,6765,6437,6522,6605,5253,5228,5357
"1188","241030","241030 SERRA CAIADA",7863,8552,8701,8768,8904,9035,9515,9666,9814,9958,10099,10266,10395,10522,10646,9964,10743,11146
"1189","241040","241040 PUREZA",7096,8287,8418,8424,8537,8645,9081,9208,9331,9451,9568,9516,9621,9724,9825,9358,9362,9707
"1190","241050","241050 RAFAEL FERNANDES",5018,4750,4798,4692,4727,4760,4961,5001,5040,5078,5115,5067,5098,5128,5158,5432,5432,5647
"1191","241060","241060 RAFAEL GODEIRO",2938,3226,3253,3063,3072,3080,3191,3202,3213,3224,3234,3194,3201,3208,3214,2931,2934,3008
"1192","241070","241070 RIACHO DA CRUZ",2757,3121,3165,3165,3204,3241,3399,3442,3485,3526,3566,3543,3579,3614,3648,2693,2701,2741
"1193","241080","241080 RIACHO DE SANTANA",4383,4419,4449,4156,4153,4150,4280,4279,4278,4278,4277,4209,4204,4199,4194,4134,4127,4243
"1194","241090","241090 RIACHUELO",5714,7045,7173,7067,7168,7265,7640,7753,7863,7970,8075,8034,8128,8220,8310,7389,7389,7627
"1195","241100","241100 RODOLFO FERNANDES",3788,4704,4734,4418,4415,4411,4549,4548,4547,4546,4545,4472,4467,4462,4457,4234,4242,4349
"1196","241105","241105 TIBAU",4200,3871,3938,3687,3725,3761,3935,3978,4019,4060,4100,4071,4106,4140,4173,5389,5382,5674
"1197","241110","241110 RUY BARBOSA",4008,3729,3730,3595,3589,3582,3689,3683,3678,3673,3669,3608,3600,3592,3584,3203,3206,3266
"1198","241120","241120 SANTA CRUZ",33539,34769,35095,35797,36143,36477,38142,38538,38924,39300,39667,39355,39674,39988,40295,37232,37313,38996
"1199","241140","241140 SANTANA DO MATOS",17328,14690,14544,13809,13642,13481,13688,13517,13605,13445,13289,12954,12791,11956,11808,12460,12456,12746
"1200","241142","241142 SANTANA DO SERIDO",2270,2816,2854,2526,2538,2549,2647,2661,2675,2688,2701,2670,2680,2689,2699,2696,2696,2787
"1201","241150","241150 SANTO ANTONIO",20867,21905,22072,22216,22378,22535,23492,23681,23865,24045,24220,23988,24136,24280,24422,22150,22177,22779
"1202","241160","241160 SAO BENTO DO NORTE",3550,3635,3659,2975,2945,2915,2967,2935,2905,2875,2846,2778,2747,2717,2687,3252,3304,3426
"1203","241170","241170 SAO BENTO DO TRAIRI",3247,3820,3882,3905,3956,4005,4205,4262,4318,4372,4425,4401,4449,4495,4541,3788,3792,3892
"1204","241180","241180 SAO FERNANDO",2998,3483,3497,3401,3414,3427,3556,3572,3587,3603,3617,3573,3584,3595,3606,3480,3492,3600
"1205","241190","241190 SAO FRANCISCO DO OESTE",4057,3780,3809,3874,3905,3934,4103,4138,4173,4206,4238,4200,4228,4255,4281,4172,4161,4304
"1206","241200","241200 SAO GONCALO DO AMARANTE",90178,79776,80737,87668,89045,90376,95218,96759,98260,99724,101492,101102,102400,103672,104919,115467,115838,123207
"1207","241210","241210 SAO JOAO DO SABUGI",5880,5934,5945,5922,5940,5956,6174,6196,6218,6240,6260,6179,6193,6207,6221,5956,5956,6130
"1208","241220","241220 SAO JOSE DE MIPIBU",40660,38109,38406,39776,40150,40511,42345,42773,43191,43598,43995,43640,43899,44236,44566,47279,47286,49693
"1209","241230","241230 SAO JOSE DO CAMPESTRE",12115,12080,12081,12356,12385,12413,12856,12896,12933,12971,13007,12833,12856,12879,12901,13691,11121,11340
"1210","241240","241240 SAO JOSE DO SERIDO",4284,4042,4066,4231,4266,4300,4488,4528,4567,4605,4643,4602,4634,4665,4696,4548,4558,4716
"1211","241250","241250 SAO MIGUEL",21606,23288,23594,22157,22314,21994,22921,23100,23274,23444,23610,23380,23519,23655,23789,23494,23537,24329
"1212","241255","241255 SAO MIGUEL DO GOSTOSO",9074,9093,9239,8670,8754,8835,9237,9333,9427,9518,9606,9531,10282,10362,10441,10250,10221,10590
"1213","241260","241260 SAO PAULO DO POTENGI",15599,14918,15020,15843,15999,16149,16888,17066,17239,17407,17572,17436,17579,17720,17858,16586,16786,17320
"1214","241270","241270 SAO PEDRO",6573,6612,6578,6235,6194,6154,6296,6255,6216,6177,6139,6014,5971,5930,5889,5786,5776,5905
"1215","241280","241280 SAO RAFAEL",8511,8350,8369,8111,8105,8098,8351,8349,8347,8345,8343,8212,8202,8192,8183,7707,7711,7899
"1216","241290","241290 SAO TOME",10236,11445,11499,10827,10830,10832,11187,11196,11205,11214,11223,11057,11055,11053,11051,9720,9972,10188
"1217","241300","241300 SAO VICENTE",6191,5992,6019,6028,6059,6088,6328,6364,6400,6435,6469,6397,6424,6450,6476,6311,6310,6514
"1218","241310","241310 SENADOR ELOI DE SOUZA",5634,6097,6197,5637,5684,5729,5980,6034,6087,6138,6188,6044,6086,6127,6167,5964,5807,6007
"1219","241320","241320 SENADOR GEORGINO AVELINO",3852,3806,3846,3924,3972,4018,4215,4269,4322,4373,4423,4395,4440,4484,4527,4064,4065,4193
"1220","241330","241330 SERRA DE SAO BENTO",5513,5968,5970,5743,5734,5724,5896,5890,5883,5877,5870,5774,5762,5751,5739,5706,5703,5864
"1221","241335","241335 SERRA DO MEL",8419,9505,9629,10287,10445,10597,11159,11336,11507,11675,11838,11790,11938,12083,12225,13110,13091,13694
"1222","241340","241340 SERRA NEGRA DO NORTE",7588,7445,7442,7770,7788,7805,8083,8106,8130,8152,8175,8065,8078,8092,8105,7593,7597,7801
"1223","241350","241350 SERRINHA",7681,6925,6885,6581,6530,6480,6620,6568,6518,6470,6422,6281,6229,6178,6128,6444,6436,6609
"1224","241355","241355 SERRINHA DOS PINTOS",4260,4488,4510,4540,4559,4577,4752,4775,4797,4819,4841,4784,4800,4816,4832,4659,4659,4802
"1225","241360","241360 SEVERIANO MELO",10737,5728,5227,5752,5801,5848,4674,4278,3893,3517,3150,2799,2440,2088,1743,5497,5487,5623
"1226","241370","241370 SITIO NOVO",4313,5380,5470,5020,5064,5107,5333,5384,5433,5481,5528,5481,5522,5561,5600,4662,4654,4758
"1227","241380","241380 TABOLEIRO GRANDE",1986,2349,2383,2317,2340,2361,2468,2494,2518,2542,2566,2545,2566,2586,2606,2333,2338,2406
"1228","241390","241390 TAIPU",12454,12115,12163,11836,11860,11883,12301,12334,12366,12398,12428,12261,12279,12297,12314,11438,11422,11716
"1229","241400","241400 TANGARA",13739,13482,13611,14175,14333,14486,15175,15354,15529,15700,15866,15581,15727,15869,16008,13266,13281,13602
"1230","241410","241410 TENENTE ANANIAS",8316,9591,9651,9883,9961,10036,10468,10558,10646,10731,10814,10715,10786,10855,10923,10262,10262,10587
"1231","241415","241415 TENENTE LAURENTINO CRUZ",5288,5284,5374,5406,5483,5557,5843,5928,5757,5835,5912,5883,5952,6019,6085,5892,5891,6118
"1232","241420","241420 TIBAU DO SUL",9270,11347,11707,11385,11665,11935,12708,13017,13316,13609,13895,13916,14180,14440,14694,17210,16929,17840
"1233","241430","241430 TIMBAUBA DOS BATISTAS",2410,2364,2392,2295,2304,2312,2398,2408,2418,2428,2437,2407,2414,2421,2427,2336,2348,2420
"1234","241440","241440 TOUROS",33547,30325,30550,31089,31336,31574,32942,33228,33506,33778,34043,33734,33287,33503,33716,33008,33035,34624
"1235","241445","241445 TRIUNFO POTIGUAR",3742,3359,3326,3368,3347,3327,3406,3386,3366,3346,3327,3259,3237,3216,3195,3358,3376,3474
"1236","241450","241450 UMARIZAL",11091,10939,10906,10659,10626,10594,10893,10864,10835,10808,10781,10591,10555,10520,10485,9972,10078,10671
"1237","241460","241460 UPANEMA",12992,13126,13336,12992,13146,13295,13939,12853,14282,14448,14609,14516,14659,14800,14937,13434,13577,14013
"1238","241470","241470 VARZEA",4861,5435,5477,5236,5254,5271,5467,5490,5512,5534,5554,5485,5500,5515,5529,5232,5233,5383
"1239","241475","241475 VENHA-VER",3868,3597,3611,3821,3852,3882,4050,4086,4121,4154,4187,4149,4177,4205,4232,3013,3014,3035
"1240","241480","241480 VERA CRUZ",8992,10652,10865,10719,10888,11051,11644,11832,12016,12196,12371,12323,12481,12637,12789,10487,10735,11044
"1241","241490","241490 VICOSA",1699,1826,1855,1618,1626,1633,1696,1705,1714,1722,1731,1712,1718,1725,1731,1822,1822,1890
"1242","241500","241500 VILA FLOR",2717,2727,2740,2872,2899,2924,3056,3086,3116,3145,3173,3146,3170,3194,3217,3174,3174,3289
"1243","250010","250010 AGUA BRANCA",8522,9477,9580,9449,9532,9611,9893,9990,10083,10172,10258,10161,10234,10306,10375,9308,9335,9578
"1244","250020","250020 AGUIAR",4261,5789,5802,5530,5522,5514,5586,5580,5573,5567,5562,5571,5640,5630,5622,5011,5003,5061
"1245","250030","250030 ALAGOA GRANDE",28347,28246,28113,28479,28427,28375,28733,28689,28646,28604,28565,28623,28496,28439,28384,26081,26062,26774
"1246","250040","250040 ALAGOA NOVA",19233,19700,19798,19681,19766,19849,20294,20399,20500,20596,20689,20589,20849,20921,20992,21009,21013,21724
"1247","250050","250050 ALAGOINHA",13039,13389,13470,13576,13660,13740,14088,14188,14284,14376,14464,14367,14489,14560,14629,13698,13725,14118
"1248","250053","250053 ALCANTIL",5555,5211,5233,5239,5261,5282,5398,5425,5451,5475,5499,5473,5492,5509,5527,5578,5578,5777
"1249","250057","250057 ALGODAO DE JANDAIRA",2412,2407,2417,2366,2379,2390,2446,2461,2475,2488,2501,2488,2567,2577,2588,2953,2953,3105
"1250","250060","250060 ALHANDRA",18159,18674,18933,18007,18168,18324,18868,19057,19238,19412,19579,19391,19588,19727,19865,21632,21730,22797
"1251","250070","250070 SAO JOAO DO RIO DO PEIXE",17855,18276,18319,18201,18199,17646,17917,17923,17929,17934,17940,17941,18034,18026,18020,17560,17964,18468
"1252","250073","250073 AMPARO",2106,2062,2068,2088,2104,2119,2176,2195,2212,2229,2246,2227,2238,2251,2264,2166,2234,2316
"1253","250077","250077 APARECIDA",7342,7523,7604,7676,7756,7832,8081,8174,8263,8348,8430,8337,8347,8416,8482,7962,7960,8225
"1254","250080","250080 ARACAGI",17855,17877,17843,17224,17158,17093,17252,17186,17122,17061,17003,17079,16987,16921,16857,16589,16646,17012
"1255","250090","250090 ARARA",12920,12698,12800,12653,12738,12820,13157,13258,13355,13448,13538,13438,13470,13542,13613,11408,12212,12496
"1256","250100","250100 ARARUNA",17590,19708,20005,18879,19054,19076,19653,19855,20051,20237,20418,20215,20312,20463,20610,17203,17189,17442
"1257","250110","250110 AREIA",24425,25714,25646,23829,23653,23391,23472,23288,23110,22940,22776,22978,22819,22656,22493,22634,22633,23082
"1258","250115","250115 AREIA DE BARAUNAS",2381,2156,2150,1927,1914,1901,1908,1894,1880,2137,2126,2140,2128,2116,2105,2005,2005,2036
"1259","250120","250120 AREIAL",5998,6409,6438,6470,6504,6536,6819,6860,6900,6938,6975,6935,6998,7027,7054,7139,7128,7393
"1260","250130","250130 AROEIRAS",19054,19722,19722,19082,19049,19016,19259,19231,19204,19178,19154,19190,19153,19116,19081,18702,18705,19148
"1261","250135","250135 ASSUNCAO",3358,3426,3484,3522,3566,3607,3732,3782,3830,3876,3921,3870,3990,4029,4067,4152,4152,4342
"1262","250140","250140 BAIA DA TRAICAO",7437,7834,7972,8012,8130,8243,8561,8696,8826,8951,9070,8933,8993,9096,9197,9147,9224,9648
"1263","250150","250150 BANANEIRAS",20660,22287,22316,21851,21801,21753,22012,21276,21235,21195,21156,21210,21318,21269,21220,23107,23134,23989
"1264","250153","250153 BARAUNA",3761,3967,4048,4220,4301,4379,4577,4669,4758,4843,4925,4831,4892,4964,5033,4754,4762,4968
"1265","250157","250157 BARRA DE SANTANA",8478,8861,8910,8206,8198,8191,8305,8300,8249,8245,8241,8249,8359,8349,8338,8062,8059,8253
"1266","250160","250160 BARRA DE SANTA ROSA",12087,13208,13268,14157,14287,14413,14847,14999,15145,15286,15421,15268,15384,15497,15607,12894,12904,13094
"1267","250170","250170 BARRA DE SAO MIGUEL",5260,5586,5627,5611,5646,5679,5824,5865,5905,5943,5979,5939,6036,6065,6095,5893,5906,6101
"1268","250180","250180 BAYEUX",96123,95470,96197,99716,100137,100543,102789,95677,96140,96583,97010,96550,96880,97203,97519,81932,82742,84404
"1269","250190","250190 BELEM",17415,17654,17736,17093,17131,17167,17495,17545,17594,17640,17685,17640,17676,17705,17733,16189,16401,16740
"1270","250200","250200 BELEM DO BREJO DO CRUZ",6050,7239,7258,7143,7154,7163,7291,7306,7320,7334,7347,7335,7342,7349,7356,6268,6268,6324
"1271","250205","250205 BERNARDINO BATISTA",2859,3247,3315,3075,3115,3153,3266,3312,3356,3398,3438,3393,3501,3536,3571,3504,3504,3650
"1272","250210","250210 BOA VENTURA",7109,5973,5904,5751,5687,5625,5608,5540,5473,5410,5349,5423,5366,5307,5248,5210,5207,5277
"1273","250215","250215 BOA VISTA",5667,5826,5907,6227,6323,6415,6669,6779,6884,6986,7083,6972,7051,7136,7218,6356,6377,6575
"1274","250220","250220 BOM JESUS",2588,2296,2309,2400,2416,2432,2495,2514,2532,2550,2567,2547,2561,2575,2588,2286,2286,2333
"1275","250230","250230 BOM SUCESSO",4449,5299,5299,5035,5016,4998,5044,5025,5007,4989,4972,4994,4975,4956,4937,4660,4661,4740
"1276","250240","250240 BONITO DE SANTA FE",9394,10533,10659,10804,10925,11042,11409,11549,11684,11814,11938,11797,11917,12022,12126,9880,10252,10460
"1277","250250","250250 BOQUEIRAO",15868,16327,16368,16888,16967,17043,17434,17530,17670,17757,17842,17751,17804,17870,17934,17599,17598,18153
"1278","250260","250260 IGARACY",6775,6513,6529,6156,6145,6134,6210,6200,6191,6182,6173,6186,6117,6105,6092,5650,5648,5743
"1279","250270","250270 BORBOREMA",5197,5148,5185,5111,5141,5169,5297,5332,5366,5399,5430,5395,5263,5287,5311,4211,4214,4231
"1280","250280","250280 BREJO DO CRUZ",11437,12770,12850,13123,13220,13313,13676,13790,13900,14006,14107,13993,14122,14206,14287,13613,13613,14050
"1281","250290","250290 BREJO DOS SANTOS",5708,5908,5893,6198,6218,6236,6364,6389,6413,6435,6457,6433,6449,6464,6479,5977,5742,5840
"1282","250300","250300 CAAPORA",21355,19929,20065,20362,20510,20653,21212,21387,21555,21717,21872,21698,21828,21955,22079,21290,21193,21865
"1283","250310","250310 CABACEIRAS",4241,5039,5113,5035,5093,5148,5319,5386,5449,5511,5570,5503,5611,5661,5710,5325,5335,5515
"1284","250320","250320 CABEDELO",54557,51064,51863,57944,59104,60226,63035,64360,65634,66858,68033,66680,67736,68767,69773,68744,66519,70067
"1285","250330","250330 CACHOEIRA DOS INDIOS",8268,8620,8691,9546,9617,9685,9950,10034,10114,10191,10265,10182,10244,10305,10364,8944,9151,9351
"1286","250340","250340 CACIMBA DE AREIA",3873,3583,3606,3557,3574,3590,3673,3693,3713,3731,3749,3729,3682,3695,3708,3292,3291,3354
"1287","250350","250350 CACIMBA DE DENTRO",16085,17590,17660,16748,16743,16885,17141,17145,17149,17153,17156,17159,17187,17178,17169,15975,16064,16373
"1288","250355","250355 CACIMBAS",4277,6975,7028,6814,6847,6877,7035,7075,7112,7148,7183,7145,7173,7199,7225,7225,7223,7478
"1289","250360","250360 CAICARA",7324,7522,7543,7220,7212,7205,7304,7298,7293,7288,7283,7292,7201,7191,7182,6615,6602,6713
"1290","250370","250370 CAJAZEIRAS",57634,57627,57876,58446,58794,59130,60612,61030,61431,61816,62187,61776,61993,62289,62576,63118,63239,66171
"1291","250375","250375 CAJAZEIRINHAS",2643,3141,3167,3033,3048,3061,3131,3148,3165,3181,3197,3181,3193,3205,3217,2740,2740,2776
"1292","250380","250380 CALDAS BRANDAO",5364,5513,5546,5637,5674,5710,5859,5903,5945,5986,6025,5982,6014,6046,6077,5755,5753,5928
"1293","250390","250390 CAMALAU",5486,5922,5966,5749,5771,5793,5917,5945,5971,5996,6020,5994,6013,6031,6048,6031,6085,6298
"1294","250400","250400 CAMPINA GRANDE",383578,381422,383767,385213,387644,389995,400002,402912,405072,407754,410332,407472,409731,411807,413830,418140,419379,440939
"1295","250403","250403 CAPIM",4316,5344,5459,5601,5711,5816,6082,6206,6326,6441,6552,6424,6523,6620,6715,6976,6970,7347
"1296","250407","250407 CARAUBAS",3847,3929,3959,3899,3925,3951,4054,4085,4115,4143,4171,4140,4162,4185,4206,3948,3944,4059
"1297","250410","250410 CARRAPATEIRA",2414,2345,2342,2378,2410,2441,2529,2566,2601,2635,2667,2631,2659,2687,2714,2311,2312,2367
"1298","250415","250415 CASSERENGUE",7442,6951,6992,7058,7096,7132,7304,7350,7394,7436,7476,7431,7468,7499,7530,6889,6889,7056
"1299","250420","250420 CATINGUEIRA",4357,4986,5008,4812,4817,4822,4905,4912,4920,4927,4934,4929,4932,4935,4938,4492,4491,4572
"1300","250430","250430 CATOLE DO ROCHA",27846,28320,28468,28759,28922,29079,29794,29990,30179,30360,30534,30343,30546,30684,30819,30656,30661,32118
"1301","250435","250435 CATURITE",4517,4591,4624,4543,4571,4598,4714,4747,4779,4810,4839,4807,4852,4875,4898,5253,5254,5492
"1302","250440","250440 CONCEICAO",16878,17997,17987,18363,18397,18429,18769,18816,18860,18903,18944,18904,18982,19007,19030,18239,18260,18723
"1303","250450","250450 CONDADO",5724,6890,6925,6584,6591,6598,6711,6722,6733,6743,6753,6649,6654,6658,6662,6449,6451,6624
"1304","250460","250460 CONDE",21537,20452,20847,21400,21783,22154,23115,23554,23975,24380,24769,24323,24670,25010,25341,27344,27605,29543
"1305","250470","250470 CONGO",4794,4903,4938,4687,4690,4692,4770,4775,4780,4785,4789,4785,4786,4787,4787,4936,4933,5102
"1306","250480","250480 COREMAS",15678,15668,15706,15149,15151,15152,15391,15400,15409,15418,15426,15423,15445,15441,15438,14680,14683,15005
"1307","250485","250485 COXIXOLA",1740,1752,1772,1771,1787,1802,1856,1874,1892,1909,1925,1907,1921,1935,1948,1823,1824,1882
"1308","250490","250490 CRUZ DO ESPIRITO SANTO",15305,15702,15861,16257,16158,16317,16836,17028,17212,17389,17559,17366,17319,17461,17599,16828,17095,17718
"1309","250500","250500 CUBATI",6475,6537,6560,6866,6903,6939,7106,7150,7193,7234,7274,7763,7797,7832,7866,7579,7580,7820
"1310","250510","250510 CUITE",19251,20768,20831,19978,19981,19983,20299,20312,20325,20337,20348,20343,20338,20334,20331,19718,19719,20205
"1311","250520","250520 CUITEGI",7476,7250,7251,6889,6861,6834,6895,6867,6841,6815,6790,6823,6803,6775,6748,6730,6730,6894
"1312","250523","250523 CUITE DE MAMANGUAPE",6434,6685,6738,6202,6208,6214,6321,6331,6340,6349,6358,6349,6353,6356,6360,6261,6251,6431
"1313","250527","250527 CURRAL DE CIMA",5712,5622,5657,5209,5201,5192,5259,5252,5245,5238,5232,5242,5227,5218,5209,5303,5254,5406
"1314","250530","250530 CURRAL VELHO",2563,2858,2880,2505,2501,2497,2529,2526,2523,2520,2517,2521,2516,2512,2508,2198,2292,2327
"1315","250535","250535 DAMIAO",4470,4938,4997,4900,4946,4990,5142,5195,5246,5296,5343,5289,5330,5370,5409,4980,4982,5131
"1316","250540","250540 DESTERRO",11381,8152,8190,7991,8014,8035,8196,8225,8253,8280,8306,8279,8297,8315,8332,8067,8067,8300
"1317","250550","250550 VISTA SERRANA",3174,3344,3373,3512,3543,3572,3675,3710,3744,3777,3808,3773,3798,3824,3850,3644,3641,3759
"1318","250560","250560 DIAMANTE",6557,6772,6743,6616,6593,6571,6636,6613,6591,6570,6550,6575,6552,6528,6506,6291,6299,6431
"1319","250570","250570 DONA INES",11449,11142,11140,10517,10477,10438,10535,10495,10456,10419,10383,10429,10453,10413,10375,10374,10380,10640
"1320","250580","250580 DUAS ESTRADAS",2748,3855,3856,3638,3625,3611,3645,3631,3618,3606,3594,3610,3596,3582,3569,3340,3327,3377
"1321","250590","250590 EMAS",3004,3347,3372,3317,3337,3356,3439,3463,3485,3507,3528,3505,3522,3539,3556,3014,3011,3053
"1322","250600","250600 ESPERANCA",28650,30629,30856,31095,31320,31538,32264,32530,32785,33031,33266,33003,33007,33199,33386,31241,31231,32522
"1323","250610","250610 FAGUNDES",10782,12166,12182,11405,11368,11332,11449,11413,11378,11345,11313,11355,11253,11215,11180,11051,11049,11315
"1324","250620","250620 FREI MARTINHO",3125,3018,3020,2933,2934,2935,2981,2984,2986,2988,2990,2990,2989,2989,2989,2846,2846,2913
"1325","250625","250625 GADO BRAVO",8337,8473,8470,8376,8365,8355,8466,8458,8450,8443,8435,8448,8316,8303,8292,8179,8179,8395
"1326","250630","250630 GUARABIRA",53402,55704,56137,55326,55657,55977,57383,57780,58162,58529,58881,58492,58833,59115,59389,57661,57484,59836
"1327","250640","250640 GURINHEM",13376,13584,13995,13872,13875,13877,14098,14107,14117,14126,14134,14131,14129,14127,14125,13767,13766,14133
"1328","250650","250650 GURJAO",2540,3067,3096,3159,3188,3215,3311,3344,3376,3407,3436,3403,3428,3453,3477,3242,3242,3343
"1329","250660","250660 IBIARA",6215,6316,6314,6031,6004,5978,6027,6000,5974,5949,5925,5956,5929,5903,5877,5633,5631,5733
"1330","250670","250670 IMACULADA",11964,11770,11850,11352,11388,11423,11659,11705,11749,11792,11833,11790,11819,11848,11877,9656,10392,10550
"1331","250680","250680 INGA",17079,18677,18782,18180,18235,17555,17912,17978,18042,18105,18163,18101,18103,18144,18184,17664,17692,18197
"1332","250690","250690 ITABAIANA",24139,25460,25463,24481,24426,24372,24663,24613,24565,24519,24475,24537,24477,24419,24363,23187,23182,23621
"1333","250700","250700 ITAPORANGA",22242,23047,23226,23192,23351,23505,24128,24317,24499,24674,24842,24653,24692,24828,24960,23623,23940,24686
"1334","250710","250710 ITAPOROROCA",15647,16405,16578,16997,17179,17354,17918,18129,18332,18527,18715,18501,18664,18823,18978,18461,18382,19054
"1335","250720","250720 ITATUBA",9574,10115,10186,10201,10265,10326,10590,10666,10739,10809,10876,10801,10962,11016,11069,10385,10499,10816
"1336","250730","250730 JACARAU",14597,14102,14086,13942,13967,13991,14248,14283,14316,14348,14378,14349,14431,14450,14467,14719,14477,14923
"1337","250740","250740 JERICO",7559,8043,8101,7538,7548,7557,7689,7703,7717,7730,7742,7732,7739,7745,7751,7396,7516,7721
"1338","250750","250750 JOAO PESSOA",683278,693082,702234,723515,733155,742478,769607,780738,791438,801718,811598,800323,809015,817511,825796,889618,833932,888679
"1339","250760","250760 JUAREZ TAVORA",6969,7829,7604,7459,7506,7550,7742,7797,7850,7901,7950,7896,7936,7976,8014,7792,7796,8057
"1340","250770","250770 JUAZEIRINHO",15848,16339,16476,16776,16923,17064,17565,17737,17902,18061,18213,18041,18171,18298,18422,17004,17007,17488
"1341","250780","250780 JUNCO DO SERIDO",6131,6665,6724,6643,6695,6745,6934,6995,7054,7111,7165,7104,7150,7195,7238,6792,6793,7002
"1342","250790","250790 JURIPIRANGA",9852,10524,10607,10237,10283,10327,10560,10616,10669,10721,10770,10717,10756,10793,10830,9741,10012,10259
"1343","250800","250800 JURU",9638,10510,10550,9826,9810,9793,9919,9906,9892,9880,9868,9886,9867,9849,9831,9237,9234,9410
"1344","250810","250810 LAGOA",4070,4943,4949,4681,4669,4657,4710,4698,4687,4676,4666,4679,4666,4653,4640,4417,4415,4502
"1345","250820","250820 LAGOA DE DENTRO",6891,7463,7499,7370,7392,7413,7564,7592,7619,7645,7670,7643,7719,7737,7754,7819,7819,8088
"1346","250830","250830 LAGOA SECA",26276,25636,25771,25900,26035,26164,26788,26950,27247,27398,27543,27385,27503,27617,27728,27739,27730,29053
"1347","250840","250840 LASTRO",2979,2917,2888,2841,2820,2800,2809,2787,2765,2745,2725,2749,2737,2718,2698,3162,3162,3292
"1348","250850","250850 LIVRAMENTO",7453,7305,7331,7164,7177,7189,7320,7338,7355,7371,7386,7371,7256,7265,7274,6881,6877,7045
"1349","250855","250855 LOGRADOURO",3555,3920,3977,3942,3985,4026,4157,4206,4254,4299,4343,4294,4332,4369,4406,4807,4797,5045
"1350","250860","250860 LUCENA",11506,11241,11389,11730,11882,12029,12460,12635,12804,12965,13121,12944,13080,13214,13344,12910,12560,13019
"1351","250870","250870 MAE D'AGUA",3154,4133,4127,4019,4009,3999,4044,4035,4026,4017,4009,4020,4009,3999,3988,3583,3583,3624
"1352","250880","250880 MALTA",5405,5794,5796,5613,5607,5602,5679,5675,5672,5668,5665,5766,5759,5752,5745,6045,6046,6259
"1353","250890","250890 MAMANGUAPE",41382,41406,41676,42303,42602,42537,43678,44030,44369,44694,45005,44657,44882,45136,45385,44599,44599,46719
"1354","250900","250900 MANAIRA",9705,11292,11367,10759,10781,10803,11007,11037,11066,11094,11120,11092,10955,10972,10988,10447,10434,10700
"1355","250905","250905 MARCACAO",6890,7482,7608,7609,7717,7822,8117,8241,8361,8475,8586,8460,8558,8653,8746,9807,8999,9435
"1356","250910","250910 MARI",20619,21110,21140,21176,21216,21254,21648,21703,21755,21806,21854,21808,21837,21866,21895,21251,21512,22126
"1357","250915","250915 MARIZOPOLIS",5385,6384,6450,6173,6216,6257,6423,6473,6522,6569,6614,6565,6617,6654,6689,6711,6705,6960
"1358","250920","250920 MASSARANDUBA",11421,12840,12944,12902,12995,13084,13438,13548,13654,13755,13853,13742,13918,13998,14077,14145,14139,14666
"1359","250930","250930 MATARACA",6323,7170,7300,7407,7526,7641,7952,8088,8219,8345,8466,8327,8434,8539,8642,8324,8244,8585
"1360","250933","250933 MATINHAS",3704,4296,4313,4321,4340,4357,4453,4475,4497,4517,4537,4516,4500,4515,4528,4567,4571,4735
"1361","250937","250937 MATO GROSSO",2612,2673,2693,2702,2724,2744,2821,2845,2869,2892,2915,2889,2908,2926,2944,2538,2543,2592
"1362","250939","250939 MATUREIA",5253,5941,6028,5939,6009,6076,6283,6363,6441,6516,6587,6506,6569,6630,6690,6431,6433,6677
"1363","250940","250940 MOGEIRO",13182,12664,12496,12491,12468,13178,13349,13333,13317,13300,13286,13308,13284,13261,13238,14381,13899,14375
"1364","250950","250950 MONTADAS",4089,4681,4747,4990,5069,5145,5351,5441,5528,5611,5691,5598,5669,5738,5806,5818,5812,6083
"1365","250960","250960 MONTE HOREBE",4157,4466,4507,4508,4539,4568,4688,4724,4759,4793,4825,4789,4816,4842,4867,4338,4338,4435
"1366","250970","250970 MONTEIRO",28230,30807,31104,30852,31095,31330,32211,32498,32774,33039,33294,33007,33222,33433,33638,32266,32277,33742
"1367","250980","250980 MULUNGU",7638,9577,9634,9469,9506,9542,9750,9796,9840,9882,9922,9878,9902,9932,9962,8812,8791,8945
"1368","250990","250990 NATUBA",9656,10510,10500,10566,10567,10278,10439,10445,10450,10455,10460,10458,10454,10451,10449,8937,8945,9014
"1369","251000","251000 NAZAREZINHO",7148,7242,7255,7280,7266,7252,7342,7330,7318,7307,7296,7312,7301,7286,7271,7218,7203,7392
"1370","251010","251010 NOVA FLORESTA",11266,10310,10386,10533,10524,10514,10661,10655,10650,10644,10639,10651,10638,10626,10614,9539,9724,9884
"1371","251020","251020 NOVA OLINDA",6678,6461,6470,6070,6041,6012,6058,6028,5999,5971,5944,5978,5949,5920,5892,5787,5787,5909
"1372","251030","251030 NOVA PALMEIRA",3779,4042,4097,4361,4422,4480,4647,4717,4784,4849,4910,4840,4906,4959,5011,4267,4259,4362
"1373","251040","251040 OLHO D'AGUA",6744,7666,7642,6931,6862,6796,6790,6716,6646,6578,6512,6592,6526,6462,6399,6061,6060,6111
"1374","251050","251050 OLIVEDOS",3021,3585,3616,3627,3661,3693,3804,3843,3880,3916,3951,3912,3932,3961,3989,3579,3580,3674
"1375","251060","251060 OURO VELHO",2825,3057,3073,2928,2937,2944,3003,3013,3023,3033,3042,3033,3039,3046,3052,2910,2918,2998
"1376","251065","251065 PARARI",1477,1283,1259,1256,1243,1816,1823,1809,1795,1782,1769,1786,1771,1758,1747,1720,1720,1751
"1377","251070","251070 PASSAGEM",2252,2183,2195,2233,2253,2272,2338,2361,2383,2404,2424,2402,2419,2436,2453,2463,2463,2562
"1378","251080","251080 PATOS",100664,99977,100734,100674,101359,102020,104716,105531,106314,107067,107790,106984,107605,108192,108766,103199,103165,107774
"1379","251090","251090 PAULISTA",11503,11945,12008,11788,11829,11867,12117,12167,12216,12263,12308,12260,12347,12379,12411,11829,11834,12160
"1380","251100","251100 PEDRA BRANCA",3802,3849,3855,3721,3724,3726,3787,3791,3796,3800,3803,3800,3801,3802,3802,3739,3739,3846
"1381","251110","251110 PEDRA LAVRADA",6572,7001,7035,7475,7541,7605,7830,7907,7982,8053,8122,7766,7843,7899,7954,6859,6859,6998
"1382","251120","251120 PEDRAS DE FOGO",26150,27021,27117,27032,27389,27479,28056,28174,28286,28395,28499,28389,28458,28533,28607,29625,29662,31152
"1383","251130","251130 PIANCO",13946,16321,16453,15465,15511,15555,15870,15929,15985,16039,16091,16038,16075,16111,16147,16471,16441,17006
"1384","251140","251140 PICUI",19147,19238,19365,18222,18248,18272,18597,18634,18670,18704,18737,18706,18703,18720,18737,18361,18333,18835
"1385","251150","251150 PILAR",10906,11610,11737,11191,11262,11330,11620,11705,11786,11863,11938,11855,11917,11977,12036,12213,12311,12801
"1386","251160","251160 PILOES",7718,7142,7071,6978,6915,6854,6860,6793,6728,6667,6607,6680,6635,6576,6518,6818,6815,6979
"1387","251170","251170 PILOEZINHOS",5462,5471,5483,5155,5134,5114,5159,5138,5118,5099,5080,5105,4976,4955,4937,5320,5329,5514
"1388","251180","251180 PIRPIRITUBA",10071,10522,10540,10326,10336,10346,10523,10540,10555,10570,10585,10572,10579,10584,10590,9229,9340,9467
"1389","251190","251190 PITIMBU",17726,16574,16829,17024,17262,17492,18148,18422,18685,18938,19182,18904,19065,19275,19478,17696,16751,17164
"1390","251200","251200 POCINHOS",15193,16397,16539,17032,17198,17357,17894,18087,18272,18451,18622,18429,18564,18708,18848,17428,17469,17990
"1391","251203","251203 POCO DANTAS",4207,4029,4055,3751,3746,3740,3788,3783,3778,3774,3770,3777,3888,3882,3877,3830,3830,3932
"1392","251207","251207 POCO DE JOSE DE MOURA",3020,4066,4119,3978,4013,4046,4165,4206,4245,4282,4318,4276,4307,4337,4366,4006,4006,4120
"1393","251210","251210 POMBAL",33402,32424,32443,32110,32122,32134,32654,32684,32712,32739,32766,32749,32801,32802,32803,32499,32473,33796
"1394","251220","251220 PRATA",3531,4001,4060,3854,3887,3919,4033,4072,4109,4145,4179,4141,4209,4238,4265,3916,3915,4027
"1395","251230","251230 PRINCESA ISABEL",19287,19867,20016,21283,21518,21744,22461,22734,22995,23247,23489,23215,23345,23549,23749,21148,21114,21659
"1396","251240","251240 PUXINANA",12321,13236,13354,12923,12996,13066,13386,13473,13557,13638,13715,13630,13680,13741,13801,14279,14277,14837
"1397","251250","251250 QUEIMADAS",38988,39956,40321,41049,41298,41538,42586,42884,43667,43945,44214,43917,43967,44179,44388,47665,47658,50214
"1398","251260","251260 QUIXABA",1004,1472,1493,1699,1730,1759,1834,1868,1901,1933,1964,1929,1956,1983,2009,1745,1743,1798
"1399","251270","251270 REMIGIO",14673,17203,17423,17581,17786,18075,18686,18922,19149,19368,19579,19340,19621,19798,19973,17888,17885,18373
"1400","251272","251272 PEDRO REGIS",4954,5739,5826,5765,5795,5824,5963,5999,6034,6067,6099,6064,6089,6114,6139,5719,5766,5925
"1401","251274","251274 RIACHAO",3087,3495,3569,3266,3303,3338,3448,3490,3531,3570,3607,3564,3588,3619,3650,2927,2927,2964
"1402","251275","251275 RIACHAO DO BACAMARTE",4091,4288,4312,4264,4289,4312,4419,4448,4476,4503,4529,4500,4521,4541,4562,4685,4690,4877
"1403","251276","251276 RIACHAO DO POCO",4576,4353,4407,4164,4201,4235,4359,4401,4442,4481,4519,4477,4509,4540,4571,4706,4738,4946
"1404","251278","251278 RIACHO DE SANTO ANTONIO",1417,1566,1575,1722,1752,1781,1856,1890,1923,1955,1985,1951,1948,1974,1999,1956,1955,2044
"1405","251280","251280 RIACHO DOS CAVALOS",6876,8285,8299,8314,8334,8352,8513,8538,8563,8587,8609,8587,8526,8541,8555,8498,8493,8762
"1406","251290","251290 RIO TINTO",22799,23669,23789,22976,23028,23431,23883,23955,24023,24090,24154,24088,24176,24218,24258,27352,24581,25394
"1407","251300","251300 SALGADINHO",2915,3456,3516,3508,3561,3612,3752,3813,3871,3927,3980,3919,3885,3931,3975,3358,3355,3437
"1408","251310","251310 SALGADO DE SAO FELIX",11634,12876,12950,11976,11971,11966,12144,12144,12144,12145,12145,12149,12140,12131,12123,12318,11505,11760
"1409","251315","251315 SANTA CECILIA",6670,7214,7247,6658,6643,6533,6610,6596,6583,6570,6557,6574,6558,6541,6526,7678,7670,8031
"1410","251320","251320 SANTA CRUZ",5672,6664,6674,6471,6471,6471,6573,6576,6579,6582,6585,6585,6583,6581,6579,5947,5947,6041
"1411","251330","251330 SANTA HELENA",6208,6200,6184,5369,5352,5886,5949,5933,5917,5902,5887,5907,5889,5871,5853,5869,5865,6020
"1412","251335","251335 SANTA INES",3123,3810,3825,3539,3539,3538,3592,3593,3594,3595,3596,3597,3595,3593,3591,3230,3227,3274
"1413","251340","251340 SANTA LUZIA",14830,14695,14742,14719,14774,14826,15145,15213,15278,15341,15401,15336,15382,15426,15470,14954,14959,15387
"1414","251350","251350 SANTANA DE MANGUEIRA",5149,5770,5769,5331,5298,5265,5292,5257,5223,5191,5159,5198,5162,5129,5098,5010,5010,5106
"1415","251360","251360 SANTANA DOS GARROTES",7736,7829,7809,7266,7219,7173,7209,7160,7113,7067,7024,7077,7031,6986,6942,6577,6569,6657
"1416","251365","251365 JOCA CLAUDINO",2621,2734,2745,2615,2619,2623,2669,2675,2680,2685,2690,2685,2636,2639,2640,2543,2539,2606
"1417","251370","251370 SANTA RITA",134072,125858,126776,120310,121166,121994,125278,133927,134940,135915,136851,135807,136586,137349,138093,148479,149910,159121
"1418","251380","251380 SANTA TERESINHA",4566,4777,4768,4581,4570,4559,4612,4601,4592,4582,4573,4585,4573,4562,4550,4402,4402,4499
"1419","251385","251385 SANTO ANDRE",2645,2718,2702,2638,2626,2545,2565,2553,2541,2529,2519,2532,2521,2509,2496,2622,2622,2702
"1420","251390","251390 SAO BENTO",30177,29992,30353,30879,31237,31582,32651,33065,33464,33847,34215,33796,34031,34344,34650,32252,32235,33700
"1421","251392","251392 SAO BENTINHO",3932,4159,4210,4138,4181,4221,4355,4404,4451,4497,4540,4492,4529,4566,4602,4330,4327,4473
"1422","251394","251394 SAO DOMINGOS DO CARIRI",2478,2329,2348,2420,2438,2455,2522,2543,2563,2582,2601,2581,2615,2630,2645,2585,2585,2676
"1423","251396","251396 SAO DOMINGOS",2089,2794,2818,2855,2883,2909,2999,3031,3061,3091,3120,3087,3073,3097,3119,2595,2595,2636
"1424","251398","251398 SAO FRANCISCO",3627,3540,3542,3364,3357,3349,3389,3382,3375,3369,3363,3371,3392,3384,3377,3137,3137,3190
"1425","251400","251400 SAO JOAO DO CARIRI",4745,4565,4571,4344,4329,4309,4352,4337,4323,4309,4296,4313,4199,4184,4170,4221,4226,4341
"1426","251410","251410 SAO JOAO DO TIGRE",4771,4707,4733,4396,4390,4384,4442,4437,4432,4427,4423,4430,4422,4415,4408,4233,4263,4363
"1427","251420","251420 SAO JOSE DA LAGOA TAPADA",6784,8029,8068,7564,7562,7560,7674,7675,7677,7678,7679,7680,7630,7626,7622,7119,7126,7270
"1428","251430","251430 SAO JOSE DE CAIANA",6090,6108,6145,6010,6031,6052,6179,6206,6231,6256,6279,6255,6359,6376,6394,5037,5034,5032
"1429","251440","251440 SAO JOSE DE ESPINHARAS",4353,5055,5043,4760,4734,4708,4738,4711,4684,4659,4635,4665,4682,4656,4631,4072,4083,4099
"1430","251445","251445 SAO JOSE DOS RAMOS",5026,5631,5699,5508,5555,5600,5762,5817,5870,5920,5969,5915,5957,5998,6037,5880,5891,6105
"1431","251450","251450 SAO JOSE DE PIRANHAS",18088,19424,19567,19096,19190,19281,19732,19846,19956,20062,20163,20053,20251,20329,20406,19116,19067,19552
"1432","251455","251455 SAO JOSE DE PRINCESA",4733,4780,4752,4219,4162,4106,4077,4015,3955,3897,3842,3908,4003,3950,3898,3423,3416,3383
"1433","251460","251460 SAO JOSE DO BONFIM",2793,3266,3311,3233,3269,3303,3411,3452,3492,3530,3566,3526,3557,3588,3619,3242,3242,3333
"1434","251465","251465 SAO JOSE DO BREJO DO CRUZ",1551,1692,1703,1684,1696,1707,1753,1767,1780,1793,1806,1791,1801,1811,1821,1699,1699,1748
"1435","251470","251470 SAO JOSE DO SABUGI",3815,4098,4113,4010,4019,4027,4102,4114,4124,4135,4145,4134,4141,4147,4153,4139,4138,4270
"1436","251480","251480 SAO JOSE DOS CORDEIROS",3587,4088,4078,3985,3974,3709,3749,3739,3729,3720,3711,3723,3628,3618,3607,3411,3411,3474
"1437","251490","251490 SAO MAMEDE",7595,8006,7994,7748,7728,7708,7794,7774,7756,7738,7721,7745,7724,7702,7682,7469,7470,7640
"1438","251500","251500 SAO MIGUEL DE TAIPU",6753,6749,6810,6696,6743,6789,6970,7026,7079,7131,7180,7124,7368,7410,7450,7751,7066,7287
"1439","251510","251510 SAO SEBASTIAO DE LAGOA DE ROCA",11080,11208,11335,11041,11119,11195,11495,11588,11677,11762,11845,11753,11661,11728,11793,11046,11040,11365
"1440","251520","251520 SAO SEBASTIAO DO UMBUZEIRO",3019,3147,3166,3235,3262,3287,3380,3411,3440,3469,3496,3466,3489,3512,3534,3279,3279,3376
"1441","251530","251530 SAPE",47199,47690,47682,50143,50358,50565,51700,51964,52218,52463,52697,52443,52625,52804,52977,51142,51306,53309
"1442","251540","251540 SAO VICENTE DO SERIDO",10161,10007,10092,10230,10317,10400,10701,10803,10900,10994,11084,10728,10775,10848,10919,10298,10291,10620
"1443","251550","251550 SERRA BRANCA",12044,12762,12819,12973,13038,13101,13409,13488,13564,13637,13707,13630,13699,13754,13807,13614,13614,14075
"1444","251560","251560 SERRA DA RAIZ",3215,3223,3187,3204,3187,3169,3190,3172,3154,3137,3121,3141,3148,3131,3114,3094,3094,3162
"1445","251570","251570 SERRA GRANDE",3069,3122,3148,2975,2985,2994,3055,3067,3078,3089,3100,3089,2909,2916,2921,2942,2942,3043
"1446","251580","251580 SERRA REDONDA",7301,7865,7908,7050,7031,7012,7089,7071,7053,7036,7020,7041,7041,7021,7001,6829,6828,6984
"1447","251590","251590 SERRARIA",4432,6790,6802,6238,6206,6175,6218,6185,6153,6123,6093,6131,6099,6068,6037,4885,4885,4839
"1448","251593","251593 SERTAOZINHO",4216,4325,4413,4395,4468,4539,4728,4811,4892,4969,5044,4958,5024,5089,5152,5099,5054,5282
"1449","251597","251597 SOBRADO",6263,7543,7608,7373,7411,7447,7623,7669,7712,7754,7795,7751,7783,7815,7845,8230,8236,8579
"1450","251600","251600 SOLANEA",32717,28149,27953,26693,26505,26323,26431,26925,26734,26551,26376,26592,26407,26227,26051,26777,26774,27749
"1451","251610","251610 SOLEDADE",12815,13489,13622,13739,13868,13993,14418,14569,14714,14853,14987,14837,14989,15102,15211,13955,13968,14381
"1452","251615","251615 SOSSEGO",2770,3045,3086,3169,3213,3256,3376,3427,3475,3522,3567,3516,3555,3594,3631,3337,3345,3461
"1453","251620","251620 SOUSA",63886,65568,65932,65803,66136,66457,68030,68434,68822,69196,69554,69161,69444,69723,69997,67425,67259,69876
"1454","251630","251630 SUME",14550,16908,17083,16060,16139,16215,16595,16691,16784,16872,16957,16864,16966,17031,17096,16539,17166,17763
"1455","251640","251640 TACIMA",8523,9818,9855,10262,10330,10394,10665,10745,10822,10896,10967,10887,10911,10969,11024,7967,8010,7934
"1456","251650","251650 TAPEROA",13345,15124,15238,14936,15016,14833,15190,15284,15376,15193,15276,15185,15376,15441,15505,14093,14068,14376
"1457","251660","251660 TAVARES",12933,14414,14485,14103,14143,14182,14467,14518,14568,14615,14661,14614,14726,14759,14791,14141,14101,14464
"1458","251670","251670 TEIXEIRA",12238,14064,14175,14153,14255,14352,14739,14859,14974,15085,15191,15072,15161,15248,15333,14630,14631,15082
"1459","251675","251675 TENORIO",2584,2882,2924,2813,2840,2865,2951,2981,3011,3039,3066,3035,3058,3081,3103,2966,2966,3069
"1460","251680","251680 TRIUNFO",9615,9891,9961,9220,9233,9246,9410,9429,9447,9465,9482,9466,9455,9464,9473,9868,9892,10259
"1461","251690","251690 UIRAUNA",13209,14855,14963,14584,14654,14721,15062,15147,15228,15307,15382,15300,15242,15300,15356,14943,14930,15386
"1462","251700","251700 UMBUZEIRO",8273,9433,9449,9298,9307,9698,9862,9874,9889,9901,9913,9902,9907,9911,9914,9124,9124,9302
"1463","251710","251710 VARZEA",1919,2522,2564,2504,2539,2573,2668,2709,2747,2784,2820,2779,2810,2841,2870,2668,2668,2764
"1464","251720","251720 VIEIROPOLIS",4718,4890,4903,5045,5074,5102,5228,5262,5295,5327,5358,5323,5348,5372,5395,4864,4864,4974
"1465","251740","251740 ZABELE",1988,2080,2103,2075,2093,2109,2169,2189,2208,2227,2245,2225,2240,2255,2269,2229,2228,2310
"1466","260005","260005 ABREU E LIMA",99251,95670,96265,94429,94843,95243,97786,98201,98602,98990,99364,99622,99990,100346,100698,99331,98462,103945
"1467","260010","260010 AFOGADOS DA INGAZEIRA",35731,35314,35524,35088,35255,35416,36379,36547,36709,36866,37017,37111,37259,37404,37546,40120,40004,42407
"1468","260020","260020 AFRANIO",16467,17233,17443,17586,17784,17975,18625,18831,19031,19225,19411,19456,19635,19810,19981,16486,18674,19349
"1469","260030","260030 AGRESTINA",21769,22371,22592,22679,22882,23079,23842,24052,24256,24454,24644,24702,24885,25065,25240,23739,23779,24615
"1470","260040","260040 AGUA PRETA",30746,30606,30792,33095,33446,33785,34978,35344,35698,36040,36371,36454,36771,37082,37386,26473,26461,27221
"1471","260050","260050 AGUAS BELAS",35178,39421,39675,40235,40511,40778,42008,42291,42566,42831,43087,43195,43443,43686,43923,41549,41548,43713
"1472","260060","260060 ALAGOINHA",13776,14704,14914,13759,13853,13741,14155,14250,14341,14431,14517,14554,14636,14718,14798,13256,14033,14355
"1473","260070","260070 ALIANCA",36964,35446,35229,37415,37433,37450,38242,38248,38255,38261,38267,38375,38386,38397,38408,35245,35741,37372
"1474","260080","260080 ALTINHO",21274,22418,22424,22353,22371,22371,22853,22865,22876,22886,22896,22959,22972,22984,22996,20657,20674,21185
"1475","260090","260090 AMARAJI",22426,20600,20509,21939,21988,22035,22555,22600,22643,22685,22726,22788,22829,22870,22910,18236,18205,18471
"1476","260100","260100 ANGELIM",9373,10272,10384,10202,10288,10372,10706,10795,10882,10965,11045,11072,11150,11226,11301,9965,10238,10580
"1477","260105","260105 ARACOIABA",18322,17276,17481,18156,18390,18617,19333,19579,19816,20046,20268,20312,20524,20733,20936,19314,19243,19936
"1478","260110","260110 ARARIPINA",79672,79104,79876,77302,77794,78270,80577,82298,82800,83287,83757,83964,84418,84864,85301,85135,85088,90104
"1479","260120","260120 ARCOVERDE",66553,67458,67999,68793,69346,69880,72102,72672,72625,73154,73667,73844,74338,74822,75295,77660,77742,82003
"1480","260130","260130 BARRA DE GUABIRABA",11297,13384,13624,12776,12918,13054,13523,13808,13953,14091,14224,14257,14385,14510,14632,12299,12263,12616
"1481","260140","260140 BARREIROS",37916,43502,43913,40732,40855,40973,41987,42105,42220,42331,42438,42552,42659,42764,42866,39993,40121,42056
"1482","260150","260150 BELEM DE MARIA",9281,9797,9705,11353,11409,11463,11777,11833,11888,11941,11992,12023,12073,12122,12169,10339,10561,10829
"1483","260160","260160 BELEM DE SAO FRANCISCO",17838,21254,21345,20253,20257,20260,20680,20678,20675,20672,20670,20728,20729,20730,20730,18321,18301,18713
"1484","260170","260170 BELO JARDIM",75536,73590,74026,72432,72719,72996,74902,75186,75462,75729,75986,76185,76439,76687,76930,79143,79507,83647
"1485","260180","260180 BETANIA",11379,11955,12010,12003,12057,12109,12433,12487,12539,12589,12637,12671,12719,12765,12811,11320,11649,11981
"1486","260190","260190 BEZERROS",61827,58310,58351,58668,58768,58864,60213,60301,60386,60469,60549,60714,60798,60880,60960,61398,61794,64809
"1487","260200","260200 BODOCO",34473,34712,34987,35158,35422,35676,36783,37054,37317,37571,37816,37909,38146,38378,38605,34469,34478,36129
"1488","260210","260210 BOM CONSELHO",42859,44991,45251,45503,45747,45983,47273,47520,47760,47991,48214,48336,48554,48767,48975,43577,44103,46192
"1489","260220","260220 BOM JARDIM",37195,40592,40923,37826,37889,37949,38816,38871,38924,38976,39025,39132,39184,39983,40038,37190,37497,39278
"1490","260230","260230 BONITO",40122,40578,40835,37566,37552,37539,38287,38122,38094,38069,38044,38152,38134,38117,38101,37953,37316,39163
"1491","260240","260240 BREJAO",9094,9707,9782,8844,8839,8834,9006,8997,8989,8980,8973,8999,8993,8987,8981,9084,9079,9399
"1492","260250","260250 BREJINHO",7168,7366,7368,7307,7310,7312,7464,7464,7464,7464,7465,7486,7487,7488,7489,7706,7720,8010
"1493","260260","260260 BREJO DA MADRE DE DEUS",43979,41898,42251,45180,45723,46248,47972,48541,49092,49624,50138,50249,50742,51225,51696,48313,48645,51107
"1494","260270","260270 BUENOS AIRES",11620,13530,13675,12537,12578,12618,12934,12974,13012,13050,13085,13119,13155,13190,13224,12818,12808,13254
"1495","260280","260280 BUIQUE",49314,52466,53274,52105,52715,53304,55268,55905,56523,57120,57696,57825,58378,58919,59448,49786,52097,54425
"1496","260290","260290 CABO DE SANTO AGOSTINHO",175050,169986,171583,185025,187159,189222,196152,198383,200546,202636,204653,205112,207048,208944,210796,203084,203440,216969
"1497","260300","260300 CABROBO",29099,30113,30432,30873,31191,31497,32596,32927,33247,33557,33856,33934,34221,34503,34778,30695,30294,31746
"1498","260310","260310 CACHOEIRINHA",18059,18037,18132,18819,18956,19088,19674,19814,19951,20082,20209,20258,20380,20501,20618,19789,19899,20612
"1499","260320","260320 CAETES",27124,26197,26381,26577,26765,26946,27766,27959,28145,28326,28500,28570,28739,28904,29065,28848,28827,30441
"1500","260330","260330 CALCADO",13658,11637,11619,11125,11088,11051,11223,11179,11136,11094,11055,11089,11053,11018,10983,11113,11080,11445
"1501","260340","260340 CALUMBI",7248,7900,7980,5648,5646,5643,5754,5749,5745,5741,5736,5753,5750,5747,5744,5241,5228,5367
"1502","260345","260345 CAMARAGIBE",153635,141973,143210,144466,145676,146847,151587,152840,154054,155228,156361,156736,157828,158899,159945,146912,147771,155771
"1503","260350","260350 CAMOCIM DE SAO FELIX",16216,16452,16575,17104,17257,17405,17980,18138,18292,18440,18583,18627,18765,18900,19032,17362,17419,17991
"1504","260360","260360 CAMUTANGA",8154,8186,8212,8156,8180,8204,8405,8428,8450,8472,8493,8530,8551,8572,8592,7764,7750,7972
"1505","260370","260370 CANHOTINHO",25214,24874,24855,24521,24491,24461,24918,24877,24837,24799,24762,24835,24804,24773,24743,24340,24344,25090
"1506","260380","260380 CAPOEIRAS",19547,19916,19939,19593,19596,19599,20004,20000,19997,19994,19991,20048,20048,20048,20048,18445,18415,18890
"1507","260390","260390 CARNAIBA",17023,19035,19160,18574,18642,18707,19187,19253,19318,19380,19440,19491,19551,19609,19666,18437,18907,19513
"1508","260392","260392 CARNAUBEIRA DA PENHA",9743,12270,12451,11782,11888,11991,12387,12496,12603,12706,12805,12836,12932,13025,13117,12226,12239,12682
"1509","260400","260400 CARPINA",71325,67727,68072,74858,75706,76527,79308,80194,81054,81884,82685,82872,83641,84395,85131,78865,79293,83205
"1510","260410","260410 CARUARU",287611,294558,298505,314912,319580,324095,337416,342328,347088,351686,356128,356872,361118,365278,369343,378180,377911,402290
"1511","260415","260415 CASINHAS",14012,14675,14802,13766,13799,13830,14159,14189,14219,14247,14274,14313,14341,14368,14395,12629,13119,13489
"1512","260420","260420 CATENDE",31035,34907,35255,37820,38324,38812,40328,40857,41369,41865,42343,42434,42892,43340,43778,31975,32156,33279
"1513","260430","260430 CEDRO",10015,10678,10785,10778,10873,10964,11323,11421,11515,11607,11695,11722,11807,11891,11972,10512,10518,10845
"1514","260440","260440 CHA DE ALEGRIA",11277,12094,12187,12404,12504,12601,13002,13105,13206,13302,13396,13428,13518,13556,13641,12387,12984,13461
"1515","260450","260450 CHA GRANDE",20886,17984,17923,20137,20270,20399,21006,21142,21274,21402,21525,21579,21698,21815,21929,20494,20546,21224
"1516","260460","260460 CONDADO",24647,24180,24397,24282,24473,24658,25435,25632,25823,26008,26186,26249,26421,26590,26755,24586,24587,25383
"1517","260470","260470 CORRENTES",17743,16733,16688,17419,17491,17374,17830,17901,17968,18033,18098,18144,18207,18268,18327,17153,17131,17660
"1518","260480","260480 CORTES",12847,11812,11719,12452,12435,12418,12647,12624,12602,12581,12560,12596,12578,12560,12543,10361,10356,10512
"1519","260490","260490 CUMARU",35556,15099,13811,17183,17329,17470,14815,13960,13132,12332,11559,11635,10906,10192,9494,15824,15859,16252
"1520","260500","260500 CUPIRA",22683,22764,22788,23390,23468,23114,23695,23769,23841,23909,23977,24041,24107,24173,24237,23474,23518,24301
"1521","260510","260510 CUSTODIA",30922,33537,33874,33855,34154,34442,35574,35884,36184,36474,36753,36841,37111,37375,37633,35915,37245,39403
"1522","260515","260515 DORMENTES",15640,16284,16463,16917,17110,17296,17925,18126,18321,18510,18692,18734,18908,19079,19246,16159,17188,17749
"1523","260520","260520 ESCADA",58618,62163,62602,63517,63963,64422,66419,66907,67381,67839,68281,68448,68875,69292,69701,59526,59872,62252
"1524","260530","260530 EXU",32827,31236,31087,31636,31576,31518,32076,32001,31928,31858,31790,31885,31825,31766,31709,31803,31843,33436
"1525","260540","260540 FEIRA NOVA",19140,19957,20050,20571,20703,20830,21444,21579,21710,21836,21958,22013,22131,22247,22360,21362,21427,22169
"1526","260545","260545 FERNANDO DE NORONHA",2360,3012,3114,2630,2675,2718,2837,2884,2930,2974,3016,3021,3061,3101,3140,2947,3167,3316
"1527","260550","260550 FERREIROS",10562,11397,11460,11430,11484,11537,11850,11904,11957,12008,12057,14365,12123,12170,12216,15040,15026,15794
"1528","260560","260560 FLORES",19988,22846,23035,22169,22166,22162,22610,22599,22588,22577,22567,22631,22624,22618,22612,20213,20347,20835
"1529","260570","260570 FLORESTA",27761,27809,28105,29285,29635,29973,31088,31454,31809,32152,32483,32556,32873,33184,33488,30110,30069,31627
"1530","260580","260580 FREI MIGUELINHO",12029,14692,14855,14293,14394,14492,14932,15036,15137,15234,15328,15366,15457,15546,15633,13666,13672,14070
"1531","260590","260590 GAMELEIRA",27719,27489,27823,27912,28213,28503,29515,29829,30132,30426,30709,30780,31052,31318,31578,18012,18214,17973
"1532","260600","260600 GARANHUNS",130009,130154,131302,129408,130303,131169,135138,136057,136949,137810,138642,138983,139788,140577,141347,142286,142526,151064
"1533","260610","260610 GLORIA DO GOITA",28185,28243,28291,29019,29132,29241,30000,30111,30220,30324,30425,30504,30604,30751,30847,29123,28916,30370
"1534","260620","260620 GOIANA",77154,74182,74424,75644,75987,75902,77945,78287,78618,78940,79249,79455,79758,80055,80345,80983,81055,85160
"1535","260630","260630 GRANITO",6245,6882,6959,6855,6913,6968,7191,7251,7308,7363,7417,7435,7486,7537,7586,6971,6967,7206
"1536","260640","260640 GRAVATA",72197,74548,75230,76458,77164,77845,80450,81182,81893,82579,83241,83437,84074,84699,85309,85983,86516,91887
"1537","260650","260650 IATI",16930,18304,18350,18360,18412,18462,18913,18962,19010,19056,19100,19152,19197,19241,19284,17118,17165,17605
"1538","260660","260660 IBIMIRIM",21137,28605,29017,26954,27155,27349,28197,28403,28604,28798,28985,29055,29235,29412,29585,27406,27346,28760
"1539","260670","260670 IBIRAJUBA",7343,7803,7833,7534,7542,7549,7714,7719,7725,7730,7735,7756,7762,7768,7773,7127,7140,7344
"1540","260680","260680 IGARASSU",93990,98601,100191,102021,103537,105003,109322,110917,112463,113956,115398,115640,117019,118370,119690,115281,115196,122312
"1541","260690","260690 IGUARACY",11695,12322,12397,11779,11802,11824,12097,12117,12137,12156,12175,12209,12228,12247,12265,10950,11058,11366
"1542","260700","260700 INAJA",15195,14605,14732,19081,19527,19957,21003,21475,21932,22374,22801,22840,23247,23645,24034,23871,25740,27488
"1543","260710","260710 INGAZEIRA",4685,4565,4556,4496,4491,4486,4570,4563,4556,4549,4542,4554,4548,4543,4537,4750,4779,4959
"1544","260720","260720 IPOJUCA",71068,74059,75510,80637,82277,83862,87926,89660,91341,92965,94533,94709,96204,97669,99101,98762,98932,105638
"1545","260730","260730 IPUBI",24586,26973,27353,28120,28510,28887,30037,29338,29721,30091,30447,30512,30854,31187,31515,28838,29009,30603
"1546","260740","260740 ITACURUBA",4035,4297,4353,4369,4423,4475,4643,4700,4754,4807,4858,4869,4918,4966,5013,4394,4352,4490
"1547","260750","260750 ITAIBA",26511,27576,27633,26256,26215,26175,26651,26462,26412,26362,26314,26390,26349,26308,26268,33498,31611,33691
"1548","260760","260760 ILHA DE ITAMARACA",19477,18412,18657,21884,22347,22794,23923,24413,24888,25346,25789,25836,26258,26672,27076,22879,24540,25529
"1549","260765","260765 ITAMBE",35600,36049,36126,35398,35430,35461,36233,36256,36278,36299,36320,36422,36447,36471,36495,34925,34935,36626
"1550","260770","260770 ITAPETIM",14004,14140,14062,13881,13814,13748,13932,13855,13780,13708,13638,13680,13616,13553,13492,13492,13791,14232
"1551","260775","260775 ITAPISSUMA",23270,24026,24406,23769,24050,24321,25220,25514,25798,26073,26338,26397,26651,26900,27144,27565,27749,29463
"1552","260780","260780 ITAQUITINGA",15738,15468,15484,15692,15749,16221,16638,16696,16753,16806,16859,16903,16955,17006,17056,16562,16554,17109
"1553","260790","260790 JABOATAO DOS GUARARAPES",661898,678346,687687,644620,649788,654786,675599,680943,686122,691125,695956,697636,702298,706867,711330,653793,644037,683285
"1554","260795","260795 JAQUEIRA",12788,12560,12649,11501,11490,11479,11696,11680,11664,11649,11634,11668,11656,11644,11632,10237,10247,10483
"1555","260800","260800 JATAUBA",14822,15311,15365,15819,15909,16219,16679,16770,16858,16943,17026,17070,17150,17228,17305,15419,15843,16323
"1556","260805","260805 JATOBA",14824,14342,14452,13963,14026,14087,14464,14526,14587,14646,14703,14740,14796,14850,14904,14002,14020,14463
"1557","260810","260810 JOAO ALFREDO",26679,29634,29872,30743,31029,31305,32355,32651,32939,33217,33485,33563,33822,33328,33570,27710,27725,28903
"1558","260820","260820 JOAQUIM NABUCO",16119,16458,16499,15773,15762,15751,16056,16038,16021,16004,15989,16036,16023,16011,15999,13099,13269,13506
"1559","260825","260825 JUCATI",11066,10965,11087,10604,10674,10742,11061,11133,11202,11269,11334,11361,11424,11485,11545,11536,11519,11975
"1560","260830","260830 JUPI",12785,14274,14462,13705,13804,13899,14325,14427,14525,14620,14712,14747,14836,14922,15007,15336,15329,15943
"1561","260840","260840 JUREMA",14630,15396,15550,14541,14603,14662,15050,15112,15171,15229,15284,15323,15378,15431,15483,12713,13648,14027
"1562","260845","260845 LAGOA DO CARRO",14825,15044,15234,16007,16211,16408,17034,17247,17454,17654,17847,17886,18071,18252,18429,17368,17981,18708
"1563","260850","260850 LAGOA DE ITAENGA",23285,20593,20614,20659,20697,20733,21210,21244,21276,21308,21338,21397,21429,21460,21490,18813,19434,19915
"1564","260860","260860 LAGOA DO OURO",10639,12136,12244,12132,12221,12307,12685,12777,12865,12951,13033,13065,13145,13224,13300,11859,11984,12364
"1565","260870","260870 LAGOA DOS GATOS",15542,16454,15570,15615,15649,15731,16100,16131,16161,16190,16218,16262,16290,16318,16345,14139,14076,14386
"1566","260875","260875 LAGOA GRANDE",22868,22121,22412,22760,23039,23308,24183,24475,24757,25030,25294,25349,25601,25849,26090,23580,24088,24952
"1567","260880","260880 LAJEDO",34324,34595,34814,36628,36968,37296,38545,38898,39240,39570,39888,39982,40288,40589,40883,39436,39582,41786
"1568","260890","260890 LIMOEIRO",57569,57203,57248,55439,55391,55343,56407,56336,56269,56203,56140,56302,56250,56198,56149,55917,56510,59125
"1569","260900","260900 MACAPARANA",23886,23907,24023,23925,24035,24142,24793,24904,25011,25114,25214,25278,25376,25472,25565,23187,23879,24624
"1570","260910","260910 MACHADOS",10904,11662,11803,13596,13857,14109,14770,15046,15313,15571,15820,15851,16088,16321,16549,11068,11284,11471
"1571","260915","260915 MANARI",13760,17639,18094,18083,18472,18847,19788,19910,20302,20681,21047,21085,21434,21776,22110,24255,25432,26773
"1572","260920","260920 MARAIAL",16442,12473,12301,12230,12093,11961,12009,11858,11711,11570,11433,11473,11345,11220,11098,8935,9359,9432
"1573","260930","260930 MIRANDIBA",13338,13757,13807,14308,14400,14488,14915,15008,15098,15185,15270,15308,15390,15470,15548,13359,14166,14599
"1574","260940","260940 MORENO",57783,55102,55658,56696,57271,57828,59836,60435,61016,61577,62119,62263,62784,63294,63792,54637,55292,57647
"1575","260950","260950 NAZARE DA MATA",31564,30122,30184,30796,30915,31029,31834,31951,32064,32174,32280,32366,32471,32573,32673,30589,30648,32153
"1576","260960","260960 OLINDA",390456,394850,397266,377779,378538,379271,388127,388821,389494,390144,390771,391835,392482,393115,393734,349920,349976,365402
"1577","260970","260970 OROBO",23432,22244,22239,22878,22938,22996,23552,23608,23663,23717,23768,23833,23884,23935,23985,21173,21841,22438
"1578","260980","260980 OROCO",10905,13968,14279,13180,13361,13536,14071,14261,14445,14623,14794,14827,14991,15152,15309,13670,13613,14100
"1579","260990","260990 OURICURI",59913,66077,66979,64358,64944,65510,67689,67098,67676,68236,68776,68939,69459,69969,70466,65200,65245,68329
"1580","261000","261000 PALMARES",54139,58584,58819,59526,59813,60091,61731,62020,62300,62571,62832,62994,63250,63500,63745,53987,54584,56615
"1581","261010","261010 PALMEIRINA",10586,8586,8483,8189,8086,8172,8191,8078,7969,7864,7761,7789,7693,7600,7509,7032,7032,7154
"1582","261020","261020 PANELAS",24629,25555,25499,25645,25628,26005,26515,26490,26464,26440,26417,26492,26474,26456,26438,22412,22991,23449
"1583","261030","261030 PARANATAMA",9446,12256,12436,11001,11052,11100,11399,11449,11357,11403,11449,11478,11523,11566,11608,12181,12199,12712
"1584","261040","261040 PARNAMIRIM",19750,19813,19851,20224,20327,20425,20990,21093,21193,21290,21383,21914,22010,22106,22198,18563,18612,19028
"1585","261050","261050 PASSIRA",29133,28598,28528,28628,28590,28552,29082,29031,28982,28935,28889,28972,28933,28894,28856,28235,28340,29719
"1586","261060","261060 PAUDALHO",49840,47337,47515,51357,51835,52297,54051,54547,55028,55493,55942,56074,56506,56933,57346,55072,56665,59638
"1587","261070","261070 PAULISTA",305407,314302,319375,300466,303401,306239,316714,319769,322730,325590,328353,329117,331774,334376,336919,348253,342167,362960
"1588","261080","261080 PEDRA",20785,20754,20789,20944,20998,21050,21558,21609,22401,22455,22505,22566,22617,22668,22716,22884,22795,23605
"1589","261090","261090 PESQUEIRA",57804,63878,64453,62931,63320,63519,65374,65770,66153,66524,66881,67047,67395,67735,68067,60853,62610,65408
"1590","261100","261100 PETROLANDIA",32026,32105,32568,32492,32889,33273,34523,34939,35342,35731,36108,36187,36548,36901,37246,34302,34161,35991
"1591","261110","261110 PETROLINA",266268,276174,281851,293962,299752,305352,319893,326017,331951,337683,343219,343865,349145,354317,359372,388145,386791,414083
"1592","261120","261120 POCAO",12530,11482,11509,11242,11247,11029,11261,11263,11265,11266,11268,11299,11302,11305,11308,10499,10500,10805
"1593","261130","261130 POMBOS",25136,22253,22122,24046,24100,26086,26716,26779,26841,26902,26960,27033,27091,27148,27204,29499,27552,26847
"1594","261140","261140 PRIMAVERA",12009,12291,12367,13439,13560,13705,14200,14358,14509,14657,14798,14831,14966,15101,15231,13536,13857,14351
"1595","261150","261150 QUIPAPA",23004,25301,25606,24186,24343,24495,25220,25381,25536,25686,25831,25896,26037,26175,26309,17873,17928,17974
"1596","261153","261153 QUIXABA",6355,7097,7114,6739,6731,6722,6846,6835,6823,6812,6802,6822,6813,6805,6796,6508,6554,6755
"1597","261160","261160 RECIFE",1528971,1549980,1561663,1537704,1546516,1555039,1599513,1608488,1617183,1625583,1633697,1637834,1645727,1653461,1661017,1494586,1488920,1587707
"1598","261170","261170 RIACHO DAS ALMAS",18310,18871,18930,19162,19277,19387,19947,20064,20177,20286,20392,20443,20546,20646,20744,20307,20641,21411
"1599","261180","261180 RIBEIRAO",41817,39548,39317,44439,44728,44950,46200,46433,46659,46877,47088,47209,47415,47616,47813,33484,33507,34255
"1600","261190","261190 RIO FORMOSO",22246,21735,21813,22151,22258,22361,22970,23078,23181,23282,23379,23440,23535,23628,23719,19905,20009,20460
"1601","261200","261200 SAIRE",15811,14155,14194,11240,11056,10877,10835,10633,10437,10247,10065,10103,9932,9764,9600,10910,10887,11218
"1602","261210","261210 SALGADINHO",8167,8120,8204,9312,9479,9641,10076,10252,10423,10588,10747,10768,10919,11068,11214,5733,5727,5620
"1603","261220","261220 SALGUEIRO",55281,55119,55448,56629,56992,57343,59037,59409,59769,60117,60453,60604,60930,61249,61561,62206,62372,65635
"1604","261230","261230 SALOA",15142,15509,15547,15309,15333,15355,15702,15722,15742,15761,15779,15823,15843,15862,15880,13530,13836,14173
"1605","261240","261240 SANHARO",16605,18473,18726,21955,22434,22896,24049,24556,25047,25521,25979,26026,26462,26890,27308,18606,18624,18933
"1606","261245","261245 SANTA CRUZ",12010,14466,14782,13594,13773,13946,14487,14675,14857,15032,15202,15236,15398,15558,15713,14178,13841,14320
"1607","261247","261247 SANTA CRUZ DA BAIXA VERDE",9900,12096,12214,11768,11836,11901,12240,12308,12375,12439,12501,12531,12592,12650,12708,11598,11567,11933
"1608","261250","261250 SANTA CRUZ DO CAPIBARIBE",76674,78410,80326,87582,89773,91891,96908,99232,101485,103660,105761,105936,107937,109897,111812,97386,98254,104277
"1609","261255","261255 SANTA FILOMENA",13789,14465,14692,13371,13468,13561,13977,14076,14172,14265,14355,14390,14477,14562,14645,11613,12106,12402
"1610","261260","261260 SANTA MARIA DA BOA VISTA",45131,41329,41746,39435,39629,39816,40908,41103,41293,41475,41652,41759,41931,42100,42266,40464,40578,42682
"1611","261270","261270 SANTA MARIA DO CAMBUCA",12014,12840,12946,13021,13120,13215,13626,13728,13826,13921,14013,14048,14137,14223,14308,13715,14013,14533
"1612","261280","261280 SANTA TEREZINHA",10676,10198,10177,10991,11048,11103,11411,11571,11627,11682,11734,11764,11815,11865,11914,10164,10244,10513
"1613","261290","261290 SAO BENEDITO DO SUL",10975,9989,10837,13941,14137,14326,14900,15105,15305,15497,15683,15717,15895,16069,16239,15605,13113,13479
"1614","261300","261300 SAO BENTO DO UNA",48019,49038,49366,53242,53847,54433,56413,57046,57659,58251,58824,58956,59504,60042,60567,48621,49370,51264
"1615","261310","261310 SAO CAITANO",36681,36094,36338,35274,35416,35554,36485,36626,36763,36895,37023,37119,37245,37368,37488,36982,37126,39117
"1616","261320","261320 SAO JOAO",20449,21886,22089,21312,21433,21549,22162,22284,22403,22518,22628,22686,22793,22899,23002,23411,23817,24772
"1617","261330","261330 SAO JOAQUIM DO MONTE",22014,21700,21861,20488,20538,20586,21079,21126,21171,21215,21257,21314,21356,21398,21439,20098,19854,20440
"1618","261340","261340 SAO JOSE DA COROA GRANDE",16044,18143,18560,18180,18504,18816,19663,20005,20335,20654,20963,21004,21298,21586,21868,18802,18825,19468
"1619","261350","261350 SAO JOSE DO BELMONTE",32191,33916,34119,32617,32692,32763,33541,33610,33677,33742,33804,33895,33959,34021,34082,34836,34843,36752
"1620","261360","261360 SAO JOSE DO EGITO",30144,31601,31793,31829,32011,32186,33105,33188,33365,33537,33704,33789,33951,34056,34210,31154,31004,32491
"1621","261370","261370 SAO LOURENCO DA MATA",94263,99136,99946,102895,103854,104782,108301,109298,110264,111197,112099,112362,113230,114079,114910,110765,111249,117759
"1622","261380","261380 SAO VICENTE FERRER",17568,17223,17344,17000,17077,17151,17612,17688,17763,17834,17904,17950,18018,18085,18150,16331,16677,17176
"1623","261390","261390 SERRA TALHADA",69698,79484,80298,79232,79871,80489,83051,83712,84352,84970,85568,85774,86350,86915,87467,91624,92228,98143
"1624","261400","261400 SERRITA",16861,18869,18953,18331,18369,18519,18951,18985,19017,19049,19080,19133,19165,19196,19226,18204,18207,18759
"1625","261410","261410 SERTANIA",31779,35546,35918,33787,33951,34109,35042,35207,35367,35521,35670,35761,35907,36050,36189,31593,32729,34269
"1626","261420","261420 SIRINHAEM",32872,38122,38610,40296,40853,41391,43036,43620,44187,44734,45263,45359,45865,46361,46845,37503,37596,39233
"1627","261430","261430 MOREILANDIA",10464,10643,10589,11132,11134,11020,11246,11245,11242,11240,11238,11270,11270,11270,11269,10503,10540,10849
"1628","261440","261440 SOLIDAO",5321,6073,6129,5744,5761,5777,5918,5934,5949,5964,5978,5993,6007,6021,6034,5246,5271,5403
"1629","261450","261450 SURUBIM",53645,56238,56799,58515,59144,59751,61875,62530,63166,63780,64373,64520,65089,65647,66192,63979,64183,67515
"1630","261460","261460 TABIRA",25205,26947,27218,26427,26609,26784,27591,27778,27958,28132,28301,28371,28534,28704,28860,27505,27623,29093
"1631","261470","261470 TACAIMBO",14000,12344,12276,12725,12710,12695,12932,12912,12891,12872,12853,12890,12874,12859,12843,13608,13738,14277
"1632","261480","261480 TACARATU",16877,21770,22232,22068,22450,22819,23833,24236,24626,25003,25368,25417,25765,26106,26439,23166,23902,24803
"1633","261485","261485 TAMANDARE",19382,18854,18999,20715,20979,21234,22046,22323,22591,22850,23100,23149,23388,23623,23852,23494,23561,24534
"1634","261500","261500 TAQUARITINGA DO NORTE",22019,22404,22661,24903,25298,25681,26772,27188,27592,27981,28358,28416,28775,29127,29472,24335,24736,25497
"1635","261510","261510 TEREZINHA",5879,6735,6775,6737,6771,6803,6991,7025,7057,7089,7120,7139,7169,7198,7227,6646,6653,6857
"1636","261520","261520 TERRA NOVA",8235,9596,9801,9278,9409,9534,9916,10052,10185,10313,10437,9983,10096,10206,10314,8832,8920,9221
"1637","261530","261530 TIMBAUBA",56611,52291,51768,53825,53589,53360,54115,53844,53581,53328,53083,50956,53022,52802,52587,46004,46147,47575
"1638","261540","261540 TORITAMA",27669,32169,33205,35554,36610,37631,39913,41035,42123,43174,44189,44254,45219,46164,47088,40375,41137,43636
"1639","261550","261550 TRACUNHAEM",12786,13194,13261,13055,13106,13155,13497,13547,13596,13643,13689,13724,13769,13813,13856,13874,13867,14393
"1640","261560","261560 TRINDADE",24594,25869,26249,26116,26438,26749,27756,29182,29519,29842,30155,30222,30521,30816,31103,30231,30321,32086
"1641","261570","261570 TRIUNFO",14737,15724,15768,15006,14997,14987,15280,15264,15250,15235,15221,15265,15254,15243,15232,14647,14705,15142
"1642","261580","261580 TUPANATINGA",22204,19207,19024,24425,24704,24973,25882,26172,26454,26727,26990,27052,27304,27551,27793,28352,25536,27009
"1643","261590","261590 TUPARETAMA",8319,8600,8685,7925,7938,7950,8129,8139,8149,8159,8169,8192,8202,8256,8266,8018,7985,8252
"1644","261600","261600 VENTUROSA",14644,16417,16705,16052,16251,16823,17455,17666,17870,18067,18258,18298,18482,18661,18835,17676,16872,17609
"1645","261610","261610 VERDEJANTE",9449,9989,10094,9142,9165,9187,9408,9430,9450,9471,9490,9514,9534,9553,9572,9170,9169,9474
"1646","261618","261618 VERTENTE DO LERIO",8499,7570,7468,7873,7823,7773,7859,7802,7746,7693,7641,7666,7618,7571,7526,7549,7558,7782
"1647","261620","261620 VERTENTES",15550,17899,18186,18222,18473,18716,19457,19720,19976,20222,20460,20503,20731,20954,21172,21393,21959,22955
"1648","261630","261630 VICENCIA",29506,27993,27878,30732,30879,31021,31866,32014,32157,32296,32429,32513,32643,32772,32897,26254,26355,27297
"1649","261640","261640 VITORIA DE SANTO ANTAO",126768,125681,126399,129974,130924,129907,133907,134871,135805,136706,137578,137915,138757,139583,140389,135182,134084,143799
"1650","261650","261650 XEXEU",16083,14779,14893,14093,14132,14168,14513,14549,14584,14618,14651,14691,14725,14757,14789,11288,11611,11791
"1651","270010","270010 AGUA BRANCA",19087,19882,19993,19377,19433,19763,20545,20601,20434,20422,20467,20162,20196,20230,20263,19011,19174,19550
"1652","270020","270020 ANADIA",19133,17765,17736,17424,17392,17360,17989,17972,17847,17832,17818,17564,17545,17526,17507,13960,13966,14193
"1653","270030","270030 ARAPIRACA",204794,208447,210526,214006,216108,218140,227640,229329,231053,232671,234185,230417,231747,233047,234309,235085,234696,243661
"1654","270040","270040 ATALAIA",42239,51903,53021,44322,44612,44892,46787,47052,47298,47528,47744,47000,47185,47365,47540,37356,37512,38530
"1655","270050","270050 BARRA DE SANTO ANTONIO",14693,14159,14434,14230,14451,14665,15377,15565,15742,15909,16064,15792,15932,16068,16201,16405,16365,16735
"1656","270060","270060 BARRA DE SAO MIGUEL",7589,7467,7573,7574,7666,7755,8112,8191,8266,8336,8401,8264,8322,8378,8434,7952,7944,8118
"1657","270070","270070 BATALHA",16300,16735,16918,17076,17251,17420,18201,18353,18496,18631,18757,18455,18232,18338,18440,16016,16774,17103
"1658","270080","270080 BELEM",5920,5165,5089,4551,4446,4635,4737,4659,4585,4517,4453,4406,4344,4284,4226,4589,4722,4820
"1659","270090","270090 BELO MONTE",6606,7452,7512,7030,7043,6499,6751,6763,6775,6786,6797,6696,6704,6710,6717,5935,5787,5898
"1660","270100","270100 BOCA DA MATA",25964,25882,26037,25776,25895,26010,27074,27185,27399,27498,27590,27168,27281,27356,27429,21175,21187,21517
"1661","270110","270110 BRANQUINHA",13897,12142,12216,10583,10527,10471,10823,10783,10745,10709,10675,10529,10494,10460,10426,9474,9603,9786
"1662","270120","270120 CACIMBINHAS",7978,10131,10184,10195,10245,10307,10729,10775,10818,10859,10897,10730,10858,10889,10920,10387,10477,10701
"1663","270130","270130 CAJUEIRO",19297,20670,20822,20409,20520,20626,21480,21261,21355,21443,21526,21194,21264,21331,21397,16035,16359,16605
"1664","270135","270135 CAMPESTRE",3857,6187,6177,6598,6627,6655,6925,6952,6978,7002,7024,6918,6936,6954,6972,6656,6665,6807
"1665","270140","270140 CAMPO ALEGRE",44657,46671,47209,50816,51584,52327,55161,55814,56430,57008,57548,56579,57063,57537,57997,32020,32106,32714
"1666","270150","270150 CAMPO GRANDE",8366,9845,9909,9032,9046,9273,9631,9646,9664,9678,9692,9549,9558,9567,9576,8138,8143,8293
"1667","270160","270160 CANAPI",16237,18313,18400,17250,17244,17238,17880,17973,17976,17980,17983,17726,17722,17719,17715,15434,15376,15743
"1668","270170","270170 CAPELA",18619,17504,17366,17077,16953,16728,17266,17591,17507,17428,17354,17124,17053,16979,16907,15023,14817,15068
"1669","270180","270180 CARNEIROS",7344,8295,8463,8290,8421,8548,8758,8867,8969,9065,9155,9000,9081,9159,9568,8992,8999,9200
"1670","270190","270190 CHA PRETA",7397,7143,7071,7146,7146,7146,7413,7417,7421,7424,7427,7319,7311,7311,7311,5908,5910,6010
"1671","270200","270200 COITE DO NOIA",13854,11217,11130,10926,10845,10765,11110,11049,10992,10939,10888,10744,10693,10643,10594,10791,10810,11036
"1672","270210","270210 COLONIA LEOPOLDINA",18133,19946,20177,20019,20213,20401,21307,21477,21636,21786,21926,21575,21698,21818,21935,15673,15717,15949
"1673","270220","270220 COQUEIRO SECO",5425,5493,5546,5526,5557,5586,5817,5844,5870,5895,5918,5826,5845,5864,5882,5579,5581,5700
"1674","270230","270230 CORURIPE",44189,52584,53369,52130,52716,53224,55648,56153,56631,57079,57498,56562,56933,57294,57647,49951,50414,51788
"1675","270235","270235 CRAIBAS",23317,23079,23296,22641,22784,22921,23885,24166,24288,24403,24510,24129,24219,24309,24396,25330,24686,26115
"1676","270240","270240 DELMIRO GOUVEIA",44508,47991,48462,48096,48493,48876,50999,51349,51997,52306,52597,51763,52016,52262,52501,51215,51318,52809
"1677","270250","270250 DOIS RIACHOS",11962,11196,11200,10880,10866,10838,11234,11229,11224,11219,11214,11054,11075,11067,11059,9754,9721,9906
"1678","270255","270255 ESTRELA DE ALAGOAS",16986,17180,17253,17251,17332,17410,18123,18198,18306,18373,18435,18153,18205,18255,18304,15322,15429,15701
"1679","270260","270260 FEIRA GRANDE",23154,21790,21822,21321,21338,21342,22377,22406,22432,22458,22481,22152,22166,22178,22192,22701,22712,23191
"1680","270270","270270 FELIZ DESERTO",4184,4503,4565,4345,4385,4482,4678,4714,4746,4777,4806,4729,4754,4779,4803,3947,3963,4038
"1681","270280","270280 FLEXEIRAS",11883,12271,12285,12325,12352,12378,12862,12890,12917,12943,12966,12773,12790,12807,12823,9520,9618,9767
"1682","270290","270290 GIRAU DO PONCIANO",31074,36250,36904,36600,37118,37858,39657,40100,40519,40912,41279,40588,40917,41237,41549,35899,36238,37335
"1683","270300","270300 IBATEGUARA",14668,15805,15862,15149,15165,15180,15762,15783,15803,15822,15840,15606,15616,15627,15637,13699,13731,13992
"1684","270310","270310 IGACI",25122,25860,25861,25188,25158,25129,26051,26060,26041,26031,26022,25649,25631,25613,25596,23996,24594,24452
"1685","270320","270320 IGREJA NOVA",22806,23606,23809,23292,23434,23570,24328,24455,24575,24687,24793,24408,24499,24586,24670,21227,21721,22125
"1686","270330","270330 INHAPI",20294,18144,18167,17898,17908,17839,18516,18535,18621,18637,18652,18378,18385,18392,18398,15158,15167,15417
"1687","270340","270340 JACARE DOS HOMENS",6548,5890,5900,5413,5357,5352,5511,5469,5429,5391,5356,5288,5253,5219,5185,5071,5083,5182
"1688","270350","270350 JACUIPE",7165,7076,7038,6997,6973,6950,7193,7177,7162,7148,7135,7036,7021,7006,6992,5340,5352,5432
"1689","270360","270360 JAPARATINGA",6674,7686,7759,7754,7823,7888,8234,8294,8350,8403,8453,8317,8361,8403,8444,9307,9219,9443
"1690","270370","270370 JARAMATAIA",6993,6112,6141,5558,5541,5524,5718,5706,5695,5685,5676,5597,5770,5761,5751,4992,4985,5075
"1691","270375","270375 JEQUIA DA PRAIA",12952,11741,11617,12029,11957,11887,11969,11918,11869,11824,11782,11624,11580,11536,11495,9480,9470,9625
"1692","270380","270380 JOAQUIM GOMES",19182,22366,22440,22575,22717,22853,23813,23941,24061,24174,24280,23903,23993,24081,24167,17080,17150,17386
"1693","270390","270390 JUNDIA",3493,4700,4689,4202,4172,4142,4275,4253,4269,4249,4231,4175,4155,4137,4119,4088,4092,4176
"1694","270400","270400 JUNQUEIRO",25196,25175,25291,23836,23824,24173,25073,25078,25084,25088,25093,24731,24727,24722,24716,23902,23907,24381
"1695","270410","270410 LAGOA DA CANOA",23469,18378,18199,18250,18117,17988,18566,18437,18343,18256,18175,17934,17852,17771,17692,18480,18457,18831
"1696","270420","270420 LIMOEIRO DE ANADIA",28365,26236,26415,26992,27215,27069,28244,28439,28621,28793,28953,28495,28635,28771,28904,24698,24740,25197
"1697","270430","270430 MACEIO",941294,924143,936313,932748,943110,953393,996733,1005319,1013773,1021709,1029129,1012382,1018948,1025360,1031597,960667,957916,994464
"1698","270440","270440 MAJOR ISIDORO",17962,19369,19527,18897,18994,19087,19874,19963,20047,20126,20200,19891,19804,19864,19923,18081,17503,17834
"1699","270450","270450 MARAGOGI",26450,26520,26981,28749,29280,29794,31299,31748,32171,32568,32940,32369,32704,33032,33351,32540,32174,33232
"1700","270460","270460 MARAVILHA",15648,10452,10109,10284,10023,9981,10168,9962,9770,9588,9418,9326,9163,9004,8850,9515,9534,9715
"1701","270470","270470 MARECHAL DEODORO",45272,46565,47623,45977,46754,47504,49853,50512,51132,51715,52260,51364,51901,52380,52848,61177,60370,62341
"1702","270480","270480 MARIBONDO",15298,14249,14143,13619,13502,13389,13807,13719,13665,13587,13514,13337,13264,13193,13123,13677,13679,13968
"1703","270490","270490 MAR VERMELHO",4174,4129,4125,3652,3620,3588,3698,3674,3622,3600,3579,3534,3514,3494,3474,3155,3155,3212
"1704","270500","270500 MATA GRANDE",23801,25304,25310,24698,24673,24449,25349,25659,25590,25589,25589,25226,25216,25207,25200,21627,21861,22147
"1705","270510","270510 MATRIZ DE CAMARAGIBE",26460,25376,25489,23785,23768,23750,25005,25006,25008,25010,25012,24649,24642,24634,24627,23871,23857,24330
"1706","270520","270520 MESSIAS",13203,15547,15898,15682,15966,16292,17110,17350,17576,17789,17988,17676,17856,18031,18201,15418,15405,15707
"1707","270530","270530 MINADOR DO NEGRAO",3635,5306,5286,5275,5263,5251,5439,5432,5425,5419,5413,5337,5329,5322,5315,4838,4845,4938
"1708","270540","270540 MONTEIROPOLIS",8178,7293,7290,6935,6945,6952,7219,7230,7241,7251,7260,7153,7159,7165,7171,7201,7184,7341
"1709","270550","270550 MURICI",21225,26731,26920,26710,26867,27030,28158,28201,28335,28462,28579,28137,28236,28333,28428,25221,25187,25933
"1710","270560","270560 NOVO LINO",6820,12266,12452,12060,12184,12303,12479,12583,12643,12735,12821,12615,12690,12764,12837,10011,10119,10298
"1711","270570","270570 OLHO D'AGUA DAS FLORES",22618,20465,20552,20364,20437,20460,21499,21572,21641,21706,21767,21437,21688,21738,21690,20702,20715,21132
"1712","270580","270580 OLHO D'AGUA DO CASADO",7611,8388,8518,8491,8601,8708,9114,9209,9298,9381,9459,9303,9373,9441,9507,8345,8349,8522
"1713","270590","270590 OLHO D'AGUA GRANDE",5213,4956,4961,4957,4966,4967,5159,5169,5178,5187,5195,5117,5123,5128,5133,4333,4306,4384
"1714","270600","270600 OLIVENCA",10572,10828,10876,11047,11100,11150,11594,11643,11688,11731,11772,11591,11624,11657,11681,10744,10824,11048
"1715","270610","270610 OURO BRANCO",10698,11381,11506,10912,10977,10953,11409,11484,11537,11589,11635,11456,11496,11535,11573,11382,11446,11699
"1716","270620","270620 PALESTINA",5283,5024,5068,5112,5158,5201,4934,4970,5004,5036,5066,4985,5011,5037,5061,4328,4325,4410
"1717","270630","270630 PALMEIRA DOS INDIOS",69970,72202,72564,70368,70556,70738,73532,73725,73878,74049,74208,73096,73218,73337,73452,68534,71574,73596
"1718","270640","270640 PAO DE ACUCAR",26769,24537,24537,23811,23730,23651,24975,24924,24878,24834,24792,24446,24399,24351,24307,23721,23823,24291
"1719","270642","270642 PARICONHA",11517,10505,10537,10264,10274,10282,10674,10688,10601,10674,10684,10527,10533,10539,10546,10573,10573,10803
"1720","270644","270644 PARIPUEIRA",9013,10027,10225,11347,11601,11845,12474,12687,12887,13076,13252,13016,13176,13332,13484,13991,13835,14176
"1721","270650","270650 PASSO DE CAMARAGIBE",13464,14225,14261,14763,14783,14802,15372,15396,15419,15441,15461,15232,15245,15258,15270,13870,13804,14076
"1722","270660","270660 PAULO JACINTO",7805,7752,7771,7426,7419,7412,7685,7683,7682,7680,7679,7568,7564,7560,7556,6570,6576,6697
"1723","270670","270670 PENEDO",61030,60750,61081,60378,60638,60890,63595,63842,64074,64292,64497,63516,63683,63846,64005,58654,58593,60189
"1724","270680","270680 PIACABUCU",16653,17980,18085,17203,17236,17268,17941,17977,18011,18043,18074,17805,17827,17848,17868,15834,15908,16201
"1725","270690","270690 PILAR",32856,32546,32653,33305,33467,33623,35003,35153,35295,35428,35552,35008,35111,35212,35310,35433,35370,36499
"1726","270700","270700 PINDOBA",2225,3218,3243,2866,2862,2857,2961,2958,2956,2954,2953,2911,2908,2905,2903,2734,2731,2786
"1727","270710","270710 PIRANHAS",24727,24651,25103,23045,23279,23504,24556,24759,24950,25130,25298,24891,25039,25183,25324,22589,22609,23053
"1728","270720","270720 POCO DAS TRINCHEIRAS",14700,12544,12466,13872,13922,13845,14401,14449,14493,14535,14575,14354,14386,14418,14447,12480,12728,12974
"1729","270730","270730 PORTO CALVO",25052,25870,26045,25708,25843,25974,27047,27171,27288,27398,27501,27079,27165,27249,27331,23708,24071,24520
"1730","270740","270740 PORTO DE PEDRAS",10761,10620,10643,8429,8291,8156,8362,8253,8151,8055,7965,7873,7786,7701,7618,9373,9295,9508
"1731","270750","270750 PORTO REAL DO COLEGIO",19037,18459,18449,19334,19410,19288,20066,20138,20205,20268,20327,20018,20066,20112,20158,20048,19846,20262
"1732","270760","270760 QUEBRANGULO",12328,11607,11566,11480,11404,11330,11700,11644,11592,11542,11496,11342,11294,11248,11202,11069,11080,11305
"1733","270770","270770 RIO LARGO",69822,67359,67795,68481,68885,68952,71834,75267,75645,75688,76019,74838,75120,75394,75662,93729,93927,97435
"1734","270780","270780 ROTEIRO",6595,6881,6867,6656,6631,6607,6836,6819,6803,6788,6774,6680,6664,6649,6634,6482,6474,6607
"1735","270790","270790 SANTA LUZIA DO NORTE",6890,7468,7582,6891,6930,6967,7257,7292,7325,7357,7386,7272,7296,7320,7344,6946,6919,7065
"1736","270800","270800 SANTANA DO IPANEMA",46077,43527,43702,44932,45197,45453,47352,47593,47820,48033,48232,47486,47654,47819,47910,46258,46087,47397
"1737","270810","270810 SANTANA DO MUNDAU",11126,12002,12042,10961,10875,10792,11134,11070,11009,10952,10899,10755,10740,10687,10637,11307,11323,11568
"1738","270820","270820 SAO BRAS",6749,7020,7051,6718,6731,6744,7006,7020,7034,7046,7058,6953,6961,6969,6977,6463,6425,6557
"1739","270830","270830 SAO JOSE DA LAJE",20287,22941,23114,22686,22798,22906,23847,23950,24048,24140,24226,23855,23927,23996,24064,20742,20813,21193
"1740","270840","270840 SAO JOSE DA TAPERA",27692,31032,31361,30088,30323,30549,31867,32075,32271,32455,32626,32111,32260,32405,32462,30359,30604,31557
"1741","270850","270850 SAO LUIS DO QUITUNDE",28098,32588,32876,32412,32633,32846,34239,34436,34623,34798,34961,34415,34555,34692,34825,30922,30873,31792
"1742","270860","270860 SAO MIGUEL DOS CAMPOS",43477,53070,54064,54577,55463,56319,59077,59830,60539,61204,61827,60775,61251,61797,62328,51978,51990,53391
"1743","270870","270870 SAO MIGUEL DOS MILAGRES",6681,7445,7606,7163,7264,7360,7709,7795,7876,7951,8022,7888,7951,8013,8073,8711,8482,8687
"1744","270880","270880 SAO SEBASTIAO",32891,31922,32181,32010,32232,32446,33826,34024,34211,34387,34551,34011,34152,34290,34424,31788,31730,32701
"1745","270890","270890 SATUBA",15424,14584,14779,14603,14815,15020,15737,13241,13381,13824,13949,13716,13828,13936,14042,24087,24278,25000
"1746","270895","270895 SENADOR RUI PALMEIRA",14166,13015,13111,13047,13129,13209,13765,13839,13909,13974,14036,13818,13870,13921,13893,12300,12303,12549
"1747","270900","270900 TANQUE D'ARCA",5640,5848,5752,6122,6086,6172,6374,6346,6319,6293,6270,6187,6162,6138,6115,5746,5796,5909
"1748","270910","270910 TAQUARANA",17246,18695,18844,19020,19172,18907,19725,19856,19980,20097,20205,19886,19980,20072,20162,19004,19032,19422
"1749","270915","270915 TEOTONIO VILELA",43020,41498,41933,41152,41480,41797,43605,43895,44169,44426,44666,43960,44169,44372,44570,37999,38053,39161
"1750","270920","270920 TRAIPU",24091,25650,25859,25702,25880,26369,27488,27648,27798,27938,28070,27632,27715,27826,27934,23486,23695,24124
"1751","270930","270930 UNIAO DOS PALMARES",59635,62395,62725,62358,62645,62923,65495,65764,66017,66255,66477,65461,65611,65790,65963,59093,59280,60874
"1752","270940","270940 VICOSA",28554,26799,26828,25407,25342,25384,26289,26249,26212,26176,26143,25773,25733,25693,25655,24089,23972,24423
"1753","280010","280010 AMPARO DE SAO FRANCISCO",2438,2261,2268,2275,2283,2290,2358,2366,2374,2382,2390,2368,2374,2380,2386,2174,2170,2206
"1754","280020","280020 AQUIDABA",20105,19762,19885,20056,20188,20315,21023,21170,21312,21452,21589,21443,21563,21681,21796,20126,20131,20542
"1755","280030","280030 ARACAJU",511891,536785,544039,571149,579563,587701,614577,623766,632744,641523,650106,648939,657013,664908,672614,605309,602757,628849
"1756","280040","280040 ARAUA",11030,11980,12044,10878,10772,9495,10796,10684,10574,10467,10362,10168,10056,9947,9840,10338,10318,10483
"1757","280050","280050 AREIA BRANCA",18468,16568,16739,16857,17014,17164,17825,17996,18164,18329,18489,18396,18542,18686,18825,18101,18081,18560
"1758","280060","280060 BARRA DOS COQUEIROS",22127,19809,19994,24976,25527,26059,27495,28093,28677,29248,29807,29873,30407,30930,31439,41644,41511,44384
"1759","280067","280067 BOQUIM",25183,25190,25268,25533,25632,25727,26529,26640,26750,26856,26961,26731,26816,26899,26980,24669,24636,25038
"1760","280070","280070 BREJO GRANDE",7439,8001,8086,7742,7792,7839,8110,8165,8218,8271,8322,8264,8309,8353,8396,7838,7841,8016
"1761","280100","280100 CAMPO DO BRITO",16665,16612,16755,16749,16870,16987,17594,17727,17858,17986,18111,17997,18109,18218,18325,18151,18149,18646
"1762","280110","280110 CANHOBA",4049,4023,4021,3956,3956,3955,4057,4057,4057,4057,4058,4011,4008,4006,4003,3792,3791,3855
"1763","280120","280120 CANINDE DE SAO FRANCISCO",23097,22534,23007,24686,25219,25733,27136,27714,28279,28832,29372,29430,29900,30402,30894,26871,26834,27885
"1764","280130","280130 CAPELA",27719,28756,28964,30761,31087,31402,32666,33024,33374,33715,34050,33904,34213,34514,34808,31674,31645,32716
"1765","280140","280140 CARIRA",19774,19543,19714,20007,20179,20345,21109,21299,21484,21665,21842,21724,22082,22239,22393,19935,19939,20315
"1766","280150","280150 CARMOPOLIS",11535,12317,12619,13503,13822,14130,14937,15283,15622,15952,16275,16324,16634,16937,17232,13904,13853,14179
"1767","280160","280160 CEDRO DE SAO JOAO",5586,5513,5512,5633,5653,5672,5846,5868,5890,5912,5933,5880,5897,5913,5929,5384,5391,5482
"1768","280170","280170 CRISTINAPOLIS",17102,16365,16131,16519,16692,16859,17536,17726,17911,18092,18270,18190,17874,18029,18181,17002,17100,17539
"1769","280190","280190 CUMBE",3921,3852,3887,3813,3826,3839,3955,3970,3985,3999,4012,3977,3987,3998,4008,3829,3824,3906
"1770","280200","280200 DIVINA PASTORA",3787,4341,4449,4326,4408,4487,4715,4804,4890,4975,5058,5059,5138,5215,5290,4359,4340,4433
"1771","280210","280210 ESTANCIA",63370,63206,63586,64409,64825,65226,67491,67953,68405,68846,69278,68804,69184,69556,69919,64771,65078,66978
"1772","280220","280220 FEIRA NOVA",5623,5805,5869,5324,5344,5363,5529,5551,5573,5595,5616,5567,5584,5601,5617,5978,6017,6207
"1773","280230","280230 FREI PAULO",13413,12969,13065,13874,14020,14162,14730,14890,15047,15200,15349,15283,15421,15556,15688,14561,14530,14884
"1774","280240","280240 GARARU",12127,11949,11989,11405,11409,11412,11712,11718,11724,11730,11736,11606,11604,11601,11599,11089,11095,11301
"1775","280250","280250 GENERAL MAYNARD",2607,2862,2904,2929,2970,3009,3143,3188,3231,3274,3315,3307,3346,3384,3421,3035,3037,3111
"1776","280260","280260 GRACHO CARDOSO",5816,5716,5723,5645,5655,5665,5824,5836,5848,5859,5870,5811,5818,5824,5831,5835,5838,5979
"1777","280270","280270 ILHA DAS FLORES",9266,8855,8901,8348,8354,8359,8582,8589,8597,8604,8611,8519,8520,8521,8522,8289,8321,8495
"1778","280280","280280 INDIAROBA",14465,17677,18126,15831,16037,16236,16940,17165,17385,17600,17810,17761,17957,18149,18337,16082,16549,16949
"1779","280290","280290 ITABAIANA",87003,85725,86567,86967,87747,88501,91873,92732,93572,94393,95196,94696,95427,96142,96839,103620,103440,108408
"1780","280300","280300 ITABAIANINHA",39341,38565,38850,38910,39176,39432,40821,41116,41404,41686,41961,41684,41928,42166,42399,40313,40678,42114
"1781","280310","280310 ITABI",5462,4863,4830,4972,4957,4942,5048,5032,5017,5002,4988,4921,4903,4886,4869,4746,4745,4823
"1782","280320","280320 ITAPORANGA D'AJUDA",29869,29010,29349,30419,30798,31165,32496,32911,33317,33713,34101,33994,34356,34709,35054,34414,34411,35863
"1783","280330","280330 JAPARATUBA",15878,15920,16051,16864,17042,17213,17903,18098,18288,18474,18656,18576,18743,18907,19067,15848,16209,16472
"1784","280340","280340 JAPOATA",15120,13944,14027,12938,12932,12926,13253,13249,13245,13242,13238,13085,13434,13429,13422,13416,13407,13707
"1785","280350","280350 LAGARTO",92855,91696,92461,94861,95746,96602,100330,101305,102257,103188,104099,103576,104408,105221,106015,101642,101579,105558
"1786","280360","280360 LARANJEIRAS",27493,24626,24718,26902,27177,27442,28533,28835,29130,29418,29700,29567,29826,30080,30327,24003,23975,24170
"1787","280370","280370 MACAMBIRA",6518,6489,6562,6401,6447,6492,6723,6774,6824,6873,6920,6877,6919,6961,7002,6839,6838,7024
"1788","280380","280380 MALHADA DOS BOIS",3765,3775,3830,3456,3476,3494,3610,3632,3653,3673,3693,3665,3682,3699,3715,3580,3579,3666
"1789","280390","280390 MALHADOR",12754,12074,12127,12042,12086,12127,12501,12550,12598,12645,12691,12581,12618,12653,12689,11532,11533,11728
"1790","280400","280400 MARUIM",16109,15583,15570,16343,16412,16478,16998,17076,17151,17225,17297,17153,17213,17271,17328,15783,15719,15975
"1791","280410","280410 MOITA BONITA",12060,11230,11273,11001,11020,11038,11350,11372,11395,11416,11438,11322,11335,11348,11361,11061,11050,11288
"1792","280420","280420 MONTE ALEGRE DE SERGIPE",13289,13620,13821,13627,13784,13936,14513,14685,14853,15017,15177,15120,15031,15175,15315,14346,14356,14732
"1793","280430","280430 MURIBECA",7456,7438,7471,7344,7363,7381,7598,7620,7642,7662,7683,7610,7625,7639,7653,7821,7822,8033
"1794","280440","280440 NEOPOLIS",21163,19466,19537,18506,18500,18493,18964,18961,18958,18956,18953,18735,18719,18703,18688,16450,16426,16558
"1795","280445","280445 NOSSA SENHORA APARECIDA",8023,8770,8816,8508,8526,8543,8788,8809,8830,8850,8869,8783,8796,8809,8822,9243,9232,9496
"1796","280450","280450 NOSSA SENHORA DA GLORIA",29830,30466,30804,32497,32926,33341,34799,35268,35726,36174,36613,36514,36924,37324,37715,41267,41147,43255
"1797","280460","280460 NOSSA SENHORA DAS DORES",24403,24529,24748,24580,24764,24941,25839,26042,26240,26434,26624,26460,26629,26795,26957,25000,24996,25537
"1798","280470","280470 NOSSA SENHORA DE LOURDES",7181,6469,6508,6238,6255,6271,6456,6475,6494,6512,6530,6470,6483,6496,6509,6263,6268,6404
"1799","280480","280480 NOSSA SENHORA DO SOCORRO",186218,153253,155334,160827,163047,165194,172547,174974,177344,179661,181928,181503,183628,185706,187733,192375,192330,202450
"1800","280490","280490 PACATUBA",11572,12756,12870,13137,13260,13379,13896,14032,14164,14293,14420,14347,14428,14540,14650,12493,12502,12709
"1801","280500","280500 PEDRA MOLE",3047,2858,2882,2974,3001,3026,3141,3170,3199,3227,3254,3236,3261,3285,3309,2787,2778,2818
"1802","280510","280510 PEDRINHAS",8457,8643,8712,8833,8903,8970,9298,9374,9449,9523,9594,9538,9602,9665,9727,7393,7396,7416
"1803","280520","280520 PINHAO",5935,5761,5817,5973,6029,6084,6318,6380,6440,6499,6556,6523,6576,6627,6678,5674,5677,5769
"1804","280530","280530 PIRAMBU",9310,8488,8606,8369,8455,8538,8877,8971,9063,9153,9241,9199,9280,9359,9436,7908,7913,8037
"1805","280540","280540 POCO REDONDO",31010,29879,30251,30880,31253,31614,32949,33358,33757,34147,34529,34412,34775,35122,35461,33462,33439,34723
"1806","280550","280550 POCO VERDE",21936,21721,21887,21983,22138,22287,23078,23249,23416,23580,23740,23586,23728,23867,24003,21776,21794,22214
"1807","280560","280560 PORTO DA FOLHA",27523,27311,27460,27146,27260,27370,28237,28366,28492,28615,28735,28497,28596,28693,28788,26630,26576,27350
"1808","280570","280570 PROPRIA",29333,28437,28537,28451,28533,28612,29467,29562,29655,29745,29834,29559,29626,29692,29756,26648,26618,27273
"1809","280580","280580 RIACHAO DO DANTAS",21080,19567,19590,19386,19401,19414,19937,19957,19976,19995,20014,19800,19805,19809,19813,18321,18313,18579
"1810","280590","280590 RIACHUELO",9009,9369,9469,9355,9434,9509,9863,9949,10033,10116,10196,10140,10213,10284,10354,8744,8748,8875
"1811","280600","280600 RIBEIROPOLIS",16636,16137,16203,17173,17307,17435,18071,18218,18362,18503,18641,18528,18652,18773,18891,17032,17033,17362
"1812","280610","280610 ROSARIO DO CATETE",8346,8799,8966,9221,9384,9541,10013,10191,10364,10533,10699,10697,10855,11008,11158,9315,9295,9499
"1813","280620","280620 SALGADO",20717,19095,19103,19365,19403,19439,19994,20039,20083,20126,20168,19970,19998,20025,20051,20294,20279,20772
"1814","280630","280630 SANTA LUZIA DO ITANHY",15752,13430,13499,12969,13064,14081,13628,13733,13836,13936,14034,13947,14035,14121,14205,13480,13616,13965
"1815","280640","280640 SANTANA DO SAO FRANCISCO",6392,6799,6858,7038,7108,7175,7456,7532,7607,7680,7751,7714,7780,7844,7906,7347,7346,7530
"1816","280650","280650 SANTA ROSA DE LIMA",3788,3962,4000,3749,3761,3773,3886,3899,3913,3926,3938,3904,3913,3923,3933,3940,3937,4038
"1817","280660","280660 SANTO AMARO DAS BROTAS",10709,12013,12143,11410,11467,11522,11899,11963,12025,12086,12146,12051,12102,12151,12200,11128,11092,11297
"1818","280670","280670 SAO CRISTOVAO",79187,74189,75103,78864,79956,81011,84620,85814,86979,88118,89232,89027,90072,91093,92090,95700,95612,100360
"1819","280680","280680 SAO DOMINGOS",10548,10443,10559,10271,10349,10424,10801,10887,10971,11053,11133,11065,11137,11207,11276,10332,10327,10550
"1820","280690","280690 SAO FRANCISCO",2801,2965,2996,3393,3460,3524,3705,3777,3847,3916,3983,3987,3724,3781,3837,3246,3243,3323
"1821","280700","280700 SAO MIGUEL DO ALEIXO",3716,3782,3800,3698,3718,3736,3859,3881,3902,3923,3943,3913,3930,3947,3964,3433,3434,3481
"1822","280710","280710 SIMAO DIAS",40742,38232,38337,38702,38847,38988,40199,40364,40526,40684,40838,40486,40484,40606,40724,42712,42578,44285
"1823","280720","280720 SIRIRI",7438,7856,7946,8004,8088,8169,8496,8588,8677,8765,8851,8813,8893,8970,9046,7841,7834,7984
"1824","280730","280730 TELHA",3011,2940,2983,2957,2982,3006,3117,3144,3170,3196,3221,3204,3227,3249,3271,3279,3274,3373
"1825","280740","280740 TOBIAS BARRETO",47930,48733,49262,48040,48414,48776,50557,50971,51375,51770,52156,51843,52191,52530,52861,50583,50905,52613
"1826","280750","280750 TOMAR DO GERU",14172,13252,13721,12855,12857,12858,13192,13196,13200,13204,13208,13061,13536,13535,13534,12029,12012,12145
"1827","280760","280760 UMBAUBA",22940,21195,21396,22434,22709,23223,23950,24251,24545,24832,25114,25033,25294,25550,25800,24039,23917,24538
"1828","290010","290010 ABAIRA",9328,8851,8823,8316,8687,8659,9132,9243,9226,9212,9199,8767,8739,8710,8681,7290,7301,7452
"1829","290020","290020 ABARE",15514,18362,18830,17064,17380,17685,18989,19290,19574,19939,20189,19814,20086,20347,20594,18766,17639,18240
"1830","290030","290030 ACAJUTIBA",15533,15123,15192,14653,14692,14730,15615,15668,15717,15764,15727,15129,15159,15187,15214,13715,13795,14215
"1831","290035","290035 ADUSTINA",14812,15354,15444,15702,15810,15914,16929,17044,17153,17254,17349,16784,17040,17126,17209,14166,14201,14554
"1832","290040","290040 AGUA FRIA",15207,15284,15334,15731,15809,15884,16871,16959,17043,17431,17508,16901,16970,17033,17096,17398,14497,14871
"1833","290050","290050 ERICO CARDOSO",12644,10809,10718,10859,10802,10746,11509,11472,11437,11405,11212,10662,10610,10560,10513,10581,10604,10948
"1834","290060","290060 AIQUARA",4215,5361,5366,4602,4569,4536,4767,4790,4767,4745,4725,4478,4446,4416,4387,4566,4447,4586
"1835","290070","290070 ALAGOINHAS",141290,137202,137807,141949,142870,143460,152570,153560,154495,155362,155979,150832,151596,152327,153023,157864,151055,160662
"1836","290080","290080 ALCOBACA",24903,20320,20242,21271,21300,21328,23176,23231,23282,23331,23376,22449,22470,22490,22509,23633,24530,25494
"1837","290090","290090 ALMADINA",6046,6742,6619,6357,6242,6130,6327,6234,6145,6062,5985,5566,5464,5366,5273,5195,5218,5327
"1838","290100","290100 AMARGOSA",33720,34918,35268,34351,34602,34845,37081,37557,37807,38041,38259,37031,37241,37441,37631,36260,36521,38478
"1839","290110","290110 AMELIA RODRIGUES",25281,24192,24432,25190,25134,25080,26477,26458,26441,26424,26409,25224,25102,25048,24997,23639,24138,24848
"1840","290115","290115 AMERICA DOURADA",15958,16723,16791,15961,15962,15962,16884,16904,16923,16781,16798,16097,16094,16090,16086,15104,15137,15583
"1841","290120","290120 ANAGE",22177,25823,25263,25516,25049,19889,20698,20388,20096,19824,19568,18194,17857,21607,21229,25452,25438,26715
"1842","290130","290130 ANDARAI",13550,14554,14609,13960,13951,13942,14738,13716,13723,13732,13737,13153,13143,13132,13122,13406,13080,13531
"1843","290135","290135 ANDORINHA",14591,14359,14204,14414,14310,14209,14936,14862,14791,15551,15490,14690,14595,14503,14416,15011,15012,15485
"1844","290140","290140 ANGICAL",13550,15157,15193,14073,14032,13992,14762,14742,14724,14707,14690,14017,13977,13938,13902,14973,13732,14178
"1845","290150","290150 ANGUERA",9666,9707,9816,10242,10336,10427,11113,11209,11299,11402,11481,11142,11221,11297,11369,11019,11031,11456
"1846","290160","290160 ANTAS",11480,17268,17577,17072,17303,17526,18744,18970,19183,19382,19569,19093,19291,19479,19659,14453,14752,15061
"1847","290170","290170 ANTONIO CARDOSO",11872,12509,12589,11554,11549,11545,12206,12216,12225,12200,12208,11691,11683,11677,11670,11268,11146,11501
"1848","290180","290180 ANTONIO GONCALVES",6012,11107,11237,11015,11124,11229,11973,12083,12187,11989,12072,11715,11798,11878,11955,11921,10862,11236
"1849","290190","290190 APORA",17637,18570,18738,17731,17805,17877,18976,19063,19146,19223,18334,17673,17731,17788,17840,16909,15922,16379
"1850","290195","290195 APUAREMA",6739,7601,7610,7459,7428,7397,7795,7780,7762,7745,7730,7360,7330,7302,7274,6900,6913,7114
"1851","290200","290200 ARACATU",15519,14437,14317,13743,13641,13542,14232,14158,14089,14023,13962,13229,13135,13045,12960,13819,13936,14422
"1852","290205","290205 ARACAS",12777,12108,12206,11561,11602,11642,12351,12402,12450,12495,12608,12143,12177,12208,12237,12605,11557,11946
"1853","290210","290210 ARACI",49488,54092,54714,51651,51994,52325,55655,56023,56370,55637,55935,54099,54379,54648,54903,51377,48294,50336
"1854","290220","290220 ARAMARI",10633,9858,9913,10036,10111,10483,11157,11237,11314,11385,11703,11332,11397,11461,11519,9781,9833,10122
"1855","290225","290225 ARATACA",9201,10986,10951,10392,10349,10307,11822,11779,11737,11697,11661,11079,11019,10961,10904,8219,10191,10463
"1856","290230","290230 ARATUIPE",8862,8788,8829,8599,8616,8632,9146,9104,9127,9150,9171,8813,8825,8837,8848,10006,8677,8981
"1857","290240","290240 AURELINO LEAL",18345,14559,14280,13595,13323,13059,13525,13301,13089,12891,12706,11774,11531,11299,11079,11782,11179,11409
"1858","290250","290250 BAIANOPOLIS",10787,14019,14187,13850,13919,13420,13892,14126,14195,14262,14323,13824,13877,13929,13979,13618,13614,14110
"1859","290260","290260 BAIXA GRANDE",19428,21704,21819,20060,20046,20031,21174,21186,21197,21393,21403,20488,20468,20449,20431,17880,18220,18680
"1860","290265","290265 BANZAE",10880,11166,11151,11814,11827,11840,12534,12560,13711,13738,13765,13217,13229,13240,13251,11869,11958,12309
"1861","290270","290270 BARRA",47929,49705,50227,49325,49736,50134,53361,53786,54188,54563,54915,53231,53578,53910,54225,50543,51092,53528
"1862","290280","290280 BARRA DA ESTIVA",30535,20918,20538,21187,20974,20767,22409,22566,22394,22232,22082,20813,20598,20392,20198,26031,26026,27582
"1863","290290","290290 BARRA DO CHOCA",54364,32419,31528,34788,35084,35501,35567,35200,34853,34421,34121,32018,31603,31209,30831,40025,36539,38481
"1864","290300","290300 BARRA DO MENDES",13529,14458,14457,13987,13950,13914,14684,14540,14526,14570,14560,13900,13865,13833,13128,13852,13836,14345
"1865","290310","290310 BARRA DO ROCHA",6701,6071,5863,6313,6174,6038,6261,6518,6424,6338,6258,5821,5714,5612,5515,6682,5775,5920
"1866","290320","290320 BARREIRAS",141780,135650,137834,137427,139285,141081,150896,152208,153918,155519,157638,153831,155439,156975,158432,165413,159734,170667
"1867","290323","290323 BARRO ALTO",12140,13990,14177,13612,13766,13914,14855,15230,15377,15093,15217,14802,14931,15054,15171,13761,13453,13911
"1868","290327","290327 BARROCAS",13080,13722,13868,14191,14346,14495,15470,15624,15770,16167,16296,15846,15978,16105,16225,15396,15203,15743
"1869","290330","290330 BARRO PRETO",6907,6626,6412,6453,6285,6122,6767,6627,6492,6367,6251,5743,5591,5448,5312,5820,5833,5966
"1870","290340","290340 BELMONTE",18307,22336,22550,21798,21935,22067,23471,23620,23759,23891,24013,23214,23328,23437,23540,20565,20121,20567
"1871","290350","290350 BELO CAMPO",20498,15427,15185,16021,15915,17625,18539,18459,18383,18312,18247,17317,17211,17109,17013,18399,18412,19042
"1872","290360","290360 BIRITINGA",14645,14307,14258,14836,14851,14866,15737,15769,15799,16628,16653,15975,15979,15984,15989,15151,15146,15606
"1873","290370","290370 BOA NOVA",26514,15916,15428,15411,15048,14620,15141,14861,14577,14314,14069,12953,12633,12329,12039,14160,13690,14052
"1874","290380","290380 BOA VISTA DO TUPIM",19467,18323,18301,17991,17944,17898,18888,18677,18658,19516,19502,18622,18576,18531,18491,19320,16873,17307
"1875","290390","290390 BOM JESUS DA LAPA",59091,65148,66188,63480,64121,64740,68282,68922,69526,70090,70618,68609,69148,69662,70151,74040,65550,68704
"1876","290395","290395 BOM JESUS DA SERRA",10732,10588,10572,10113,10054,10120,10644,10597,10554,10515,10477,9942,9880,9823,9768,9572,9730,10028
"1877","290400","290400 BONINAL",11458,13738,13852,13695,13796,13893,14742,14490,14585,14675,14760,14288,14368,14446,14518,13653,13622,14104
"1878","290405","290405 BONITO",14444,14205,14324,14834,14983,15126,16132,16730,16873,17006,17131,16637,16764,16884,16999,15837,15844,16393
"1879","290410","290410 BOQUIRA",24383,22502,22519,22037,22031,22025,22389,22409,22429,22448,22464,21520,21508,21497,21486,20588,19322,19829
"1880","290420","290420 BOTUPORA",13679,11186,11045,11154,11050,10950,11162,11089,11021,10957,10898,10300,10211,10129,10050,11040,11024,11411
"1881","290430","290430 BREJOES",17294,12726,12448,14282,14201,14123,14866,15265,15214,15166,15122,14370,14295,14222,14155,12914,12943,13272
"1882","290440","290440 BREJOLANDIA",6635,9703,9793,11077,11164,11247,10545,10624,10698,10768,10833,10493,10557,10618,10675,9114,9108,9377
"1883","290450","290450 BROTAS DE MACAUBAS",11285,11083,10945,10717,10596,10479,11301,11158,11070,11049,10974,10341,10231,10130,10705,12467,11765,12169
"1884","290460","290460 BRUMADO",65480,64417,64641,64602,64790,64972,68776,69022,69255,69473,69677,67048,67195,67335,67468,70268,70510,74095
"1885","290470","290470 BUERAREMA",17657,20687,20829,18605,18566,18528,19311,19297,19283,19269,19256,18391,18349,18306,18269,16880,14804,15056
"1886","290475","290475 BURITIRAMA",22254,19349,19493,19600,19729,19853,21115,21418,21549,21671,21786,21067,21174,21276,21374,19514,19589,20212
"1887","290480","290480 CAATIBA",20427,10023,9449,11420,11016,10576,10828,10486,10166,10044,7841,7043,6758,6488,6232,6915,6205,6224
"1888","290485","290485 CABACEIRAS DO PARAGUACU",16410,18302,18566,17327,17457,17582,18713,18850,18978,19199,19312,18698,18807,18911,19010,19432,16559,17039
"1889","290490","290490 CACHOEIRA",32218,33495,33781,32026,32150,32270,34244,34394,34535,35013,35139,33861,33470,33567,33659,31982,29250,30550
"1890","290500","290500 CACULE",22478,22282,22509,22236,22396,22577,23232,23392,23545,23685,23817,23045,23170,23291,23407,22412,22462,23246
"1891","290510","290510 CAEM",8700,10417,10189,10368,10188,10013,10429,10282,10143,10179,10058,9372,9213,9058,8912,10360,10384,10729
"1892","290515","290515 CAETANOS",15125,12389,12310,13639,13727,14926,15842,15913,15982,16045,16106,15524,15573,14608,14671,13242,11266,11500
"1893","290520","290520 CAETITE",49085,47774,48008,47515,47647,47774,52166,52353,52531,52696,52853,50861,50975,51081,51184,52099,52012,54572
"1894","290530","290530 CAFARNAUM",17217,18119,18315,17209,17305,17398,18489,18595,18695,18917,19006,18356,18437,18513,18585,17975,17466,18039
"1895","290540","290540 CAIRU",8181,14438,14740,15374,15679,15973,17168,17457,17730,17985,18224,17913,18176,18427,18666,17591,17761,18486
"1896","290550","290550 CALDEIRAO GRANDE",7650,13697,13919,12491,12576,12658,13465,13555,13641,13643,13713,13260,13327,13391,13452,13063,13080,13566
"1897","290560","290560 CAMACAN",25996,31133,31114,31472,31505,31535,33068,33135,33197,33257,33310,31968,31988,32006,32023,22460,22579,22756
"1898","290570","290570 CAMACARI",202501,227955,234555,242970,249206,255238,275575,281413,286919,292074,296893,293723,299132,304302,309208,334195,300372,319394
"1899","290580","290580 CAMAMU",34347,32981,32878,35180,35275,35366,37207,36321,36435,36543,36644,35248,35316,35382,35444,30480,30469,31775
"1900","290590","290590 CAMPO ALEGRE DE LOURDES",28860,27686,27670,28090,28124,28156,29812,29877,29938,29994,30048,28844,28798,28820,28839,30659,30671,32377
"1901","290600","290600 CAMPO FORMOSO",61806,67582,68099,66616,66967,67305,71507,71900,72271,73118,73448,70912,71206,71487,71754,68571,71377,74894
"1902","290610","290610 CANAPOLIS",9976,11016,11132,9410,9403,9395,10130,10137,10142,10146,10151,9719,9711,9703,9694,10225,10225,10612
"1903","290620","290620 CANARANA",21717,25557,25936,24067,24252,24430,26006,26200,26382,26702,26862,26020,26176,26325,26468,23491,24206,24989
"1904","290630","290630 CANAVIEIRAS",37274,36911,37041,32336,32116,31902,33570,33415,33268,33130,33002,31301,31099,30906,30722,33080,32683,34343
"1905","290640","290640 CANDEAL",9606,9157,9052,8895,8806,8720,9143,9075,9011,8894,8837,8338,8258,8181,8109,7785,7772,7969
"1906","290650","290650 CANDEIAS",84279,81306,81701,83158,83648,84121,89419,88308,88806,89271,89707,86677,87076,87458,87820,77026,72382,75083
"1907","290660","290660 CANDIBA",11717,12766,12823,13210,13271,13329,14527,14599,14667,14732,14792,14268,14319,14368,14415,13007,13016,13425
"1908","290670","290670 CANDIDO SALES",32709,27327,27177,27918,27747,25711,27057,26952,26855,26760,26674,25332,25189,25053,24921,25278,25247,26465
"1909","290680","290680 CANSANCAO",32836,33920,34091,32908,32982,33054,35029,35135,35235,36105,36191,34784,34834,34882,34929,39475,37439,39556
"1910","290682","290682 CANUDOS",13762,15229,15370,15732,15839,15941,16956,17070,17177,17222,17316,16752,16668,16753,16832,15906,16105,16662
"1911","290685","290685 CAPELA DO ALTO ALEGRE",7447,12748,12827,11527,11506,11485,12128,12123,12118,12203,12199,11660,11637,11616,11597,10754,10744,11055
"1912","290687","290687 CAPIM GROSSO",27511,26877,27158,26577,26826,27067,28853,29107,29346,31181,31392,30451,30662,30862,31055,33344,33235,35228
"1913","290689","290689 CARAIBAS",8713,10659,10494,10222,10048,9879,10292,10150,10016,9890,9773,9107,8951,8801,8659,9938,9940,10260
"1914","290690","290690 CARAVELAS",21142,21945,22114,21414,21515,21612,22328,22442,22548,22646,22740,21937,22016,22093,22166,21612,20580,21229
"1915","290700","290700 CARDEAL DA SILVA",9420,8570,8619,8899,8966,9030,9611,9681,9747,9809,9544,9240,9295,9346,9395,8376,8365,8634
"1916","290710","290710 CARINHANHA",28717,29988,30244,28380,28451,28519,29768,29864,29955,30041,30118,28965,29018,29070,29118,28869,28869,30375
"1917","290720","290720 CASA NOVA",63270,65747,66722,64940,65647,66331,70796,71504,72172,72798,73382,71366,71969,72545,73092,71572,72086,75815
"1918","290730","290730 CASTRO ALVES",24538,25052,24973,25408,25483,25555,27097,27194,27286,27161,27238,26209,26264,26318,26369,24700,24712,25471
"1919","290740","290740 CATOLANDIA",2931,3972,4055,2612,2632,3215,3420,3644,3672,3695,3669,3555,3577,3599,3619,3480,3434,3560
"1920","290750","290750 CATU",49521,50470,50808,51077,51411,51734,55021,55380,55719,56037,56459,54424,54704,54970,55222,48137,48148,50153
"1921","290755","290755 CATURAMA",8403,8749,8715,8843,8830,8817,9760,9762,9762,9764,9764,9340,9329,9316,9303,8847,8841,9115
"1922","290760","290760 CENTRAL",15681,17928,18030,17013,17035,17057,18061,18101,18140,17935,17969,17252,17266,17280,17293,16223,16348,16849
"1923","290770","290770 CHORROCHO",10648,10952,11016,10734,10765,10794,11444,11484,11522,11558,11591,11154,11177,11200,11221,10587,10579,10929
"1924","290780","290780 CICERO DANTAS",34100,31774,31837,32300,32387,32470,34424,34540,34478,34581,34676,33356,32515,32576,32636,30836,30749,32268
"1925","290790","290790 CIPO",15998,15634,15753,15755,15821,15884,16860,16938,17602,17673,17739,17097,17300,17352,17402,17246,17230,17836
"1926","290800","290800 COARACI",25129,22812,22272,20964,20442,19937,20620,20183,19770,19383,19022,17458,16993,16549,16128,17949,17333,17663
"1927","290810","290810 COCOS",18996,17908,17922,18153,18195,18235,19281,19340,19396,19449,19498,18746,18777,18807,18835,19156,19151,19817
"1928","290820","290820 CONCEICAO DA FEIRA",18736,19891,20119,20391,20612,20826,22226,22448,22656,22840,23024,22392,22581,22762,22933,22936,20800,21499
"1929","290830","290830 CONCEICAO DO ALMEIDA",19231,18076,17973,17889,17796,17705,18644,18583,18525,18278,18229,17332,17247,17165,17087,15401,15794,16184
"1930","290840","290840 CONCEICAO DO COITE",59691,63318,63980,62040,62545,63033,67126,67651,68146,67875,68303,66191,66612,67013,67394,70202,67825,71316
"1931","290850","290850 CONCEICAO DO JACUIPE",28982,28552,28769,30123,30425,30717,32761,33066,33354,33624,33876,32909,33153,33398,33631,34994,35308,37409
"1932","290860","290860 CONDE",24052,22929,23166,23620,23866,24103,25714,25961,26194,26412,26371,25630,25837,26035,26223,24433,23654,24434
"1933","290870","290870 CONDEUBA",18173,17000,17169,16898,16842,17421,18359,18312,18269,18229,18191,17319,17247,17178,17113,17059,17053,17571
"1934","290880","290880 CONTENDAS DO SINCORA",3834,3924,3877,4663,4638,4613,4354,4340,4326,4312,4299,4086,4066,4045,4025,4750,4333,4490
"1935","290890","290890 CORACAO DE MARIA",25418,23797,23777,22401,22273,22149,23314,23228,23146,23961,23896,22719,22605,22495,22391,28340,26692,28258
"1936","290900","290900 CORDEIROS",6098,8826,8888,8168,8205,8245,8752,8795,8834,8870,8904,8585,8614,8642,8667,7555,7546,7763
"1937","290910","290910 CORIBE",15986,14931,14895,14307,14258,14210,15024,15000,14976,14954,14933,14240,14194,14149,14108,14158,13990,14464
"1938","290920","290920 CORONEL JOAO SA",21815,18540,18409,17066,16855,16650,17422,17256,17098,16951,16814,15801,15895,15717,15549,17000,17056,17593
"1939","290930","290930 CORRENTINA",32775,32784,32976,31249,31324,31397,32980,33084,33183,33275,33361,32081,32137,32191,32243,32709,32457,34179
"1940","290940","290940 COTEGIPE",14135,14127,14194,13636,13625,13614,14390,14396,14403,14409,14414,13796,13782,13769,13756,13059,13063,13472
"1941","290950","290950 CRAVOLANDIA",5246,5651,5711,5041,5045,5048,5341,5552,5560,5568,5576,5349,5349,5351,5352,4445,4415,4514
"1942","290960","290960 CRISOPOLIS",20945,20179,20280,20046,20124,20199,21435,21529,21617,21700,21835,21040,21103,21163,21219,19720,19729,20343
"1943","290970","290970 CRISTOPOLIS",12662,14140,14274,13280,13328,13374,14189,14247,14302,14354,14403,13872,13910,13947,13981,14002,13993,14514
"1944","290980","290980 CRUZ DAS ALMAS",59149,56766,57100,58606,59045,59470,63299,63761,64197,64552,64932,62871,63239,63591,63923,60633,60348,63203
"1945","290990","290990 CURACA",32186,33929,34426,32168,32403,32631,34725,34974,35208,35320,35524,34389,34700,34886,35065,33603,34180,36021
"1946","291000","291000 DARIO MEIRA",16680,12611,12335,12836,12609,12217,12721,12190,12022,11864,11716,10906,10710,10525,10347,10025,10820,11094
"1947","291005","291005 DIAS D'AVILA",57265,56600,57713,66440,68061,69628,75103,76624,78058,79401,80657,79685,81089,82432,83705,69211,71485,75053
"1948","291010","291010 DOM BASILIO",11022,11518,11620,11355,11405,11454,12379,12441,12499,12553,12604,12155,12199,12240,12281,11905,11884,12309
"1949","291020","291020 DOM MACEDO COSTA",3613,3936,3949,3874,3884,3894,4127,4140,4153,4201,4212,4050,4058,4065,4072,4418,4407,4588
"1950","291030","291030 ELISIO MEDRADO",7866,8159,8188,7947,7954,7961,8426,8420,8434,8448,8461,8119,8122,8126,8129,7782,7808,8066
"1951","291040","291040 ENCRUZILHADA",42725,21875,20723,23766,23968,22478,21418,20859,20331,19837,19376,17593,17006,16446,15914,19111,19107,19535
"1952","291050","291050 ENTRE RIOS",45817,40276,40526,39872,40029,40180,42640,42828,43006,43172,43223,41654,41780,41901,42014,38880,38098,39902
"1953","291060","291060 ESPLANADA",30642,32593,33113,32802,33217,33618,35930,36339,36724,37085,37845,36882,37237,37578,37902,34033,32554,34146
"1954","291070","291070 EUCLIDES DA CUNHA",55644,58746,59189,56289,56631,56962,60558,60932,60666,61618,61924,59842,60585,60858,61112,65187,61456,64547
"1955","291072","291072 EUNAPOLIS",95628,98194,99553,100196,101432,102628,110803,112032,113191,114275,115290,112318,113380,114396,115360,112477,113710,120515
"1956","291075","291075 FATIMA",18822,19588,19702,17652,17603,17555,18524,18502,18481,18461,18443,17601,17890,17845,17801,17899,17896,18469
"1957","291077","291077 FEIRA DA MATA",6144,6537,6560,6184,6181,6177,5908,5911,5914,5918,5922,5668,5665,5661,5656,5618,5631,5825
"1958","291080","291080 FEIRA DE SANTANA",544114,584497,590446,556642,562466,568099,606139,612000,617528,622639,627477,609913,614872,619609,624107,652592,616272,657948
"1959","291085","291085 FILADELFIA",17374,16319,16221,16740,16706,16672,17603,17593,17583,17184,17176,16410,16377,16345,16314,17892,17897,18573
"1960","291090","291090 FIRMINO ALVES",4877,5804,5867,5384,5401,5417,5744,5766,5786,5804,5822,5604,5617,5629,5641,5925,4873,5006
"1961","291100","291100 FLORESTA AZUL",9645,10489,10364,10660,10605,10657,11392,11352,11313,11279,11244,10686,10629,10575,10525,11068,11059,11442
"1962","291110","291110 FORMOSA DO RIO PRETO",20723,21827,22170,22528,22854,23169,24799,25074,25372,25652,25912,25311,25591,25857,26111,25185,25899,27421
"1963","291120","291120 GANDU",27750,31410,31823,30336,30580,30816,32814,33097,32809,33030,33234,32202,32403,32596,32778,29776,32178,33938
"1964","291125","291125 GAVIAO",2818,4537,4507,4561,4535,4510,4747,4729,4712,4740,4725,4487,4463,4440,4417,4357,4360,4493
"1965","291130","291130 GENTIO DO OURO",9394,11829,11986,10622,10657,10690,11338,11381,11423,11603,11639,11206,11233,11259,11284,11896,10884,11263
"1966","291140","291140 GLORIA",16044,14223,14179,15076,15096,15114,16003,16039,16072,15810,15840,15208,15221,15234,15247,16698,15524,16072
"1967","291150","291150 GONGOGI",11852,6581,6175,8357,8191,8031,8325,8212,8082,7961,7848,7276,7128,6985,6852,5549,5555,5567
"1968","291160","291160 GOVERNADOR MANGABEIRA",18851,20539,20670,19818,19873,19926,21125,21198,21267,21435,21495,20679,20722,20762,20800,20604,20605,21314
"1969","291165","291165 GUAJERU",16477,9216,9312,10412,10039,9182,9388,9087,8805,8322,8081,7239,6937,6646,6371,8054,8050,8225
"1970","291170","291170 GUANAMBI",76930,79190,79880,78833,79394,79936,84645,85237,85797,86320,86808,84014,84481,84928,85353,87580,87817,93065
"1971","291180","291180 GUARATINGA",23365,23105,22973,22165,22000,21840,22583,22465,22355,22251,22154,20991,20843,20700,20565,20338,19049,19490
"1972","291185","291185 HELIOPOLIS",14573,14575,14715,13192,13145,13099,13812,13786,13762,13739,13718,13076,13031,12987,12946,12301,12687,13074
"1973","291190","291190 IACU",30563,28616,28600,25736,25524,25319,26591,26382,26178,26012,25884,24496,24305,24121,23950,25178,24607,25333
"1974","291200","291200 IBIASSUCE",13619,9372,9007,10062,9831,9607,10866,10679,10502,10337,10183,9427,9224,9031,8849,10426,10429,10754
"1975","291210","291210 IBICARAI",27419,24989,24570,24272,23910,23560,24595,24303,24029,23770,23529,22014,21689,21378,21083,21688,21665,22200
"1976","291220","291220 IBICOARA",18174,16643,16941,17282,17548,17805,19071,19309,19548,19578,19786,19346,19571,19786,19990,20874,20785,21690
"1977","291230","291230 IBICUI",14697,16353,16466,15785,15830,15650,16582,16640,16696,16748,16796,16162,16198,16230,16262,13791,13934,14306
"1978","291240","291240 IBIPEBA",13594,17466,17662,17008,17145,17277,18398,18540,18674,18563,18678,18097,18211,18319,18421,18540,16603,17128
"1979","291250","291250 IBIPITANGA",13571,14327,14410,14171,14229,14285,15162,15231,15296,15356,15413,14856,14902,14947,14989,13905,13863,14316
"1980","291260","291260 IBIQUERA",3355,5229,5299,4866,4870,4874,5158,5149,5158,4207,4214,4043,4044,4046,4047,3722,3725,3837
"1981","291270","291270 IBIRAPITANGA",18267,24052,24224,22598,22641,22683,24059,24118,24180,24238,24293,23343,23375,23404,23433,27341,25344,26794
"1982","291280","291280 IBIRAPUA",6085,7825,7891,7956,8023,8086,8603,8671,8735,8796,8852,8581,8637,8690,8740,8331,8896,9259
"1983","291290","291290 IBIRATAIA",26473,24582,24548,18943,18443,17959,18546,18348,17947,17573,17221,15760,15312,14882,14476,19613,18792,19375
"1984","291300","291300 IBITIARA",12269,16471,16661,15508,15590,15669,16647,16614,16699,16779,16855,16272,16339,16403,16463,14622,14637,15062
"1985","291310","291310 IBITITA",18429,19286,19409,17840,17801,17763,18752,18740,18727,17957,17948,17150,17113,17080,17048,17954,16969,17509
"1986","291320","291320 IBOTIRAMA",24898,26228,26416,25424,25522,25617,27285,27405,27655,27762,27862,26846,26927,27003,27076,26611,26309,27670
"1987","291330","291330 ICHU",3045,6101,6148,5255,5269,5908,6265,6288,6311,6418,6437,6194,6206,6220,6232,6192,6190,6415
"1988","291340","291340 IGAPORA",14979,14944,14977,15205,15222,15238,16159,16193,16225,16255,16283,15630,15640,15650,15661,17022,15527,16047
"1989","291345","291345 IGRAPIUNA",16876,13436,13267,13343,13183,13028,13636,14509,14395,14288,14187,13367,13226,13091,12963,13077,13151,13528
"1990","291350","291350 IGUAI",26959,29070,29449,25705,25768,26053,27615,27704,27787,27865,27939,26868,26916,26963,27006,25114,21491,21897
"1991","291360","291360 ILHEUS",220748,219710,219265,184236,185801,187315,184616,182350,180213,178210,176341,164844,162327,159923,157639,197163,178649,189028
"1992","291370","291370 INHAMBUPE",32819,36084,36722,36306,36822,37321,39938,40441,40915,40908,40453,39499,39926,40333,40720,33771,33790,35397
"1993","291380","291380 IPECAETA",20087,15694,15853,15331,15176,15025,15753,15634,15521,15596,15499,14625,14487,14354,14229,16230,13709,14064
"1994","291390","291390 IPIAU",42248,43749,43719,44390,44465,44538,47178,47388,47501,47606,47704,45823,45873,45922,45969,43078,40706,42507
"1995","291400","291400 IPIRA",60960,61439,62070,59343,59169,59001,62253,62172,62095,62697,62631,59763,59595,59435,59281,58094,56876,59264
"1996","291410","291410 IPUPIARA",8977,9259,9334,9285,9343,9398,9992,10054,10113,10107,10157,9817,9865,9911,9954,9925,9935,10318
"1997","291420","291420 IRAJUBA",6362,7550,7668,7002,7024,7046,7471,7443,7472,7497,7521,7243,7260,7279,7295,6100,6101,6255
"1998","291430","291430 IRAMAIA",17858,15291,15043,11990,11564,11150,11412,10809,10487,10184,9901,8893,8537,8197,7874,10755,10752,11060
"1999","291440","291440 IRAQUARA",19453,23867,24417,22601,22929,23246,24882,24712,25006,25279,25536,24942,25216,25478,25728,25590,23879,24759
"2000","291450","291450 IRARA",26255,25771,25815,27466,27643,27814,29579,29770,29950,29723,29879,28892,29034,29173,29305,27984,28043,29509
"2001","291460","291460 IRECE",62970,65310,66060,66181,66865,67527,72041,72730,73380,73915,74483,72386,72967,73524,74050,76491,74507,78425
"2002","291465","291465 ITABELA",29900,26636,26701,28390,28593,28790,30636,30852,31055,31244,31422,30413,30584,30747,30901,27691,28165,29563
"2003","291470","291470 ITABERABA",63355,61302,61489,61631,61838,62037,65806,66065,66310,66592,66806,64325,64489,64646,64795,67605,65073,68244
"2004","291480","291480 ITABUNA",206336,212245,213654,204667,205286,205885,218124,218925,219680,220386,221046,212740,213223,213685,214123,185500,186708,196676
"2005","291490","291490 ITACARE",17851,26348,27174,24318,24794,25254,26753,27198,27619,28013,28382,27891,28296,28684,29051,28214,27704,29337
"2006","291500","291500 ITAETE",13760,14614,14663,14924,14995,15063,15996,16370,16446,16519,16586,15999,16056,16110,16164,14031,13472,13822
"2007","291510","291510 ITAGI",14698,14217,14166,13051,12926,12805,13433,13448,13359,13276,13199,12462,12351,12242,12140,13925,13803,14314
"2008","291520","291520 ITAGIBA",14879,16659,16592,15193,15053,15088,15829,15871,15767,15669,15577,14712,14579,14452,14331,15556,15310,15792
"2009","291530","291530 ITAGIMIRIM",7595,7181,7120,7110,7061,7013,7420,7384,7351,7319,7291,6914,6869,6825,6784,7037,6347,6512
"2010","291535","291535 ITAGUACU DA BAHIA",8321,13097,13273,13209,13350,13487,14392,14533,14667,14604,14718,14311,14429,14542,14650,13116,12311,12683
"2011","291540","291540 ITAJU DO COLONIA",7570,7794,7708,7309,7212,7118,7507,7428,7353,7284,7218,6770,6682,6596,6515,6033,6037,6157
"2012","291550","291550 ITAJUIPE",20460,20695,20496,21081,20978,20878,21884,21817,21754,21697,21642,20587,20491,20398,20309,19913,18781,19249
"2013","291560","291560 ITAMARAJU",64008,67517,67805,63069,63053,63037,67128,67191,67249,67305,67356,64521,64486,64455,64423,60831,59605,62065
"2014","291570","291570 ITAMARI",7933,8747,8781,7903,7869,7836,8259,8534,8514,8495,8476,8069,8035,8003,7971,7050,7051,7219
"2015","291580","291580 ITAMBE",36740,35106,35510,23089,22828,22650,23723,23520,23327,23147,24901,23358,23049,22754,22474,26420,24394,25108
"2016","291590","291590 ITANAGRA",7057,6841,6882,7598,7594,7590,8023,8029,8034,8038,6730,6445,6441,6436,6433,5814,5914,6087
"2017","291600","291600 ITANHEM",19732,21188,21151,20216,20114,20015,20735,20671,20611,20554,20501,19499,19405,19316,19231,19025,17813,18258
"2018","291610","291610 ITAPARICA",22239,20641,20798,20725,20862,20994,22329,22476,22615,22744,22866,22114,22228,22337,22440,19738,19789,20369
"2019","291620","291620 ITAPE",13794,11013,10634,10995,10711,10436,10682,10448,10228,10022,9830,9008,8761,8526,8300,10327,10341,10658
"2020","291630","291630 ITAPEBI",11168,11931,12004,10495,10446,10398,10942,10910,10882,10856,10830,10306,10259,10215,10173,9779,9174,9501
"2021","291640","291640 ITAPETINGA",61703,65904,66665,68273,69067,69903,74652,75440,76184,76881,77533,75470,76147,76795,77408,68704,65897,68735
"2022","291650","291650 ITAPICURU",29406,32100,32566,32261,32641,33008,35255,35632,35987,36320,36211,35256,35576,35883,36173,32793,31679,33254
"2023","291660","291660 ITAPITANGA",10301,10385,10385,10207,10194,10181,10799,10799,10800,10799,10799,10328,10313,10298,10284,10320,10279,10630
"2024","291670","291670 ITAQUARA",8437,7761,7741,7678,7715,7751,8231,8480,8519,8557,8592,8288,8319,8347,8375,8175,8153,8448
"2025","291680","291680 ITARANTIM",16673,18254,18372,18539,18664,18651,19837,19968,20091,20206,20314,19646,19747,19843,19937,17035,17052,17517
"2026","291685","291685 ITATIM",14953,15266,15518,14522,13775,13841,14700,14691,14763,14895,14957,14432,14487,14539,14588,15749,15737,16375
"2027","291690","291690 ITIRUCU",14396,16538,16829,12693,12640,12589,13267,13336,13307,13280,13254,12624,12576,12528,12482,11016,10999,11261
"2028","291700","291700 ITIUBA",36512,36890,37008,36113,36157,36200,38330,38413,38492,37500,37567,36063,36089,36116,36140,33671,33872,35491
"2029","291710","291710 ITORORO",19193,20841,20930,19914,19928,19942,21106,21143,21178,21210,21241,20375,20382,20388,20394,17729,16617,16945
"2030","291720","291720 ITUACU",17967,18621,18780,18127,18216,18302,19211,19311,19406,19494,19577,18889,18962,19030,19095,18992,17914,18493
"2031","291730","291730 ITUBERA",27167,24185,24172,26591,26764,26930,28639,28934,29108,29273,29428,28457,28602,28740,28870,21974,21902,22299
"2032","291733","291733 IUIU",10192,11954,12097,10900,10932,10963,11253,11294,11331,11366,11399,10969,10994,11016,11038,11101,11118,11532
"2033","291735","291735 JABORANDI",9099,9032,8900,8973,8849,8728,9417,9318,9225,9138,9056,8496,8385,8277,8176,9269,9275,9592
"2034","291740","291740 JACARACI",13156,14656,14805,13651,13664,14500,15350,15380,15409,15435,15459,14834,14842,14850,14855,14625,14436,14901
"2035","291750","291750 JACOBINA",76465,78842,79013,79247,79417,79580,84328,84577,84811,83435,83635,80394,80518,80635,80749,88296,82590,86649
"2036","291760","291760 JAGUAQUARA",52764,48097,48206,51011,51328,51635,54902,55127,55449,55751,56033,54163,54423,54673,54913,46026,45964,47738
"2037","291770","291770 JAGUARARI",24254,30222,30484,30343,30560,30769,32740,32969,33186,34304,34499,33385,33570,33746,33915,32495,32703,34440
"2038","291780","291780 JAGUARIPE",13366,17074,17435,16467,16701,16927,18114,18432,18647,18849,19036,18588,18788,18981,19162,20237,17659,18300
"2039","291790","291790 JANDAIRA",11558,10027,10015,10331,10355,10377,10997,11031,11063,11092,11120,10691,10709,10726,10742,9112,9285,9535
"2040","291800","291800 JEQUIE",149258,150351,150541,151895,152138,152372,161391,161150,161528,161880,162209,155800,155966,156126,156277,156408,158813,168733
"2041","291810","291810 JEREMOABO",31922,38924,39311,37680,37926,38163,40587,40851,41100,41387,41605,40232,40463,40651,40832,37519,37626,39501
"2042","291820","291820 JIQUIRICA",15226,13771,13772,14118,14147,14096,14936,14993,15033,15071,15106,14516,14537,14557,14576,13623,13629,14066
"2043","291830","291830 JITAUNA",21242,16816,16368,14115,13691,13280,13667,13636,13300,12985,12692,11540,11166,10808,10470,14614,14355,14815
"2044","291835","291835 JOAO DOURADO",18759,21726,21992,22549,22812,23066,24633,24894,25141,25431,25646,24964,25188,25402,25606,26186,24854,25799
"2045","291840","291840 JUAZEIRO",213397,237627,243897,197965,199761,201499,214748,216588,218324,220253,221773,215183,216707,218162,219544,244406,237821,254481
"2046","291845","291845 JUCURUCU",9296,10698,10520,10290,10129,9972,10403,10272,10148,10032,9924,9272,9126,8988,8856,9971,9655,9944
"2047","291850","291850 JUSSARA",16479,15229,15204,15052,15028,15004,15848,15844,15841,16006,16006,15307,15284,15262,15241,16922,16354,16956
"2048","291855","291855 JUSSARI",6777,6980,6924,6474,6397,6322,6493,6434,6378,6324,6275,5902,5833,5768,5706,5902,5888,6059
"2049","291860","291860 JUSSIAPE",11478,8356,8041,8031,7778,7533,7741,7526,7229,7239,7066,6406,6186,5976,5777,7381,7379,7585
"2050","291870","291870 LAFAIETE COUTINHO",3232,3561,3502,3901,3865,3830,4017,4046,4020,3996,3975,3757,3724,3693,3663,4044,4075,4221
"2051","291875","291875 LAGOA REAL",14283,14359,14512,13934,14063,14187,15542,15676,15801,15920,16029,15555,15665,15770,15870,13990,14105,14546
"2052","291880","291880 LAJE",20684,21957,22177,22201,22444,22679,24207,23682,23904,24112,24306,23638,23840,24032,24214,23198,21052,21704
"2053","291890","291890 LAJEDAO",3067,3585,3602,3733,3758,3782,3971,3997,4022,4046,4068,3934,3955,3975,3993,4550,3845,3986
"2054","291900","291900 LAJEDINHO",2762,4461,4464,3936,3908,3881,4079,3993,3974,4032,4017,3808,3783,3758,3735,4102,3527,3621
"2055","291905","291905 LAJEDO DO TABOCAL",9483,8923,8997,8305,8326,8346,8847,8810,8836,8862,8886,8546,8562,8577,8591,7486,7494,7702
"2056","291910","291910 LAMARAO",8884,12682,12990,9560,9413,9271,9673,9554,9442,9099,9007,8430,8307,8191,8078,9062,9015,9305
"2057","291915","291915 LAPAO",27958,26461,26616,25646,25717,25785,27338,27432,27521,28166,28244,27170,27223,27274,27323,25713,25736,26998
"2058","291920","291920 LAURO DE FREITAS",151076,153016,156935,163449,167309,171042,184383,188013,191436,194641,197636,195095,198440,201635,204669,220437,203331,217960
"2059","291930","291930 LENCOIS",10038,10008,10107,10368,10480,10589,11300,11340,11445,11544,11636,11315,11409,11499,11586,11022,10774,11170
"2060","291940","291940 LICINIO DE ALMEIDA",10875,13135,13206,12311,12295,12268,12962,12965,12966,12967,12969,12406,12388,12373,12357,11848,11834,12208
"2061","291950","291950 LIVRAMENTO DE NOSSA SENHORA",41151,43994,44569,42693,43110,43514,45236,45647,46035,46399,46739,45388,45732,46062,46372,43898,43903,46249
"2062","291955","291955 LUIS EDUARDO MAGALHAES",23305,48977,52052,60105,63290,66371,73061,76420,79162,81730,83557,84753,87519,90162,92671,108271,107909,116662
"2063","291960","291960 MACAJUBA",12317,11522,11513,11229,11215,11201,11835,11836,11837,11878,11879,11364,11348,11332,11318,10463,10454,10758
"2064","291970","291970 MACARANI",15051,16735,16943,17093,17285,17253,18419,18608,18786,18954,19110,18592,18755,18909,19056,21556,21599,22596
"2065","291980","291980 MACAUBAS",47404,47991,48634,47051,47490,47915,49436,49861,50262,50637,50987,49474,49826,50161,50481,41631,41859,43725
"2066","291990","291990 MACURURE",10172,7913,7837,8073,8032,7992,8417,8390,8365,8288,8266,7862,7824,7787,7752,7600,7256,7455
"2067","291992","291992 MADRE DE DEUS",14456,16354,16784,17376,17786,18183,19600,19985,20348,20689,21007,20737,21093,21432,21754,18767,18504,19173
"2068","291995","291995 MAETINGA",16475,8432,7888,7038,6554,6048,5972,5561,5174,4796,4456,3577,3161,2764,2386,6968,6973,7212
"2069","292000","292000 MAIQUINIQUE",6897,8713,8848,8782,8894,9229,9864,9976,10082,10183,10274,10016,10112,10206,10294,9452,8731,9011
"2070","292010","292010 MAIRI",19511,19752,19689,19326,19243,19163,20194,20144,20097,19736,19695,18753,18676,18602,18535,16122,17674,18161
"2071","292020","292020 MALHADA",15952,16647,16734,16014,16037,16058,17375,17416,17455,17491,17526,16830,16845,16861,16875,15426,15398,15834
"2072","292030","292030 MALHADA DE PEDRAS",9406,7753,7675,8468,8428,8389,8942,8918,8896,8875,8856,8430,8393,8359,8326,8673,8670,8972
"2073","292040","292040 MANOEL VITORINO",16433,14389,14140,14387,14221,13948,14600,14618,14488,14364,14251,13397,13240,13087,12944,13327,13860,14295
"2074","292045","292045 MANSIDAO",11694,12142,12242,12592,12707,12759,13598,13652,13761,13864,13959,13546,13643,13734,13822,13902,13919,14484
"2075","292050","292050 MARACAS",35527,35617,35986,24613,24822,25024,24491,24156,23751,23373,23018,21295,20834,20393,19973,27747,27620,29197
"2076","292060","292060 MARAGOGIPE",41589,43620,43923,42815,42967,43114,45740,45928,46106,46106,46260,44555,44677,44793,44902,38394,35859,37225
"2077","292070","292070 MARAU",19107,17386,17270,19101,19158,19212,21016,21098,21175,21246,21313,20518,20570,20617,20664,24713,24527,25626
"2078","292080","292080 MARCIONILIO SOUZA",8325,11043,11057,10500,10473,10447,11026,10962,10951,10941,10931,10434,10406,10380,10357,9256,9267,9507
"2079","292090","292090 MASCOTE",12625,16557,16589,14640,14520,14257,15221,15131,14877,14800,14728,13931,13822,13717,13619,11991,13544,13941
"2080","292100","292100 MATA DE SAO JOAO",34281,38962,39587,40183,40866,41527,44538,45194,45813,46392,46998,46014,46583,47126,47643,48698,42566,44839
"2081","292105","292105 MATINA",11393,12976,13245,11145,11246,11342,12114,12217,12314,12404,12488,12116,12201,12283,12359,10338,10330,10629
"2082","292110","292110 MEDEIROS NETO",19684,22629,22752,21560,21602,21642,23358,23420,23478,23535,23586,22659,22688,22716,22741,23096,22194,22925
"2083","292120","292120 MIGUEL CALMON",31247,27850,27726,26475,26329,26188,27569,27627,27536,27600,27520,26159,26023,25894,25771,27817,24661,25317
"2084","292130","292130 MILAGRES",14412,12100,12092,10306,11057,10994,11569,11700,11659,11621,11585,11009,10950,10893,10838,11076,11071,11434
"2085","292140","292140 MIRANGABA",13935,18436,18848,16279,16445,16606,17714,17881,18039,18588,18729,18195,18338,18474,18603,15050,15734,16185
"2086","292145","292145 MIRANTE",18310,8876,8377,10507,10265,9902,10270,10081,9902,9735,9578,8844,8641,8447,8264,10072,10187,10523
"2087","292150","292150 MONTE SANTO",57322,53577,53428,52338,52178,52023,54884,54807,54733,52015,51953,49565,49418,49278,49145,47758,47780,49823
"2088","292160","292160 MORPARA",9602,8853,8876,8280,8256,8233,8987,8977,8967,8958,8950,8542,8519,8497,8476,8303,7996,8232
"2089","292170","292170 MORRO DO CHAPEU",36817,35009,35033,35164,35208,35251,37326,36641,36717,36789,36856,35383,35413,35440,35466,33389,33594,35224
"2090","292180","292180 MORTUGABA",12341,14508,14695,12477,12496,11729,12421,12450,12477,12505,12529,12031,12042,12052,12063,11131,11143,11487
"2091","292190","292190 MUCUGE",16521,14629,14715,10545,10342,10145,10568,10400,10244,10096,9957,9244,9062,8889,8725,12988,12137,12650
"2092","292200","292200 MUCURI",36930,34836,35496,36026,36638,37229,39927,40514,41068,41587,42072,41221,41748,42251,42729,38082,37977,40005
"2093","292205","292205 MULUNGU DO MORRO",16285,14006,13878,12249,11992,11743,12191,12398,12200,12159,11988,11114,10889,10673,10469,13166,13152,13625
"2094","292210","292210 MUNDO NOVO",13150,24895,25240,24395,24635,24867,26518,26935,27165,27165,27364,26575,26776,26970,27153,20564,17305,17417
"2095","292220","292220 MUNIZ FERREIRA",7495,7214,7233,7317,7346,7374,7825,7860,7893,7650,7678,7399,7422,7443,7464,7165,7190,7443
"2096","292225","292225 MUQUEM DE SAO FRANCISCO",9729,10547,10693,10272,10354,10433,11465,11552,11495,11571,11644,11280,11348,11417,11479,11029,10443,10796
"2097","292230","292230 MURITIBA",33552,27866,27755,28899,28922,28944,30635,30691,30743,30585,30631,29387,29399,29410,29420,28558,28707,30146
"2098","292240","292240 MUTUIPE",20433,21935,22068,21449,21530,21608,22928,22742,22833,22917,22998,22156,22221,22282,22340,20028,20037,20612
"2099","292250","292250 NAZARE",26710,27350,27425,27274,27366,27454,29122,29297,29406,29450,29546,28451,28525,28594,28661,28181,27060,28403
"2100","292260","292260 NILO PECANHA",10296,13092,13270,12530,12632,12729,13555,14119,14188,14279,14368,13914,13997,14079,14156,12032,12063,12418
"2101","292265","292265 NORDESTINA",13909,12599,12679,12371,12415,12458,13216,13270,13321,13552,13597,13095,13130,13164,13197,18536,18523,19500
"2102","292270","292270 NOVA CANAA",16670,19866,20306,16713,16731,16070,17013,17048,17082,17113,17141,16451,16462,16472,16482,15959,13715,14035
"2103","292273","292273 NOVA FATIMA",5069,7930,7968,7602,7616,7630,8083,8105,8125,8101,8119,7802,7812,7821,7830,7958,7967,8264
"2104","292275","292275 NOVA IBIA",4337,7047,7029,6648,6609,6570,6913,7063,7036,7010,6986,6631,6591,6554,6518,8325,6501,6701
"2105","292280","292280 NOVA ITARANA",6559,7762,7876,7435,7500,7563,8058,8192,8312,8372,8428,8172,8226,8279,8328,7820,7780,8059
"2106","292285","292285 NOVA REDENCAO",7208,9262,9321,8034,8044,8053,8527,9453,9470,9485,9500,9115,9118,9123,9126,7525,7538,7708
"2107","292290","292290 NOVA SOURE",24180,26666,26871,24136,24202,24265,25725,25813,25854,25931,25460,24493,26947,26998,27047,24206,24236,24906
"2108","292300","292300 NOVA VICOSA",37591,36032,36405,38556,39054,39535,42265,42754,43216,43648,44052,42950,43376,43783,44170,41089,39509,41551
"2109","292303","292303 NOVO HORIZONTE",7076,10860,11095,10673,10840,11001,11786,12085,12238,12381,12514,12241,12385,12522,12653,11163,11162,11565
"2110","292305","292305 NOVO TRIUNFO",15734,14666,14764,15051,15059,15067,15943,15969,15993,16016,16037,15380,15440,15443,15445,10666,11101,11197
"2111","292310","292310 OLINDINA",25985,24516,24556,24943,25023,25100,26620,26722,26817,26907,29227,28152,28229,28304,28373,22615,22633,23085
"2112","292320","292320 OLIVEIRA DOS BREJINHOS",22151,23436,23596,21831,21822,21813,22738,22756,22774,22789,22805,21838,21825,21810,21797,22850,20715,21334
"2113","292330","292330 OURICANGAS",7931,8081,8127,8298,8307,8316,8804,8822,8839,8895,8916,8557,8564,8570,8575,7728,7716,7939
"2114","292335","292335 OUROLANDIA",18001,16933,17085,16425,16503,16578,17603,17691,17775,17954,18025,17389,17451,17511,17567,19322,19243,20037
"2115","292340","292340 PALMAS DE MONTE ALTO",19781,21896,22060,20775,20836,20894,22260,22340,22416,22487,22553,21703,21750,21796,21840,20091,20078,20677
"2116","292350","292350 PALMEIRAS",7834,8358,8439,8410,8479,8545,9122,9066,9130,9191,9250,8961,9019,9071,9123,10383,10339,10819
"2117","292360","292360 PARAMIRIM",19211,20756,20873,21001,21115,21226,21838,21961,22077,22184,22286,21518,21607,21695,21777,20378,20351,21009
"2118","292370","292370 PARATINGA",30646,29693,29877,29504,29682,29853,32258,32452,32636,32807,32967,31853,32000,32141,32274,28947,29252,30671
"2119","292380","292380 PARIPIRANGA",27074,29459,29727,27778,27870,27958,29654,29769,29878,29980,30075,28956,28989,29058,29124,26609,26604,27866
"2120","292390","292390 PAU BRASIL",10396,12418,12347,10852,10684,10479,11166,11031,10905,10784,10673,9981,9831,9686,9550,10669,9370,9584
"2121","292400","292400 PAULO AFONSO",104875,105837,106701,108396,109310,110193,117377,118323,119214,119930,120706,117014,117782,118516,119213,118412,112870,119128
"2122","292405","292405 PE DE SERRA",10546,14683,14784,13752,13729,13707,14478,14474,14471,14229,14226,13601,13578,13556,13535,13242,13243,13675
"2123","292410","292410 PEDRAO",6728,7525,7594,6876,6936,6993,7450,7511,7568,7486,7527,7298,7347,7394,7438,6229,6235,6415
"2124","292420","292420 PEDRO ALEXANDRE",18775,17643,17700,16995,17020,17045,18051,18094,18135,18173,18209,17486,16667,16682,16698,14056,13954,14288
"2125","292430","292430 PIATA",19541,18532,18472,17982,17417,17257,18421,18584,18473,18366,18267,17269,17123,16984,16854,20098,20086,20859
"2126","292440","292440 PILAO ARCADO",29661,34144,34465,32860,33021,33176,35237,35255,35428,35590,35740,34486,35048,35175,35295,35326,35357,37272
"2127","292450","292450 PINDAI",14577,15759,15770,15628,15662,15695,16708,16758,16805,16849,16889,16234,16260,16285,16308,14740,14731,15146
"2128","292460","292460 PINDOBACU",18170,20873,20856,20121,20064,20009,21113,21087,21062,21191,21171,20204,20150,20098,20048,19133,19083,19625
"2129","292465","292465 PINTADAS",11373,10831,10813,10342,10295,10250,10798,10769,10742,11036,11012,10482,10437,10394,10353,9805,10325,10656
"2130","292467","292467 PIRAI DO NORTE",7599,8975,8820,9799,9816,9833,10415,9777,10360,10386,10411,10007,10023,10036,10050,10200,10974,11429
"2131","292470","292470 PIRIPA",20966,13597,13322,12783,12506,12219,12678,12452,12238,12035,11849,10952,10707,10475,10253,9158,9171,9255
"2132","292480","292480 PIRITIBA",14682,25612,26264,22399,22658,22907,24462,24785,25027,25002,25211,24538,24755,24964,25162,17549,17566,17838
"2133","292490","292490 PLANALTINO",5956,8802,8879,8822,8884,8944,9516,9413,9473,9529,9582,9272,9322,9370,9415,8012,8022,8254
"2134","292500","292500 PLANALTO",20168,22127,22152,24481,24694,24627,26225,26436,26632,26743,26915,26092,26265,26426,26581,23290,23334,24036
"2135","292510","292510 POCOES",49614,46224,46389,44701,44723,45903,48576,48655,48729,48798,48861,46862,46871,46879,46885,48197,48293,50642
"2136","292520","292520 POJUCA",29326,31687,32224,33066,33595,34106,36551,37061,37543,37993,39718,39045,39519,39972,40401,33079,32136,33608
"2137","292525","292525 PONTO NOVO",17184,14974,14731,15742,15632,15524,16321,16242,16168,15892,15830,15012,14914,14819,14729,17941,17938,18670
"2138","292530","292530 PORTO SEGURO",147486,120460,122900,126929,129325,131642,141006,143282,145431,147444,149324,146625,148686,150658,152529,158736,168326,181007
"2139","292540","292540 POTIRAGUA",18130,10123,9657,9810,9444,9360,9574,9263,8969,8694,8438,7549,7224,6916,6623,11524,10274,10636
"2140","292550","292550 PRADO",29771,26082,26017,27627,27661,27693,29095,29158,29218,29273,29326,28152,28174,28194,28214,31715,35003,37241
"2141","292560","292560 PRESIDENTE DUTRA",14175,14264,14305,13750,13779,13807,14629,14672,14712,15699,15734,15121,15142,15160,15180,15133,15130,15650
"2142","292570","292570 PRESIDENTE JANIO QUADROS",19518,14039,14178,13652,13484,12854,13442,13307,13178,13456,13334,12505,12338,12179,12028,12627,12621,12986
"2143","292575","292575 PRESIDENTE TANCREDO NEVES",20139,23817,24248,23846,24187,24517,26238,27187,27505,27803,28082,27422,27719,28004,28272,27662,27734,29343
"2144","292580","292580 QUEIMADAS",25848,28368,28731,24602,24602,24602,26023,26054,26083,26525,26552,25445,25439,25433,25428,26027,25988,27362
"2145","292590","292590 QUIJINGUE",28436,28001,28143,27228,27294,27357,28996,29088,28655,28556,28632,27533,27580,27626,27672,27317,25272,26457
"2146","292593","292593 QUIXABEIRA",9270,9624,9634,9554,9534,9514,10045,10038,10033,9414,9411,8990,8972,8956,8939,9429,9461,9815
"2147","292595","292595 RAFAEL JAMBEIRO",22634,23893,24007,22874,22896,22916,24258,24305,24349,23525,23562,22610,22621,22633,22643,20242,19662,20146
"2148","292600","292600 REMANSO",37847,39415,39705,38957,39165,39365,41824,42056,42275,42481,42672,41200,41008,41170,41324,40531,40586,42746
"2149","292610","292610 RETIROLANDIA",10545,12446,12600,12055,12170,12281,13092,13209,13319,14627,14730,14295,14396,14495,14588,13654,13651,14147
"2150","292620","292620 RIACHAO DAS NEVES",23306,23309,23417,21937,21939,21941,23209,23237,23264,23290,23313,22343,22339,22334,22330,22289,21642,22323
"2151","292630","292630 RIACHAO DO JACUIPE",26569,33326,33666,33172,33222,33271,35237,35322,35403,34715,34784,33403,33436,33468,33498,33422,33386,35118
"2152","292640","292640 RIACHO DE SANTANA",29818,30444,30605,30646,30840,31027,35586,35819,36039,36246,36439,35240,35421,35593,35757,39127,30711,32103
"2153","292650","292650 RIBEIRA DO AMPARO",13859,14566,14617,14276,14305,14333,15186,15229,15269,15308,15443,14843,14592,14612,14631,13831,14064,14525
"2154","292660","292660 RIBEIRA DO POMBAL",49460,49024,49263,47518,47701,47877,50805,51026,51418,54773,54965,52956,53807,53956,54097,53997,53566,56170
"2155","292665","292665 RIBEIRAO DO LARGO",19010,14612,14526,8602,8675,10432,9195,8713,8260,7835,7437,6304,5812,5343,4896,10382,9740,10039
"2156","292670","292670 RIO DE CONTAS",13665,13823,13820,13007,12948,12891,13592,13556,13616,13581,13712,13048,12989,12932,12878,13634,13184,13627
"2157","292680","292680 RIO DO ANTONIO",15749,14926,15076,14815,14917,15015,15427,15530,15628,15720,15804,15289,15371,15448,15521,13098,13146,13520
"2158","292690","292690 RIO DO PIRES",11923,11659,11617,11918,11933,11948,12033,12060,12084,12109,12130,11645,11655,11663,11672,9585,10497,10801
"2159","292700","292700 RIO REAL",37911,37675,38099,37164,37464,37754,40203,40515,40809,41085,41767,40475,40732,40976,41209,35378,35362,36997
"2160","292710","292710 RODELAS",7922,7341,7448,7775,7912,8045,8632,8763,8887,9297,9405,9213,9331,9442,9548,10303,10308,10801
"2161","292720","292720 RUY BARBOSA",28158,30316,30423,29887,29950,30010,31799,31780,31867,31933,32009,30767,30814,30857,30900,30172,28282,29606
"2162","292730","292730 SALINAS DA MARGARIDA",11344,13850,14189,13456,13693,13921,14937,15171,15385,15585,15772,15463,15667,15862,16047,14989,14987,15568
"2163","292740","292740 SALVADOR",2754946,2948733,2998058,2675656,2693606,2710968,2883682,2902927,2921087,2938092,2953986,2857329,2872347,2886698,2900319,2610987,2417678,2568928
"2164","292750","292750 SANTA BARBARA",18922,20242,20462,19064,19180,19292,20509,20635,20754,21310,21415,20694,20791,20883,20971,22446,20952,21723
"2165","292760","292760 SANTA BRIGIDA",19973,15781,15649,15060,14876,14698,15381,15237,15100,15091,14976,14088,14213,14063,13917,14979,14965,15421
"2166","292770","292770 SANTA CRUZ CABRALIA",38600,26051,26249,26264,26447,26623,27854,28045,28226,28394,28552,27626,27778,27922,28058,30385,29185,30862
"2167","292780","292780 SANTA CRUZ DA VITORIA",7338,6502,6445,6673,6630,6481,6808,6778,6750,6723,6698,6354,6315,6278,6241,4672,4681,4721
"2168","292790","292790 SANTA INES",11855,10833,10798,10363,10337,10312,10884,11186,11177,11169,11161,10656,10631,10606,10583,10293,10300,10628
"2169","292800","292800 SANTALUZ",31221,35029,35418,33838,34060,34274,36452,36690,36915,38219,38422,37158,37348,37531,37704,37079,37834,39922
"2170","292805","292805 SANTA LUZIA",14804,15615,15613,13344,13182,13025,13710,13579,13626,13508,13398,12751,12597,12449,12308,11776,13896,14377
"2171","292810","292810 SANTA MARIA DA VITORIA",41032,41745,41760,40309,40236,40165,41824,41809,41795,41782,41769,39920,39845,39775,39707,38686,38604,40467
"2172","292820","292820 SANTANA",23683,26990,27263,24750,24871,24987,26998,27132,27260,27381,27492,26517,26614,26705,26792,24778,24755,25520
"2173","292830","292830 SANTANOPOLIS",8061,9558,9640,8776,8806,8835,9370,9407,9442,9232,9263,8920,8943,8966,8987,9831,8716,9023
"2174","292840","292840 SANTA RITA DE CASSIA",24687,27224,27528,26250,26425,26653,28349,28642,28822,28988,29146,28192,28338,28481,28613,28084,27390,28826
"2175","292850","292850 SANTA TERESINHA",8556,10382,10548,9648,9722,9792,10423,10514,10586,10619,10682,10345,10405,10464,10520,9790,10441,10847
"2176","292860","292860 SANTO AMARO",62022,57675,58263,57800,57891,57978,61407,61559,61702,61836,61961,59512,60069,60131,60190,55935,56012,58413
"2177","292870","292870 SANTO ANTONIO DE JESUS",88424,87776,88771,90985,92049,93077,99407,100550,101548,102469,103342,100605,101512,102380,103204,103055,103055,109267
"2178","292880","292880 SANTO ESTEVAO",44655,46360,46854,47880,48397,48897,52186,52704,53193,53473,53898,52413,52850,53269,53666,55696,52276,54940
"2179","292890","292890 SAO DESIDERIO",19039,26742,27515,27659,28301,28921,31785,32078,32640,33168,33661,33193,33742,34266,34764,36793,32828,34783
"2180","292895","292895 SAO DOMINGOS",7036,9130,9188,9226,9247,9266,9820,9849,9877,9381,9404,9042,9058,9072,9085,8417,8426,8693
"2181","292900","292900 SAO FELIX",14991,15987,16211,14098,14129,14159,15004,15049,15091,15272,15310,14717,14740,14762,14784,10946,11026,11198
"2182","292905","292905 SAO FELIX DO CORIBE",11632,13352,13501,13048,13147,13243,15443,15548,15647,15738,15825,15310,15391,15468,15543,15704,15194,15740
"2183","292910","292910 SAO FELIPE",20329,20902,20952,20305,20317,20329,21513,21548,21582,21935,21964,21069,21074,21080,21083,20286,20283,20918
"2184","292920","292920 SAO FRANCISCO DO CONDE",31407,31219,31703,33183,33713,34226,36677,38838,39329,39790,40220,39338,39802,40245,40664,37892,38733,40932
"2185","292925","292925 SAO GABRIEL",18857,19050,19103,18427,18429,18430,19495,19519,19542,19594,19613,18798,18793,18789,18785,18417,18600,19210
"2186","292930","292930 SAO GONCALO DOS CAMPOS",29301,30401,30726,33283,33766,34232,36641,37111,37554,37634,38018,37139,37550,37942,38315,39570,39513,41909
"2187","292935","292935 SAO JOSE DA VITORIA",4042,6270,6276,5715,5662,5609,6202,6158,6118,6081,6045,5710,5657,5608,5562,5321,5315,5451
"2188","292937","292937 SAO JOSE DO JACUIPE",5107,10965,11139,10180,10238,10293,10938,11002,11061,10735,10784,10417,10462,10505,10546,10195,10187,10556
"2189","292940","292940 SAO MIGUEL DAS MATAS",10622,10623,10668,10414,10445,10474,11105,11963,12009,12051,12092,11645,11675,11704,11733,10334,10334,10634
"2190","292950","292950 SAO SEBASTIAO DO PASSE",42618,41624,41763,42153,42322,42485,45090,45292,45482,45660,45827,44164,44300,44430,44554,40376,40958,42936
"2191","292960","292960 SAPEACU",17511,17041,17088,16585,16603,16619,17594,17630,17664,18083,18114,17387,17398,17409,17421,17993,17963,18609
"2192","292970","292970 SATIRO DIAS",20280,18779,18920,18964,19010,19054,20195,20259,20320,20376,20429,19644,17273,17302,17330,16021,16008,16485
"2193","292975","292975 SAUBARA",12039,11507,11627,11201,11279,11354,12078,12161,12238,12311,12380,11978,12043,12105,12163,11433,11438,11842
"2194","292980","292980 SAUDE",11575,12284,12359,11845,11884,11921,12644,12693,12739,13343,13385,12883,12913,12943,12971,10482,10478,10715
"2195","292990","292990 SEABRA",40742,41952,42171,41798,41984,42163,44765,44999,45202,45395,45568,43941,44091,44234,44370,49587,46160,48530
"2196","293000","293000 SEBASTIAO LARANJEIRAS",9447,11231,11417,10371,10469,10563,11336,11435,11528,11615,11696,11351,11434,11512,11586,9373,9360,9610
"2197","293010","293010 SENHOR DO BONFIM",54415,75393,76114,74419,74937,75437,80258,80810,81330,80769,81218,78588,79015,79424,79813,77514,74523,77976
"2198","293015","293015 SERRA DO RAMALHO",32120,31909,31809,31638,31581,31525,33034,33022,33011,33000,32991,31532,31472,31416,31362,34270,34222,36119
"2199","293020","293020 SENTO SE",35916,38181,38729,37425,37806,38174,40720,41102,41464,41576,41891,40703,40684,40989,41279,37389,38154,40147
"2200","293030","293030 SERRA DOURADA",18476,17887,17857,18112,18036,17963,18467,18428,18389,18352,18320,17452,17386,17321,17261,16691,17066,17580
"2201","293040","293040 SERRA PRETA",17779,15971,16135,15401,15194,14993,15672,15507,15351,16171,16036,15064,14878,14699,14531,18090,17996,18685
"2202","293050","293050 SERRINHA",76224,73655,73858,76762,77309,77211,82157,82733,83275,82621,83088,80411,80861,81286,81693,85696,80435,84428
"2203","293060","293060 SERROLANDIA",12174,12572,12667,12344,12405,12464,13238,13308,13373,13774,13832,13347,13397,13446,13490,13320,13335,13831
"2204","293070","293070 SIMOES FILHO",112328,114649,116667,118047,119760,121416,129964,131630,133202,134674,136050,132906,134377,135783,137117,127093,114559,120394
"2205","293075","293075 SITIO DO MATO",14340,13064,13187,12050,12107,12161,13188,13256,13320,13381,13437,12965,13012,13059,13104,13408,13408,13935
"2206","293076","293076 SITIO DO QUINTO",21255,14122,13812,12592,12256,11930,12317,12034,11767,11517,11283,10316,9986,9701,9431,14778,13786,14359
"2207","293077","293077 SOBRADINHO",21421,21978,22024,22000,22056,22109,23435,23511,23583,23650,23713,22806,23191,23233,23274,24799,25475,26959
"2208","293080","293080 SOUTO SOARES",11778,18992,19406,15899,15986,16069,17073,17239,17332,17419,17503,16905,16979,17050,17118,16904,17054,17674
"2209","293090","293090 TABOCAS DO BREJO VELHO",13760,12620,12612,11431,11432,11433,12990,13008,13025,13043,13057,12517,12518,12516,12515,11990,11979,12368
"2210","293100","293100 TANHACU",21507,20142,20138,20013,20007,20001,21246,21264,21282,21299,21315,20416,20403,20393,20383,21407,21006,21741
"2211","293105","293105 TANQUE NOVO",17447,16338,16465,16128,16228,16323,17493,17601,17702,17797,17884,17285,17366,17443,17518,18459,17158,17770
"2212","293110","293110 TANQUINHO",5069,7842,7873,8008,8022,8035,8510,8532,8553,8214,8232,7909,7918,7928,7936,7729,7717,7983
"2213","293120","293120 TAPEROA",14983,19081,19389,18748,18965,19174,20474,20886,21091,21282,21462,20889,21074,21253,21421,18016,18044,18571
"2214","293130","293130 TAPIRAMUTA",19912,17817,17877,16516,16475,16434,17345,17413,17398,17855,17845,17046,17010,16974,16939,15884,15818,16253
"2215","293135","293135 TEIXEIRA DE FREITAS",125987,123858,125433,138341,140710,143001,153385,155659,157804,159813,161690,158445,160487,162438,164290,147454,145216,153332
"2216","293140","293140 TEODORO SAMPAIO",8269,8490,8451,7895,7820,7746,8125,8067,8013,7984,7936,7493,7425,7359,7296,7220,7110,7301
"2217","293150","293150 TEOFILANDIA",19464,21382,21461,21482,21533,21581,22873,22944,23011,23319,23378,22479,22518,22555,22590,21811,21176,21827
"2218","293160","293160 TEOLANDIA",12684,12798,12811,14836,14941,14113,15016,15079,15178,15269,15357,14860,14943,15022,15097,15892,15332,15919
"2219","293170","293170 TERRA NOVA",13410,12620,12583,12803,12798,12793,13526,13537,13547,13527,13536,12965,13033,13025,13018,10802,10798,11035
"2220","293180","293180 TREMEDAL",20751,18706,18432,17029,16796,17750,18560,18367,18187,17854,17700,16608,16394,16189,15996,17497,16277,16691
"2221","293190","293190 TUCANO",54622,49972,49829,52418,52579,52734,55923,56131,55777,52381,52540,50568,50687,50798,50903,48062,48736,50959
"2222","293200","293200 UAUA",27395,25257,25159,24294,24152,24015,25274,25178,25087,25853,25773,24486,24240,24113,23991,24654,24665,25441
"2223","293210","293210 UBAIRA",20413,21368,21429,19750,19728,20714,21897,20770,20782,20793,20800,19914,19895,19877,19860,18605,18626,19162
"2224","293220","293220 UBAITABA",26229,20678,20332,20691,20449,20214,21183,20993,20813,20646,20489,19275,19056,18847,18647,17626,17596,17967
"2225","293230","293230 UBATA",18327,25952,26353,25004,25295,25575,27312,26787,27051,27297,27527,26795,27035,27263,27481,18161,16094,16097
"2226","293240","293240 UIBAI",13842,14160,14201,13625,13634,13642,14436,14460,14483,14454,14474,13884,13887,13891,13894,14844,13432,13880
"2227","293245","293245 UMBURANAS",16338,16834,17094,17000,17220,17432,18635,18851,19055,19343,19522,19034,19222,19402,19573,13511,13642,13888
"2228","293250","293250 UNA",37625,25287,24653,24110,23542,22992,22989,22535,22105,21706,21331,19484,19002,18544,18108,17998,18131,18403
"2229","293260","293260 URANDI",16161,16282,16296,16466,16480,16493,17239,17270,17301,17329,17356,16651,16658,16665,16672,15365,15355,15794
"2230","293270","293270 URUCUCA",11473,22984,23237,19837,19738,19642,22004,21924,21849,21778,21711,20630,20519,20413,20312,21365,21420,22130
"2231","293280","293280 UTINGA",16755,20132,20449,18173,18272,18367,19516,19490,19593,19688,19780,19098,19178,19256,19330,16285,16277,16691
"2232","293290","293290 VALENCA",86478,88542,89603,88673,89510,90319,96287,96507,97305,98053,98749,95858,96562,97233,97873,96226,85655,90028
"2233","293300","293300 VALENTE",20257,22489,22813,24560,24958,25342,27162,27545,27906,28426,28743,28130,28473,28800,29111,23683,24362,25126
"2234","293305","293305 VARZEA DA ROCA",13788,15040,15174,13786,13811,13834,14654,14693,14729,14632,14662,14087,14104,14121,14135,13043,13800,14279
"2235","293310","293310 VARZEA DO POCO",6416,8908,8992,8661,8711,8759,9309,9364,9416,9404,9449,9130,9170,9210,9247,8115,8101,8344
"2236","293315","293315 VARZEA NOVA",11619,14357,14364,13073,12991,12910,13581,13524,13470,13500,13454,12772,12697,12625,12556,13369,13377,13847
"2237","293317","293317 VARZEDO",8676,9386,9456,9109,9047,8987,9449,9405,9363,9409,9375,8895,8838,8785,8734,9913,9913,10296
"2238","293320","293320 VERA CRUZ",36206,36843,37539,37567,38168,38748,41524,42103,42650,43162,43640,42706,43223,43716,44185,40915,42529,44978
"2239","293325","293325 VEREDA",6211,7361,7341,6800,6740,6681,6781,6737,6696,6657,6620,6258,6205,6153,6105,7072,6003,6171
"2240","293330","293330 VITORIA DA CONQUISTA",294203,313898,318904,306866,310129,315884,336987,340199,343230,346069,348718,338885,341597,341128,343643,387524,370879,394024
"2241","293340","293340 WAGNER",9935,8830,8807,8983,8984,8985,9504,9720,9731,9743,9753,9347,9345,9344,9342,8861,9503,9847
"2242","293345","293345 WANDERLEY",13655,13300,13259,12485,12420,12356,13089,13047,13008,12971,12935,12299,12238,12180,12125,13071,12968,13436
"2243","293350","293350 WENCESLAU GUIMARAES",30116,24740,24802,22189,22047,21910,23046,22621,22530,22445,22365,21228,21101,20978,20862,26279,24474,25430
"2244","293360","293360 XIQUE-XIQUE",48402,47251,47464,45536,45599,45660,48100,48210,48316,48274,48365,46440,46483,46523,46562,46328,44757,46979
"2245","310010","310010 ABADIA DOS DOURADOS",6401,6777,6805,6704,6724,6743,6967,6992,7015,7037,7059,6972,6989,7006,7022,6235,6272,6365
"2246","310020","310020 ABAETE",23782,23193,23251,22690,22716,22740,23451,23494,23535,23574,23611,23223,23237,23250,23263,22492,22675,23161
"2247","310030","310030 ABRE CAMPO",13309,13204,13180,13311,13309,13306,13703,13711,13719,13726,13733,13465,13454,13444,13434,13882,13927,14312
"2248","310040","310040 ACAIACA",4152,4206,4247,3920,3923,3925,4045,4050,4056,4061,4065,3994,3994,3994,3995,3920,3909,3997
"2249","310050","310050 ACUCENA",11184,11425,11409,10276,10183,10093,10297,10216,10140,10066,9997,9575,9470,9368,9270,9229,8943,8995
"2250","310060","310060 AGUA BOA",19521,16764,16643,15195,14996,14803,15034,14856,14686,14524,14370,13600,13735,13523,13319,12390,12589,12545
"2251","310070","310070 AGUA COMPRIDA",2331,2159,2157,2025,2020,2015,2070,2067,2064,2061,2058,2005,1999,1992,1986,2085,2108,2165
"2252","310080","310080 AGUANIL",3866,4248,4326,4054,4092,4129,4293,4332,4370,4406,4440,4448,4486,4522,4557,4362,4357,4490
"2253","310090","310090 AGUAS FORMOSAS",18521,19189,19306,18479,18528,18575,19186,19248,19307,19363,19416,19166,19207,19247,19285,18430,18448,18841
"2254","310100","310100 AGUAS VERMELHAS",13248,13179,13300,12722,12787,12850,13306,13378,13447,13513,13576,13477,13539,13599,13656,14026,14037,14486
"2255","310110","310110 AIMORES",23975,24871,24825,24959,24948,24937,25675,25685,25694,25703,25711,25193,25167,25141,25116,24934,25269,26165
"2256","310120","310120 AIURUOCA",6345,6239,6204,6162,6139,6116,6274,6257,6240,6224,6209,6032,6003,5976,5949,6225,6233,6382
"2257","310130","310130 ALAGOA",2834,2917,2924,2709,2703,2696,2768,2764,2760,2756,2752,2683,2674,2665,2657,2646,2749,2816
"2258","310140","310140 ALBERTINA",3147,2966,2975,2913,2919,2924,3018,3025,3033,3040,3046,3003,3007,3011,3015,2941,2952,3023
"2259","310150","310150 ALEM PARAIBA",35894,34527,34591,34349,34406,34461,35559,35641,35720,35795,35866,35321,35362,35401,35438,30608,30717,31333
"2260","310160","310160 ALFENAS",79087,74505,75213,73774,74298,74804,77618,78176,78712,79222,79707,79481,79996,80494,80973,79175,78970,81950
"2261","310163","310163 ALFREDO VASCONCELOS",5333,6194,6299,6075,6150,6223,6490,6566,6639,6709,6775,6831,6907,6981,7052,6938,6931,7184
"2262","310170","310170 ALMENARA",36831,38269,38537,38775,39036,39287,40749,41028,41296,41552,41794,41642,41896,42143,42380,39915,40364,41894
"2263","310180","310180 ALPERCATA",7156,7231,7242,7172,7188,7204,7437,7458,7478,7497,7515,7411,7424,7436,7448,6403,6903,7029
"2264","310190","310190 ALPINOPOLIS",18933,18486,18615,18488,18600,18709,19391,19513,19630,19741,19846,19745,19853,19958,20059,17883,18300,18672
"2265","310200","310200 ALTEROSA",14138,13744,13800,13717,13774,13829,14306,14371,14434,14494,14551,14414,14466,14517,14566,13697,13915,14253
"2266","310205","310205 ALTO CAPARAO",5545,5257,5317,5297,5345,5392,5605,5655,5702,5748,5791,5799,5847,5894,5938,5796,5795,5982
"2267","310210","310210 ALTO RIO DOCE",13600,12889,12776,12159,12029,11903,12120,12006,11896,11792,11693,11146,11000,10859,10723,10894,10891,10994
"2268","310220","310220 ALVARENGA",4542,4611,4551,4444,4386,4329,4395,4343,4292,4245,4199,3973,3907,3844,3783,3858,3975,4012
"2269","310230","310230 ALVINOPOLIS",15816,15682,15664,15261,15236,15212,15642,15630,15619,15609,15599,15239,15203,15169,15135,15178,15059,15360
"2270","310240","310240 ALVORADA DE MINAS",3221,3585,3582,3546,3548,3549,3657,3661,3666,3669,3673,3606,3606,3605,3605,4065,4159,4322
"2271","310250","310250 AMPARO DO SERRA",4833,5377,5361,5053,5021,4910,5023,4997,4971,4947,4924,4751,4713,4678,4643,4472,4541,4595
"2272","310260","310260 ANDRADAS",36874,36320,36630,37270,37601,37920,39416,39761,40092,40407,40706,40747,41077,41396,41704,40522,40553,42282
"2273","310270","310270 CACHOEIRA DE PAJEU",8306,9450,9535,8959,8993,9025,9333,9372,9410,9445,9479,9382,9412,9442,9470,9020,9110,9333
"2274","310280","310280 ANDRELANDIA",12150,12374,12366,12173,12163,12153,12507,12507,12507,12507,12507,12242,12224,12206,12189,11730,11927,12169
"2275","310285","310285 ANGELANDIA",9753,8475,8571,8003,8045,8084,8371,8416,8460,8502,8541,8481,8520,8557,8594,7730,7718,7860
"2276","310290","310290 ANTONIO CARLOS",11775,11563,11607,11114,11133,11151,11507,11534,11560,11584,11608,11432,11445,11459,11471,11095,11095,11345
"2277","310300","310300 ANTONIO DIAS",10281,9647,9599,9565,9529,9493,9738,9711,9685,9660,9637,9363,9318,9275,9233,9248,9219,9388
"2278","310310","310310 ANTONIO PRADO DE MINAS",1402,2046,2066,1671,1662,1653,1692,1685,1677,1670,1664,1609,1598,1587,1577,1537,1538,1558
"2279","310320","310320 ARACAI",2280,2491,2521,2243,2251,2258,2335,2344,2352,2361,2368,2341,2347,2354,2360,2174,2181,2224
"2280","310330","310330 ARACITABA",1824,1905,1894,2058,2056,2054,2113,2112,2112,2112,2111,2066,2063,2059,2056,1804,2049,2095
"2281","310340","310340 ARACUAI",37316,37262,37379,36013,36037,36059,37169,37220,37270,37317,37361,36705,36708,36712,36715,34807,34297,35250
"2282","310350","310350 ARAGUARI",111069,110334,111100,109801,110402,110983,114970,115632,116267,116871,117445,116691,117267,117825,118361,121424,117808,122874
"2283","310360","310360 ARANTINA",3139,2575,2536,2823,2817,2811,2888,2884,2880,2877,2873,2804,2795,2787,2779,2916,2915,2991
"2284","310370","310370 ARAPONGA",7949,8296,8327,8152,8171,8188,8454,8478,8501,8523,8544,8425,8439,8453,8467,8048,8048,8218
"2285","310375","310375 ARAPORA",6112,6414,6529,6144,6209,6271,6527,6593,6657,6717,6774,6804,6869,6931,6992,8543,8479,8935
"2286","310380","310380 ARAPUA",2431,2777,2781,2775,2778,2780,2866,2870,2875,2879,2883,2833,2834,2835,2836,2621,2631,2674
"2287","310390","310390 ARAUJOS",6831,7560,7689,7883,8011,8135,8517,8645,8768,8885,8996,9142,9273,9401,9523,9192,9199,9556
"2288","310400","310400 ARAXA",86725,91703,92931,93672,94799,95888,99986,101136,102238,103287,104283,105083,106229,107337,108403,116561,111691,117677
"2289","310410","310410 ARCEBURGO",8700,8239,8253,9509,9623,9732,10146,10262,10373,10478,10578,10657,10772,10883,10990,9278,9177,9348
"2290","310420","310420 ARCOS",37167,36133,36456,36597,36898,37188,38630,38946,39249,39537,39811,39793,40092,40380,40658,41635,41416,43348
"2291","310430","310430 AREADO",13424,13723,13860,13731,13847,13958,14503,14624,14740,14851,14956,14955,15070,15181,15288,13752,13881,14212
"2292","310440","310440 ARGIRITA",3244,3065,3058,2901,2881,2860,2924,2907,2890,2874,2859,2751,2727,2704,2681,2717,2688,2725
"2293","310445","310445 ARICANDUVA",4568,5062,5142,4770,4810,4848,5036,5078,5118,5156,5192,5191,5231,5269,5305,4721,4719,4820
"2294","310450","310450 ARINOS",18207,18126,18145,17674,17672,17669,18198,18210,18221,18232,18243,17888,17875,17862,17850,18526,17272,17598
"2295","310460","310460 ASTOLFO DUTRA",12134,12998,13104,13049,13145,13237,13738,13840,13937,14030,14118,14085,14179,14270,14358,14239,14138,14565
"2296","310470","310470 ATALEIA",15782,15322,15165,14455,14280,14109,14344,14188,14039,13897,13762,13064,12868,12678,12496,13744,13736,13967
"2297","310480","310480 AUGUSTO DE LIMA",4671,4655,4587,4960,4945,4930,5062,5051,5041,5032,5023,4888,4869,4851,4833,4507,4538,4593
"2298","310490","310490 BAEPENDI",18275,18646,18741,18307,18368,18426,19045,19117,19186,19252,19315,19094,19148,19199,19249,18261,18366,18768
"2299","310500","310500 BALDIM",7967,8549,8580,7913,7895,7877,8093,8082,8071,8061,8051,7851,7826,7803,7780,7336,7492,7614
"2300","310510","310510 BAMBUI",22653,22554,22615,22734,22814,22891,23665,23759,23850,23936,24018,23757,23829,23898,23964,23545,23546,24144
"2301","310520","310520 BANDEIRA",4903,5507,5519,4987,4962,4938,5059,5039,5019,5001,4984,4825,4795,4766,4738,4606,4741,4821
"2302","310530","310530 BANDEIRA DO SUL",5576,5294,5327,5338,5372,5405,5603,5639,5674,5708,5739,5713,5746,5778,5808,5968,5943,6146
"2303","310540","310540 BARAO DE COCAIS",26026,27660,28075,28442,28830,29205,30501,30893,31270,31628,31968,32319,32485,32866,33232,30643,30778,32095
"2304","310550","310550 BARAO DE MONTE ALTO",6243,5755,5695,5720,5681,5643,5770,5738,5706,5676,5648,5443,5397,5354,5311,4965,4964,4991
"2305","310560","310560 BARBACENA",126184,127328,128572,126284,127218,128120,132980,133972,134924,135829,136689,136392,137313,138204,139061,122894,125317,129630
"2306","310570","310570 BARRA LONGA",6407,7102,7054,6143,6035,5930,5991,5893,5799,5710,5624,5250,5131,5015,4905,5678,5666,5740
"2307","310590","310590 BARROSO",19508,20093,20246,19599,19695,19787,20484,20590,20693,20790,20882,20720,20810,20897,20981,19802,20080,20566
"2308","310600","310600 BELA VISTA DE MINAS",10066,10296,10337,10004,10017,10028,10342,10362,10381,10399,10416,10248,10255,10262,10269,9505,10167,10412
"2309","310610","310610 BELMIRO BRAGA",2968,3114,3065,3403,3402,3400,3499,3500,3501,3502,3503,3433,3429,3425,3422,2905,3244,3299
"2310","310620","310620 BELO HORIZONTE",2424292,2434642,2452612,2375151,2385640,2395785,2479165,2491109,2502557,2513451,2523794,2501576,2512070,2521564,2530701,2392678,2315560,2416339
"2311","310630","310630 BELO ORIENTE",21893,22289,22550,23397,23695,23984,25026,25329,25619,25895,26158,26396,26700,26994,27277,22149,23928,24503
"2312","310640","310640 BELO VALE",7753,7472,7479,7536,7545,7553,7789,7803,7816,7829,7841,7710,7715,7719,7723,8632,8627,8946
"2313","310650","310650 BERILO",12762,13659,13723,12300,12248,12198,12508,12469,12431,12394,12360,11995,11932,11872,11813,9615,9826,9769
"2314","310660","310660 BERTOPOLIS",4114,4752,4778,4498,4503,4508,4648,4656,4664,4671,4678,4602,4604,4607,4609,4457,4451,4546
"2315","310665","310665 BERIZAL",4450,4595,4668,4370,4401,4431,4597,4630,4661,4691,4720,4705,4735,4764,4792,4191,4201,4277
"2316","310670","310670 BETIM",422158,429507,441749,378089,383571,388873,406474,412003,417307,422354,427146,432575,439340,444784,450024,428956,411846,429236
"2317","310680","310680 BIAS FORTES",4004,3932,3870,3793,3748,3703,3765,3724,3685,3648,3613,3430,3379,3329,3282,3357,3361,3388
"2318","310690","310690 BICAS",14112,14180,14302,13653,13720,13783,14268,14342,14413,14481,14545,14431,14494,14554,14612,13935,13978,14331
"2319","310700","310700 BIQUINHAS",2622,2642,2611,2630,2616,2602,2664,2652,2640,2630,2619,2532,2515,2498,2482,2356,2383,2409
"2320","310710","310710 BOA ESPERANCA",40524,39082,39252,38516,38627,38734,40018,40155,40287,40412,40530,40031,40127,40219,40308,41060,39848,41332
"2321","310720","310720 BOCAINA DE MINAS",5028,5198,5218,5007,5009,5011,5163,5169,5174,5180,5185,5091,5090,5089,5088,5316,5348,5508
"2322","310730","310730 BOCAIUVA",45731,46306,46623,46654,46950,47236,48974,49293,49600,49891,50168,49942,49979,50256,50521,50185,48032,49668
"2323","310740","310740 BOM DESPACHO",43868,43898,44267,45624,46061,46482,48350,48802,49236,49650,50042,50166,50605,51028,51436,53750,51737,53995
"2324","310750","310750 BOM JARDIM DE MINAS",6992,6661,6654,6501,6491,6480,6663,6658,6653,6648,6644,6489,6474,6459,6444,6771,6783,6968
"2325","310760","310760 BOM JESUS DA PENHA",4027,3941,3987,3887,3915,3942,4091,4121,4150,4177,4203,4190,4217,4244,4270,4479,4474,4642
"2326","310770","310770 BOM JESUS DO AMPARO",4709,5663,5753,5491,5543,5593,5817,5871,5923,5972,6018,6031,6083,6133,6182,5592,5631,5775
"2327","310780","310780 BOM JESUS DO GALHO",15030,15541,15461,15364,15302,15242,15633,15587,15542,15500,15459,15010,14935,14862,14792,14668,14536,14756
"2328","310790","310790 BOM REPOUSO",11896,10806,10829,10457,10453,10449,10759,10763,10767,10771,10775,10558,10547,10537,10527,12645,12649,13183
"2329","310800","310800 BOM SUCESSO",17567,17750,17807,17243,17257,17271,17805,17832,17858,17883,17907,17598,17603,17607,17612,18045,17151,17510
"2330","310810","310810 BONFIM",6593,6904,6906,6818,6815,6811,7012,7014,7016,7018,7020,6876,6868,6860,6852,7377,7434,7672
"2331","310820","310820 BONFINOPOLIS DE MINAS",5978,5927,5862,5865,5821,5778,5904,5867,5831,5797,5764,5544,5493,5444,5397,5729,5528,5615
"2332","310825","310825 BONITO DE MINAS",8189,9187,9315,9673,9812,9947,10395,10535,10669,10797,10951,11088,11230,11369,11502,9917,10204,10491
"2333","310830","310830 BORDA DA MATA",16604,15420,15508,17118,17324,17523,18271,18481,18682,18873,19055,19202,19412,19614,19809,17581,17404,17811
"2334","310840","310840 BOTELHOS",15832,15284,15285,14920,14907,14893,15326,15325,15324,15323,15322,14995,14971,14949,14927,14703,14828,15137
"2335","310850","310850 BOTUMIRIM",6501,6582,6555,6497,6472,6447,6612,6593,6574,6557,6540,6350,6319,6288,6259,5760,5790,5841
"2336","310855","310855 BRASILANDIA DE MINAS",12267,13406,13601,14226,14438,14642,15310,15522,15727,15921,16105,16321,16538,16748,16950,14696,15020,15432
"2337","310860","310860 BRASILIA DE MINAS",30769,32262,32441,31213,31286,31356,32378,32473,32564,32650,32732,32288,32347,32405,32460,31246,32025,33188
"2338","310870","310870 BRAS PIRES",4494,4665,4617,4637,4601,4567,4664,4634,4604,4577,4550,4374,4333,4293,4255,4258,4260,4314
"2339","310880","310880 BRAUNAS",4470,5344,5330,5030,5001,4973,5091,5068,5045,5024,5003,4835,4801,4769,4737,4443,4441,4475
"2340","310890","310890 BRAZOPOLIS",16407,14807,14759,14661,14623,14585,14982,14957,14934,14911,14889,14508,14459,14410,14364,13981,14246,14506
"2341","310900","310900 BRUMADINHO",32830,33693,34388,33973,34538,35085,36748,37314,37857,38373,38863,39520,40103,40666,41208,38640,38915,40777
"2342","310910","310910 BUENO BRANDAO",11048,11195,11207,10892,10889,10886,11211,11217,11223,11228,11233,11010,11001,10991,10982,10761,10911,11161
"2343","310920","310920 BUENOPOLIS",10741,9704,9633,10292,10287,10281,10583,10586,10589,10592,10594,10377,10365,10353,10342,9058,9150,9229
"2344","310925","310925 BUGRE",3655,4085,4096,3992,3996,3999,4122,4128,4134,4140,4146,4074,3982,3983,3984,4041,4041,4149
"2345","310930","310930 BURITIS",22079,22290,22473,22737,22917,23091,23979,24169,24351,24524,24689,24663,24841,25013,25179,25223,24030,24693
"2346","310940","310940 BURITIZEIRO",27118,26981,27067,26922,27001,27076,27974,28071,28163,28251,28335,27988,28056,28121,28184,23687,23910,24068
"2347","310945","310945 CABECEIRA GRANDE",6606,6542,6603,6453,6494,6534,6774,6818,6861,6901,6940,6909,6949,6988,7025,6485,6627,6797
"2348","310950","310950 CABO VERDE",15003,14024,14045,13823,13831,13838,14262,14280,14298,14314,14330,14075,14075,14075,14074,11276,11410,11396
"2349","310960","310960 CACHOEIRA DA PRATA",3900,3924,3951,3654,3645,3635,3734,3727,3721,3716,3710,3616,3603,3591,3580,3707,3693,3781
"2350","310970","310970 CACHOEIRA DE MINAS",11607,11194,11249,11034,11071,11107,11481,11525,11567,11607,11646,11514,11547,11579,11609,11759,11883,12248
"2351","310980","310980 CACHOEIRA DOURADA",2314,2570,2592,2505,2521,2536,2628,2645,2661,2676,2691,2677,2692,2706,2720,2310,2315,2346
"2352","310990","310990 CAETANOPOLIS",9564,9911,10041,10218,10345,10467,10918,11046,11170,11287,11399,11495,11624,11749,11869,11425,11435,11832
"2353","311000","311000 CAETE",38894,40634,41042,40750,41092,41423,43036,43395,43739,44066,44377,44377,44718,45047,45364,39578,38776,39850
"2354","311010","311010 CAIANA",4183,4702,4734,4968,5015,5059,5260,5308,5354,5398,5440,5450,5496,5541,5584,5307,5304,5463
"2355","311020","311020 CAJURI",4595,4117,4103,4047,4037,4026,4135,4128,4121,4114,4108,4002,3987,3974,3961,4080,4088,4186
"2356","311030","311030 CALDAS",13100,14491,14656,13633,13700,13764,14250,14325,14396,14464,14529,14417,14480,14541,14600,15082,14217,14588
"2357","311040","311040 CAMACHO",3300,3260,3231,3154,3125,3097,3158,3133,3109,3086,3064,2934,2901,2869,2839,3028,2838,2867
"2358","311050","311050 CAMANDUCAIA",23608,20212,20157,21080,21122,21162,21844,21901,21955,22007,22057,21738,21770,21801,21831,27942,26097,27551
"2359","311060","311060 CAMBUI",27017,26070,26359,26488,26759,27020,28123,28402,28669,28924,29165,29278,29551,29814,30068,29584,29536,30870
"2360","311070","311070 CAMBUQUIRA",13410,12909,12932,12602,12607,12612,12997,13012,13026,13040,13053,12816,12814,12812,12810,12309,12313,12560
"2361","311080","311080 CAMPANARIO",3609,3728,3776,3564,3576,3586,3706,3720,3733,3745,3757,3711,3721,3730,3739,2737,2923,2917
"2362","311090","311090 CAMPANHA",15656,15790,15965,15433,15536,15635,16215,16325,16431,16532,16627,16565,16665,16762,16855,15856,15935,16334
"2363","311100","311100 CAMPESTRE",23198,20843,20854,20686,20697,20707,21340,21367,21392,21417,21440,21056,21055,21054,21052,21585,20696,21143
"2364","311110","311110 CAMPINA VERDE",18272,19207,19203,19324,19342,19358,19959,19991,20022,20052,20079,19738,19745,19752,19759,17817,18011,18250
"2365","311115","311115 CAMPO AZUL",3790,3982,4029,3684,3693,3701,3821,3832,3843,3853,3863,3810,3817,3824,3830,3615,3714,3802
"2366","311120","311120 CAMPO BELO",53152,53280,53642,51544,51725,51900,53656,53870,54076,54272,54458,53866,54029,54186,54338,52318,52277,53943
"2367","311130","311130 CAMPO DO MEIO",11902,11840,11869,11476,11480,11483,11831,11844,11856,11867,11878,11658,11655,11651,11648,11268,11377,11624
"2368","311140","311140 CAMPO FLORIDO",6019,6945,7099,6870,6989,7103,7444,7562,7675,7783,7886,8029,8151,8269,8383,8181,8466,8838
"2369","311150","311150 CAMPOS ALTOS",14267,13646,13729,14206,14313,14416,14964,15078,15186,15289,15387,15356,15461,15563,15661,13359,12979,13136
"2370","311160","311160 CAMPOS GERAIS",28750,27853,27963,27600,27682,27760,28683,28783,28879,28970,29057,28703,28774,28842,28908,25972,26105,26809
"2371","311170","311170 CANAA",4258,4798,4791,4628,4616,4604,4729,4721,4713,4706,4699,4579,4563,4548,4533,4715,4715,4832
"2372","311180","311180 CANAPOLIS",6078,11760,11870,11365,11422,11476,11882,11945,12005,12062,12117,12025,12150,12201,12251,9844,10608,10755
"2373","311190","311190 CANA VERDE",5712,5897,5925,5589,5584,5578,5739,5738,5737,5736,5735,5612,5603,5594,5585,5272,5272,5356
"2374","311200","311200 CANDEIAS",15185,16125,16280,14595,14606,14616,15066,15088,15108,15128,15147,14883,14886,14888,14890,14017,14001,14236
"2375","311205","311205 CANTAGALO",4071,4108,4132,4195,4223,4249,4406,4436,4464,4491,4517,4498,4525,4551,4575,3937,3974,4039
"2376","311210","311210 CAPARAO",5624,4996,4995,5209,5226,5241,5416,5435,5454,5472,5489,5424,5438,5451,5464,4978,5048,5144
"2377","311220","311220 CAPELA NOVA",4817,4693,4671,4755,4739,4724,4848,4836,4825,4815,4805,4673,4653,4634,4616,4369,4362,4416
"2378","311230","311230 CAPELINHA",36056,34345,34637,34803,35090,35368,36740,37041,37330,37606,37867,37856,37784,38057,38321,39472,39626,41536
"2379","311240","311240 CAPETINGA",7534,7341,7333,7089,7064,7039,7222,7203,7185,7168,7152,6952,6920,6890,6860,6473,6562,6652
"2380","311250","311250 CAPIM BRANCO",9221,9155,9275,8881,8957,9030,9382,9461,9537,9609,9678,9679,9754,9826,9896,10706,10663,11105
"2381","311260","311260 CAPINOPOLIS",13841,15903,16040,15290,15359,15424,15961,16038,16112,16183,16250,16109,16173,16234,16294,14392,14655,14899
"2382","311265","311265 CAPITAO ANDRADE",4157,5018,5086,4925,4973,5019,5221,5270,5317,5362,5405,5420,5468,5514,5559,4483,4585,4650
"2383","311270","311270 CAPITAO ENEAS",14292,14682,14833,14206,14290,14372,14894,14986,15074,15157,15237,15153,15234,15313,15388,14633,14108,14401
"2384","311280","311280 CAPITOLIO",8520,7858,7866,8183,8218,8251,8535,8574,8612,8648,8682,8601,8632,8663,8693,9794,10380,10863
"2385","311290","311290 CAPUTIRA",9697,9135,9155,9030,9046,9060,9349,9371,9392,9412,9431,9287,9298,9308,9318,8976,8936,9128
"2386","311300","311300 CARAI",20301,22278,22390,22343,22448,22549,23340,23458,23571,23679,23781,23586,23685,23780,23872,19251,19548,19654
"2387","311310","311310 CARANAIBA",3494,3549,3548,3288,3274,3260,3341,3330,3319,3309,3299,3200,3183,3166,3150,2937,2933,2960
"2388","311320","311320 CARANDAI",22947,23097,23288,23346,23522,23692,24594,24864,25044,25214,25376,25327,25501,25669,25831,23826,23812,24368
"2389","311330","311330 CARANGOLA",32687,33091,33180,32296,32325,32353,33358,33412,33463,33513,33559,32988,33000,33011,33022,30778,31240,32165
"2390","311340","311340 CARATINGA",83363,84825,85469,85239,85811,86364,89578,90192,90782,91342,91841,91503,92062,92603,93124,88311,87360,90687
"2391","311350","311350 CARBONITA",9624,10623,10786,9148,9162,9176,9467,9487,9507,9526,9544,9396,9405,9414,9423,8480,8512,8633
"2392","311360","311360 CAREACU",6072,6247,6286,6298,6336,6372,6604,6645,6684,6721,6757,6721,6757,6792,6826,6739,6816,7029
"2393","311370","311370 CARLOS CHAGAS",20892,21302,21207,20069,19922,19779,20214,20090,19971,19857,19750,19007,18837,18674,18516,18531,18615,18852
"2394","311380","311380 CARMESIA",2248,2671,2711,2446,2462,2477,2567,2584,2600,2615,2629,2617,2632,2646,2660,2614,2605,2682
"2395","311390","311390 CARMO DA CACHOEIRA",12729,12028,12069,11836,11855,11872,12249,12276,12302,12326,12350,12158,12170,12182,12193,11537,11547,11776
"2396","311400","311400 CARMO DA MATA",10549,11358,11445,10927,10968,11007,11382,11429,11475,11518,11559,11439,11476,11511,11546,10940,11019,11279
"2397","311410","311410 CARMO DE MINAS",13614,14236,14396,13750,13843,13932,14451,14550,14645,14736,14822,14769,14859,14947,15031,13286,13797,14114
"2398","311420","311420 CARMO DO CAJURU",19494,19779,20041,20012,20232,20444,21294,21519,21735,21941,22136,22257,22478,22693,22900,23374,23479,24376
"2399","311430","311430 CARMO DO PARANAIBA",31249,31843,32061,29735,29757,29777,30695,30739,30782,30823,30861,30324,30329,30334,30339,28883,29011,29899
"2400","311440","311440 CARMO DO RIO CLARO",21655,20055,20072,20426,20480,20531,21206,21273,21338,21400,21458,21180,21225,21268,21310,20725,20954,21464
"2401","311450","311450 CARMOPOLIS DE MINAS",14963,16425,16624,17048,17256,17456,18205,18416,18619,18812,18995,19144,19355,19559,19756,17596,18003,18498
"2402","311455","311455 CARNEIRINHO",8155,9129,9145,9471,9515,9556,9890,9939,9985,10030,10072,9986,10027,10066,10103,9401,9422,9630
"2403","311460","311460 CARRANCAS",3337,4158,4182,3948,3953,3958,4081,4089,4096,4103,4110,4044,4047,4049,4052,4049,4049,4153
"2404","311470","311470 CARVALHOPOLIS",3523,3355,3380,3341,3361,3380,3502,3523,3544,3563,3581,3560,3579,3597,3614,3333,3341,3417
"2405","311480","311480 CARVALHOS",4780,4739,4746,4556,4543,4530,4651,4642,4633,4625,4617,4495,4478,4461,4445,4374,4422,4507
"2406","311490","311490 CASA GRANDE",2411,2143,2131,2244,2243,2241,2307,2308,2308,2309,2309,2260,2257,2254,2251,2210,2214,2260
"2407","311500","311500 CASCALHO RICO",2616,2911,2938,2857,2876,2893,2999,3018,3037,3055,3071,3057,3075,3092,3108,2705,2712,2757
"2408","311510","311510 CASSIA",18521,17572,17588,17412,17423,17433,17967,17991,18014,18036,18057,17739,17740,17740,17741,16923,17155,17495
"2409","311520","311520 CONCEICAO DA BARRA DE MINAS",4118,4075,4087,3954,3949,3944,4057,4055,4053,4052,4050,3962,3954,3946,3939,3588,3560,3596
"2410","311530","311530 CATAGUASES",68950,69955,70506,69757,70201,70630,73232,73712,74171,74609,75025,74691,75123,75540,75942,68214,66261,67872
"2411","311535","311535 CATAS ALTAS",4602,4747,4796,4846,4893,4938,5136,5184,5230,5274,5316,5330,5376,5421,5465,5486,5473,5668
"2412","311540","311540 CATAS ALTAS DA NORUEGA",3199,3550,3577,3462,3476,3489,3608,3623,3638,3652,3666,3629,3641,3653,3665,2918,3110,3141
"2413","311545","311545 CATUJI",7582,6704,6634,6708,6661,6614,6761,6721,6683,6646,6612,6366,6311,6257,6206,7035,7030,7226
"2414","311547","311547 CATUTI",4966,5465,5470,5102,5084,5067,5200,5187,5174,5163,5151,5008,4986,4965,4944,4730,4739,4805
"2415","311550","311550 CAXAMBU",24372,21514,21432,21705,21673,21641,22257,22244,22231,22219,22208,21703,21656,21610,21566,21011,21056,21436
"2416","311560","311560 CEDRO DO ABAETE",1201,1228,1206,1210,1204,1199,1227,1222,1218,1213,1209,1171,1164,1157,1150,1072,1081,1091
"2417","311570","311570 CENTRAL DE MINAS",6639,6801,6835,6772,6790,6806,7029,7051,7072,7092,7112,7017,7032,7046,7059,6149,6171,6243
"2418","311580","311580 CENTRALINA",7216,10536,10555,10266,10269,10271,10583,10593,10604,10613,10622,10425,10350,10346,10343,10207,10207,10440
"2419","311590","311590 CHACARA",1618,2728,2763,2792,2825,2856,2977,3010,3042,3072,3101,3121,3154,3186,3216,3092,3075,3177
"2420","311600","311600 CHALE",5784,5609,5597,5645,5644,5643,5811,5814,5817,5820,5823,5709,5704,5699,5695,6079,6075,6261
"2421","311610","311610 CHAPADA DO NORTE",14740,15963,16018,15189,15187,15184,15638,15648,15657,15666,15675,15368,15356,15345,15334,9913,10337,10024
"2422","311615","311615 CHAPADA GAUCHA",9723,10995,11371,10805,11077,11339,11972,12239,12495,12739,12971,13397,13680,13953,14217,12237,12355,12810
"2423","311620","311620 CHIADOR",3020,2975,2972,2785,2772,2759,2827,2817,2807,2798,2789,2702,2687,2671,2657,2800,2800,2865
"2424","311630","311630 CIPOTANEA",6439,6770,6809,6547,6563,6578,6793,6813,6832,6850,6868,6774,6787,6799,6811,5623,5581,5599
"2425","311640","311640 CLARAVAL",4946,4437,4451,4542,4566,4588,4751,4776,4801,4824,4847,4810,4843,4853,4873,4658,4658,4777
"2426","311650","311650 CLARO DOS POCOES",8152,8377,8385,7775,7743,7712,7909,7885,7862,7840,7819,7590,7551,7514,7478,7011,7166,7259
"2427","311660","311660 CLAUDIO",25967,25640,25935,25771,26021,26262,27321,27579,27827,28063,28287,28366,28617,28859,29093,31388,30159,31665
"2428","311670","311670 COIMBRA",7410,7151,7214,7054,7095,7135,7392,7437,7480,7520,7559,7517,7556,7594,7631,7078,7117,7285
"2429","311680","311680 COLUNA",8536,9559,9569,9024,8998,8972,9213,9195,9178,9162,9146,8907,8873,8841,8810,8072,8163,8251
"2430","311690","311690 COMENDADOR GOMES",2734,3217,3253,2972,2982,2992,3093,3105,3116,3127,3138,3103,3111,3120,3128,2708,2773,2813
"2431","311700","311700 COMERCINHO",10165,8790,8639,8298,8152,8011,8094,7962,7835,7714,7599,7090,6929,6774,6624,6681,6660,6627
"2432","311710","311710 CONCEICAO DA APARECIDA",9560,10649,10772,9820,9855,9888,10222,10263,10302,10339,10374,10261,10292,10322,10351,10408,10371,10668
"2433","311720","311720 CONCEICAO DAS PEDRAS",2895,2813,2813,2749,2752,2755,2840,2845,2849,2854,2858,2811,2812,2813,2814,2752,2772,2837
"2434","311730","311730 CONCEICAO DAS ALAGOAS",19788,21510,21940,23043,23495,23932,25139,25588,26018,26428,26818,27425,27893,28346,28782,26423,28381,29949
"2435","311740","311740 CONCEICAO DE IPANEMA",3708,4536,4546,4456,4463,4468,4609,4618,4627,4636,4644,4570,4574,4578,4581,4366,4409,4503
"2436","311750","311750 CONCEICAO DO MATO DENTRO",18566,18558,18531,17908,17853,17798,18273,18235,18198,18160,18126,17641,17842,17503,17438,23345,23163,24254
"2437","311760","311760 CONCEICAO DO PARA",5557,4863,4867,5158,5187,5214,5400,5430,5460,5488,5515,5480,5507,5533,5558,5303,5415,5567
"2438","311770","311770 CONCEICAO DO RIO VERDE",13797,13164,13246,12949,13001,13052,13499,13559,13617,13672,13724,13590,13638,13684,13729,12495,12541,12780
"2439","311780","311780 CONCEICAO DOS OUROS",9982,10697,10868,10388,10500,10609,11048,11151,11262,11367,11467,11525,11638,11748,11852,10774,10880,11183
"2440","311783","311783 CONEGO MARINHO",6361,6449,6440,7101,7149,7196,7464,7515,7564,7611,7624,7595,7642,7686,7730,7246,7237,7420
"2441","311787","311787 CONFINS",5940,5966,6073,5936,6008,6077,6336,6409,6478,6545,6608,6657,6730,6800,6867,7428,7350,7676
"2442","311790","311790 CONGONHAL",10119,10127,10267,10468,10602,10732,11198,11334,11464,11588,11706,11813,11950,12082,12209,10969,11083,11403
"2443","311800","311800 CONGONHAS",46268,48066,48723,48519,49077,49616,51709,52280,52827,53348,53843,54196,54762,55309,55836,55562,52890,54986
"2444","311810","311810 CONGONHAS DO NORTE",5201,5299,5341,4943,4947,4950,5103,5111,5118,5128,5134,5044,5045,5046,5047,4830,4831,4927
"2445","311820","311820 CONQUISTA",5298,6851,6924,6526,6559,6591,6824,6860,6895,6928,6960,6908,6939,6969,6997,6679,6694,6864
"2446","311830","311830 CONSELHEIRO LAFAIETE",114560,113576,114577,116512,117562,118578,123275,124370,125421,126420,127369,127539,128589,129606,130584,134537,131621,137980
"2447","311840","311840 CONSELHEIRO PENA",20298,22482,22540,22242,22281,22319,23032,23088,23141,23192,23240,22892,22921,22949,22975,19998,20824,21113
"2448","311850","311850 CONSOLACAO",1691,1747,1761,1727,1730,1732,1785,1801,1804,1807,1810,1782,1783,1784,1786,1552,1563,1578
"2449","311860","311860 CONTAGEM",613251,617749,625390,603442,608715,613815,637961,643476,648766,653800,658580,659070,663855,668949,673849,615621,621863,649975
"2450","311870","311870 COQUEIRAL",9948,9743,9755,9289,9265,9241,9492,9476,9461,9446,9432,9191,9159,9128,9099,9002,9023,9197
"2451","311880","311880 CORACAO DE JESUS",26253,27003,27111,26033,26057,26079,26889,26933,26974,27014,27052,26592,26602,26611,26620,24951,25377,26151
"2452","311890","311890 CORDISBURGO",8572,9385,9463,8667,8679,8689,8963,8981,8998,9014,9029,8883,8890,8897,8903,7548,7547,7592
"2453","311900","311900 CORDISLANDIA",3646,3710,3756,3435,3441,3447,3556,3565,3573,3580,3587,3534,3538,3542,3546,3208,3200,3247
"2454","311910","311910 CORINTO",24079,23206,23060,23914,23866,23819,24484,24457,24432,24407,24384,23797,23731,23668,23607,22992,23532,23996
"2455","311920","311920 COROACI",10806,11109,11132,10270,10230,10190,10453,10422,10393,10365,10339,10040,9991,9943,9897,10870,10884,11200
"2456","311930","311930 COROMANDEL",29577,28240,28293,27547,27555,27562,28398,28428,28456,28483,28508,27982,27974,27966,27958,29233,28894,30013
"2457","311940","311940 CORONEL FABRICIANO",105970,104415,105042,103694,104174,104637,108302,108843,109363,109857,110326,109405,109855,110290,110709,96621,104736,108551
"2458","311950","311950 CORONEL MURTA",9084,9404,9418,9117,9116,9115,9387,9394,9400,9405,9411,9228,9222,9215,9209,8128,8200,8283
"2459","311960","311960 CORONEL PACHECO",2597,2473,2424,2983,2990,2996,3093,3101,3110,3117,3125,3080,3086,3090,3095,2702,2762,2799
"2460","311970","311970 CORONEL XAVIER CHAVES",3361,3295,3310,3301,3310,3319,3429,3440,3451,3461,3471,3426,3434,3441,3448,3474,3486,3586
"2461","311980","311980 CORREGO DANTA",3090,3496,3476,3391,3370,3349,3426,3408,3391,3374,3359,3241,3215,3191,3168,3304,2960,2978
"2462","311990","311990 CORREGO DO BOM JESUS",3742,3827,3835,3730,3723,3716,3819,3815,3811,3807,3804,3714,3704,3694,3685,4263,4272,4429
"2463","311995","311995 CORREGO FUNDO",5653,5873,5937,5790,5837,5883,6110,6159,6207,6252,6295,6290,6337,6382,6425,6105,6133,6310
"2464","312000","312000 CORREGO NOVO",3432,3188,3151,3127,3088,3050,3100,3065,3032,3000,2970,2814,2771,2728,2688,2876,2875,2912
"2465","312010","312010 COUTO DE MAGALHAES DE MINAS",4005,4512,4563,4204,4220,4234,4377,4395,4412,4428,4444,4396,4410,4423,4436,4217,4245,4346
"2466","312015","312015 CRISOLITA",5462,5885,5942,6047,6105,6161,6408,6467,6525,6579,6631,6646,6704,6760,6814,4979,5265,5296
"2467","312020","312020 CRISTAIS",10094,11115,11270,11286,11422,11553,12046,12185,12317,12444,12564,12660,12798,12931,13060,12184,12197,12576
"2468","312030","312030 CRISTALIA",6083,5930,5973,5760,5774,5787,5976,5993,6010,6026,6042,5960,5971,5982,5992,4977,5121,5165
"2469","312040","312040 CRISTIANO OTONI",5489,5031,5038,5007,5015,5023,5182,5193,5204,5215,5225,5145,5150,5156,5161,4671,4667,4735
"2470","312050","312050 CRISTINA",10630,11381,11481,10210,10201,10191,10486,10485,10484,10483,10482,10258,10242,10226,10211,10379,10374,10627
"2471","312060","312060 CRUCILANDIA",4387,4752,4785,4757,4779,4800,4966,4991,5014,5036,5057,5014,5034,5054,5072,5779,5434,5633
"2472","312070","312070 CRUZEIRO DA FORTALEZA",4287,3884,3894,3934,3951,3967,4103,4122,4140,4158,4174,4134,3626,3639,3651,3492,3521,3610
"2473","312080","312080 CRUZILIA",15544,15236,15371,14591,14655,14716,15227,15299,15369,15435,15497,15358,15417,15474,15529,15223,15362,15779
"2474","312083","312083 CUPARAQUE",4311,4547,4558,4680,4705,4728,4895,4922,4947,4972,4995,4960,4982,5005,5026,3963,3983,3994
"2475","312087","312087 CURRAL DE DENTRO",6920,7251,7370,6913,6986,7055,7345,7420,7491,7559,7623,7656,7729,7799,7867,7406,7406,7630
"2476","312090","312090 CURVELO",74740,74409,75066,74219,74734,75014,77824,78373,78900,79401,79878,79625,80129,80616,81085,82335,80665,83862
"2477","312100","312100 DATAS",5327,5639,5699,5211,5225,5237,5409,5425,5441,5457,5471,5399,5410,5421,5431,5459,5465,5618
"2478","312110","312110 DELFIM MOREIRA",8174,8052,8035,7971,7967,7962,8197,8199,8201,8203,8205,8035,8025,8016,8007,7820,7952,8130
"2479","312120","312120 DELFINOPOLIS",6472,6924,6951,6830,6850,6869,7096,7120,7143,7165,7186,7098,7114,7131,7146,8343,8393,8760
"2480","312125","312125 DELTA",5566,7016,7209,8089,8322,8546,9053,9280,9499,9707,9904,10291,10533,10768,10994,9852,10494,11003
"2481","312130","312130 DESCOBERTO",4916,5075,5140,4768,4787,4804,4968,4989,5010,5029,5047,4996,5013,5029,5044,4917,4928,5058
"2482","312140","312140 DESTERRO DE ENTRE RIOS",6794,7145,7175,7002,7017,7032,7259,7279,7298,7317,7334,7232,7243,7255,7266,7633,7653,7900
"2483","312150","312150 DESTERRO DO MELO",2946,3296,3302,3015,3000,2986,3060,3048,3036,3026,3015,2919,2901,2884,2867,2997,2994,3059
"2484","312160","312160 DIAMANTINA",44222,46212,46374,45880,46005,46125,47647,47803,47952,48095,48230,47617,47723,47825,47924,47798,47702,49353
"2485","312170","312170 DIOGO DE VASCONCELOS",3815,4060,4067,3848,3839,3830,3935,3929,3923,3918,3913,3814,3802,3790,3779,3548,3549,3596
"2486","312180","312180 DIONISIO",10229,10560,10583,8739,8628,8520,8657,8558,8463,8373,8287,7852,7729,7609,7493,7010,6847,6789
"2487","312190","312190 DIVINESIA",3337,3391,3404,3293,3302,3309,3417,3427,3437,3446,3455,3411,3417,3424,3430,4190,4226,4426
"2488","312200","312200 DIVINO",20151,19959,20118,19133,19188,19241,19879,19947,20012,20074,20133,19884,19931,19976,20020,20705,20706,21329
"2489","312210","312210 DIVINO DAS LARANJEIRAS",4693,5084,5092,4937,4935,4933,5078,5080,5082,5084,5086,4984,4979,4974,4969,4128,4178,4186
"2490","312220","312220 DIVINOLANDIA DE MINAS",6989,6973,7029,7024,7070,7114,7376,7425,7472,7517,7559,7527,7571,7614,7655,6457,6516,6607
"2491","312230","312230 DIVINOPOLIS",211611,213277,216100,213016,215247,217404,226345,228643,230848,232945,234937,235977,238230,240408,242505,248581,231091,242328
"2492","312235","312235 DIVISA ALEGRE",5458,6108,6226,5884,5967,6046,6315,6398,6478,6553,6625,6702,6786,6868,6946,6321,6321,6513
"2493","312240","312240 DIVISA NOVA",6068,5806,5823,5763,5781,5797,5990,6011,6031,6050,6068,5996,6011,6025,6039,5791,5851,5993
"2494","312245","312245 DIVISOPOLIS",6996,8285,8462,8974,9166,9351,9838,10027,10209,10382,10547,10820,11019,11211,11396,10206,10213,10585
"2495","312247","312247 DOM BOSCO",3830,3862,3839,3814,3796,3778,3872,3857,3844,3830,3818,3699,3677,3655,3635,3698,3697,3767
"2496","312250","312250 DOM CAVATI",4881,5784,5811,5209,5189,5170,5303,5288,5274,5260,5247,5097,5072,5048,5025,4904,4904,4981
"2497","312260","312260 DOM JOAQUIM",4476,4649,4640,4535,4523,4511,4632,4624,4616,4609,4602,4482,4195,4451,4436,4920,4899,5051
"2498","312270","312270 DOM SILVERIO",4506,5457,5482,5196,5194,5192,5344,5346,5348,5349,5351,5243,5237,5232,5227,4991,5228,5350
"2499","312280","312280 DOM VICOSO",3169,3112,3101,2994,2991,2988,3074,3074,3073,3073,3072,3007,3001,2997,2992,3095,3095,3176
"2500","312290","312290 DONA EUSEBIA",5848,5771,5818,6001,6051,6098,6334,6386,6435,6483,6527,6523,6572,6619,6664,6122,6093,6241
"2501","312300","312300 DORES DE CAMPOS",9284,9692,9822,9299,9372,9443,9805,9882,9956,10026,10093,10081,10153,10223,10291,9956,10007,10313
"2502","312310","312310 DORES DE GUANHAES",5371,5721,5749,5223,5211,5200,5343,5335,5328,5322,5316,5185,5169,5154,5139,4984,5029,5121
"2503","312320","312320 DORES DO INDAIA",14816,14380,14370,13778,13732,13686,14048,14014,13983,13952,13923,13541,13483,13427,13373,12534,12630,12786
"2504","312330","312330 DORES DO TURVO",4582,4684,4675,4462,4437,4412,4516,4495,4474,4455,4437,4289,4259,4230,4202,4988,4987,5159
"2505","312340","312340 DORESOPOLIS",1430,1558,1574,1440,1447,1454,1504,1512,1519,1526,1533,1521,1527,1533,1539,1378,1461,1496
"2506","312350","312350 DOURADOQUARA",1961,1912,1931,1841,1846,1850,1909,1915,1920,1925,1930,1905,1908,1912,1915,1779,1829,1869
"2507","312352","312352 DURANDE",7981,7139,7140,7423,7456,7487,7747,7783,7818,7852,7884,7811,7841,7870,7898,7832,7817,8038
"2508","312360","312360 ELOI MENDES",24136,25218,25532,25220,25472,25715,26759,27019,27268,27505,27730,27823,28076,28320,28556,26283,26336,27343
"2509","312370","312370 ENGENHEIRO CALDAS",9806,10772,10911,10280,10352,10421,10812,10888,10962,11032,11098,11064,11134,11202,11268,13629,13622,14308
"2510","312380","312380 ENGENHEIRO NAVARRO",6686,7299,7317,7122,7125,7128,7345,7353,7362,7369,7377,7244,7242,7241,7240,6318,6354,6411
"2511","312385","312385 ENTRE FOLHAS",5239,5068,5073,5175,5185,5194,5360,5373,5385,5397,5443,5362,5370,5377,5383,4862,5179,5293
"2512","312390","312390 ENTRE RIOS DE MINAS",13842,14426,14537,14242,14329,14413,14940,15034,15124,15210,15292,15214,15298,15380,15458,14952,14746,15120
"2513","312400","312400 ERVALIA",18266,18699,18858,17946,18018,18087,18707,18789,18868,18944,19015,18829,18895,18958,19019,20028,20255,20951
"2514","312410","312410 ESMERALDAS",66477,58307,59416,60271,61283,62262,65224,66237,67208,68133,69010,70200,70552,71551,72512,102608,85598,91573
"2515","312420","312420 ESPERA FELIZ",21369,21529,21616,22856,23035,23208,24098,24287,24469,24641,24805,24773,24951,25122,25287,24081,24102,24761
"2516","312430","312430 ESPINOSA",31294,32349,32457,31113,31124,31134,32081,32117,32151,32183,32214,31624,31617,31610,31603,29650,30443,31385
"2517","312440","312440 ESPIRITO SANTO DO DOURADO",4272,4445,4481,4429,4450,4470,4625,4648,4670,4692,4712,4673,4692,4710,4728,5832,6611,7007
"2518","312450","312450 ESTIVA",10949,11337,11425,10845,10882,10918,11285,11329,11371,11411,11449,11321,11354,11386,11416,11520,11502,11836
"2519","312460","312460 ESTRELA DALVA",2730,2551,2535,2470,2455,2440,2496,2483,2471,2459,2448,2361,2343,2325,2308,2142,2186,2204
"2520","312470","312470 ESTRELA DO INDAIA",3267,3772,3788,3516,3510,3504,3602,3599,3596,3593,3590,3508,3500,3491,3483,2764,2772,2750
"2521","312480","312480 ESTRELA DO SUL",6592,7394,7435,7446,7490,7532,7804,7851,7897,7940,7981,7936,7978,8018,8057,6717,6840,6926
"2522","312490","312490 EUGENOPOLIS",9715,10684,10773,10540,10600,10657,11042,11107,11169,11229,11285,11218,11275,11330,11383,10805,10801,11075
"2523","312500","312500 EWBANK DA CAMARA",3876,3673,3686,3753,3765,3775,3901,3914,3927,3940,3952,3904,3913,3923,3932,3863,3875,3977
"2524","312510","312510 EXTREMA",23393,26436,27156,28599,29319,30016,31693,32402,33082,33729,34344,35474,36225,36951,37649,53520,53482,57913
"2525","312520","312520 FAMA",2547,2270,2252,2350,2350,2350,2419,2421,2423,2424,2426,2379,2377,2376,2374,2542,2578,2662
"2526","312530","312530 FARIA LEMOS",4038,3725,3730,3376,3359,3342,3423,3409,3396,3383,3371,3262,3241,3221,3202,3209,3188,3239
"2527","312540","312540 FELICIO DOS SANTOS",5672,5857,5873,5142,5097,5054,5157,5118,5081,5046,5012,4804,4753,4704,4656,5126,5133,5248
"2528","312550","312550 SAO GONCALO DO RIO PRETO",2925,3243,3275,3056,3064,3071,3170,3180,3189,3197,3205,3161,3167,3173,3178,3035,3032,3098
"2529","312560","312560 FELISBURGO",6447,6957,7021,6877,6926,6974,7236,7288,7338,7386,7431,7409,7457,7504,7548,6424,6489,6592
"2530","312570","312570 FELIXLANDIA",13513,14158,14287,14121,14224,14323,14864,14973,15078,15178,15273,15235,15336,15433,15528,14084,13978,14279
"2531","312580","312580 FERNANDES TOURINHO",1956,2701,2716,3030,3066,3101,3232,3269,3304,3337,3369,3394,3431,3466,3500,2653,2789,2825
"2532","312590","312590 FERROS",10796,11615,11534,10837,10723,10612,10807,10707,10611,10519,10432,9949,9820,9696,9576,9210,9590,9666
"2533","312595","312595 FERVEDOURO",10219,10662,10755,10349,10402,10452,10822,10880,10936,10989,11039,10957,11006,11054,11100,10452,10445,10693
"2534","312600","312600 FLORESTAL",6151,6152,6203,6600,6674,6744,7026,7137,7209,7278,7343,7386,7461,7533,7602,8201,8045,8386
"2535","312610","312610 FORMIGA",67819,66834,67177,65128,65299,65464,67617,67833,68040,68236,68423,67540,67683,67822,67956,68099,68248,70668
"2536","312620","312620 FORMOSO",5949,6831,6858,8177,8305,8427,8817,8945,9067,9184,9294,9431,9562,9688,9810,7801,7949,8103
"2537","312630","312630 FORTALEZA DE MINAS",3707,3968,3992,4098,4125,4150,4302,4330,4357,4382,4407,4387,4412,4437,4460,3479,3477,3485
"2538","312640","312640 FORTUNA DE MINAS",2568,2533,2527,2705,2726,2746,2850,2872,2893,2913,2932,2927,2947,2967,2986,3102,3093,3207
"2539","312650","312650 FRANCISCO BADARO",10376,10585,10606,10248,10244,10239,10542,10546,10550,10553,10557,10343,10332,10321,10311,8795,7366,7208
"2540","312660","312660 FRANCISCO DUMONT",5185,4945,4990,4863,4892,4920,5098,5130,5160,5188,5215,5187,5215,5242,5268,4472,4503,4564
"2541","312670","312670 FRANCISCO SA",22349,25788,25994,24912,25016,25116,25983,26102,26217,26325,26428,26181,26277,26369,26459,21504,23476,23819
"2542","312675","312675 FRANCISCOPOLIS",5926,5737,5663,5800,5752,5706,5825,5784,5745,5708,5672,5446,5391,5338,5287,5040,5034,5062
"2543","312680","312680 FREI GASPAR",5100,6591,6657,5879,5872,5865,6033,6031,6028,6026,6024,5891,5880,5869,5858,5617,5640,5741
"2544","312690","312690 FREI INOCENCIO",8968,9246,9342,8920,8978,9033,9366,9428,9487,9543,9597,9555,9611,9664,9716,8190,8226,8334
"2545","312695","312695 FREI LAGONEGRO",2933,3468,3492,3329,3340,3350,3462,3475,3487,3498,3510,3469,3478,3487,3496,3391,3391,3475
"2546","312700","312700 FRONTEIRA",9978,15096,15705,14041,14427,14799,15658,16036,16399,16744,17072,17701,18103,18492,18866,13668,14540,14909
"2547","312705","312705 FRONTEIRA DOS VALES",4741,4977,4976,4687,4671,4655,4777,4765,4754,4743,4733,4601,4581,4561,4542,4336,4345,4405
"2548","312707","312707 FRUTA DE LEITE",6351,6464,6429,5940,5876,5814,5919,5863,5809,5758,5709,5441,5369,5299,5232,4594,4647,4607
"2549","312710","312710 FRUTAL",50944,54094,54819,53468,53998,54511,56720,57269,57795,58295,58770,58962,59496,60012,60508,63663,58588,60942
"2550","312720","312720 FUNILANDIA",3846,3801,3856,3855,3900,3942,4108,4153,4196,4237,4277,4304,4349,4392,4434,4699,4686,4886
"2551","312730","312730 GALILEIA",6632,7539,7563,6951,6929,6908,7092,7076,7061,7047,7034,6844,6817,6790,6764,6168,6222,6281
"2552","312733","312733 GAMELEIRAS",5323,5384,5400,5139,5130,5121,5264,5259,5255,5250,5246,5122,5109,5096,5084,4782,4793,4863
"2553","312735","312735 GLAUCILANDIA",2928,3046,3065,2962,2977,2992,3097,3114,3130,3145,3160,3136,3150,3164,3177,2637,2928,2991
"2554","312737","312737 GOIABEIRA",2716,3193,3250,3053,3079,3105,3226,3253,3279,3304,3328,3328,3353,3378,3402,2816,2830,2869
"2555","312738","312738 GOIANA",3513,3800,3849,3659,3685,3710,3849,3876,3903,3928,3952,3940,3966,3990,4014,4064,4053,4190
"2556","312740","312740 GONCALVES",4330,4423,4453,4220,4228,4235,4370,4381,4391,4401,4410,4345,4350,4355,4360,4649,4727,4891
"2557","312750","312750 GONZAGA",5323,5783,5782,5921,5937,5953,6148,6168,6188,6206,6223,6145,6158,6171,6184,5189,5230,5271
"2558","312760","312760 GOUVEIA",11885,11915,11932,11681,11681,11680,12030,12039,12048,12056,12064,11833,11825,11818,11811,11398,11331,11549
"2559","312770","312770 GOVERNADOR VALADARES",261263,261981,263278,263689,264960,266190,275568,276995,278363,279665,280901,278685,279885,281046,282164,262499,257171,266649
"2560","312780","312780 GRAO MOGOL",15842,15100,15174,15024,15086,15145,15667,15737,15805,15870,15931,15779,15836,15890,15943,13094,13901,14091
"2561","312790","312790 GRUPIARA",1479,1461,1479,1373,1373,1373,1414,1415,1416,1417,1418,1389,1388,1387,1386,1392,1392,1426
"2562","312800","312800 GUANHAES",30086,30401,30645,31262,31526,31781,33020,33297,33562,33815,34054,34057,34319,34573,34818,31702,32244,33434
"2563","312810","312810 GUAPE",15112,13500,13477,13872,13892,13911,14349,14379,14407,14435,14460,14233,14245,14258,14269,13781,13772,14073
"2564","312820","312820 GUARACIABA",10020,10776,10819,10223,10221,10218,10521,10527,10532,10537,10542,10333,10324,10315,10307,10487,9753,9921
"2565","312825","312825 GUARACIAMA",4903,4708,4728,4718,4738,4756,4919,4941,4962,4982,5001,4954,4972,4989,5005,5010,5051,5203
"2566","312830","312830 GUARANESIA",20650,18649,18637,18714,18721,18727,19298,19319,19340,19360,19378,19025,19021,19017,19014,19209,19150,19611
"2567","312840","312840 GUARANI",8925,9915,10048,8678,8691,8702,8977,8996,9014,9031,9047,8903,8911,8918,8926,7487,7714,7780
"2568","312850","312850 GUARARA",4462,4123,4112,3929,3911,3894,3991,3977,3963,3951,3938,3818,3796,3775,3755,3070,3149,3132
"2569","312860","312860 GUARDA-MOR",7286,6772,6782,6565,6559,6552,6741,6739,6738,6737,6736,6591,6580,6569,6558,6539,6539,6684
"2570","312870","312870 GUAXUPE",53350,49509,49724,49430,49614,49792,51488,51704,51911,52108,52294,51750,51917,52078,52234,51015,50911,52621
"2571","312880","312880 GUIDOVAL",7758,7526,7535,7206,7185,7164,7356,7341,7327,7313,7300,7105,7078,7051,7026,7163,7131,7284
"2572","312890","312890 GUIMARANIA",6941,7240,7324,7265,7333,7399,7693,7764,7831,7895,7956,7971,8039,8105,8168,8600,8478,8808
"2573","312900","312900 GUIRICEMA",8370,9137,9112,8707,8665,8624,8838,8805,8773,8743,8714,8442,8392,8343,8296,7708,7778,7850
"2574","312910","312910 GURINHATA",6237,6294,6233,6137,6080,6025,6144,6094,6047,6002,5959,5704,5639,5577,5516,5140,5192,5203
"2575","312920","312920 HELIODORA",5996,6241,6288,6121,6157,6192,6416,6455,6492,6528,6561,6524,6558,6591,6623,6325,6134,6274
"2576","312930","312930 IAPU",9486,11344,11500,10315,10361,10406,10768,10820,10870,10917,10962,10867,11004,11045,11085,12012,12030,12486
"2577","312940","312940 IBERTIOGA",5393,5204,5209,5036,5029,5021,5163,5159,5156,5153,5150,5033,5021,5010,4999,5204,5198,5334
"2578","312950","312950 IBIA",23362,22899,23068,23218,23385,23547,24435,24613,24784,24946,25100,25035,25199,25358,25511,24271,22229,22596
"2579","312960","312960 IBIAI",7382,7852,7911,7839,7885,7928,8215,8264,8312,8357,8400,8351,8395,8437,8478,6314,6286,6254
"2580","312965","312965 IBIRACATU",7117,5996,5933,6155,6126,6098,6250,6228,6206,6185,6165,5975,5400,5369,5340,5409,5081,5139
"2581","312970","312970 IBIRACI",11677,11476,11599,12176,12326,12470,13006,13158,13305,13444,13575,13687,13828,13986,14128,10780,10948,11057
"2582","312980","312980 IBIRITE",179743,155290,157441,158954,160943,162867,169908,171932,173873,175721,177475,179015,180204,182153,184030,181943,170537,178713
"2583","312990","312990 IBITIURA DE MINAS",3825,3499,3516,3382,3389,3395,3503,3512,3520,3528,3536,3483,3488,3492,3497,3368,3365,3439
"2584","313000","313000 IBITURUNA",2915,2923,2945,2866,2875,2883,2979,2990,3000,3009,3018,2982,2989,2996,3003,2464,2698,2740
"2585","313005","313005 ICARAI DE MINAS",9279,10792,10934,10746,10856,10963,11411,11524,11633,11736,11835,11879,11990,12097,12200,10682,10677,10912
"2586","313010","313010 IGARAPE",32532,32967,33768,34851,35620,36363,38285,39045,39774,40468,41127,42246,43045,43817,44561,44920,45847,48475
"2587","313020","313020 IGARATINGA",8514,8894,9042,9264,9411,9553,9997,10144,10286,10420,10547,10709,10860,11005,11146,11095,10830,11252
"2588","313030","313030 IGUATAMA",8191,7784,7734,8029,8011,7993,8213,8202,8192,8182,8172,7971,7947,7923,7901,6749,6826,6845
"2589","313040","313040 IJACI",5560,5950,6032,5859,5921,5980,6225,6288,6348,6406,6460,6488,6550,6610,6667,6263,7003,7291
"2590","313050","313050 ILICINEA",12029,11717,11831,11488,11562,11633,12061,12141,12217,12289,12358,12303,12375,12444,12511,12741,12741,13171
"2591","313055","313055 IMBE DE MINAS",7019,6578,6650,6424,6464,6502,6739,6782,6823,6862,6899,6865,6903,6940,6976,6992,6986,7208
"2592","313060","313060 INCONFIDENTES",6697,7585,7694,6908,6941,6973,7217,7254,7290,7324,7356,7297,7328,7358,7387,7274,7301,7510
"2593","313065","313065 INDAIABIRA",7977,7724,7753,7330,7323,7316,7528,7527,7526,7525,7524,7363,7351,7339,7328,6346,6346,6379
"2594","313070","313070 INDIANOPOLIS",5833,6556,6668,6190,6252,6312,6568,6632,6693,6751,6806,6829,6891,6951,7009,6104,6171,6309
"2595","313080","313080 INGAI",2576,2574,2596,2629,2640,2650,2740,2752,2764,2775,2785,2757,2767,2776,2785,2476,2580,2633
"2596","313090","313090 INHAPIM",24369,24967,24953,24294,24248,24204,24882,24858,24835,24813,24792,24204,24140,24079,24020,22327,22692,23000
"2597","313100","313100 INHAUMA",5557,5535,5568,5760,5804,5846,6068,6114,6158,6200,6240,6228,6271,6312,6352,6213,6239,6435
"2598","313110","313110 INIMUTABA",6189,6663,6714,6724,6771,7034,7297,7349,7397,7445,7489,7467,7515,7560,7605,7434,7371,7587
"2599","313115","313115 IPABA",16847,15351,15421,16708,16876,17037,17729,17902,18068,18225,18375,18438,18607,18769,18926,16552,17136,17554
"2600","313120","313120 IPANEMA",17062,17778,17909,18170,18315,18455,19165,19318,19464,19603,19736,19717,19861,20000,20133,19209,19522,20095
"2601","313130","313130 IPATINGA",240085,241720,244509,239468,241539,243541,253098,255266,257345,259324,261203,261344,263410,265409,267333,211094,227731,235445
"2602","313140","313140 IPIACU",3945,4345,4374,4107,4114,4120,4250,4260,4269,4277,4285,4217,4221,4225,4229,3715,3775,3823
"2603","313150","313150 IPUIUNA",9981,9501,9550,9521,9565,9607,9942,9991,10038,10082,10125,10039,10079,10118,10156,9104,9135,9299
"2604","313160","313160 IRAI DE MINAS",7113,6545,6606,6467,6511,6553,6795,6842,6886,6929,6969,6944,6987,7027,7067,7868,7180,7423
"2605","313170","313170 ITABIRA",109140,109380,110414,109783,110663,111514,115817,116745,117634,118481,119285,119186,120060,120904,121717,110335,113343,117747
"2606","313180","313180 ITABIRINHA",9468,10734,10823,10692,10760,10826,11224,11297,11367,11434,11498,11446,11512,11576,11637,10112,10362,10560
"2607","313190","313190 ITABIRITO",42843,43314,43818,45449,46029,46589,48614,49203,49768,50305,50816,51281,51875,52446,52996,58544,53365,55877
"2608","313200","313200 ITACAMBIRA",2643,5238,5311,4988,5022,5053,5241,5276,5310,5343,5374,5353,5385,5417,5447,3880,4252,4265
"2609","313210","313210 ITACARAMBI",19420,18200,18259,17720,17741,17761,18316,18350,18383,18414,18443,18142,18153,18164,18175,16355,17208,17521
"2610","313220","313220 ITAGUARA",11839,12812,12955,12372,12455,12534,12999,13087,13172,13253,13329,13278,13358,13435,13510,14408,13846,14325
"2611","313230","313230 ITAIPE",12548,11958,12074,11798,11879,11957,12403,12489,12572,12651,12725,12681,12760,12836,12910,10302,10463,10549
"2612","313240","313240 ITAJUBA",91822,89730,90225,90658,91159,91643,94940,95491,96020,96523,97000,96389,96869,97334,97782,90776,93073,96632
"2613","313250","313250 ITAMARANDIBA",30056,33219,33583,32175,32388,32595,33804,34033,34253,34462,34661,34527,34735,34936,35130,32321,32948,34137
"2614","313260","313260 ITAMARATI DE MINAS",4088,4194,4227,4079,4102,4123,4270,4295,4318,4340,4362,4333,4355,4375,4395,3696,3690,3730
"2615","313270","313270 ITAMBACURI",23930,23338,23386,22809,22820,22831,23528,23557,23585,23612,23637,23212,23211,23209,23207,21080,21042,21296
"2616","313280","313280 ITAMBE DO MATO DENTRO",2438,2490,2489,2283,2261,2238,2281,2261,2242,2224,2207,2107,2081,2056,2032,2140,2142,2175
"2617","313290","313290 ITAMOGI",11969,11181,11216,10349,10321,10293,10572,10553,10535,10517,10501,10229,10192,10157,10122,10781,10770,11062
"2618","313300","313300 ITAMONTE",14049,14398,14600,14003,14142,14276,14855,14998,15136,15267,15391,15440,15579,15714,15844,14569,14786,15193
"2619","313310","313310 ITANHANDU",14313,15047,15255,14175,14272,14366,14902,15006,15105,15200,15290,15236,15331,15423,15511,15226,15236,15684
"2620","313320","313320 ITANHOMI",10816,12294,12360,11856,11878,11899,12280,12311,12340,12368,12394,12212,12228,12244,12259,11158,11128,11298
"2621","313330","313330 ITAOBIM",22056,21603,21619,21001,20981,20961,21569,21566,21564,21562,21559,21096,21062,21029,20997,19025,19151,19354
"2622","313340","313340 ITAPAGIPE",12366,14755,15041,13656,13797,13932,14501,14645,14784,14916,15041,15102,15243,15379,15511,14896,13690,14004
"2623","313350","313350 ITAPECERICA",20275,21220,21199,21377,21388,21399,22054,22082,22109,22134,22158,21763,21762,21761,21760,21534,21046,21462
"2624","313360","313360 ITAPEVA",8921,8013,8070,8664,8765,8861,9236,9338,9436,9529,9618,9682,9783,9881,9976,12305,12596,13332
"2625","313370","313370 ITATIAIUCU",9498,9292,9370,9928,10037,10142,10563,10674,10781,10882,10979,11037,11146,11252,11354,16257,12966,13603
"2626","313375","313375 ITAU DE MINAS",16025,15123,15256,14945,15042,15135,15694,15798,15897,15992,16082,16014,16108,16199,16286,14293,14406,14655
"2627","313380","313380 ITAUNA",85767,85070,85837,85463,86124,86762,90084,90783,91453,92091,92696,92561,93214,93847,94455,95967,97669,102500
"2628","313390","313390 ITAVERAVA",6429,5813,5748,5799,5754,5711,5833,5795,5758,5723,5690,5470,5419,5369,5321,5650,5642,5752
"2629","313400","313400 ITINGA",14076,15137,15246,14407,14447,14485,14963,15012,15059,15104,15147,14956,14990,15022,15053,12569,13745,13982
"2630","313410","313410 ITUETA",4947,6038,6078,5830,5845,5859,6051,6069,6087,6104,6120,6039,6051,6063,6074,5804,6055,6218
"2631","313420","313420 ITUIUTABA",92931,96122,96760,97171,97792,98392,102020,102690,103333,103945,104526,104067,104671,105255,105818,97409,102217,106397
"2632","313430","313430 ITUMIRIM",6615,6647,6655,6139,6120,6101,6263,6250,6237,6225,6213,6048,6023,6000,5978,6642,6638,6845
"2633","313440","313440 ITURAMA",32313,32845,33230,34456,34890,35308,36837,37277,37700,38102,38484,38822,39263,39690,40101,38172,38295,40011
"2634","313450","313450 ITUTINGA",3996,4166,4162,3913,3896,3879,3976,3963,3950,3938,3926,3809,3788,3768,3749,4218,4217,4347
"2635","313460","313460 JABOTICATUBAS",14224,16248,16514,17134,17411,17679,18508,18785,19052,19305,19545,19858,20143,20418,20683,19697,20406,21214
"2636","313470","313470 JACINTO",12016,12856,12928,12134,12138,12142,12511,12524,12537,12549,12561,12329,12326,12323,12320,10793,11042,11169
"2637","313480","313480 JACUI",8039,7429,7426,7502,7511,7520,7755,7770,7783,7797,7809,7681,7686,7691,7695,7515,7495,7663
"2638","313490","313490 JACUTINGA",20252,21215,21425,22772,23062,23341,24354,24648,24930,25199,25453,25684,25979,26264,26538,25538,25525,26705
"2639","313500","313500 JAGUARACU",2946,2860,2845,2990,3001,3011,3112,3124,3136,3147,3158,3124,3133,3142,3151,3106,3092,3173
"2640","313505","313505 JAIBA",35282,31758,32187,33587,34071,34539,36098,36586,37054,37516,37939,38413,38909,39388,39850,36945,37660,39379
"2641","313507","313507 JAMPRUCA",4721,5109,5141,5067,5094,5121,5303,5333,5361,5389,5414,5378,5404,5429,5453,4261,4296,4306
"2642","313510","313510 JANAUBA",71364,67941,68525,66803,67199,67581,70041,70472,70886,71279,71653,71265,71648,72018,72374,70001,70699,73281
"2643","313520","313520 JANUARIA",62357,67206,67518,65463,65606,65744,67875,68065,68247,68420,68584,67628,67742,67852,67958,65279,65150,67087
"2644","313530","313530 JAPARAIBA",3609,3832,3876,3939,3975,4010,4168,4206,4241,4275,4308,4314,4350,4384,4418,4509,4506,4672
"2645","313535","313535 JAPONVAR",9287,8504,8533,8298,8315,8331,8599,8622,8643,8664,8683,8556,8134,7982,7991,7861,8127,8357
"2646","313540","313540 JECEABA",5383,6047,6039,5395,5341,5288,5387,5340,5294,5250,5209,4973,4912,4852,4795,6344,6197,6428
"2647","313545","313545 JENIPAPO DE MINAS",6099,7178,7238,7116,7165,7211,7479,7531,7580,7627,7672,7645,7692,7738,7781,6000,6100,6124
"2648","313550","313550 JEQUERI",12418,13276,13227,12848,12786,12726,13041,12993,12946,12901,12859,12460,12386,12315,12246,12693,12419,12652
"2649","313560","313560 JEQUITAI",8245,8182,8110,8005,7948,7893,8069,8021,7975,7932,7890,7597,7531,7468,7407,6449,6484,6460
"2650","313570","313570 JEQUITIBA",5269,5706,5763,5156,5155,5154,5307,5310,5313,5316,5319,5215,5211,5207,5203,5900,5883,6098
"2651","313580","313580 JEQUITINHONHA",23046,24879,25059,24131,24226,24317,25150,25260,25365,25465,25560,25305,25391,25474,25555,22262,24007,24509
"2652","313590","313590 JESUANIA",5236,4972,4977,4768,4764,4760,4899,4899,4899,4899,4898,4795,4787,4780,4774,5138,5138,5296
"2653","313600","313600 JOAIMA",14703,15391,15462,14941,14971,15000,15483,15523,15562,15599,15634,15410,15432,15455,15476,12732,13888,14084
"2654","313610","313610 JOANESIA",6340,5669,5567,5425,5334,5246,5305,5222,5143,5067,4996,4674,4573,4476,4382,4333,4329,4304
"2655","313620","313620 JOAO MONLEVADE",72945,74576,75320,73610,74142,74655,77474,78040,78583,79100,79590,79387,79910,80416,80903,75838,80187,83360
"2656","313630","313630 JOAO PINHEIRO",43030,44834,45149,45260,45559,45848,47549,47870,48179,48472,48751,48561,47452,47726,47990,47702,46801,48532
"2657","313640","313640 JOAQUIM FELICIO",3387,4069,4079,4305,4339,4371,4538,4573,4607,4639,4669,4662,4695,4727,4757,3778,3854,3891
"2658","313650","313650 JORDANIA",10159,11209,11339,10324,10360,10394,10744,10786,10826,10865,10901,10780,10812,10842,10872,8866,10304,10536
"2659","313652","313652 JOSE GONCALVES DE MINAS",4852,4669,4662,4553,4543,4532,4656,4650,4643,4637,4631,4516,4501,4487,4474,3922,3969,3993
"2660","313655","313655 JOSE RAYDAN",3550,4344,4418,4376,4432,4487,4681,4738,4793,4845,4894,4938,4995,5050,5104,4267,4268,4352
"2661","313657","313657 JOSENOPOLIS",4813,4604,4640,4566,4591,4614,4778,4804,4830,4854,4877,4844,4867,4889,4911,3607,3630,3607
"2662","313660","313660 NOVA UNIAO",5907,5636,5654,5555,5565,5575,5752,5766,5779,5792,5804,5718,5725,5732,5739,5729,5909,6083
"2663","313665","313665 JUATUBA",22286,20567,20979,22202,22649,23080,24255,24662,25087,25490,25874,26484,26946,27392,27823,31409,30716,32726
"2664","313670","313670 JUIZ DE FORA",517027,520612,526709,516247,520811,525225,545942,550710,555284,559636,563769,564310,568873,573285,577532,557777,540756,565764
"2665","313680","313680 JURAMENTO",3988,4092,4110,4113,4130,4146,4288,4307,4325,4342,4358,4316,4331,4345,4359,3585,3768,3815
"2666","313690","313690 JURUAIA",8614,8597,8699,9238,9358,9474,9887,10008,10125,10235,10341,10441,10563,10681,10795,11000,11084,11543
"2667","313695","313695 JUVENILIA",6419,6276,6323,5708,5703,5697,5863,5862,5861,5861,5860,5733,5724,5715,5706,5793,5789,5929
"2668","313700","313700 LADAINHA",15171,17082,17195,16994,17084,17170,17782,17881,17976,18066,18152,18026,18111,18193,18272,13868,14383,14399
"2669","313710","313710 LAGAMAR",7356,7864,7870,7600,7592,7584,7802,7800,7799,7797,7795,7627,7613,7600,7588,7106,6631,6672
"2670","313720","313720 LAGOA DA PRATA",45514,46276,47010,45984,46539,47076,49089,49654,50197,50714,51204,51601,52165,52711,53236,52051,51412,53583
"2671","313730","313730 LAGOA DOS PATOS",4738,4586,4586,4225,4208,4191,4298,4285,4272,4260,4248,4124,4102,4082,4062,3293,3313,3285
"2672","313740","313740 LAGOA DOURADA",12653,12202,12274,12256,12316,12373,12808,12874,12938,12999,13056,12953,13009,13063,13115,12611,12769,13116
"2673","313750","313750 LAGOA FORMOSA",16587,17069,17132,17161,17228,17293,17885,17962,18037,18107,18175,17991,18052,18111,18168,19050,18904,19507
"2674","313753","313753 LAGOA GRANDE",8943,9074,9210,8631,8710,8786,9134,9216,9294,9369,9440,9454,9532,9608,9681,9096,8969,9210
"2675","313760","313760 LAGOA SANTA",47808,47287,48211,52520,53645,54732,57589,58702,59770,60787,61752,63359,64527,65657,66744,70678,75145,79981
"2676","313770","313770 LAJINHA",21485,17865,17680,19609,19616,19622,20219,20241,20262,20282,20301,19928,19923,19918,19914,20667,20835,21422
"2677","313780","313780 LAMBARI",20101,19167,19242,19554,19655,19752,20453,20564,20671,20773,20870,20719,20814,20907,20995,20449,20414,20950
"2678","313790","313790 LAMIM",3589,3651,3669,3452,3442,3432,3524,3517,3511,3504,3498,3404,3391,3379,3366,3184,3184,3226
"2679","313800","313800 LARANJAL",6270,6532,6567,6465,6492,6517,6740,6770,6799,6826,6852,6786,6810,6833,6856,5806,5963,6042
"2680","313810","313810 LASSANCE",6475,6647,6651,6484,6479,6474,6663,6663,6663,6663,6664,6522,6512,6503,6494,7089,7124,7358
"2681","313820","313820 LAVRAS",89728,91333,92552,92200,93231,94228,98172,99229,100243,101208,102124,102728,103773,104783,105756,98602,104761,109884
"2682","313830","313830 LEANDRO FERREIRA",3474,3011,2979,3205,3204,3202,3296,3297,3298,3299,3300,3233,3229,3226,3222,3121,3199,3270
"2683","313835","313835 LEME DO PRADO",4901,5111,5128,4804,4810,4815,4965,4974,4983,4991,4998,4915,4918,4920,4923,4312,4341,4387
"2684","313840","313840 LEOPOLDINA",53206,51452,51543,51130,51210,51286,52915,53032,53145,53252,53354,52532,52587,52640,52690,49020,51145,52696
"2685","313850","313850 LIBERDADE",5575,5438,5401,5346,5312,5279,5401,5373,5346,5320,5296,5109,5069,5031,4994,4713,4737,4775
"2686","313860","313860 LIMA DUARTE",16620,16434,16494,16149,16183,16216,16740,16786,16829,16871,16910,16671,16698,16724,16749,17248,17221,17712
"2687","313862","313862 LIMEIRA DO OESTE",5395,6739,6794,6890,6946,6999,7269,7327,7383,7436,7487,7481,7536,7589,7640,8582,8687,9087
"2688","313865","313865 LONTRA",8813,8274,8332,8397,8453,8506,8821,8881,8938,8992,9044,9008,9496,9714,9766,8778,8790,8968
"2689","313867","313867 LUISBURGO",7237,6470,6485,6234,6230,6225,6407,6407,6408,6408,6409,6275,6266,6258,6249,6961,6956,7195
"2690","313868","313868 LUISLANDIA",6871,6676,6727,6400,6422,6443,6660,6685,6710,6733,6756,6680,6699,6718,6735,6158,6210,6329
"2691","313870","313870 LUMINARIAS",5735,5528,5525,5422,5418,5413,5571,5571,5571,5571,5572,5454,5446,5438,5431,5586,5586,5731
"2692","313880","313880 LUZ",17173,17756,17833,17486,17537,17585,18168,18230,18290,18347,18400,18172,18215,18257,18297,17972,17875,18304
"2693","313890","313890 MACHACALIS",6955,7061,7068,6976,6981,6985,7200,7210,7219,7228,7237,7110,7111,7111,7112,6440,6487,6579
"2694","313900","313900 MACHADO",38422,39109,39510,38688,38981,39264,40760,41070,41368,41651,41920,41844,42133,42413,42682,36932,37684,38831
"2695","313910","313910 MADRE DE DEUS DE MINAS",5381,5136,5179,4904,4918,4930,5091,5108,5124,5139,5153,5087,5098,5109,5119,5191,5191,5341
"2696","313920","313920 MALACACHETA",19288,18296,18182,18776,18740,18705,19228,19209,19191,19173,19157,18700,18650,18602,18556,16905,17516,17751
"2697","313925","313925 MAMONAS",5411,6458,6490,6321,6336,6349,6554,6573,6591,6608,6624,6532,6543,6554,6565,5993,5997,6096
"2698","313930","313930 MANGA",24303,21413,21342,19813,19649,19489,19898,19757,19622,19494,19372,18594,18407,18226,18051,18882,18886,19188
"2699","313940","313940 MANHUACU",74475,77598,78605,79574,80530,81455,84934,85909,86844,87735,88580,89256,90229,91169,92074,88787,91886,96545
"2700","313950","313950 MANHUMIRIM",22354,20866,20932,21382,21487,21587,22348,22465,22577,22683,22784,22608,22707,22802,22894,19812,20613,20970
"2701","313960","313960 MANTENA",24838,27536,27582,27111,27130,27148,27983,28023,28061,28097,28132,27640,27644,27647,27651,26352,26535,27358
"2702","313970","313970 MARAVILHAS",6931,7137,7220,7163,7235,7304,7600,7674,7744,7812,7876,7904,7976,8046,8113,7300,7333,7518
"2703","313980","313980 MAR DE ESPANHA",11298,11566,11660,11749,11840,11928,12384,12480,12572,12660,12743,12725,12814,12901,12985,12400,12721,13119
"2704","313990","313990 MARIA DA FE",15435,14646,14640,14216,14186,14157,14551,14534,14518,14502,14488,14136,14095,14056,14019,14241,14247,14557
"2705","314000","314000 MARIANA",53965,53989,54682,54219,54796,55353,57639,58233,58802,59343,59857,60142,60724,61288,61830,64890,61387,64058
"2706","314010","314010 MARILAC",4428,4401,4399,4219,4204,4189,4297,4286,4275,4264,4254,4134,4115,4097,4079,4044,4224,4320
"2707","314015","314015 MARIO CAMPOS",14970,11899,12024,13192,13396,13594,14222,14427,14624,14811,14988,15207,15416,15619,15814,15969,15900,16546
"2708","314020","314020 MARIPA DE MINAS",2856,2947,2971,2788,2803,2818,2917,2934,2950,2965,2979,2959,2973,2987,3000,3383,3387,3532
"2709","314030","314030 MARLIERIA",4466,3819,3790,4012,4010,4008,4125,4126,4127,4128,4129,4044,4039,4034,4030,4577,4592,4761
"2710","314040","314040 MARMELOPOLIS",3591,3171,3151,2968,2944,2919,2979,2958,2938,2918,2900,2784,2755,2728,2701,3169,3200,3299
"2711","314050","314050 MARTINHO CAMPOS",11777,12593,12663,12611,12672,12731,13180,13248,13314,13376,13436,13330,13388,13443,13497,13979,14003,14461
"2712","314053","314053 MARTINS SOARES",6990,6625,6720,7173,7288,7398,7744,7858,7968,8073,8172,8299,8417,8531,8640,8267,8396,8725
"2713","314055","314055 MATA VERDE",8135,7742,7803,7874,7935,7994,8299,8363,8425,8483,8539,8526,8586,8644,8700,10096,9112,9458
"2714","314060","314060 MATERLANDIA",5042,4782,4778,4595,4576,4558,4673,4659,4645,4631,4619,4482,4459,4436,4415,3845,3963,3982
"2715","314070","314070 MATEUS LEME",29732,26631,26862,27856,28141,28417,29578,29873,30155,30423,30678,30798,31086,31364,31631,43996,37841,40239
"2716","314080","314080 MATIAS BARBOSA",13493,13738,13871,13435,13521,13603,14104,14196,14285,14369,14449,14385,14468,14548,14626,14019,14121,14501
"2717","314085","314085 MATIAS CARDOSO",6511,10819,11039,9979,10085,10188,10608,10717,10822,10905,10999,11050,11157,11260,11360,8879,8895,8975
"2718","314090","314090 MATIPO",17937,16963,17018,17639,17743,17843,18491,18604,18713,18816,18914,18808,18908,19005,19098,18506,18552,19054
"2719","314100","314100 MATO VERDE",12347,12989,12959,12684,12646,12609,12947,12921,12895,12871,12849,12508,12459,12412,12367,12045,12038,12238
"2720","314110","314110 MATOZINHOS",35740,34789,35229,33955,34295,34624,36031,36382,36719,37040,37344,37473,37820,38151,38469,36927,37618,39291
"2721","314120","314120 MATUTINA",3910,3797,3786,3761,3756,3750,3856,3853,3851,3849,3846,3758,3749,3741,3733,3807,3814,3907
"2722","314130","314130 MEDEIROS",3292,3367,3414,3444,3476,3506,3644,3676,3707,3737,3765,3771,3802,3832,3861,3965,3900,4040
"2723","314140","314140 MEDINA",21532,21181,21126,21026,20979,20934,21513,21485,21459,21433,21409,20882,20820,20759,20701,19199,20156,20492
"2724","314150","314150 MENDES PIMENTEL",5438,6652,6687,6331,6335,6338,6533,6541,6549,6557,6564,6446,6446,6446,6446,5535,5606,5651
"2725","314160","314160 MERCES",10051,10832,10898,10368,10392,10415,10753,10784,10813,10842,10868,10720,10739,10758,10775,9865,10373,10609
"2726","314170","314170 MESQUITA",6671,6659,6644,6069,6016,5963,6084,6038,5993,5951,5911,5666,5605,5546,5489,5043,5040,5038
"2727","314180","314180 MINAS NOVAS",31720,31557,31644,30794,30824,30852,31811,31864,31915,31963,32009,31471,31484,31497,31509,24117,24405,24191
"2728","314190","314190 MINDURI",3802,3684,3680,3840,3841,3841,3957,3960,3964,3967,3970,3896,3894,3893,3891,3690,3741,3815
"2729","314200","314200 MIRABELA",12994,13198,13250,13042,13080,13116,13552,13598,13643,13685,13726,13557,13589,13620,13651,13286,13651,14029
"2730","314210","314210 MIRADOURO",9389,10575,10649,10251,10288,10324,10674,10718,10759,10799,10837,10721,10754,10787,10818,8935,8968,9026
"2731","314220","314220 MIRAI",12419,13418,13508,13808,13911,14009,14540,14649,14753,14852,14946,14913,15014,15111,15205,13630,13633,13922
"2732","314225","314225 MIRAVANIA",4911,4927,4995,4549,4577,4604,4772,4803,4832,4859,4885,4861,4888,4914,4939,3984,3985,4011
"2733","314230","314230 MOEDA",4970,4652,4669,4689,4706,4723,4883,4903,4922,4940,4957,4904,4919,4934,4948,5186,5125,5291
"2734","314240","314240 MOEMA",7365,6998,7047,7028,7068,7106,7363,7406,7448,7487,7525,7479,7517,7554,7589,8302,7548,7778
"2735","314250","314250 MONJOLOS",2278,2338,2312,2360,2344,2327,2379,2365,2352,2339,2327,2240,2220,2202,2184,2154,2169,2196
"2736","314260","314260 MONSENHOR PAULO",8096,7591,7578,8161,8203,8244,8537,8583,8628,8671,8711,8648,8688,8727,8764,8336,8340,8550
"2737","314270","314270 MONTALVANIA",17107,16265,16133,15862,15745,15631,15974,15875,15779,15689,15603,15012,14877,14747,14621,14065,14060,14160
"2738","314280","314280 MONTE ALEGRE DE MINAS",18076,18969,19052,19619,19743,19863,20594,20728,20856,20979,21095,20999,21120,21236,21349,20004,20170,20666
"2739","314290","314290 MONTE AZUL",22666,22949,22838,21994,21853,21717,22218,22102,21990,21884,21783,21017,20854,20696,20544,20345,20328,20577
"2740","314300","314300 MONTE BELO",12602,12889,12850,13061,13055,13049,13435,13440,13444,13449,13453,13180,13166,13152,13139,13092,13046,13340
"2741","314310","314310 MONTE CARMELO",51727,45819,45971,45772,45916,46055,47595,47770,47937,48096,48248,47682,47809,47931,48049,47267,47692,49354
"2742","314315","314315 MONTE FORMOSO",4823,4897,4944,4656,4675,4693,4855,4877,4897,4917,4936,4889,4906,4923,4939,4381,4381,4449
"2743","314320","314320 MONTE SANTO DE MINAS",22843,20616,20534,21234,21236,21238,21878,21897,21915,21932,21949,21534,21524,21513,21504,20881,20890,21301
"2744","314330","314330 MONTES CLAROS",355341,358271,363226,361915,366135,370216,385898,390212,394350,398288,402027,404804,409341,413487,417478,436970,414240,434321
"2745","314340","314340 MONTE SIAO",18937,19970,20134,21203,21434,21658,22557,22794,23022,23238,23444,23569,23803,24029,24247,23715,24089,24933
"2746","314345","314345 MONTEZUMA",6648,7580,7677,7464,7533,7599,7901,7973,8041,8106,8168,8180,8249,8315,8379,6901,6888,6979
"2747","314350","314350 MORADA NOVA DE MINAS",8419,8650,8756,8255,8305,8353,8657,8712,8764,8813,8860,8815,8863,8910,8955,8988,9067,9364
"2748","314360","314360 MORRO DA GARCA",2881,2968,2978,2660,2637,2615,2669,2649,2630,2612,2595,2488,2462,2437,2413,2593,2411,2438
"2749","314370","314370 MORRO DO PILAR",3612,3547,3529,3399,3374,3349,3421,3399,3378,3358,3339,3211,3182,3153,3126,2977,3133,3174
"2750","314380","314380 MUNHOZ",7510,6446,6417,6257,6227,6197,6351,6327,6304,6282,6261,6065,6029,5994,5960,7618,7547,7857
"2751","314390","314390 MURIAE",101266,99006,99628,100765,101431,102074,105861,106576,107263,107916,108537,108113,108763,109392,109997,103649,104108,108161
"2752","314400","314400 MUTUM",26404,27105,27125,26661,26659,26657,27456,27475,27494,27512,27528,26997,26979,26961,26945,27634,27635,28670
"2753","314410","314410 MUZAMBINHO",22880,20458,20429,20430,20418,20406,21007,21012,21017,21021,21026,20594,20569,20545,20522,21935,21891,22527
"2754","314420","314420 NACIP RAYDAN",2373,3028,3019,3154,3157,3159,3256,3261,3266,3270,3274,3219,3220,3220,3221,2513,2459,2437
"2755","314430","314430 NANUQUE",40360,41389,41331,40834,40774,40716,41876,41852,41829,41808,41787,40839,40750,40665,40583,34668,35038,35554
"2756","314435","314435 NAQUE",5691,6107,6146,6341,6398,6453,6708,6767,6824,6878,6930,6939,6996,7051,7104,6331,6303,6442
"2757","314437","314437 NATALANDIA",3402,3371,3378,3280,3280,3279,3376,3377,3379,3381,3382,3314,3311,3308,3306,3514,3520,3626
"2758","314440","314440 NATERCIA",4881,4764,4766,4658,4660,4661,4802,4807,4812,4816,4820,4731,4730,4728,4727,4580,4691,4800
"2759","314450","314450 NAZARENO",7508,8023,8093,7954,8009,8062,8363,8422,8478,8532,8583,8555,8608,8660,8710,8192,8179,8390
"2760","314460","314460 NEPOMUCENO",25469,25141,25158,25733,25803,25871,26725,26812,26897,26977,27053,26709,26769,26826,26882,24869,25018,25774
"2761","314465","314465 NINHEIRA",9846,10884,11029,9815,9851,9885,10219,10261,10301,10339,10375,10263,10295,10326,10355,9331,10588,10915
"2762","314467","314467 NOVA BELEM",4233,3625,3522,3732,3674,3617,3662,3609,3559,3511,3465,3255,3190,3128,3067,3049,3151,3156
"2763","314470","314470 NOVA ERA",17883,18517,18577,17528,17511,17494,18002,18000,17998,17996,17994,17607,17578,17551,17524,16920,17438,17807
"2764","314480","314480 NOVA LIMA",74588,75530,76611,80998,82273,83507,87391,88672,89900,91069,92178,93577,94889,96157,97378,117819,111697,119142
"2765","314490","314490 NOVA MODICA",3833,3969,3943,3790,3767,3744,3830,3811,3792,3774,3757,3627,3600,3573,3548,3614,3663,3731
"2766","314500","314500 NOVA PONTE",8936,12233,12501,12812,13067,13314,13988,14241,14484,14715,14934,15280,15545,15800,16046,15731,14598,15113
"2767","314505","314505 NOVA PORTEIRINHA",7660,7583,7596,7398,7399,7400,7623,7630,7636,7642,7648,7504,7500,7497,7493,6660,6706,6780
"2768","314510","314510 NOVA RESENDE",15719,14623,14686,15374,15489,15599,16191,16313,16429,16540,16645,16610,16723,16832,16937,16545,16387,16854
"2769","314520","314520 NOVA SERRANA",54067,65176,67967,73699,76482,79174,84550,87260,89859,92332,94681,99770,102693,105520,108241,114497,105552,112910
"2770","314530","314530 NOVO CRUZEIRO",30205,31264,31316,30725,30746,30767,31715,31760,31803,31844,31884,31326,31331,31335,31339,26850,26975,27453
"2771","314535","314535 NOVO ORIENTE DE MINAS",10937,10698,10763,10339,10368,10395,10738,10773,10807,10839,10869,10731,10755,10778,10800,10086,10275,10501
"2772","314537","314537 NOVORIZONTE",5073,5092,5145,4963,4991,5017,5196,5226,5255,5282,5308,5273,5299,5324,5348,4545,4571,4630
"2773","314540","314540 OLARIA",2322,2465,2482,1976,1951,1927,1957,1935,1913,1893,1873,1775,1747,1720,1694,1936,1945,1986
"2774","314545","314545 OLHOS-D'AGUA",4760,5244,5337,5267,5343,5416,5659,5735,5808,5878,5943,6018,6096,6171,6243,5340,5385,5520
"2775","314550","314550 OLIMPIO NORONHA",2596,2619,2666,2533,2555,2577,2677,2700,2722,2743,2763,2765,2787,2809,2829,2555,2555,2616
"2776","314560","314560 OLIVEIRA",41523,39063,39214,39466,39637,39801,41181,41375,41562,41739,41907,41529,41687,41840,41987,39256,39262,40552
"2777","314570","314570 OLIVEIRA FORTES",2102,1971,1947,2123,2122,2120,2181,2182,2182,2182,2182,2136,2133,2130,2128,1996,2027,2062
"2778","314580","314580 ONCA DE PITANGUI",2958,3118,3125,3055,3061,3066,3164,3171,3179,3186,3192,3144,3148,3152,3155,2908,2969,3027
"2779","314585","314585 ORATORIOS",4545,4525,4536,4493,4504,4514,4660,4673,4686,4698,4710,4647,4655,4663,4671,4910,4917,5076
"2780","314587","314587 ORIZANIA",7382,7026,7078,7284,7348,7409,7701,7767,7831,7891,7949,7954,8018,8079,8138,8451,8437,8759
"2781","314590","314590 OURO BRANCO",32904,35029,35473,35268,35643,36006,37492,37878,38249,38601,38935,39121,39500,39867,40220,39206,38724,40411
"2782","314600","314600 OURO FINO",28416,32365,32640,31568,31734,31893,33031,33214,33390,33557,33716,33481,33639,33791,33938,32131,32094,33227
"2783","314610","314610 OURO PRETO",69477,69251,69494,70281,70589,70886,73349,73700,74036,74356,74659,73994,74281,74558,74824,76069,74821,77601
"2784","314620","314620 OURO VERDE DE MINAS",4777,7128,7218,6016,6001,5985,6148,6138,6128,6118,6110,5954,5934,5914,5895,5607,5757,5858
"2785","314625","314625 PADRE CARVALHO",5969,6092,6179,5834,5881,5926,6154,6203,6250,6295,6338,6332,6378,6423,6466,5031,5058,5085
"2786","314630","314630 PADRE PARAISO",17596,18774,18892,18849,18955,19057,19744,19859,19971,20076,20177,20052,20154,20252,20346,17163,17334,17537
"2787","314640","314640 PAINEIRAS",4597,4696,4670,4631,4611,4592,4708,4692,4677,4663,4650,4510,4486,4462,4440,4199,4224,4273
"2788","314650","314650 PAINS",7579,8420,8479,8014,8031,8047,8307,8329,8351,8371,8391,8270,8283,8296,8308,7455,8142,8341
"2789","314655","314655 PAI PEDRO",6085,6186,6219,5934,5942,5950,6137,6150,6162,6173,6184,6084,6089,6094,6098,5568,5551,5634
"2790","314660","314660 PAIVA",1794,1683,1689,1558,1554,1549,1590,1587,1583,1580,1577,1535,1529,1523,1517,1474,1474,1498
"2791","314670","314670 PALMA",6143,6249,6229,6545,6544,6543,6738,6742,6746,6750,6753,6621,6616,6611,6606,5692,5707,5742
"2792","314675","314675 PALMOPOLIS",10337,7010,6811,6931,6781,6636,6674,6537,6405,6280,6161,5671,5507,5349,5196,6307,6301,6373
"2793","314690","314690 PAPAGAIOS",14469,15124,15381,14175,14306,14433,15007,15144,15274,15398,15516,15543,15674,15800,15922,13724,13920,14207
"2794","314700","314700 PARACATU",85801,82850,83557,84718,85448,86153,89530,90294,91027,91724,92386,92430,93158,93862,94539,94300,94023,98397
"2795","314710","314710 PARA DE MINAS",83058,83282,84265,84215,85076,85908,89418,90306,91158,91969,92739,93101,93969,94808,95616,97507,97139,102033
"2796","314720","314720 PARAGUACU",21021,20307,20428,20245,20346,20442,21164,21276,21384,21486,21583,21418,21513,21605,21693,21580,21723,22357
"2797","314730","314730 PARAISOPOLIS",19946,18734,18849,19379,19524,19664,20410,20563,20710,20850,20983,20940,21083,21221,21353,20463,20445,21005
"2798","314740","314740 PARAOPEBA",23244,23146,23415,22563,22731,22893,23762,23940,24110,24273,24427,24375,24540,24700,24854,23776,24107,24800
"2799","314750","314750 PASSABEM",2174,1838,1820,1766,1753,1739,1776,1764,1753,1742,1732,1664,1649,1633,1619,1604,1600,1617
"2800","314760","314760 PASSA QUATRO",16081,15821,15895,15582,15638,15692,16224,16290,16353,16413,16470,16294,16344,16393,16439,15387,15515,15842
"2801","314770","314770 PASSA TEMPO",8752,8762,8772,8197,8176,8155,8377,8363,8349,8336,8324,8112,8084,8057,8031,9204,8473,8696
"2802","314780","314780 PASSA-VINTE",1944,2136,2137,2079,2073,2067,2121,2117,2112,2108,2104,2048,2039,2031,2024,2232,2233,2301
"2803","314790","314790 PASSOS",107921,106735,107617,106290,106987,107661,111651,112402,113122,113807,114458,113998,114679,115337,115970,110555,111939,116530
"2804","314795","314795 PATIS",5423,5538,5574,5579,5611,5642,5846,5881,5914,5946,5976,5942,5972,6002,6031,5917,4837,4863
"2805","314800","314800 PATOS DE MINAS",141691,138466,139840,138710,139849,140950,146416,147614,148762,149856,150893,150833,152488,153585,154641,159434,159235,167870
"2806","314810","314810 PATROCINIO",83658,85293,86465,82471,83188,83882,87178,87928,88648,89333,89983,90041,90757,91449,92116,91901,89826,93852
"2807","314820","314820 PATROCINIO DO MURIAE",5212,5548,5623,5287,5320,5352,5548,5583,5617,5649,5680,5652,5684,5715,5744,5579,5576,5735
"2808","314830","314830 PAULA CANDIDO",9661,9377,9405,9271,9289,9307,9605,9630,9654,9676,9698,9557,9571,9584,9597,8697,8659,8786
"2809","314840","314840 PAULISTAS",4570,5016,5002,4918,4904,4889,5020,5010,5000,4990,4982,4849,4830,4812,4794,4269,4389,4429
"2810","314850","314850 PAVAO",3757,9140,9157,8589,8565,8541,8771,8755,8739,8724,8709,8481,8450,8419,8390,8044,8047,8168
"2811","314860","314860 PECANHA",17041,17691,17731,17260,17266,17272,17797,17817,17836,17854,17871,17545,17541,17537,17534,17358,17446,17843
"2812","314870","314870 PEDRA AZUL",24918,25798,25998,23839,23857,23874,24612,24648,24683,24717,24748,24319,24324,24329,24333,24452,24410,24999
"2813","314875","314875 PEDRA BONITA",6804,6709,6757,6673,6707,6739,6978,7015,7051,7085,7117,7065,7097,7128,7157,7320,7320,7559
"2814","314880","314880 PEDRA DO ANTA",3730,3752,3716,3365,3323,3361,3414,3375,3339,3304,3270,3100,3052,3005,2960,3511,3311,3371
"2815","314890","314890 PEDRA DO INDAIA",3667,4058,4079,3875,3880,3885,4006,4013,4021,4028,4034,3969,3972,3974,3977,3725,4112,4232
"2816","314900","314900 PEDRA DOURADA",1983,2203,2240,2191,2220,2247,2345,2374,2401,2427,2452,2475,2504,2532,2559,2752,2757,2883
"2817","314910","314910 PEDRALVA",12871,11422,11354,11467,11426,11386,11683,11652,11623,11596,11570,11246,11195,11146,11098,10750,10760,10924
"2818","314915","314915 PEDRAS DE MARIA DA CRUZ",9624,11606,11878,10315,10426,10534,10970,11084,11193,11297,11396,11453,12107,12212,12313,10445,10433,10619
"2819","314920","314920 PEDRINOPOLIS",2482,3568,3581,3490,3500,3510,3626,3638,3650,3661,3672,3626,3635,3643,3651,3359,3344,3404
"2820","314930","314930 PEDRO LEOPOLDO",64482,58635,59064,58740,59213,59670,61975,62473,62951,63406,63837,63789,64258,64712,65149,60154,62580,64910
"2821","314940","314940 PEDRO TEIXEIRA",1951,1692,1679,1785,1785,1785,1838,1840,1841,1842,1843,1808,1807,1806,1804,1806,1810,1854
"2822","314950","314950 PEQUERI",3263,3089,3088,3165,3177,3188,3296,3310,3323,3335,3347,3310,3320,3330,3340,3351,3351,3448
"2823","314960","314960 PEQUI",4178,4434,4498,4076,4104,4131,4284,4314,4342,4369,4395,4379,4406,4432,4457,4042,4155,4258
"2824","314970","314970 PERDIGAO",6691,7757,7966,8912,9159,9396,9943,10185,10416,10637,10846,11249,11506,11755,11994,12014,12268,12925
"2825","314980","314980 PERDIZES",13750,14572,14787,14404,14561,14713,15323,15484,15639,15785,15925,16009,16168,16321,16469,17999,17151,17830
"2826","314990","314990 PERDOES",20814,20105,20232,20087,20191,20292,21013,21129,21239,21344,21444,21291,21390,21485,21577,21329,21384,21991
"2827","314995","314995 PERIQUITO",7396,7193,7163,7036,7005,6975,7150,7126,7103,7081,7060,6847,6810,6773,6738,6566,6553,6647
"2828","315000","315000 PESCADOR",3774,4185,4199,4128,4135,4142,4274,4284,4293,4302,4311,4246,4252,4256,4261,3537,3570,3587
"2829","315010","315010 PIAU",2999,3061,3070,2841,2829,2816,2887,2877,2868,2859,2850,2763,2748,2733,2719,2530,2796,2854
"2830","315015","315015 PIEDADE DE CARATINGA",5819,6795,6930,7110,7246,7377,7744,7878,8008,8130,8247,8426,8566,8702,8832,8345,8529,8883
"2831","315020","315020 PIEDADE DE PONTE NOVA",3741,4254,4275,4062,4065,4067,4192,4197,4203,4208,4213,4140,4140,4140,4141,3941,3976,4056
"2832","315030","315030 PIEDADE DO RIO GRANDE",5083,4892,4859,4709,4682,4656,4766,4744,4723,4703,4684,4528,4497,4466,4436,4560,4604,4697
"2833","315040","315040 PIEDADE DOS GERAIS",4317,4721,4758,4640,4669,4696,4867,4897,4927,4954,4981,4955,4982,5009,5034,5215,5019,5175
"2834","315050","315050 PIMENTA",8751,8466,8524,8236,8268,8299,8582,8619,8655,8688,8720,8631,8660,8688,8715,8210,8563,8794
"2835","315053","315053 PINGO-D'AGUA",3713,4169,4201,4420,4467,4511,4696,4743,4789,4832,4873,4894,4941,4986,5029,4714,4706,4845
"2836","315057","315057 PINTOPOLIS",8112,8075,8183,7211,7232,7251,7491,7516,7540,7563,7585,7490,7507,7524,7540,6922,7084,7231
"2837","315060","315060 PIRACEMA",6898,6765,6797,6406,6399,6391,6575,6573,6570,6568,6566,6421,6409,6398,6386,7451,6700,6884
"2838","315070","315070 PIRAJUBA",2429,3940,4050,4656,4803,4946,5253,5396,5534,5665,5790,6044,6199,6348,6491,5438,5537,5762
"2839","315080","315080 PIRANGA",17586,17773,17837,17232,17250,17266,17804,17835,17864,17892,17918,17618,17626,17634,17641,15308,17018,17360
"2840","315090","315090 PIRANGUCU",5386,5292,5326,5217,5236,5254,5432,5454,5475,5495,5514,5455,5472,5488,5504,5848,6041,6271
"2841","315100","315100 PIRANGUINHO",8276,8156,8228,8016,8064,8110,8404,8456,8505,8553,8597,8550,8596,8640,8683,9109,9120,9451
"2842","315110","315110 PIRAPETINGA",10917,10588,10631,10364,10390,10414,10754,10787,10818,10848,10876,10731,10752,10772,10791,11110,11077,11408
"2843","315120","315120 PIRAPORA",53659,53433,53704,53368,53604,53832,55704,55972,56229,56474,56706,56208,56428,56640,56845,55876,55606,57543
"2844","315130","315130 PIRAUBA",12834,10959,10930,10862,10841,10821,11123,11112,11101,11090,11080,10816,10787,10759,10732,11547,11610,11958
"2845","315140","315140 PITANGUI",24053,25708,26038,25311,25545,25771,26797,27040,27273,27495,27706,27755,27989,28215,28433,26568,26685,27734
"2846","315150","315150 PIUMHI",32056,32253,32575,31883,32121,32352,33580,33833,34075,34306,34525,34456,34691,34918,35137,34834,36062,37742
"2847","315160","315160 PLANURA",9145,10882,11138,10384,10545,10700,11194,11355,11509,11656,11796,11968,12133,12292,12445,10503,11145,11484
"2848","315170","315170 POCO FUNDO",16286,15858,15922,15959,16022,16082,16633,16705,16775,16841,16903,16734,16791,16846,16900,15831,16390,16791
"2849","315180","315180 POCOS DE CALDAS",157324,150095,151454,152435,153726,154974,161025,162379,163677,164912,166085,166111,167397,168641,169838,172869,163742,171533
"2850","315190","315190 POCRANE",8702,8896,8801,8986,8920,8856,9050,8994,8940,8889,8841,8508,8432,8359,8288,8715,8350,8468
"2851","315200","315200 POMPEU",30962,29595,29932,29105,29337,29561,30699,30943,31178,31401,31612,31583,31812,32035,32248,30493,31047,32305
"2852","315210","315210 PONTE NOVA",57654,57482,57657,57390,57551,57706,59614,59814,60005,60188,60361,59605,59742,59875,60003,58779,57776,59569
"2853","315213","315213 PONTO CHIQUE",4126,4227,4301,3966,3991,4014,4161,4187,4212,4236,4259,4237,4261,4283,4305,3775,3747,3807
"2854","315217","315217 PONTO DOS VOLANTES",11884,11380,11459,11345,11408,11469,11881,11949,12016,12078,12138,12061,12121,12179,12235,10584,10883,11077
"2855","315220","315220 PORTEIRINHA",38665,37877,37842,37627,37607,37588,38697,38709,38720,38730,38741,37950,37906,37864,37823,37321,37438,38668
"2856","315230","315230 PORTO FIRME",9501,10857,10987,10417,10490,10560,10955,11033,11107,11178,11245,11208,11279,11348,11414,10571,10569,10825
"2857","315240","315240 POTE",14869,15206,15233,15667,15736,15801,16350,16428,16502,16573,16641,16491,16555,16616,16675,13643,13666,13751
"2858","315250","315250 POUSO ALEGRE",127990,126100,127975,130615,132445,134215,140223,142073,143846,145535,147137,148862,150737,152549,154293,162028,152217,160751
"2859","315260","315260 POUSO ALTO",7341,6516,6496,6213,6178,6145,6291,6263,6236,6210,6185,5981,5940,5900,5862,6567,6566,6755
"2860","315270","315270 PRADOS",7980,8487,8562,8391,8444,8495,8807,8865,8919,8972,9021,8979,9031,9080,9128,8964,9048,9327
"2861","315280","315280 PRATA",22680,26573,26857,25802,25973,26139,27109,27293,27469,27637,27796,27688,27856,28017,28173,28678,28342,29578
"2862","315290","315290 PRATAPOLIS",9068,8846,8804,8807,8776,8746,8975,8952,8930,8910,8890,8642,8603,8566,8530,8416,8406,8551
"2863","315300","315300 PRATINHA",3209,3386,3432,3265,3295,3323,3455,3485,3515,3543,3569,3573,3603,3631,3658,3566,3559,3673
"2864","315310","315310 PRESIDENTE BERNARDES",5361,5857,5862,5537,5514,5491,5630,5612,5594,5578,5562,5398,5369,5341,5315,4845,4850,4883
"2865","315320","315320 PRESIDENTE JUSCELINO",4342,4382,4374,3908,3877,3846,3928,3901,3875,3851,3827,3676,3641,3606,3572,3630,3465,3493
"2866","315330","315330 PRESIDENTE KUBITSCHEK",2952,3075,3087,2959,2960,2961,3050,3053,3056,3059,3061,3004,3002,3001,3000,3075,3071,3154
"2867","315340","315340 PRESIDENTE OLEGARIO",18370,18892,18990,18577,18639,18698,19325,19398,19469,19536,19599,19377,19573,19627,19680,19471,18765,19177
"2868","315350","315350 ALTO JEQUITIBA",9320,8160,8122,8318,8308,8297,8535,8532,8528,8525,8522,8333,8317,8301,8286,8394,8397,8596
"2869","315360","315360 PRUDENTE DE MORAIS",9437,9239,9341,9573,9676,9776,10181,10287,10388,10485,10577,10629,10733,10834,10931,12224,11466,11940
"2870","315370","315370 QUARTEL GERAL",3075,3325,3351,3303,3325,3346,3470,3493,3516,3537,3557,3542,3563,3584,3603,3150,3179,3237
"2871","315380","315380 QUELUZITO",1850,1888,1882,1861,1867,1872,1934,1940,1947,1953,1958,1934,1939,1943,1948,1778,1770,1800
"2872","315390","315390 RAPOSOS",14334,15418,15521,15342,15423,15502,16055,16144,16230,16312,16390,16277,16354,16429,16501,16266,16279,16735
"2873","315400","315400 RAUL SOARES",23490,24596,24604,23818,23783,23748,24423,24408,24394,24381,24368,23814,23762,23711,23663,23387,23423,23882
"2874","315410","315410 RECREIO",9855,10514,10542,10299,10308,10316,10635,10651,10667,10682,10697,10514,10517,10520,10522,11016,11007,11337
"2875","315415","315415 REDUTO",6975,6599,6679,6569,6619,6667,6920,6973,7023,7071,7117,7105,7154,7201,7247,7865,7848,8170
"2876","315420","315420 RESENDE COSTA",10870,10894,10942,10913,10958,11001,11378,11429,11478,11525,11569,11459,11500,11540,11578,11004,11230,11520
"2877","315430","315430 RESPLENDOR",16535,17563,17608,17089,17098,17107,17631,17653,17675,17695,17715,17398,17397,17396,17396,15775,17226,17612
"2878","315440","315440 RESSAQUINHA",4558,4720,4734,4711,4723,4735,4889,4820,4834,4848,4861,4798,4808,4817,4826,4548,4548,4641
"2879","315445","315445 RIACHINHO",8586,8401,8435,8007,8010,8013,8257,8266,8274,8283,8290,8138,8136,8134,8132,8197,6863,6890
"2880","315450","315450 RIACHO DOS MACHADOS",8636,9691,9719,9360,9361,9361,9643,9650,9658,9665,9672,9487,9481,9476,9471,8757,8756,8886
"2881","315460","315460 RIBEIRAO DAS NEVES",334469,340033,349306,296317,299729,303029,315819,319310,322659,325846,328871,331045,334858,338197,341415,327968,329794,344828
"2882","315470","315470 RIBEIRAO VERMELHO",3616,3912,3937,3826,3842,3857,3990,4008,4026,4042,4058,4019,4033,4047,4061,3953,4080,4201
"2883","315480","315480 RIO ACIMA",8154,8597,8695,9090,9200,9307,9704,9816,9924,10026,10123,10203,10312,10420,10524,10263,10261,10626
"2884","315490","315490 RIO CASCA",15173,14846,14800,14201,14120,14042,14376,14310,14247,14187,14130,13659,13564,13473,13384,12795,12789,12921
"2885","315500","315500 RIO DOCE",2049,2626,2660,2465,2477,2488,2575,2588,2600,2611,2623,2599,2610,2620,2630,2121,2484,2542
"2886","315510","315510 RIO DO PRADO",4678,4506,4420,5217,5204,5191,5333,5324,5316,5309,5302,5167,5150,5133,5117,4631,4639,4679
"2887","315520","315520 RIO ESPERA",6505,6753,6726,6070,6004,5939,6045,5986,5929,5876,5825,5549,5474,5402,5332,5432,5429,5479
"2888","315530","315530 RIO MANSO",4811,5212,5266,5276,5325,5372,5585,5636,5684,5730,5774,5783,5832,5879,5924,5527,5568,5727
"2889","315540","315540 RIO NOVO",8951,9238,9303,8712,8725,8737,9013,9032,9050,9067,9084,8941,8949,8957,8964,8450,8518,8689
"2890","315550","315550 RIO PARANAIBA",13295,11049,10988,11885,11913,11939,12328,12364,12398,12431,12462,12291,12313,12335,12356,14602,14532,15143
"2891","315560","315560 RIO PARDO DE MINAS",28446,29719,29948,29099,29242,29381,30418,30578,30732,30878,31016,30779,30914,31045,31171,27708,28271,29123
"2892","315570","315570 RIO PIRACICABA",14532,14792,14848,14149,14150,14151,14578,14590,14602,14613,14624,14346,14339,14332,14325,14120,14631,15001
"2893","315580","315580 RIO POMBA",17608,17279,17362,17110,17168,17224,17804,17872,17939,18001,18061,17858,17910,17959,18007,17721,17443,17856
"2894","315590","315590 RIO PRETO",5525,5590,5639,5292,5304,5315,5487,5502,5517,5531,5544,5467,5476,5485,5493,5040,5141,5240
"2895","315600","315600 RIO VERMELHO",14091,15314,15345,13645,13549,13455,13755,13674,13597,13523,13453,12957,12846,12739,12635,12457,12641,12815
"2896","315610","315610 RITAPOLIS",5147,5178,5151,4925,4887,4850,4955,4922,4891,4862,4834,4648,4604,4562,4521,4984,4994,5115
"2897","315620","315620 ROCHEDO DE MINAS",2206,2117,2125,2116,2133,2148,2229,2246,2263,2278,2293,2289,2305,2320,2335,2292,2291,2363
"2898","315630","315630 RODEIRO",6751,6481,6590,6867,6982,7093,7429,7543,7653,7758,7857,7991,8109,8224,8333,8596,8664,9064
"2899","315640","315640 ROMARIA",4031,3649,3639,3596,3586,3575,3671,3664,3657,3650,3644,3547,3533,3520,3507,3104,3386,3440
"2900","315645","315645 ROSARIO DA LIMEIRA",4388,4320,4357,4247,4277,4305,4464,4495,4525,4553,4580,4566,4594,4622,4648,4736,4734,4896
"2901","315650","315650 RUBELITA",10367,8300,8092,7772,7586,7406,7428,7257,7093,6937,6789,6198,5995,5798,5609,5695,5679,5572
"2902","315660","315660 RUBIM",8724,9845,9854,9919,9939,9958,10278,10304,10330,10354,10377,10226,10241,10256,10269,10321,10298,10575
"2903","315670","315670 SABARA",137137,125285,126195,126269,127097,127897,132636,133528,134382,135196,135968,135421,136344,137125,137877,131294,129380,134286
"2904","315680","315680 SABINOPOLIS",16452,16334,16318,15704,15661,15619,16042,16014,15987,15961,15936,15525,15470,15416,15364,13797,14240,14382
"2905","315690","315690 SACRAMENTO",22123,22965,23111,23896,24093,24283,25225,25432,25630,25819,25998,25989,26185,26374,26556,25888,26670,27891
"2906","315700","315700 SALINAS",38142,38628,38796,39178,39367,39550,40942,41098,41301,41494,41678,41349,41527,41699,41864,39969,40178,41641
"2907","315710","315710 SALTO DA DIVISA",5919,7127,7157,6859,6866,6872,7084,7096,7107,7117,7127,7007,7009,7012,7014,6015,6110,6164
"2908","315720","315720 SANTA BARBARA",25944,27277,27570,27876,28160,28435,29595,29888,30169,30436,30690,30807,31324,31604,31873,29491,30466,31756
"2909","315725","315725 SANTA BARBARA DO LESTE",8107,7717,7761,7682,7719,7754,8027,8068,8107,8144,8180,8113,8147,8181,8212,7990,8458,8737
"2910","315727","315727 SANTA BARBARA DO MONTE VERDE",2184,2942,2999,2788,2821,2852,2972,3005,3037,3067,3096,3117,3150,3182,3212,2963,3095,3199
"2911","315730","315730 SANTA BARBARA DO TUGURIO",4431,4601,4580,4570,4551,4532,4646,4631,4617,4603,4590,4454,4430,4407,4385,4204,4208,4262
"2912","315733","315733 SANTA CRUZ DE MINAS",8217,7618,7666,7865,7929,7990,8298,8365,8429,8489,8547,8541,8604,8664,8723,8074,8109,8321
"2913","315737","315737 SANTA CRUZ DE SALINAS",5101,5408,5465,4397,4366,4336,4434,4408,4383,4359,4337,4177,4142,4107,4074,3908,3910,3944
"2914","315740","315740 SANTA CRUZ DO ESCALVADO",4492,5331,5316,4992,4963,4934,5050,5026,5003,4981,4960,4793,4758,4725,4693,4852,4673,4743
"2915","315750","315750 SANTA EFIGENIA DE MINAS",4869,4605,4571,4600,4576,4552,4661,4641,4622,4604,4587,4438,4409,4381,4354,4272,4039,4067
"2916","315760","315760 SANTA FE DE MINAS",3866,4138,4130,3968,3951,3935,4034,4021,4009,3997,3985,3866,3846,3826,3806,3521,3522,3551
"2917","315765","315765 SANTA HELENA DE MINAS",5755,6096,6127,6055,6079,6101,6309,6336,6362,6387,6410,6345,6366,6386,6406,5897,5938,6059
"2918","315770","315770 SANTA JULIANA",8299,11254,11571,11337,11588,11830,12455,12702,12939,13165,13380,13743,14003,14255,14497,15786,15734,16568
"2919","315780","315780 SANTA LUZIA",224956,227438,231610,202942,204327,205666,213345,214830,216254,217610,218897,218147,219134,220444,221705,213709,219132,229483
"2920","315790","315790 SANTA MARGARIDA",14492,14716,14812,15011,15111,15207,15772,15879,15982,16080,16173,16111,16208,16302,16393,16414,16395,16903
"2921","315800","315800 SANTA MARIA DE ITABIRA",10277,10785,10821,10552,10568,10584,10918,10942,10964,10986,11007,10836,10847,10857,10867,10133,10485,10716
"2922","315810","315810 SANTA MARIA DO SALTO",5539,5942,5991,5284,5273,5261,5406,5400,5393,5387,5381,5248,5232,5217,5203,4666,4755,4803
"2923","315820","315820 SANTA MARIA DO SUACUI",14183,14889,14930,14395,14399,14402,14839,14854,14869,14883,14896,14620,14615,14611,14607,12652,12788,12898
"2924","315830","315830 SANTANA DA VARGEM",8092,7256,7222,7231,7209,7188,7379,7364,7349,7336,7322,7128,7100,7073,7047,6561,6691,6781
"2925","315840","315840 SANTANA DE CATAGUASES",3220,3749,3780,3622,3643,3662,3793,3815,3836,3856,3876,3853,3872,3891,3909,3503,3489,3553
"2926","315850","315850 SANTANA DE PIRAPAMA",8104,8808,8818,8009,7963,7918,8106,8068,8032,7997,7965,7696,7642,7589,7538,7014,7030,7079
"2927","315860","315860 SANTANA DO DESERTO",4072,3961,3964,3860,3867,3873,3997,4006,4016,4024,4032,3971,3976,3981,3985,3732,3747,3819
"2928","315870","315870 SANTANA DO GARAMBEU",2183,2186,2219,2234,2254,2273,2361,2381,2400,2419,2436,2438,2458,2476,2494,2140,2137,2175
"2929","315880","315880 SANTANA DO JACARE",4892,4691,4723,4607,4623,4638,4793,4811,4828,4845,4861,4807,4821,4834,4847,4214,4214,4265
"2930","315890","315890 SANTANA DO MANHUACU",8137,8384,8358,8582,8581,8579,8834,8839,8844,8849,8853,8681,8674,8667,8660,9010,8987,9236
"2931","315895","315895 SANTANA DO PARAISO",22475,24105,24684,27265,27965,28641,30255,30943,31604,32232,32828,33934,34663,35369,36048,37113,44800,48286
"2932","315900","315900 SANTANA DO RIACHO",4025,4346,4399,4023,4045,4066,4211,4235,4258,4280,4301,4274,4295,4315,4334,5754,5313,5579
"2933","315910","315910 SANTANA DOS MONTES",3780,4120,4128,3822,3813,3804,3908,3902,3897,3892,3887,3789,3777,3765,3753,3469,3469,3507
"2934","315920","315920 SANTA RITA DE CALDAS",9286,9335,9322,9027,9008,8990,9239,9228,9218,9208,9198,8974,8949,8924,8900,8400,8460,8588
"2935","315930","315930 SANTA RITA DE JACUTINGA",5296,5813,5869,4993,4976,4960,5090,5077,5065,5054,5043,4905,4884,4863,4843,4768,4755,4836
"2936","315935","315935 SANTA RITA DE MINAS",5071,5967,5983,6547,6605,6661,6924,6984,7042,7097,7149,7155,7212,7268,7322,6214,6773,6952
"2937","315940","315940 SANTA RITA DE IBITIPOCA",3657,3850,3845,3583,3563,3544,3628,3611,3595,3580,3566,3449,3425,3402,3380,3303,3301,3344
"2938","315950","315950 SANTA RITA DO ITUETO",6020,5774,5736,5697,5670,5643,5782,5760,5739,5719,5699,5522,5489,5457,5426,5831,5826,5973
"2939","315960","315960 SANTA RITA DO SAPUCAI",35474,35724,36141,37754,38253,38734,40435,40941,41425,41886,42324,42751,43260,43753,44226,40719,40635,42320
"2940","315970","315970 SANTA ROSA DA SERRA",3317,3383,3413,3224,3233,3241,3347,3357,3368,3377,3386,3343,3350,3357,3364,3414,3382,3476
"2941","315980","315980 SANTA VITORIA",16178,15858,15789,18138,18275,18406,19106,19250,19389,19520,19646,19608,19742,19872,19997,20538,20973,21745
"2942","315990","315990 SANTO ANTONIO DO AMPARO",18109,17951,18115,17345,17440,17532,18162,18266,18367,18462,18553,18434,18525,18613,18697,16723,17285,17651
"2943","316000","316000 SANTO ANTONIO DO AVENTUREIRO",3524,3595,3610,3538,3540,3542,3650,3655,3659,3664,3668,3602,3602,3602,3602,3770,3769,3881
"2944","316010","316010 SANTO ANTONIO DO GRAMA",4194,4355,4345,4085,4063,4041,4138,4120,4103,4087,4071,3937,3911,3886,3861,4229,4229,4342
"2945","316020","316020 SANTO ANTONIO DO ITAMBE",4709,4648,4661,4135,4101,4067,4151,4121,4093,4066,4040,3877,3838,3799,3763,3846,3915,3979
"2946","316030","316030 SANTO ANTONIO DO JACINTO",12183,11532,11459,11775,11747,11720,12042,12024,12008,11992,11977,11677,11640,11604,11570,10251,10327,10397
"2947","316040","316040 SANTO ANTONIO DO MONTE",28146,25694,25900,25975,26168,26353,27352,27556,27752,27938,28115,28054,28243,28427,28603,28345,27295,28358
"2948","316045","316045 SANTO ANTONIO DO RETIRO",7262,7052,7086,6955,6979,7001,7236,7264,7290,7315,7339,7256,7277,7297,7316,6621,6629,6743
"2949","316050","316050 SANTO ANTONIO DO RIO ABAIXO",1583,1798,1790,1777,1774,1771,1820,1818,1816,1815,1813,1770,1765,1760,1756,1808,1808,1853
"2950","316060","316060 SANTO HIPOLITO",3317,3659,3670,3238,3219,3201,3276,3261,3246,3231,3218,3109,3087,3065,3044,2593,2717,2720
"2951","316070","316070 SANTOS DUMONT",48339,47240,47256,46284,46246,46208,47557,47558,47559,47560,47561,46555,46487,46421,46357,44140,42406,43392
"2952","316080","316080 SAO BENTO ABADE",4742,4628,4715,4577,4642,4704,4915,4981,5043,5103,5159,5220,5286,5349,5411,4710,4713,4835
"2953","316090","316090 SAO BRAS DO SUACUI",3354,3625,3659,3513,3531,3548,3673,3693,3712,3730,3747,3721,3738,3754,3770,3987,3989,4133
"2954","316095","316095 SAO DOMINGOS DAS DORES",5885,5402,5413,5408,5425,5441,5622,5642,5661,5680,5697,5630,5644,5658,5672,5621,5626,5778
"2955","316100","316100 SAO DOMINGOS DO PRATA",16709,17852,17857,17357,17336,17314,17811,17805,17798,17792,17787,17393,17359,17327,17296,17399,17392,17771
"2956","316105","316105 SAO FELIX DE MINAS",3208,3484,3478,3382,3377,3372,3467,3465,3462,3460,3458,3377,3369,3362,3354,3204,3200,3252
"2957","316110","316110 SAO FRANCISCO",56118,54846,55141,53828,54007,54180,56003,56217,56423,56619,56805,56163,56323,56477,56625,51321,52762,54239
"2958","316120","316120 SAO FRANCISCO DE PAULA",6851,6403,6384,6483,6480,6476,6666,6668,6670,6671,6673,6535,6527,6520,6512,6429,6187,6293
"2959","316130","316130 SAO FRANCISCO DE SALES",5556,5314,5321,5776,5815,5852,6069,6110,6150,6188,6224,6200,6238,6274,6309,5532,5732,5857
"2960","316140","316140 SAO FRANCISCO DO GLORIA",5132,5690,5683,5178,5139,5100,5211,5177,5145,5114,5085,4889,4844,4800,4758,4796,4800,4866
"2961","316150","316150 SAO GERALDO",7589,9656,9849,10263,10459,10648,11178,11372,11559,11736,11905,12164,12366,12562,12751,10270,10282,10517
"2962","316160","316160 SAO GERALDO DA PIEDADE",4968,4883,4879,4389,4341,4295,4372,4329,4289,4251,4214,4015,3962,3910,3860,3307,3305,3258
"2963","316165","316165 SAO GERALDO DO BAIXIO",2870,3408,3469,3486,3534,3580,3740,3788,3834,3878,3920,3963,4012,4059,4104,3104,3143,3175
"2964","316170","316170 SAO GONCALO DO ABAETE",5099,6447,6536,6264,6328,6390,6651,6717,6780,6840,6898,6923,8389,8459,8527,7152,7375,7521
"2965","316180","316180 SAO GONCALO DO PARA",8327,10949,11248,10398,10585,10765,11289,11475,11654,11823,11985,12218,12411,12597,12776,11688,11770,12192
"2966","316190","316190 SAO GONCALO DO RIO ABAIXO",8573,9627,9736,9777,9878,9976,10384,10488,10588,10683,10773,10818,10920,11019,11114,12466,11850,12353
"2967","316200","316200 SAO GONCALO DO SAPUCAI",24602,23523,23622,23906,24029,24148,25007,25143,25274,25399,25517,25332,25449,25561,25670,23792,23959,24480
"2968","316210","316210 SAO GOTARDO",34380,32145,32580,31819,32141,32452,33774,34107,34425,34728,35016,35145,35469,35782,36084,41114,40910,43309
"2969","316220","316220 SAO JOAO BATISTA DO GLORIA",7051,7117,7190,6887,6935,6981,7241,7292,7341,7387,7431,7407,7453,7498,7541,7455,7652,7912
"2970","316225","316225 SAO JOAO DA LAGOA",4708,4921,4976,4656,4676,4695,4858,4880,4902,4922,4942,4896,4915,4932,4949,4818,4822,4950
"2971","316230","316230 SAO JOAO DA MATA",2932,2962,2996,2731,2730,2728,2808,2809,2810,2810,2811,2753,2749,2746,2743,2803,2914,3000
"2972","316240","316240 SAO JOAO DA PONTE",25864,26915,26985,25358,25307,25257,25961,25933,25906,25880,25856,25235,25165,25098,25033,23840,23930,24269
"2973","316245","316245 SAO JOAO DAS MISSOES",13295,11179,11269,11715,11829,11940,12421,12539,12652,12760,12862,12899,13014,13125,13232,12986,13024,13467
"2974","316250","316250 SAO JOAO DEL REI",83606,84930,85500,84469,84919,85353,88405,88902,89378,89832,90263,89653,90082,90497,90897,93778,90225,94062
"2975","316255","316255 SAO JOAO DO MANHUACU",10261,9781,9887,10245,10363,10476,10917,11038,11153,11262,11367,11440,11559,11674,11785,11245,11246,11614
"2976","316257","316257 SAO JOAO DO MANTENINHA",4691,5068,5140,5188,5249,5307,5530,5591,5650,5706,5759,5798,5859,5918,5975,5329,5331,5468
"2977","316260","316260 SAO JOAO DO ORIENTE",8771,8169,8125,7874,7827,7781,7964,7925,7888,7853,7819,7553,7498,7444,7393,7049,7070,7139
"2978","316265","316265 SAO JOAO DO PACUI",3765,4174,4223,4060,4091,4120,4276,4308,4339,4369,4396,4389,4419,4448,4476,3884,3972,4052
"2979","316270","316270 SAO JOAO DO PARAISO",21755,22635,22786,22319,22420,22517,23303,23417,23526,23630,23729,23524,23618,23709,23797,20502,23910,24604
"2980","316280","316280 SAO JOAO EVANGELISTA",15659,16199,16253,15553,15556,15558,16028,16043,16057,16070,16083,15781,15774,15767,15761,14864,15315,15617
"2981","316290","316290 SAO JOAO NEPOMUCENO",25793,25960,26174,25057,25155,25249,26114,26227,26336,26439,26538,26272,26361,26447,26530,24970,25565,26478
"2982","316292","316292 SAO JOAQUIM DE BICAS",23723,23462,23985,25537,26104,26653,28064,28624,29162,29674,30160,30989,31578,32148,32696,34677,34348,36496
"2983","316294","316294 SAO JOSE DA BARRA",6839,6999,7085,6778,6834,6888,7155,7213,7270,7323,7374,7371,7426,7480,7532,7862,7793,8084
"2984","316295","316295 SAO JOSE DA LAPA",21910,18855,19233,19799,20168,20524,21538,21905,22257,22592,22910,23385,23766,24135,24490,27125,26315,27710
"2985","316300","316300 SAO JOSE DA SAFIRA",4063,4056,4072,4075,4089,4103,4241,4258,4274,4289,4303,4255,4268,4280,4291,3769,3806,3861
"2986","316310","316310 SAO JOSE DA VARGINHA",3683,3994,4070,4198,4273,4345,4556,4630,4702,4770,4834,4927,5004,5079,5151,4392,4536,4677
"2987","316320","316320 SAO JOSE DO ALEGRE",4207,4045,4064,3996,4011,4026,4163,4180,4197,4213,4228,4183,4196,4210,4222,4125,4133,4242
"2988","316330","316330 SAO JOSE DO DIVINO",3539,3882,3893,3834,3832,3830,3942,3943,3944,3945,3946,3865,3860,3856,3851,3437,3464,3501
"2989","316340","316340 SAO JOSE DO GOIABAL",5871,5773,5736,5636,5608,5580,5717,5695,5673,5653,5633,5454,5420,5387,5356,5400,5396,5492
"2990","316350","316350 SAO JOSE DO JACURI",6210,7199,7234,6553,6535,6518,6694,6682,6671,6660,6650,6477,6453,6431,6409,6098,6197,6298
"2991","316360","316360 SAO JOSE DO MANTIMENTO",2514,2562,2577,2592,2609,2625,2721,2738,2755,2771,2787,2775,2791,2806,2821,2768,2753,2834
"2992","316370","316370 SAO LOURENCO",42927,42185,42690,41657,42021,42372,44037,44417,44781,45128,45457,45488,45851,46202,46539,44432,44798,46653
"2993","316380","316380 SAO MIGUEL DO ANTA",6919,7058,7093,6760,6770,6778,6991,7006,7019,7032,7045,6933,6938,6944,6949,6219,6334,6430
"2994","316390","316390 SAO PEDRO DA UNIAO",6085,5412,5387,5040,4996,4953,5054,5016,4979,4944,4911,4709,4659,4610,4563,4869,4885,4979
"2995","316400","316400 SAO PEDRO DOS FERROS",8367,9109,9089,8356,8289,8223,8397,8339,8284,8231,8181,7858,7781,7706,7634,7122,7166,7194
"2996","316410","316410 SAO PEDRO DO SUACUI",3355,5944,5924,5570,5531,5493,5616,5584,5552,5522,5494,5291,5246,5202,5160,5108,5103,5166
"2997","316420","316420 SAO ROMAO",8190,9541,9716,10276,10468,10653,11179,11370,11553,11727,11892,12139,12337,12529,12713,9783,10315,10553
"2998","316430","316430 SAO ROQUE DE MINAS",6332,6308,6319,6686,6714,6741,6973,7005,7035,7064,7092,7026,7051,7076,7100,6893,7129,7341
"2999","316440","316440 SAO SEBASTIAO DA BELA VISTA",4691,5115,5196,4948,4997,5045,5249,5300,5348,5394,5438,5455,5504,5552,5598,6390,6387,6694
"3000","316443","316443 SAO SEBASTIAO DA VARGEM ALEGRE",2941,2851,2877,2798,2816,2832,2936,2955,2973,2990,3006,2991,3007,3024,3039,3113,3113,3219
"3001","316447","316447 SAO SEBASTIAO DO ANTA",5527,5639,5717,5739,5813,5884,6140,6215,6286,6355,6419,6479,6555,6627,6697,6195,6194,6386
"3002","316450","316450 SAO SEBASTIAO DO MARANHAO",10560,12062,12098,10647,10574,10503,10740,10678,10620,10564,10511,10129,10044,9963,9884,9918,10079,10244
"3003","316460","316460 SAO SEBASTIAO DO OESTE",4307,5597,5689,5805,5894,5980,6255,6344,6430,6512,6589,6684,6775,6863,6948,8819,8815,9355
"3004","316470","316470 SAO SEBASTIAO DO PARAISO",66223,64250,64798,64980,65491,65984,68518,69057,69574,70066,70533,70450,70956,71445,71915,70976,71796,74742
"3005","316480","316480 SAO SEBASTIAO DO RIO PRETO",1490,1743,1744,1613,1601,1588,1622,1611,1601,1591,1582,1520,1506,1492,1478,1231,1259,1248
"3006","316490","316490 SAO SEBASTIAO DO RIO VERDE",2121,2264,2295,2110,2121,2131,2206,2217,2228,2239,2249,2231,2241,2250,2259,2299,2300,2373
"3007","316500","316500 SAO TIAGO",10762,10616,10637,10561,10586,10609,10955,10986,11017,11046,11073,10922,10941,10960,10979,11741,11192,11517
"3008","316510","316510 SAO TOMAS DE AQUINO",7599,7100,7073,7093,7077,7062,7257,7248,7238,7230,7222,7042,7021,7000,6980,6745,6740,6853
"3009","316520","316520 SAO THOME DAS LETRAS",6641,6880,6955,6655,6690,6724,6962,7001,7037,7072,7106,7056,7089,7120,7151,6782,6904,7089
"3010","316530","316530 SAO VICENTE DE MINAS",6812,6496,6529,7008,7073,7136,7420,7487,7552,7614,7672,7687,7753,7815,7876,6669,6804,6935
"3011","316540","316540 SAPUCAI-MIRIM",6467,5996,6048,6241,6302,6360,6616,6678,6739,6796,6850,6869,6930,6989,7045,6288,6311,6462
"3012","316550","316550 SARDOA",5199,5416,5471,5594,5657,5718,5957,6021,6083,6142,6198,6236,6300,6361,6421,4774,5104,5164
"3013","316553","316553 SARZEDO",24139,24828,25579,25814,26470,27104,28625,29270,29889,30478,31037,32069,32752,33413,34050,36581,36844,39327
"3014","316555","316555 SETUBINHA",9597,11383,11584,10885,11008,11126,11592,11717,11837,11952,12060,12134,12258,12378,12493,9797,9917,10032
"3015","316556","316556 SEM-PEIXE",2508,3012,2997,2847,2823,2799,2856,2834,2814,2794,2776,2661,2633,2606,2579,2382,2433,2441
"3016","316557","316557 SENADOR AMARAL",6020,5198,5199,5219,5226,5233,5398,5409,5419,5429,5439,5352,5356,5361,5365,6208,6206,6458
"3017","316560","316560 SENADOR CORTES",2126,2076,2082,1988,1988,1987,2046,2046,2047,2048,2049,2007,2005,2003,2001,2237,2240,2319
"3018","316570","316570 SENADOR FIRMINO",6898,7296,7360,7230,7279,7326,7598,7650,7700,7747,7792,7764,7812,7858,7902,7716,7716,7945
"3019","316580","316580 SENADOR JOSE BENTO",2672,1905,1850,1868,1830,1793,1804,1769,1735,1703,1672,1545,1502,1461,1422,2071,2068,2137
"3020","316590","316590 SENADOR MODESTINO GONCALVES",5088,5117,5105,4574,4527,4481,4564,4523,4484,4446,4410,4209,4156,4105,4056,3926,4008,4035
"3021","316600","316600 SENHORA DE OLIVEIRA",6118,5857,5875,5683,5687,5690,5864,5871,5879,5886,5892,5786,5786,5786,5786,5295,5483,5584
"3022","316610","316610 SENHORA DO PORTO",3365,3627,3641,3497,3496,3494,3597,3598,3599,3600,3602,3527,3523,3519,3516,3032,3067,3088
"3023","316620","316620 SENHORA DOS REMEDIOS",10278,10544,10586,10196,10210,10222,10544,10565,10585,10604,10622,10451,10459,10467,10474,9925,10384,10640
"3024","316630","316630 SERICITA",7504,7318,7352,7128,7139,7149,7375,7391,7406,7420,7434,7319,7326,7333,7340,7345,7345,7536
"3025","316640","316640 SERITINGA",1745,1812,1834,1789,1793,1797,1855,1860,1865,1870,1874,1848,1851,1854,1857,1812,1819,1864
"3026","316650","316650 SERRA AZUL DE MINAS",4469,4456,4485,4220,4222,4224,4353,4358,4363,4368,4372,4293,4293,4292,4292,3906,3792,3829
"3027","316660","316660 SERRA DA SAUDADE",889,889,897,815,811,807,825,822,818,815,812,786,781,776,771,836,833,854
"3028","316670","316670 SERRA DOS AIMORES",6448,8629,8669,8412,8430,8447,8720,8744,8767,8789,8809,8685,8699,8713,8725,6847,6944,6936
"3029","316680","316680 SERRA DO SALITRE",10586,10657,10780,10549,10638,10725,11142,11236,11325,11410,11491,11493,11582,11668,11750,13152,11801,12210
"3030","316690","316690 SERRANIA",7957,7582,7573,7542,7545,7548,7778,7787,7796,7804,7812,7670,7669,7668,7667,7518,7621,7802
"3031","316695","316695 SERRANOPOLIS DE MINAS",3803,4721,4775,4425,4455,4484,4650,4682,4712,4741,4769,4752,4781,4809,4836,4398,4399,4496
"3032","316700","316700 SERRANOS",2101,2126,2124,1995,1990,1984,2037,2033,2030,2026,2023,1970,1963,1956,1949,1952,1990,2035
"3033","316710","316710 SERRO",22431,21494,21523,20835,20822,20809,21419,21423,21427,21431,21435,20993,20966,20940,20915,21813,21952,22550
"3034","316720","316720 SETE LAGOAS",219633,221764,225362,214152,216400,218574,227571,229887,232107,234221,236228,237286,239639,241835,243950,233398,227397,237931
"3035","316730","316730 SILVEIRANIA",2219,2190,2186,2192,2197,2201,2271,2277,2282,2287,2292,2258,2261,2264,2267,2322,2323,2391
"3036","316740","316740 SILVIANOPOLIS",5872,6228,6261,6027,6041,6053,6249,6266,6283,6299,6314,6227,6238,6248,6258,6061,6179,6336
"3037","316750","316750 SIMAO PEREIRA",2527,2585,2606,2537,2542,2546,2628,2634,2640,2646,2651,2612,2615,2618,2621,2913,2947,3060
"3038","316760","316760 SIMONESIA",17367,17849,17940,18298,18408,18513,19188,19307,19421,19530,19633,19528,19633,19736,19834,19807,19750,20339
"3039","316770","316770 SOBRALIA",5809,6137,6118,5830,5796,5762,5897,5869,5842,5816,5791,5594,5553,5514,5476,4893,5137,5175
"3040","316780","316780 SOLEDADE DE MINAS",5342,5740,5801,5676,5716,5755,5971,6014,6055,6094,6131,6112,6151,6189,6226,5602,5613,5733
"3041","316790","316790 TABULEIRO",4759,4118,4067,4079,4042,4005,4085,4052,4021,3991,3963,3792,3750,3708,3669,3926,4014,4098
"3042","316800","316800 TAIOBEIRAS",30813,30986,31327,30917,31192,31457,32698,33040,33315,33576,33824,33858,34132,34397,34653,33071,33050,34392
"3043","316805","316805 TAPARUBA",3544,3347,3348,3137,3131,3124,3210,3206,3203,3199,3196,3119,3110,3101,3093,3390,3387,3492
"3044","316810","316810 TAPIRA",3628,3720,3753,4112,4173,4231,4423,4484,4542,4598,4650,4711,4773,4832,4890,3975,4118,4212
"3045","316820","316820 TAPIRAI",1602,1891,1880,1873,1871,1869,1923,1922,1922,1921,1921,1879,1875,1872,1869,1689,1690,1707
"3046","316830","316830 TAQUARACU DE MINAS",3595,3910,3944,3794,3818,3840,3980,4006,4030,4053,4075,4055,4077,4099,4120,4135,4224,4368
"3047","316840","316840 TARUMIRIM",11449,14588,14592,14293,14279,14264,14677,14674,14672,14670,14667,14350,14326,14302,14280,11900,14709,15072
"3048","316850","316850 TEIXEIRAS",12105,12101,12190,11355,11371,11387,11745,11770,11793,11815,11836,11650,11661,11670,11680,12105,12255,12634
"3049","316860","316860 TEOFILO OTONI",127245,130521,130519,134745,135154,135549,140067,140567,141046,141502,141934,140235,140592,140937,141269,142030,137418,142571
"3050","316870","316870 TIMOTEO",82694,79100,79813,81243,81993,82718,86014,86794,87542,88255,88931,89090,89842,90568,91268,77856,81579,84087
"3051","316880","316880 TIRADENTES",6753,6859,6984,6961,7054,7143,7457,7551,7640,7726,7807,7886,7981,8072,8160,7508,7744,8008
"3052","316890","316890 TIROS",6657,7627,7629,6906,6855,6806,6955,6912,6871,6832,6795,6539,6480,6424,6369,8152,7883,8172
"3053","316900","316900 TOCANTINS",16848,16290,16409,15823,15886,15947,16494,16567,16637,16703,16766,16602,16659,16715,16769,14912,16185,16574
"3054","316905","316905 TOCOS DO MOJI",4079,4063,4082,3950,3960,3970,4099,4112,4124,4136,4147,4093,4101,4109,4117,4086,3826,3899
"3055","316910","316910 TOLEDO",5693,5967,6031,5764,5806,5846,6066,6111,6153,6194,6232,6217,6258,6297,6336,7190,7214,7541
"3056","316920","316920 TOMBOS",13250,9147,8879,9537,9375,9218,9321,9174,9033,8899,8772,8201,8022,7850,7683,8621,8609,8699
"3057","316930","316930 TRES CORACOES",72304,74859,75777,72765,73339,73894,76734,77340,77921,78474,78999,78913,79482,80032,80561,75313,75485,78079
"3058","316935","316935 TRES MARIAS",25414,27648,28044,28318,28683,29036,30302,30673,31028,31366,31687,31984,32356,32716,33062,28320,28895,29927
"3059","316940","316940 TRES PONTAS",55447,53901,54147,53860,54078,54289,56156,56408,56649,56879,57097,56546,56746,56940,57127,53511,55255,57086
"3060","316950","316950 TUMIRITINGA",6179,6169,6184,6293,6329,6363,6593,6632,6669,6705,6739,6698,6732,6765,6797,5611,5886,5973
"3061","316960","316960 TUPACIGUARA",23936,23792,23839,24188,24271,24350,25171,25269,25363,25452,25538,25253,25327,25398,25466,25500,25470,26482
"3062","316970","316970 TURMALINA",16789,17939,18134,18055,18222,18383,19114,19288,19454,19612,19762,19797,19964,20125,20280,19933,20000,20650
"3063","316980","316980 TURVOLANDIA",4734,4952,5021,4658,4690,4721,4897,4932,4964,4995,5025,5008,5040,5070,5099,4859,4935,5078
"3064","316990","316990 UBA",100848,98423,99706,101519,102782,104004,108493,109779,111012,112186,113300,114265,115552,116797,117995,98705,103365,107222
"3065","317000","317000 UBAI",10682,12348,12501,11681,11751,11818,12248,12324,12397,12466,12531,12466,12533,12599,12661,11606,11708,11977
"3066","317005","317005 UBAPORANGA",12986,12489,12552,12040,12068,12095,12487,12523,12558,12591,12622,12449,12471,12493,12514,12805,13017,13423
"3067","317010","317010 UBERABA",290083,292377,296259,295988,299361,302623,315360,318813,322126,325279,328272,330361,333783,337092,340277,359090,337836,354142
"3068","317020","317020 UBERLANDIA",615343,622441,634349,604013,611904,619536,646673,654681,662362,669672,676613,683247,691305,699097,706597,725536,713224,754954
"3069","317030","317030 UMBURATIBA",2802,2849,2850,2705,2693,2680,2746,2736,2727,2718,2709,2626,2611,2596,2582,2686,2684,2742
"3070","317040","317040 UNAI",77182,77433,78125,77565,78144,78703,81693,82298,82887,83448,83980,83808,84378,84930,85461,86867,86619,90724
"3071","317043","317043 UNIAO DE MINAS",5099,4730,4729,4418,4402,4385,4498,4486,4474,4463,4452,4325,4304,4284,4265,3671,3828,3848
"3072","317047","317047 URUANA DE MINAS",3595,2797,2734,3235,3233,3231,3326,3336,3336,3337,3338,3267,3264,3260,3256,3268,3282,3360
"3073","317050","317050 URUCANIA",10256,10499,10494,10291,10285,10279,10581,10583,10585,10587,10589,10371,10358,10345,10333,10480,10600,10875
"3074","317052","317052 URUCUIA",11771,11971,12207,13604,13911,14207,14963,15266,15556,15833,16095,16547,16865,17173,17470,17433,17479,18291
"3075","317057","317057 VARGEM ALEGRE",7458,6808,6829,6461,6455,6449,6635,6635,6634,6633,6632,6491,6480,6470,6460,6195,5780,5834
"3076","317060","317060 VARGEM BONITA",2132,2148,2131,2163,2160,2156,2216,2214,2213,2211,2209,2158,2153,2148,2143,1984,2158,2206
"3077","317065","317065 VARGEM GRANDE DO RIO PARDO",5035,4884,4936,4733,4755,4775,4942,4966,4989,5011,5032,4987,5007,5026,5045,4631,4633,4727
"3078","317070","317070 VARGINHA",126841,120691,121788,123081,124162,125208,130139,131269,132353,133384,134364,134477,135558,136602,137608,137078,136467,142802
"3079","317075","317075 VARJAO DE MINAS",5373,6356,6520,6054,6158,6259,6558,6662,6762,6857,6947,7071,7036,7138,7235,7023,6969,7243
"3080","317080","317080 VARZEA DA PALMA",33443,35907,36310,35809,36129,36439,37879,38213,38534,38838,39128,39173,39493,39803,40101,32885,33744,34639
"3081","317090","317090 VARZELANDIA",20431,19731,19769,19116,19112,19108,19678,19690,19702,19712,19723,19335,19320,19305,19290,18842,18840,19214
"3082","317100","317100 VAZANTE",19038,19954,20043,19723,19785,19844,20506,20580,20652,20720,20784,20537,20590,20642,20692,20771,19975,20433
"3083","317103","317103 VERDELANDIA",7827,8396,8513,8346,8436,8523,8875,8967,9056,9140,9220,9265,9355,9443,9527,7348,7672,7770
"3084","317107","317107 VEREDINHA",5646,5976,6038,5549,5559,5569,5746,5760,5773,5786,5798,5712,5720,5727,5733,5148,5181,5257
"3085","317110","317110 VERISSIMO",2712,3890,3990,3483,3530,3575,3733,3781,3826,3870,3911,3951,3999,4045,4090,3289,3411,3480
"3086","317115","317115 VERMELHO NOVO",4824,4690,4699,4689,4698,4707,4859,4871,4883,4894,4905,4832,4839,4846,4852,4916,4899,5034
"3087","317120","317120 VESPASIANO",100610,99557,101844,104527,106685,108771,114365,116506,118557,120510,122365,125376,127601,129765,131849,137821,129021,136826
"3088","317130","317130 VICOSA",76080,73362,74172,72220,72786,73333,76147,76745,77318,77863,78381,78286,78846,79388,79910,85119,76430,79221
"3089","317140","317140 VIEIRAS",4088,3908,3896,3731,3715,3698,3790,3777,3765,3753,3741,3629,3608,3589,3570,3701,3700,3780
"3090","317150","317150 MATHIAS LOBATO",3638,3540,3505,3370,3350,3329,3406,3389,3373,3357,3342,3227,3203,3179,3157,2912,3038,3069
"3091","317160","317160 VIRGEM DA LAPA",13452,14602,14684,13619,13615,13611,14016,14023,14030,14037,14043,13764,13752,13740,13729,11513,11804,11867
"3092","317170","317170 VIRGINIA",8832,8565,8553,8623,8618,8612,8864,8865,8867,8868,8870,8685,8674,8663,8652,8933,8908,9142
"3093","317180","317180 VIRGINOPOLIS",9742,11241,11274,10572,10553,10534,10830,10820,10810,10801,10793,10537,10510,10484,10459,10336,10314,10519
"3094","317190","317190 VIRGOLANDIA",5517,5851,5815,5658,5624,5590,5720,5691,5664,5638,5613,5420,5380,5340,5303,4848,4552,4530
"3095","317200","317200 VISCONDE DO RIO BRANCO",36125,36826,37228,37942,38353,38749,40356,40778,41182,41567,41932,42149,42564,42965,43351,38493,39160,40608
"3096","317210","317210 VOLTA GRANDE",5247,5362,5390,5070,5082,5093,5258,5274,5288,5302,5315,5243,5252,5261,5270,4367,4443,4473
"3097","317220","317220 WENCESLAU BRAZ",2693,2576,2586,2553,2550,2547,2619,2618,2617,2616,2615,2558,2552,2548,2543,2279,2356,2387
"3098","320010","320010 AFONSO CLAUDIO",34035,31489,31370,31091,31004,30919,32551,32502,32454,32407,32361,30720,30586,30455,30326,30603,30684,32446
"3099","320013","320013 AGUIA BRANCA",9408,9520,9506,9519,9513,9507,10045,10055,10065,10075,10085,9653,9642,9631,9621,9714,9711,10124
"3100","320016","320016 AGUA DOCE DO NORTE",12791,12163,12096,11771,11696,11624,12164,12094,12025,11958,11893,11131,11019,10909,10801,12038,12042,12559
"3101","320020","320020 ALEGRE",32814,31222,31151,30768,30696,30626,32267,32236,32205,32175,32146,30568,30084,29975,29869,26397,29177,30744
"3102","320030","320030 ALFREDO CHAVES",14437,14507,14584,13955,13982,14007,14859,14916,14973,15029,15082,14566,14601,14636,14670,13303,13836,14373
"3103","320035","320035 ALTO RIO NOVO",6522,6251,6158,7317,7345,7371,7841,7888,7934,7979,8022,7798,7836,7874,7911,7438,7434,7747
"3104","320040","320040 ANCHIETA",22783,20144,20228,23902,24265,24616,26658,27145,27624,28091,28546,28736,29263,29779,30285,29613,29984,32584
"3105","320050","320050 APIACA",8140,7864,7870,7512,7505,7497,7916,7920,7924,7928,7932,7580,7567,7554,7542,7178,7223,7474
"3106","320060","320060 ARACRUZ",75022,77414,78662,81832,83152,84429,91562,93325,95056,96746,98393,99305,101220,103101,104942,99336,94765,102410
"3107","320070","320070 ATILIO VIVACQUA",9745,9272,9359,9850,9967,10080,10862,11023,11181,11335,11804,11765,11936,12105,12270,11218,10540,11013
"3108","320080","320080 BAIXO GUANDU",28409,29722,29890,29081,29178,29272,31126,31298,31467,31633,31794,30862,30998,31132,31263,30676,30674,32694
"3109","320090","320090 BARRA DE SAO FRANCISCO",39178,41301,41645,40649,40884,41110,43882,44244,44599,44946,45283,44315,44650,44979,45301,40753,42498,45250
"3110","320100","320100 BOA ESPERANCA",14337,13182,13120,14199,14239,14278,15169,15244,15318,15390,15460,14982,15037,15092,15146,13134,13608,14079
"3111","320110","320110 BOM JESUS DO NORTE",10308,9638,9677,9476,9496,9514,10095,10136,10176,10215,10254,9910,9936,9962,9988,9832,10254,10764
"3112","320115","320115 BREJETUBA",13225,11161,11100,11915,11933,11950,12669,12712,12755,12797,12838,12381,12404,12427,12450,12933,12985,13642
"3113","320120","320120 CACHOEIRO DE ITAPEMIRIM",201661,198962,201257,189889,191042,192156,205213,206973,208702,210325,211649,207324,208972,210589,212172,196133,185786,198323
"3114","320130","320130 CARIACICA",366616,362277,365860,348738,350615,352431,375974,378915,381802,384621,387368,378603,381285,383917,386495,375500,353491,375485
"3115","320140","320140 CASTELO",35400,33197,33210,34747,34900,35048,37331,37582,37829,38070,38304,37317,37534,37747,37956,39372,36930,39396
"3116","320150","320150 COLATINA",113053,110713,111361,111788,112432,113054,120677,121670,122646,123598,124525,121580,122499,123400,124283,124575,120033,128622
"3117","320160","320160 CONCEICAO DA BARRA",30081,27029,27052,28449,28600,28745,30659,30895,31127,31353,31574,30849,31063,31273,31479,27947,27458,28953
"3118","320170","320170 CONCEICAO DO CASTELO",11230,11773,11845,11681,11741,11798,12579,12673,12766,12856,12944,12638,12723,12806,12887,12219,11937,12448
"3119","320180","320180 DIVINO DE SAO LOURENCO",5431,4997,5007,4516,4493,4471,4688,4669,4649,4630,4612,4338,4304,4270,4236,5089,5083,5359
"3120","320190","320190 DOMINGOS MARTINS",34375,32304,32457,31847,31946,32042,34059,34239,34416,34589,34757,33711,33850,33986,34120,35937,35416,37972
"3121","320200","320200 DORES DO RIO PRETO",6968,6288,6289,6397,6414,6429,6827,6859,6890,6920,6949,6727,6749,6771,6793,6669,6596,6885
"3122","320210","320210 ECOPORANGA",23598,23919,23895,23212,23154,23097,24327,24299,24271,24243,24217,23014,22923,22835,22748,21995,21992,22670
"3123","320220","320220 FUNDAO",15403,16125,16429,17025,17334,17632,19177,19585,19985,20376,20757,21061,21509,21948,22379,17884,18014,18824
"3124","320225","320225 GOVERNADOR LINDENBERG",10171,10324,10421,10869,10990,11106,11953,12120,12284,12444,12600,12535,12709,12880,13047,11073,11009,11467
"3125","320230","320230 GUACUI",28496,26648,26736,27851,28033,28208,30144,30417,30685,30946,31201,30607,30867,31122,31372,28727,29358,31290
"3126","320240","320240 GUARAPARI",111095,103113,104532,105286,106583,107836,116278,118056,119802,121506,123166,122982,124859,126701,128504,132915,124656,134944
"3127","320245","320245 IBATIBA",22316,20370,20472,22366,22609,22843,24575,24913,25244,25567,25882,25732,26082,26426,26762,25296,25380,27308
"3128","320250","320250 IBIRACU",10765,10679,10725,11178,11258,11335,12124,12242,12358,12471,12581,12365,12479,12591,12701,12561,11723,12261
"3129","320255","320255 IBITIRAMA",10534,9243,9239,8957,8938,8919,9400,9393,9386,9379,9373,8919,8889,8859,8830,9550,9520,9973
"3130","320260","320260 ICONHA",12598,11872,11899,12523,12603,12681,13548,13669,13788,13904,14016,13745,13860,13973,14083,12055,12326,12793
"3131","320265","320265 IRUPI",11052,10708,10735,11723,11829,11930,12798,12948,13096,13240,13380,13226,13377,13526,13672,13328,13710,14513
"3132","320270","320270 ITAGUACU",15433,14212,14170,14134,14107,14080,14844,14836,14829,14822,14815,14109,14066,14023,13982,14368,13589,14065
"3133","320280","320280 ITAPEMIRIM",33449,32354,32765,30988,31209,31421,33610,33952,34272,34585,34628,34032,34348,34656,34957,45801,39832,43362
"3134","320290","320290 ITARANA",12302,10746,10666,10881,10840,10799,11349,11319,11289,11259,11231,10619,10555,10494,10433,12452,10597,10984
"3135","320300","320300 IUNA",28782,26248,26240,27328,27422,27512,29258,29423,29585,29743,29896,29030,29161,29290,29417,27846,28590,30444
"3136","320305","320305 JAGUARE",21660,23125,23476,24678,25073,25454,27599,28126,28644,29150,29642,29904,30477,31039,31589,28911,28931,31232
"3137","320310","320310 JERONIMO MONTEIRO",11285,11146,11234,10879,10932,10984,11707,11792,11876,11957,12036,11744,12192,12265,12336,11627,11575,12079
"3138","320313","320313 JOAO NEIVA",16859,14697,14618,15809,15848,15886,16869,16946,17022,17096,17168,16614,16668,16722,16774,15431,14079,14391
"3139","320316","320316 LARANJA DA TERRA",11182,11126,11141,10826,10818,10810,11418,11428,11438,11447,11457,10961,10947,10933,10919,11068,11094,11572
"3140","320320","320320 LINHARES",124572,130901,132662,141306,143509,145639,157814,160765,163662,166491,169048,170364,173555,176688,179755,171265,166786,181912
"3141","320330","320330 MANTENOPOLIS",10732,11692,11631,13612,13721,13826,14808,14966,15121,15272,15419,15194,15350,15503,15653,12259,12770,13173
"3142","320332","320332 MARATAIZES",37388,32351,32502,34140,34412,34675,37140,37535,37923,38301,38670,38108,38499,38883,39259,46198,41929,45418
"3143","320334","320334 MARECHAL FLORIANO",14458,13208,13299,14262,14422,14576,15689,15910,16127,16339,16545,16464,16694,16920,17141,19594,17641,18743
"3144","320335","320335 MARILANDIA",10705,10615,10668,11107,11198,11286,12092,12224,12353,12479,12602,12700,12833,12963,13091,12975,12387,13014
"3145","320340","320340 MIMOSO DO SUL",28033,27059,27136,25902,25880,25858,27309,27329,27349,27369,27388,26191,26153,26115,26079,24769,24475,25179
"3146","320350","320350 MONTANHA",16526,18723,18859,17849,17894,17938,19049,19138,19224,19309,19391,18770,18833,18894,18954,18851,18900,19752
"3147","320360","320360 MUCURICI",6316,5914,5915,5655,5637,5619,5909,5897,5885,5873,5861,5552,5524,5496,5468,5467,5466,5660
"3148","320370","320370 MUNIZ FREIRE",19292,18497,18342,18397,18298,18202,19081,18994,18909,18826,18745,17613,17465,17319,17176,18169,18153,18811
"3149","320380","320380 MUQUI",13716,14322,14376,14396,14452,14506,15438,15533,15626,15717,15806,15370,15449,15526,15602,15736,13745,14213
"3150","320390","320390 NOVA VENECIA",46000,46080,46350,46031,46263,46487,49564,49932,50294,50647,50991,49780,50110,50434,50751,48220,49065,52084
"3151","320400","320400 PANCAS",19886,18690,18495,21548,21636,21722,23125,23273,23418,23559,23697,23059,23184,23306,23426,18923,18893,19270
"3152","320405","320405 PEDRO CANARIO",22477,24196,24405,23794,23935,24071,25700,25916,26128,26336,26537,25982,26184,26381,26575,21343,21522,22048
"3153","320410","320410 PINHEIROS",21322,23656,23868,23895,24093,24284,26023,26309,26589,26863,27130,26763,27047,27327,27601,23674,23915,24825
"3154","320420","320420 PIUMA",19716,17019,17211,18123,18364,18597,20082,20395,20716,21030,21336,21363,21711,22053,22388,21124,22300,23682
"3155","320425","320425 PONTO BELO",6554,7161,7247,6979,7034,7088,7590,7670,7749,7826,7901,7784,7863,7940,8016,6486,6497,6696
"3156","320430","320430 PRESIDENTE KENNEDY",9661,10786,10907,10314,10373,10429,11130,11221,11309,11396,11742,11488,11574,11658,11741,14718,13696,14647
"3157","320435","320435 RIO BANANAL",17085,17174,17246,17530,17623,17713,18892,19038,19181,19321,19457,19009,19141,19271,19398,19035,19274,20229
"3158","320440","320440 RIO NOVO DO SUL",12349,11440,11445,11325,11330,11334,11993,12020,12045,12070,12095,11618,11622,11626,11630,11017,11069,11479
"3159","320450","320450 SANTA LEOPOLDINA",13604,12727,12739,12240,12223,12207,12881,12883,12885,12887,12889,12300,12224,12197,12171,15830,13106,13747
"3160","320455","320455 SANTA MARIA DE JETIBA",33460,33468,33904,34176,34591,34992,37720,38290,38850,39396,39928,39849,40431,41015,41588,46523,41636,45062
"3161","320460","320460 SANTA TERESA",21282,20747,20733,21823,21916,22005,23432,23585,23735,23882,24025,23392,23590,23724,23853,25755,22808,23796
"3162","320465","320465 SAO DOMINGOS DO NORTE",8443,8150,8196,8001,8036,8070,8595,8652,8709,8764,8818,8589,8638,8687,8735,8588,8589,9008
"3163","320470","320470 SAO GABRIEL DA PALHA",28880,30255,30605,31859,32264,32655,35232,35785,36328,36858,37375,37361,37947,38522,39085,34198,32252,34210
"3164","320480","320480 SAO JOSE DO CALCADO",10710,10929,10956,10408,10403,10397,10987,11000,11012,11024,11036,10566,10556,10546,10536,10875,10878,11373
"3165","320490","320490 SAO MATEUS",104841,100655,101615,109028,110454,111832,120725,122668,124575,126437,128449,128542,130611,132642,134629,122386,123752,133359
"3166","320495","320495 SAO ROQUE DO CANAA",11143,10786,10818,11273,11341,11406,12179,12283,12384,12483,12579,12318,12415,12510,12602,10594,10886,11271
"3167","320500","320500 SERRA",405426,397226,404689,409267,416029,422569,467318,476428,485376,494109,502618,507598,517510,527240,536765,546405,520653,572274
"3168","320501","320501 SOORETAMA",21740,23268,23762,23843,24271,24685,26843,27409,27966,28509,29038,29449,30070,30680,31278,27255,26502,28453
"3169","320503","320503 VARGEM ALTA",21024,18534,18642,19130,19265,19395,20744,20944,21141,21396,21584,21207,21402,21591,21778,22285,19563,20353
"3170","320506","320506 VENDA NOVA DO IMIGRANTE",19670,19684,20023,20447,20776,21094,22873,23313,23744,24165,24575,24800,25277,25745,26204,23964,23831,25168
"3171","320510","320510 VIANA",61607,60191,60823,65001,65888,66745,72115,73318,74499,75652,76776,76954,78239,79500,80735,71443,73423,78442
"3172","320515","320515 VILA PAVAO",8511,9059,9124,8672,8699,8724,9272,9320,9368,9414,9459,9171,9208,9244,9280,8890,8911,9298
"3173","320517","320517 VILA VALERIO",14465,14044,14054,13830,13827,13824,14614,14635,14657,14677,14697,14087,14080,14073,14065,14764,13728,14263
"3174","320520","320520 VILA VELHA",414347,407579,413547,414586,419854,424948,458489,465690,472762,479664,486388,486208,493838,501325,508655,493242,467722,502899
"3175","320530","320530 VITORIA",320822,317817,320153,327801,330526,333162,348268,352104,355875,359555,363140,358267,362097,365855,369534,331785,322869,342800
"3176","330010","330010 ANGRA DOS REIS",147893,164191,168666,169511,173370,177101,181486,184940,188276,191504,194619,200407,203785,207044,210171,181228,167434,179120
"3177","330015","330015 APERIBE",9467,9420,9554,10213,10382,10545,10736,10882,11023,11160,11292,11612,11759,11901,12036,10893,11034,11420
"3178","330020","330020 ARARUAMA",103030,107285,109704,112008,114250,116418,118964,120948,122865,124940,126742,130439,132400,134293,136109,126726,129671,137773
"3179","330022","330022 AREAL",11335,11797,11982,11423,11540,11654,11785,11879,11970,12058,12143,12471,12572,12669,12763,11765,11828,12236
"3180","330023","330023 ARMACAO DOS BUZIOS",24730,27701,28652,27560,28279,28973,29790,30439,31067,31674,32260,33240,40532,34477,35060,39033,40006,42442
"3181","330025","330025 ARRAIAL DO CABO",27290,26636,26890,27715,28010,28295,28627,28866,29097,29077,29304,30096,30349,30593,30827,31030,30986,32794
"3182","330030","330030 BARRA DO PIRAI",96419,102487,103831,94778,95260,95726,96261,96568,96865,97152,97460,99969,100374,100764,101139,91025,92883,98501
"3183","330040","330040 BARRA MANSA",176966,176469,176902,177813,178355,178880,179472,179697,179915,180126,179451,183976,184412,184833,185237,166654,169894,181688
"3184","330045","330045 BELFORD ROXO",497237,495694,501544,469332,472008,474596,477583,479386,481127,494141,495783,508614,510906,513118,515239,446731,483087,518263
"3185","330050","330050 BOM JARDIM",24373,26207,26554,25333,25539,25738,25969,26126,26278,26424,26566,27269,27446,27616,27779,28166,28102,29736
"3186","330060","330060 BOM JESUS DO ITABAPOANA",36872,35178,35306,35411,35546,35677,35825,35896,35964,36031,36068,36985,37096,37203,37306,35797,35173,37172
"3187","330070","330070 CABO FRIO",171449,180635,186004,186227,190787,195197,200380,204486,208451,212289,216030,222528,219863,230378,234077,214057,222161,238166
"3188","330080","330080 CACHOEIRAS DE MACACU",55636,56529,57302,54273,54713,55139,55632,55967,56290,56603,57048,58560,58937,59303,59652,53887,56943,59837
"3189","330090","330090 CAMBUCI",14345,14772,14774,14827,14840,14851,14862,14849,14836,14824,15124,15496,15505,15514,15521,14245,14616,15070
"3190","330093","330093 CARAPEBUS",10604,11671,11935,13359,13697,14024,14408,14713,15008,15293,15568,16039,16301,16586,16859,13360,13847,14325
"3191","330095","330095 COMENDADOR LEVY GASPARIAN",8644,8760,8830,8180,8200,8219,8240,8245,8250,8255,8336,8544,8561,8576,8590,8769,8741,9044
"3192","330100","330100 CAMPOS DOS GOYTACAZES",433093,431839,434008,463731,468087,472300,477208,480648,483970,487186,490288,503424,507548,511168,514643,474667,483540,519011
"3193","330110","330110 CANTAGALO",21031,20491,20548,19830,19830,19830,19825,19792,19759,19727,19697,20177,20172,20168,20163,19443,19390,19996
"3194","330115","330115 CARDOSO MOREIRA",12420,12502,12484,12600,12601,12601,12599,12578,12558,12538,12519,12826,12823,12821,12818,12686,12958,13403
"3195","330120","330120 CARMO",15960,17784,18021,17434,17599,17758,17944,18074,18200,18322,18264,18755,18895,19030,19161,17149,17198,17740
"3196","330130","330130 CASIMIRO DE ABREU",27709,29811,30564,35347,36360,37340,38492,39414,40305,41167,41999,43295,44184,45041,45864,45570,46110,48563
"3197","330140","330140 CONCEICAO DE MACABU",20079,20505,20681,21211,21416,21613,21844,22006,22163,22315,22461,23064,23228,23398,23561,20814,21104,21769
"3198","330150","330150 CORDEIRO",20170,19797,19904,20430,20571,20707,20863,20965,21063,21158,21250,21806,21926,22041,22152,20843,20783,21444
"3199","330160","330160 DUAS BARRAS",10727,10848,10891,10930,10976,11020,11070,11096,11121,11145,11169,11454,11492,11528,11563,11102,10980,11354
"3200","330170","330170 DUQUE DE CAXIAS",867029,864392,872762,855048,861158,867067,873921,878402,882729,886917,890997,914383,919596,924624,929449,782799,808161,866347
"3201","330180","330180 ENGENHEIRO PAULO DE FRONTIN",12258,13127,13217,13237,13324,13408,13505,13566,13626,13521,13576,13929,14002,14071,14138,11822,12242,12648
"3202","330185","330185 GUAPIMIRIM",46360,48688,49749,51483,52522,53527,54706,55626,56515,57105,57921,59613,60517,61388,62225,50409,51696,54300
"3203","330187","330187 IGUABA GRANDE",21003,22199,22944,22851,23475,24079,24788,25354,25901,26430,26936,27762,28310,28837,29344,27651,27920,29577
"3204","330190","330190 ITABORAI",226040,225309,228996,218008,220352,222618,225263,227168,229007,230786,232394,238695,240592,242543,244416,231004,224267,240040
"3205","330200","330200 ITAGUAI",97834,103515,105640,109091,111171,113182,115542,117374,119143,120855,122369,125913,133019,134819,136547,132867,116841,123980
"3206","330205","330205 ITALVA",12503,14496,14675,14063,14174,14281,14405,14489,14569,14647,14723,15113,15207,15299,15387,13729,14073,14517
"3207","330210","330210 ITAOCARA",23065,22522,22443,22899,22892,22884,22870,22824,22779,22736,22694,23247,23234,23222,23211,22989,22919,23643
"3208","330220","330220 ITAPERUNA",94139,98347,99454,95841,96542,97219,98004,98521,99021,99504,99997,102626,103224,103800,104354,99300,101041,107246
"3209","330225","330225 ITATIAIA",32109,34595,35580,28783,29094,29394,29744,29996,30240,30475,30703,31537,31805,32064,32312,30766,30908,32694
"3210","330227","330227 JAPERI",98165,100055,101687,95492,96430,97337,98393,99141,99863,100562,101237,103960,104768,105548,106296,96595,96289,102149
"3211","330230","330230 LAJE DO MURIAE",8287,7996,8008,7487,7455,7424,7385,7341,7298,7257,7217,7386,7355,7326,7298,6767,7336,7584
"3212","330240","330240 MACAE",165006,188787,194412,206728,212433,217951,224442,229624,234628,239471,244139,251631,256672,261501,266136,262692,246391,264138
"3213","330245","330245 MACUCO",4331,5561,5625,5269,5299,5327,5360,5380,5398,5417,5434,5574,5599,5623,5646,5446,5415,5601
"3214","330250","330250 MAGE",241708,240940,244335,227322,228972,230568,232419,233634,234809,236319,237420,243657,245071,246433,247741,248208,228127,244092
"3215","330260","330260 MANGARATIBA",30833,31848,32530,36456,37343,38201,39210,40008,40779,41557,42415,43689,44468,45220,45941,38953,41220,43624
"3216","330270","330270 MARICA",102421,119231,123491,127461,131355,135121,139552,143111,146549,149876,153008,157789,161207,164504,167668,223938,197277,211986
"3217","330280","330280 MENDES",17882,17839,17873,17935,17981,18024,18072,18086,18099,18111,18123,18578,18614,18648,18681,17461,17502,18049
"3218","330285","330285 MESQUITA",188533,187949,190057,168376,168966,169537,170185,170473,170751,171020,171280,175620,176103,176569,177016,168849,167127,178803
"3219","330290","330290 MIGUEL PEREIRA",27691,25704,25865,24642,24699,24754,24815,24829,24842,24855,24871,25493,25538,25581,25622,26301,26582,28123
"3220","330300","330300 MIRACEMA",28740,26868,26823,26843,26827,26810,26786,26724,26665,26607,26551,27195,27174,27154,27134,26644,26881,28411
"3221","330310","330310 NATIVIDADE",15545,15392,15419,15082,15079,15076,15069,15040,15013,14986,14960,15324,15317,15311,15305,14938,15074,15550
"3222","330320","330320 NILOPOLIS",149989,159005,159409,157425,157710,157986,158288,158299,158309,158319,158329,162269,162485,162693,162893,150281,146774,155544
"3223","330330","330330 NITEROI",479270,477912,479386,487562,489720,491807,494200,495470,496696,497883,499028,511786,513584,515317,516981,523664,481749,516720
"3224","330340","330340 NOVA FRIBURGO",178807,178310,178653,182082,182748,183391,184122,184460,184786,185102,185381,190084,190631,191158,191664,204625,189939,203328
"3225","330350","330350 NOVA IGUACU",858151,855500,865089,796257,799047,801746,804815,806177,807492,797435,798647,818875,821128,823302,825388,819134,785867,843046
"3226","330360","330360 PARACAMBI",43916,44629,45019,47124,47635,48129,48705,49120,49521,50071,50447,51815,52257,52683,53093,41146,41375,43656
"3227","330370","330370 PARAIBA DO SUL",40381,41315,41677,41084,41367,41639,41955,42159,42356,42737,42922,44045,44285,44518,44741,41786,42063,44467
"3228","330380","330380 PARATY",34319,35182,35725,37533,38147,38740,39434,39965,40478,40975,41454,42630,43165,43680,44175,50592,45243,47614
"3229","330385","330385 PATY DO ALFERES",28200,26099,26199,26359,26469,26575,26696,26758,26818,26939,26991,27678,27769,27858,27942,29390,29619,31345
"3230","330390","330390 PETROPOLIS",313697,312766,315119,295917,296565,297192,297888,298017,298142,298158,298235,305687,306191,306678,307144,304758,278881,294983
"3231","330395","330395 PINHEIRAL",23549,22129,22382,22719,22968,23208,23488,23691,23887,24076,24282,24941,25156,25364,25563,24553,24298,25085
"3232","330400","330400 PIRAI",24704,25762,26114,26314,26637,26948,27311,27579,27838,28088,28222,28999,29277,29545,29802,27996,27474,29054
"3233","330410","330410 PORCIUNCULA",17132,18227,18443,17760,17899,18034,18188,18293,18059,18156,18248,18730,18847,18960,19068,16958,17288,17832
"3234","330411","330411 PORTO REAL",15797,15879,16248,16592,16938,17272,17663,17970,18266,18552,18829,19381,19683,19974,20254,20375,20373,21064
"3235","330412","330412 QUATIS",12398,12923,13141,12793,12952,13105,13283,13415,13543,13666,13785,14165,14302,14435,14562,12646,13682,14158
"3236","330414","330414 QUEIMADOS",141708,137870,139375,137962,139188,140374,141753,142709,143632,144525,145386,149265,150319,151335,152311,139194,140523,149093
"3237","330415","330415 QUISSAMA",16402,19315,19873,20242,20747,21234,21806,22261,22700,23125,23535,24246,24700,25126,25535,21749,22393,23126
"3238","330420","330420 RESENDE",122017,127763,130035,119769,120938,122068,123385,124316,125214,126084,126923,130334,131341,132312,133244,128460,129612,137612
"3239","330430","330430 RIO BONITO",53542,54596,55059,55551,56001,56436,56942,57284,57615,57963,58272,59814,60201,60573,60930,55068,56276,59113
"3240","330440","330440 RIO CLARO",18408,18181,18361,17425,17517,17606,17709,17768,17826,17850,17988,18451,18529,18605,18677,18544,17401,17950
"3241","330450","330450 RIO DAS FLORES",8630,8686,8772,8561,8633,8703,8783,8838,8892,8943,8984,9222,9284,9344,9401,9387,8954,9264
"3242","330452","330452 RIO DAS OSTRAS",51906,91085,96620,105676,110992,116134,122196,127171,131976,136626,141117,145989,150674,155193,159529,149562,156491,168099
"3243","330455","330455 RIO DE JANEIRO",6178762,6161047,6186713,6320446,6355949,6390290,6429923,6453682,6476631,6498837,6520266,6688927,6718903,6747815,6775561,6625849,6211223,6729894
"3244","330460","330460 SANTA MARIA MADALENA",10152,10756,10775,10321,10310,10298,10282,10253,10225,10198,10172,10417,10404,10392,10380,9704,10232,10579
"3245","330470","330470 SANTO ANTONIO DE PADUA",43288,42093,42409,40589,40735,40876,41035,41108,41178,41246,41312,42359,42479,42594,42705,40870,41325,43686
"3246","330475","330475 SAO FRANCISCO DE ITABAPOANA",47770,47247,47831,41354,41371,41386,41397,41343,41291,41240,41191,42201,42205,42210,42214,44939,45059,47368
"3247","330480","330480 SAO FIDELIS",38668,39057,39253,37543,37601,37657,37717,37710,37703,37696,37689,38626,38669,38710,38749,38711,38961,41197
"3248","330490","330490 SAO GONCALO",985799,982832,991377,999728,1008065,1016128,1025507,1031903,1038081,1044058,1049826,1077687,1084839,1091737,1098357,929446,896744,960652
"3249","330500","330500 SAO JOAO DA BARRA",28944,30348,30606,32747,33136,33512,33951,34273,34583,34884,35174,36138,36102,36423,36731,36518,36573,38708
"3250","330510","330510 SAO JOAO DE MERITI",469637,468309,469831,458673,459379,460062,460799,460711,460625,460541,460461,471888,472406,472906,473385,393773,440962,466536
"3251","330513","330513 SAO JOSE DE UBA",6788,7220,7297,7003,7049,7093,7143,7175,7206,7236,6953,7134,7171,7206,7240,7070,7070,7315
"3252","330515","330515 SAO JOSE DO VALE DO RIO PRETO",21788,20412,20571,20251,20398,20540,20704,20812,20916,21017,21114,21670,21795,21916,22032,22125,22080,22799
"3253","330520","330520 SAO PEDRO DA ALDEIA",81002,82951,84864,87875,89739,91542,93659,95318,96920,98470,99906,102846,104476,106049,107556,102290,104029,110556
"3254","330530","330530 SAO SEBASTIAO DO ALTO",8871,8998,9054,8895,8933,8970,9012,9033,9054,9075,9094,9326,9357,9387,9416,7707,7750,7999
"3255","330540","330540 SAPUCAIA",18630,17352,17355,17525,17554,17581,17610,17608,17606,17604,17765,18205,18228,18249,18270,18585,17729,18289
"3256","330550","330550 SAQUAREMA",64860,67853,69367,74234,75906,77522,79421,80915,82359,83750,85175,87704,89170,90583,91938,88755,89559,95201
"3257","330555","330555 SEROPEDICA",78530,77618,78817,78186,79179,80138,81260,82090,82892,83667,84416,86743,82312,83092,83841,85359,80596,84737
"3258","330560","330560 SILVA JARDIM",23919,22158,22224,21349,21356,21362,21366,21336,21307,21279,21253,21773,21774,21774,21775,21509,21352,22026
"3259","330570","330570 SUMIDOURO",15194,15219,15317,14900,14956,15010,15070,15099,15127,15153,15191,15577,15623,15667,15709,18286,15206,15690
"3260","330575","330575 TANGUA",30707,30139,30530,30732,31091,31438,31844,32140,32426,32703,32970,33870,34309,34610,34898,31169,31086,32858
"3261","330580","330580 TERESOPOLIS",152858,159968,162070,163746,165716,167622,169849,171482,173060,174587,176060,180886,182594,184240,185820,189036,165123,176692
"3262","330590","330590 TRAJANO DE MORAES",9524,9934,9912,10289,10309,10327,10347,10348,10350,10351,10352,10611,10626,10640,10653,10303,10302,10652
"3263","330600","330600 TRES RIOS",77096,75754,76070,77432,77851,78256,78723,78998,79264,79230,79402,81453,81804,82142,82468,76789,78346,82300
"3264","330610","330610 VALENCA",70986,74993,75817,71843,72268,72679,73154,73445,73725,73997,74237,76163,76523,76869,77202,72264,68088,71462
"3265","330615","330615 VARRE-SAI",8476,8766,8851,9475,9600,9720,9861,9966,10402,10500,10597,10890,11000,11106,11208,10209,10207,10559
"3266","330620","330620 VASSOURAS",33833,34024,34256,34410,34638,34858,35112,35275,35432,35622,35768,36702,36896,37083,37262,38081,33976,35904
"3267","330630","330630 VOLTA REDONDA",260570,259811,261404,257803,259012,260180,261522,262259,262970,263659,265201,271998,273012,273988,274925,270543,261563,279898
"3268","350010","350010 ADAMANTINA",34689,34366,34423,33797,33821,33843,34953,35001,35048,35094,35139,35023,35068,35111,35153,34357,34687,35642
"3269","350020","350020 ADOLFO",4032,3711,3709,3557,3548,3538,3639,3631,3623,3616,3609,3571,3562,3554,3545,4339,4351,4478
"3270","350030","350030 AGUAI",32306,31763,32108,32148,32452,32745,34188,34530,34863,35189,35508,35954,36305,36648,36981,31561,32072,32888
"3271","350040","350040 AGUAS DA PRATA",7506,7684,7736,7584,7619,7653,7942,7984,8025,8065,8104,8137,8180,8221,8262,7075,7369,7470
"3272","350050","350050 AGUAS DE LINDOIA",19713,16335,16341,17266,17354,17438,18108,18212,18313,18412,18509,18599,18705,18808,18908,18859,17930,18245
"3273","350055","350055 AGUAS DE SANTA BARBARA",6351,5580,5613,5601,5630,5658,5876,5911,5944,5977,6009,6040,6075,6109,6142,7118,7177,7407
"3274","350060","350060 AGUAS DE SAO PEDRO",2033,2547,2606,2707,2771,2832,3004,3073,3139,3205,3268,3380,3451,3521,3588,3097,2780,2829
"3275","350070","350070 AGUDOS",34441,35872,36187,34524,34681,34833,36150,36339,36524,36704,36880,37023,37214,37401,37582,37525,37680,38879
"3276","350075","350075 ALAMBARI",3946,4325,4387,4884,4979,5071,5356,5460,5560,5658,5754,5918,6025,6129,6231,6086,6141,6330
"3277","350080","350080 ALFREDO MARCONDES",3876,4025,4055,3891,3906,3921,4064,4083,4101,4118,4135,4147,4166,4184,4201,4458,4445,4556
"3278","350090","350090 ALTAIR",3776,3312,3287,3815,3837,3859,4010,4035,4060,4085,4109,4134,4160,4186,4211,3383,3451,3479
"3279","350100","350100 ALTINOPOLIS",17046,15560,15550,15607,15617,15627,16137,16159,16179,16199,16219,16164,16184,16203,16221,16845,16818,17156
"3280","350110","350110 ALTO ALEGRE",3810,4270,4271,4102,4090,4078,4193,4183,4173,4164,4154,4110,4099,4088,4078,3837,3841,3883
"3281","350115","350115 ALUMINIO",16523,16331,16430,16839,16961,17079,17784,17924,18061,18194,18324,18484,18628,18767,18903,17170,17301,17591
"3282","350120","350120 ALVARES FLORENCE",3695,3920,3876,3897,3865,3834,3915,3883,3853,3824,3795,3712,3679,3647,3616,3881,3915,3978
"3283","350130","350130 ALVARES MACHADO",25892,23694,23777,23513,23579,23642,24482,24568,24651,24733,24813,24830,24915,24998,25078,27361,27255,28250
"3284","350140","350140 ALVARO DE CARVALHO",4938,4907,4982,4650,4692,4732,4937,4984,5030,5075,5119,5179,5227,5274,5320,4716,4808,4896
"3285","350150","350150 ALVINLANDIA",3087,2868,2865,3000,3013,3025,3137,3153,3168,3182,3196,3206,3222,3237,3251,2893,2885,2923
"3286","350160","350160 AMERICANA",207059,203283,205230,210638,212791,214873,224551,226970,229322,231621,233868,237112,239597,242018,244370,243674,237240,246655
"3287","350170","350170 AMERICO BRASILIENSE",35276,32819,33255,34478,34954,35413,37165,37691,38202,38701,39189,39962,40504,41032,41545,31996,33019,33757
"3288","350180","350180 AMERICO DE CAMPOS",5594,5503,5499,5706,5715,5723,5916,5930,5942,5955,5967,5956,5969,5981,5993,5790,5870,5975
"3289","350190","350190 AMPARO",68581,65466,65931,65829,66246,66649,69322,69808,70280,70742,71193,71700,72195,72677,73145,69952,68008,69717
"3290","350200","350200 ANALANDIA",4062,4471,4560,4293,4348,4401,4612,4672,4731,4789,4845,4933,4995,5056,5115,4577,4589,4684
"3291","350210","350210 ANDRADINA",57497,56505,56596,55334,55348,55361,57145,57198,57250,57300,57350,57112,57157,57202,57245,59464,59783,61473
"3292","350220","350220 ANGATUBA",21069,22877,23225,22210,22434,22650,23666,23917,24161,24400,24634,24969,25228,25479,25724,23928,24022,24512
"3293","350230","350230 ANHEMBI",5379,5656,5781,5653,5739,5822,6120,6215,6307,6397,6484,6627,6724,6819,6911,5659,5674,5766
"3294","350240","350240 ANHUMAS",3561,3900,3949,3738,3764,3788,3941,3970,3999,4026,4053,4085,4115,4144,4172,4005,4023,4108
"3295","350250","350250 APARECIDA",36315,37405,37633,35007,35015,35023,36151,36184,36217,36248,36279,36129,36157,36185,36211,32927,32569,33223
"3296","350260","350260 APARECIDA D'OESTE",4788,4633,4599,4450,4413,4377,4468,4432,4397,4362,4329,4234,4196,4158,4122,4030,4086,4124
"3297","350270","350270 APIAI",27687,25857,25688,25191,25040,24894,25491,25349,25211,25077,24945,24526,24374,24226,24081,24978,24585,24886
"3298","350275","350275 ARACARIGUAMA",14756,13027,13206,17080,17535,17975,19144,19636,20114,20581,21038,21854,22364,22860,23343,22673,21522,22168
"3299","350280","350280 ARACATUBA",183466,181143,182205,181579,182526,183441,190536,191662,192757,193828,194874,195874,197016,198129,199210,213929,200124,207775
"3300","350290","350290 ARACOIABA DA SERRA",24310,26012,26627,27299,27874,28429,30088,30713,31321,31915,32495,33499,34146,34776,35389,32922,32443,33656
"3301","350300","350300 ARAMINA",5353,5262,5304,5152,5182,5211,5416,5451,5486,5519,5552,5585,5620,5655,5689,5419,5420,5526
"3302","350310","350310 ARANDU",6445,6204,6225,6123,6128,6132,6334,6343,6351,6360,6368,6348,6357,6365,6373,6654,6885,7050
"3303","350315","350315 ARAPEI",2891,2587,2592,2493,2484,2475,2541,2532,2524,2516,2509,2478,2469,2460,2452,2469,2330,2355
"3304","350320","350320 ARARAQUARA",202250,199132,200665,208662,210673,212617,222036,224304,226508,228664,230770,233744,236072,238339,240542,250304,242228,252318
"3305","350330","350330 ARARAS",118437,113645,114514,118843,119968,121055,126391,127661,128895,130102,131282,132934,134236,135506,136739,131300,130866,135331
"3306","350335","350335 ARCO-IRIS",2326,2026,2016,1925,1907,1890,1925,1907,1890,1873,1856,1811,1791,1773,1755,2044,2044,2085
"3307","350340","350340 AREALVA",7535,7833,7879,7841,7887,7932,8245,8299,8351,8402,8452,8505,8560,8613,8665,8079,8130,8280
"3308","350350","350350 AREIAS",3873,3684,3690,3696,3704,3711,3839,3849,3859,3869,3879,3876,3886,3896,3906,3616,3577,3625
"3309","350360","350360 AREIOPOLIS",10553,11085,11158,10579,10601,10622,10989,11020,11049,11078,11107,11099,11129,11158,11186,9805,10130,10257
"3310","350370","350370 ARIRANHA",8864,8753,8878,8547,8630,8709,9095,9187,9277,9365,9451,9573,9668,9761,9851,7595,7602,7653
"3311","350380","350380 ARTUR NOGUEIRA",44889,42567,43500,44177,45026,45847,48420,49346,50246,51126,51986,53450,54408,55340,56247,55352,51456,53157
"3312","350390","350390 ARUJA",77530,78960,80925,74905,76112,77279,81326,82651,83939,85199,86430,88455,89824,91157,92453,97595,86678,89943
"3313","350395","350395 ASPASIA",1785,1831,1829,1809,1806,1802,1854,1851,1848,1845,1842,1825,1822,1818,1815,1860,1842,1873
"3314","350400","350400 ASSIS",96978,97725,98715,95144,95750,96336,100204,100911,101597,102268,102924,103666,104386,105087,105768,100447,101409,104642
"3315","350410","350410 ATIBAIA",132538,125418,126754,126603,127778,128914,134567,135895,137187,138449,139683,141398,142761,144088,145378,171672,158647,166043
"3316","350420","350420 AURIFLAMA",14142,14298,14369,14202,14255,14307,14831,14897,14961,15024,15085,15123,15189,15253,15316,13432,13692,13873
"3317","350430","350430 AVAI",4552,5121,5174,4959,4987,5014,5210,5243,5275,5306,5337,5369,5403,5436,5467,4553,4483,4519
"3318","350440","350440 AVANHANDAVA",9556,11816,12120,11310,11501,11685,12307,12516,12719,12918,13112,13433,13649,13859,14063,11257,11263,11438
"3319","350450","350450 AVARE",89549,83744,84414,82934,83430,83910,87238,87820,88385,88938,89479,90063,90655,91232,91792,92659,92805,96098
"3320","350460","350460 BADY BASSITT",16515,13898,14126,14603,14838,15065,15851,16109,16359,16604,16843,17236,17502,17761,18013,26991,27260,28909
"3321","350470","350470 BALBINOS",1395,4385,4695,3702,3886,4063,4433,4629,4819,5006,5188,5532,5735,5934,6127,3886,3887,3963
"3322","350480","350480 BALSAMO",7826,8151,8230,8160,8223,8284,8631,8703,8773,8841,8908,8994,9068,9139,9209,9598,9596,9854
"3323","350490","350490 BANANAL",10256,10727,10821,10223,10263,10301,10680,10728,10775,10821,10867,10896,10945,10993,11039,9690,9969,10109
"3324","350500","350500 BARAO DE ANTONINA",2594,2833,2831,3116,3141,3165,3297,3326,3353,3380,3406,3441,3469,3498,3525,3533,3531,3618
"3325","350510","350510 BARBOSA",6224,6846,6938,6593,6652,6708,6998,7064,7128,7190,7251,7335,7402,7468,7532,5623,5640,5659
"3326","350520","350520 BARIRI",31359,32824,33271,31593,31852,32102,33466,33761,34048,34328,34602,34961,35264,35558,35844,31584,31595,32405
"3327","350530","350530 BARRA BONITA",39441,36176,36213,35246,35228,35210,36310,36315,36321,36326,36331,36127,36126,36126,36125,34430,34346,35159
"3328","350535","350535 BARRA DO CHAPEU",4791,5314,5357,5244,5275,5305,5514,5550,5585,5619,5653,5688,5724,5760,5794,5135,5179,5256
"3329","350540","350540 BARRA DO TURVO",8942,7744,7702,7729,7700,7672,7878,7853,7828,7804,7781,7687,7659,7632,7606,7318,6876,6922
"3330","350550","350550 BARRETOS",111147,112804,113618,112101,112730,113338,117779,118521,119243,119948,120638,121344,122098,122833,123546,119427,122485,126600
"3331","350560","350560 BARRINHA",28764,26915,27167,28496,28826,29144,30506,30873,31230,31579,31921,32434,32812,33180,33537,32465,32092,33181
"3332","350570","350570 BARUERI",274199,264619,270172,240749,243242,245652,256756,259555,262275,264935,267534,271306,274182,276982,279704,342613,316473,330339
"3333","350580","350580 BASTOS",21838,21323,21385,20445,20435,20424,21061,21064,21067,21070,21073,20954,20953,20953,20952,21516,21503,21900
"3334","350590","350590 BATATAIS",57071,56022,56485,56476,56888,57286,59654,60128,60589,61040,61480,62024,62508,62980,63438,59342,58402,59873
"3335","350600","350600 BAURU",362813,355675,359426,343937,346077,348146,362062,364562,366992,369368,371690,374272,376818,379297,381706,388686,379146,391740
"3336","350610","350610 BEBEDOURO",80811,77430,77626,75035,75052,75069,77487,77558,77627,77695,77761,77436,77496,77555,77612,75709,76373,78210
"3337","350620","350620 BENTO DE ABREU",2394,2929,2991,2674,2696,2717,2831,2855,2879,2902,2925,2955,2980,3005,3028,2606,2606,2642
"3338","350630","350630 BERNARDINO DE CAMPOS",11292,10780,10779,10775,10780,10784,11133,11146,11157,11169,11180,11137,11148,11158,11168,11623,11607,11852
"3339","350635","350635 BERTIOGA",45835,42945,44234,47645,48997,50304,53679,55138,56555,57942,59297,61736,63249,64723,66154,64018,64188,66873
"3340","350640","350640 BILAC",6620,7369,7496,7048,7122,7193,7519,7602,7682,7761,7837,7949,8034,8117,8197,7310,7319,7455
"3341","350650","350650 BIRIGUI",110612,109451,110909,108728,109836,110907,115898,117143,118352,119536,120692,122359,123638,124883,126094,118365,118979,122988
"3342","350660","350660 BIRITIBA-MIRIM",30460,29208,29645,28575,28877,29168,30492,30830,31158,31479,31793,32251,32598,32936,33265,30195,29683,30526
"3343","350670","350670 BOA ESPERANCA DO SUL",14237,13835,13962,13645,13728,13807,14356,14452,14546,14638,14727,14824,14923,15018,15111,12722,12978,13135
"3344","350680","350680 BOCAINA",11307,10889,11025,10859,10968,11073,11568,11691,11810,11926,12040,12204,12329,12452,12571,11265,11259,11467
"3345","350690","350690 BOFETE",8789,9194,9381,9618,9792,9960,10504,10694,10879,11059,11236,11534,11730,11921,12107,9943,10460,10688
"3346","350700","350700 BOITUVA",43922,43959,44907,48314,49385,50420,53431,54594,55725,56830,57910,59793,60997,62170,63310,64799,61081,63415
"3347","350710","350710 BOM JESUS DOS PERDOES",16252,17571,17992,19708,20199,20674,21976,22508,23025,23530,24023,24898,25448,25985,26506,24365,22006,22501
"3348","350715","350715 BOM SUCESSO DE ITARARE",4000,3902,3972,3571,3598,3623,3772,3802,3831,3860,3888,3923,3954,3984,4013,3585,3555,3610
"3349","350720","350720 BORA",840,834,826,805,806,807,834,835,836,838,839,836,837,838,839,877,907,928
"3350","350730","350730 BORACEIA",3976,4377,4442,4268,4309,4348,4540,4586,4631,4675,4717,4776,4823,4868,4913,4720,4715,4823
"3351","350740","350740 BORBOREMA",14117,14376,14482,14529,14632,14731,15335,15454,15569,15681,15791,15925,16046,16164,16278,13366,14226,14415
"3352","350745","350745 BOREBI",2374,2312,2348,2293,2321,2348,2458,2489,2519,2548,2577,2621,2653,2683,2713,2722,2713,2787
"3353","350750","350750 BOTUCATU",123234,128397,130347,127328,128789,130201,136269,137899,139483,141032,142546,144820,146497,148130,149718,145272,145155,150442
"3354","350760","350760 BRAGANCA PAULISTA",146432,144066,145897,146744,148411,150023,156995,158856,160665,162435,164163,166753,168668,170533,172346,181556,176811,184634
"3355","350770","350770 BRAUNA",4486,4985,5042,5021,5070,5118,5345,5400,5454,5506,5557,5630,5686,5741,5795,5358,5356,5466
"3356","350775","350775 BREJO ALEGRE",2593,2550,2566,2573,2594,2614,2723,2746,2768,2790,2812,2841,2865,2889,2911,2561,2565,2605
"3357","350780","350780 BRODOWSKI",19992,20190,20487,21107,21412,21707,22797,23134,23460,23780,24092,24592,24939,25277,25605,25334,25201,26167
"3358","350790","350790 BROTAS",22697,22300,22634,21580,21787,21987,22959,23192,23419,23641,23858,24163,24403,24636,24862,23751,23898,24423
"3359","350800","350800 BURI",20436,18112,18147,18563,18635,18705,19395,19484,19570,19655,19737,19789,19878,19965,20050,20038,20250,20674
"3360","350810","350810 BURITAMA",14777,15482,15632,15418,15539,15655,16312,16449,16583,16714,16841,17003,17144,17281,17414,17203,17210,17597
"3361","350820","350820 BURITIZAL",3564,4059,4091,4053,4083,4111,4279,4313,4345,4377,4408,4447,4481,4514,4547,4253,4356,4447
"3362","350830","350830 CABRALIA PAULISTA",5334,4400,4375,4365,4343,4322,4430,4410,4390,4371,4352,4286,4264,4243,4222,4299,4299,4362
"3363","350840","350840 CABREUVA",45256,41839,42698,41604,42257,42889,45112,45830,46528,47210,47877,48966,49707,50429,51130,45941,47011,48473
"3364","350850","350850 CACAPAVA",84697,84406,85181,84752,85414,86054,89668,90426,91162,91883,92587,93488,94263,95018,95752,96530,96202,99678
"3365","350860","350860 CACHOEIRA PAULISTA",30603,33999,34668,30091,30313,30527,31791,32046,32294,32536,32773,33067,33327,33581,33827,32390,31564,32482
"3366","350870","350870 CACONDE",19313,19233,19306,18538,18551,18563,18926,18952,18976,19001,19025,18961,18985,19009,19031,16947,17101,17266
"3367","350880","350880 CAFELANDIA",16250,16699,16778,16607,16670,16730,17346,17424,17499,17573,17645,17689,17767,17843,17917,16478,16654,16905
"3368","350890","350890 CAIABU",4262,4130,4125,4072,4072,4072,4201,4204,4206,4208,4211,4190,4191,4193,4195,3712,3712,3745
"3369","350900","350900 CAIEIRAS",98576,86698,88211,86529,87704,88841,93215,94516,95780,97016,98223,100129,101470,102775,104044,98600,95032,98257
"3370","350910","350910 CAIUA",4922,5334,5443,5039,5105,5167,5418,5490,5560,5628,5695,5800,5874,5946,6017,5437,5466,5585
"3371","350920","350920 CAJAMAR",65244,62522,63674,64114,65139,66131,69584,70710,71805,72875,73921,75638,76801,77934,79034,101500,92689,97363
"3372","350925","350925 CAJATI",33974,28987,28936,28372,28307,28243,29059,29010,28962,28916,28870,28605,28549,28494,28441,28834,28515,29257
"3373","350930","350930 CAJOBI",9530,9939,10010,9768,9814,9858,10232,10287,10341,10393,10444,10486,10542,10596,10649,9129,9133,9232
"3374","350940","350940 CAJURU",22667,24003,24315,23371,23571,23763,24783,25009,25230,25445,25655,25935,26167,26393,26613,23845,23830,24217
"3375","350945","350945 CAMPINA DO MONTE ALEGRE",6311,5532,5552,5567,5595,5622,5836,5869,5901,5932,5963,5991,6024,6057,6088,5992,5954,6077
"3376","350950","350950 CAMPINAS",1073021,1056644,1064669,1080113,1090386,1098630,1144862,1154617,1164098,1173370,1182429,1194094,1204073,1213792,1223237,1170247,1139047,1185977
"3377","350960","350960 CAMPO LIMPO PAULISTA",79319,73885,74864,74074,74869,75637,79091,79982,80847,81693,82520,83735,84650,85541,86407,81355,77632,79663
"3378","350970","350970 CAMPOS DO JORDAO",50302,46332,46508,47789,48061,48324,50221,50541,50852,51157,51454,51763,52088,52405,52713,45177,46974,47983
"3379","350980","350980 CAMPOS NOVOS PAULISTA",4325,4940,5016,4539,4567,4594,4776,4808,4839,4870,4900,4932,4965,4997,5028,4837,4888,4991
"3380","350990","350990 CANANEIA",14482,12377,12375,12226,12221,12216,12598,12601,12604,12606,12609,12539,12540,12541,12542,13615,12289,12489
"3381","350995","350995 CANAS",4209,4662,4768,4385,4445,4502,4722,4788,4852,4914,4975,5071,5138,5204,5268,4954,4931,5049
"3382","351000","351000 CANDIDO MOTA",32539,30662,30774,29884,29931,29976,30993,31063,31131,31198,31263,31212,31280,31346,31410,29530,29449,30172
"3383","351010","351010 CANDIDO RODRIGUES",2860,2757,2782,2668,2673,2677,2767,2773,2780,2786,2792,2787,2793,2799,2805,2907,2889,2951
"3384","351015","351015 CANITAR",4369,4629,4730,4369,4438,4504,4737,4812,4884,4956,5025,5139,5216,5292,5365,6369,6283,6524
"3385","351020","351020 CAPAO BONITO",46975,46412,46340,46178,46136,46095,47510,47498,47486,47475,47463,47159,47138,47118,47098,46215,46337,47403
"3386","351030","351030 CAPELA DO ALTO",17201,16968,17233,17532,17785,18029,18933,19212,19482,19747,20005,20419,20706,20985,21257,22679,22866,23597
"3387","351040","351040 CAPIVARI",47636,45915,46333,48576,49122,49650,51949,52559,53152,53731,54298,55141,55768,56379,56973,50954,50068,51318
"3388","351050","351050 CARAGUATATUBA",101075,94598,96123,100840,102523,104150,109678,111524,113317,115071,116786,119625,121532,123389,125194,132558,134873,141084
"3389","351060","351060 CARAPICUIBA",396437,388532,392701,369584,371502,373358,387788,390073,392294,394465,396587,398611,400927,403183,405375,406221,386984,398462
"3390","351070","351070 CARDOSO",11025,11632,11625,11805,11821,11836,12233,12257,12281,12305,12328,12303,12326,12349,12371,11288,11345,11491
"3391","351080","351080 CASA BRANCA",28064,28083,28191,28307,28423,28535,29597,29739,29877,30012,30144,30237,30380,30520,30655,28107,28083,28786
"3392","351090","351090 CASSIA DOS COQUEIROS",3003,2752,2729,2634,2616,2599,2657,2640,2623,2607,2591,2542,2523,2505,2488,2777,2799,2855
"3393","351100","351100 CASTILHO",15235,16064,16167,18003,18238,18465,19360,19620,19873,20120,20362,20738,21006,21267,21521,19902,19977,20418
"3394","351110","351110 CATANDUVA",118663,114069,114812,112820,113356,113873,118209,118853,119480,120092,120691,121210,121862,122497,123114,114953,115791,119172
"3395","351120","351120 CATIGUA",6811,7191,7246,7127,7171,7214,7502,7553,7603,7652,7700,7752,7804,7855,7905,7004,7003,7105
"3396","351130","351130 CEDRAL",7552,8119,8264,7972,8070,8165,8553,8662,8767,8870,8971,9125,9237,9346,9452,11922,12618,13160
"3397","351140","351140 CERQUEIRA CESAR",17093,17147,17334,17532,17716,17893,18703,18909,19109,19304,19495,19774,19985,20191,20391,21440,21469,22076
"3398","351150","351150 CERQUILHO",37556,37419,38201,39617,40393,41144,43473,44320,45142,45947,46733,48074,48949,49802,50631,44024,44695,46217
"3399","351160","351160 CESARIO LANGE",14353,14795,14979,15540,15744,15942,16717,16943,17163,17378,17587,17915,18148,18375,18595,18811,19048,19588
"3400","351170","351170 CHARQUEADA",14995,15213,15419,15085,15243,15395,16092,16268,16440,16608,16772,17009,17190,17367,17539,15739,15535,15798
"3401","351190","351190 CLEMENTINA",5851,6477,6583,7065,7193,7316,7717,7856,7992,8124,8254,8472,8617,8757,8894,7005,6982,7087
"3402","351200","351200 COLINA",17302,17659,17747,17371,17426,17478,18107,18177,18245,18311,18376,18398,18468,18535,18601,18411,18486,18842
"3403","351210","351210 COLOMBIA",6530,6314,6353,5994,5998,6001,6196,6203,6211,6218,6225,6203,6210,6216,6223,6642,6629,6781
"3404","351220","351220 CONCHAL",25572,24336,24478,25229,25425,25615,26689,26914,27132,27345,27554,27820,28050,28273,28491,28184,28101,29034
"3405","351230","351230 CONCHAS",17463,16160,16277,16288,16395,16497,17162,17286,17406,17523,17638,17770,17896,18019,18138,17184,15232,15381
"3406","351240","351240 CORDEIROPOLIS",21203,20445,20715,21080,21348,21607,22648,22945,23234,23517,23793,24221,24528,24826,25116,26585,24514,25130
"3407","351250","351250 COROADOS",4751,5177,5244,5238,5302,5362,5615,5685,5753,5820,5885,5986,6058,6129,6197,5395,5400,5498
"3408","351260","351260 CORONEL MACEDO",5453,5370,5337,5001,4956,4913,5009,4965,4922,4881,4840,4728,4681,4635,4591,4226,4280,4295
"3409","351270","351270 CORUMBATAI",4336,4109,4145,3874,3881,3887,4018,4027,4036,4045,4054,4047,4055,4064,4072,4667,4195,4285
"3410","351280","351280 COSMOPOLIS",51458,57951,59293,58827,59938,61013,64415,65628,66807,67960,69086,70998,72252,73474,74662,59715,59773,61204
"3411","351290","351290 COSMORAMA",6981,7071,7030,7214,7202,7191,7404,7396,7388,7381,7374,7316,7307,7298,7289,9315,8719,8968
"3412","351300","351300 COTIA",184328,179109,182043,201150,205154,209027,220941,225306,229548,233696,237750,244694,249210,253608,257882,289622,274413,287004
"3413","351310","351310 CRAVINHOS",33393,30647,30848,31691,31943,32187,33543,33831,34110,34384,34651,34998,35292,35579,35858,33252,33281,34252
"3414","351320","351320 CRISTAIS PAULISTA",7373,7362,7430,7588,7666,7741,8089,8176,8260,8343,8424,8541,8631,8718,8803,9375,9272,9543
"3415","351330","351330 CRUZALIA",2555,2382,2341,2274,2249,2224,2260,2234,2209,2185,2161,2100,2073,2046,2021,2086,2108,2129
"3416","351340","351340 CRUZEIRO",77620,79418,79961,77039,77312,77575,80408,80749,81082,81406,81724,81895,82238,82571,82895,75592,74961,76513
"3417","351350","351350 CUBATAO",122920,127702,129582,118720,119520,120293,125178,126105,127006,127887,128748,129760,130705,131626,132521,128645,112476,115082
"3418","351360","351360 CUNHA",22772,23694,23737,21866,21773,21682,22251,22167,22086,22007,21929,21639,21547,21459,21373,22125,22110,22456
"3419","351370","351370 DESCALVADO",31618,30710,30877,31056,31220,31379,32595,32790,32980,33165,33346,33520,33718,33910,34097,31916,31756,32622
"3420","351380","351380 DIADEMA",401111,394266,397734,386089,388576,390980,406718,409613,412428,415180,417869,420934,423884,426757,429550,404738,393237,404118
"3421","351385","351385 DIRCE REIS",1385,1624,1621,1689,1695,1699,1760,1766,1772,1779,1785,1786,1793,1799,1805,1621,1620,1641
"3422","351390","351390 DIVINOLANDIA",12188,11415,11351,11208,11146,11086,11604,11547,11492,11437,11384,11208,11146,11086,11027,11137,11158,11314
"3423","351400","351400 DOBRADA",7084,8108,8214,7939,8011,8080,8432,8513,8592,8669,8744,8846,8929,9010,9088,8765,8759,8958
"3424","351410","351410 DOIS CORREGOS",25657,25733,26041,24761,24933,25100,26126,26324,26517,26706,26891,27112,27315,27512,27704,24170,24510,24855
"3425","351420","351420 DOLCINOPOLIS",2206,2263,2273,2096,2092,2088,2148,2145,2142,2139,2136,2119,2115,2112,2108,2511,2207,2250
"3426","351430","351430 DOURADO",9339,9089,9143,8609,8610,8610,8884,8890,8897,8903,8909,8868,8873,8878,8883,8233,8096,8186
"3427","351440","351440 DRACENA",41189,43989,44309,43258,43470,43675,45346,45600,45847,46088,46324,46536,46793,47043,47287,45248,45474,46664
"3428","351450","351450 DUARTINA",12969,12777,12792,12251,12234,12218,12585,12576,12567,12558,12549,12457,12445,12433,12421,12329,12328,12529
"3429","351460","351460 DUMONT",7435,8163,8352,8143,8284,8421,8874,9028,9178,9325,9468,9708,9868,10023,10174,9476,9471,9719
"3430","351470","351470 ECHAPORA",7261,6299,6244,6318,6279,6242,6389,6352,6316,6281,6247,6141,6102,6064,6026,6157,6205,6295
"3431","351480","351480 ELDORADO",14995,14490,14511,14641,14680,14718,15238,15289,15339,15388,15436,15443,15494,15544,15592,13402,13069,13162
"3432","351490","351490 ELIAS FAUSTO",15815,15192,15301,15775,15920,16060,16762,16926,17085,17241,17393,17604,17772,17936,18095,17832,17699,18103
"3433","351492","351492 ELISIARIO",2614,3251,3315,3120,3162,3202,3359,3406,3451,3494,3537,3604,3651,3697,3742,3141,3138,3189
"3434","351495","351495 EMBAUBA",2545,2448,2447,2423,2419,2415,2486,2484,2481,2479,2476,2456,2452,2449,2446,2331,2323,2353
"3435","351500","351500 EMBU DAS ARTES",251626,245093,248723,240230,242730,245148,256247,259053,261781,264448,267054,270843,273726,276535,279264,277249,250691,259323
"3436","351510","351510 EMBU-GUACU",74474,61701,62137,62769,63219,63653,66273,66792,67296,67788,68270,68856,69385,69901,70402,63129,66970,68805
"3437","351512","351512 EMILIANOPOLIS",2886,3159,3178,3020,3030,3040,3149,3162,3174,3186,3197,3202,3214,3227,3238,3002,3014,3062
"3438","351515","351515 ENGENHEIRO COELHO",13035,13914,14308,15721,16158,16580,17681,18153,18611,19059,19497,20284,20773,21249,21712,20119,19566,20139
"3439","351518","351518 ESPIRITO SANTO DO PINHAL",43288,42128,42259,41907,42017,42123,43611,43756,43897,44036,44170,44186,44330,44471,44607,39700,39816,40681
"3440","351519","351519 ESPIRITO SANTO DO TURVO",4274,4361,4421,4244,4288,4330,4525,4574,4621,4668,4713,4779,4829,4878,4926,4095,4157,4217
"3441","351520","351520 ESTRELA D'OESTE",8051,8976,9041,8208,8205,8201,8458,8460,8462,8464,8466,8418,8419,8419,8420,9405,9417,9655
"3442","351530","351530 ESTRELA DO NORTE",2492,2490,2480,2658,2661,2663,2752,2756,2761,2765,2769,2762,2766,2770,2774,2596,2703,2749
"3443","351535","351535 EUCLIDES DA CUNHA PAULISTA",10771,10180,10181,9585,9537,9491,9729,9685,9642,9600,9559,9419,9371,9325,9280,7831,7924,7928
"3444","351540","351540 FARTURA",15585,14985,14979,15320,15344,15367,15889,15925,15960,15994,16028,16001,16036,16070,16102,16782,16641,16984
"3445","351550","351550 FERNANDOPOLIS",66326,63414,63536,64696,64931,65157,67543,67836,68120,68399,68670,68823,69116,69402,69680,71826,71186,73286
"3446","351560","351560 FERNANDO PRESTES",5653,5328,5311,5534,5542,5550,5736,5748,5760,5771,5782,5771,5783,5794,5805,5925,5942,6066
"3447","351565","351565 FERNAO",1209,1514,1515,1563,1574,1583,1646,1658,1669,1680,1691,1704,1716,1727,1739,1660,1656,1689
"3448","351570","351570 FERRAZ DE VASCONCELOS",181692,175939,179232,168306,170297,172222,180326,182544,184700,186808,188868,191993,194276,196500,198661,187253,179198,185622
"3449","351580","351580 FLORA RICA",2003,2044,2037,1752,1720,1688,1699,1666,1634,1602,1571,1499,1464,1430,1397,1487,1487,1492
"3450","351590","351590 FLOREAL",2944,2918,2872,3003,2987,2970,3042,3027,3011,2996,2982,2934,2917,2900,2884,2735,2733,2756
"3451","351600","351600 FLORIDA PAULISTA",9916,13524,13764,12848,12982,13112,13704,13854,14000,14143,14282,14486,14640,14790,14936,13009,12958,13171
"3452","351610","351610 FLORINIA",3228,2883,2862,2829,2807,2785,2843,2821,2799,2778,2758,2699,2676,2653,2631,3860,3851,3987
"3453","351620","351620 FRANCA",334223,327176,330939,318640,321012,323307,336734,339461,342112,344704,347237,350400,353187,355901,358539,370378,352536,364331
"3454","351630","351630 FRANCISCO MORATO",176152,155224,157291,154472,156064,157603,164718,166505,168243,169942,171602,174008,175844,177633,179372,182265,165139,171107
"3455","351640","351640 FRANCO DA ROCHA",127337,129304,131367,131604,133407,135150,141824,143817,145755,147650,149502,152433,154489,156492,158438,159367,144849,149786
"3456","351650","351650 GABRIEL MONTEIRO",2942,2703,2701,2708,2707,2706,2790,2790,2790,2791,2791,2776,2776,2776,2776,2760,2763,2811
"3457","351660","351660 GALIA",7047,6754,6638,7011,6947,6884,7019,6956,6894,6834,6776,6615,6548,6482,6419,6054,6380,6435
"3458","351670","351670 GARCA",44582,43395,43375,43115,43112,43108,44479,44506,44532,44557,44582,44370,44390,44409,44429,41395,42110,43115
"3459","351680","351680 GASTAO VIDIGAL",3380,4071,4116,4193,4240,4285,4482,4534,4585,4634,4683,4754,4808,4860,4911,3234,3252,3235
"3460","351685","351685 GAVIAO PEIXOTO",4054,4236,4241,4419,4442,4464,4635,4662,4688,4714,4739,4762,4789,4815,4841,4688,4702,4797
"3461","351690","351690 GENERAL SALGADO",11198,10933,10923,10669,10658,10646,10970,10966,10961,10956,10951,10876,10869,10862,10855,10301,10312,10449
"3462","351700","351700 GETULINA",10585,10914,10959,10765,10796,10825,11209,11249,11287,11325,11362,11370,11409,11447,11485,10011,10232,10355
"3463","351710","351710 GLICERIO",4592,4540,4553,4565,4576,4586,4745,4759,4773,4787,4800,4801,4815,4829,4842,4132,4138,4173
"3464","351720","351720 GUAICARA",11630,11029,11206,10670,10782,10891,11385,11511,11633,11752,11869,12039,12168,12294,12416,11214,11239,11459
"3465","351730","351730 GUAIMBE",5265,4787,4743,5425,5442,5458,5654,5676,5696,5717,5737,5743,5765,5785,5806,5439,5512,5606
"3466","351740","351740 GUAIRA",37622,38328,38679,37404,37619,37826,39314,39567,39813,40053,40287,40533,40790,41040,41283,39351,39279,40424
"3467","351750","351750 GUAPIACU",17002,17593,17934,17869,18160,18441,19409,19728,20037,20340,20637,21125,21454,21775,22087,21664,21711,22316
"3468","351760","351760 GUAPIARA",20954,20832,20931,17998,17866,17738,18129,18002,17879,17758,17640,17293,17157,17025,16896,16579,17071,17256
"3469","351770","351770 GUARA",21089,19160,19167,19858,19931,20001,20733,20823,20911,20997,21081,21129,21220,21308,21394,18607,18606,18790
"3470","351780","351780 GUARACAI",9403,8686,8646,8435,8400,8366,8586,8555,8525,8495,8466,8357,8323,8290,8258,7344,7441,7486
"3471","351790","351790 GUARACI",9727,9409,9450,9976,10063,10147,10584,10683,10778,10872,10964,11088,11188,11287,11382,10347,10350,10542
"3472","351800","351800 GUARANI D'OESTE",2155,2018,2032,1970,1968,1965,2023,2021,2020,2018,2017,2002,2000,1998,1996,1948,1968,1999
"3473","351810","351810 GUARANTA",6989,6652,6675,6404,6411,6417,6629,6640,6651,6662,6672,6654,6664,6675,6685,6427,6427,6531
"3474","351820","351820 GUARARAPES",30674,29589,29650,30597,30732,30862,32023,32187,32346,32502,32654,32774,32939,33100,33257,31017,31043,31872
"3475","351830","351830 GUARAREMA",25257,26523,26974,25844,26147,26439,27679,28016,28344,28664,28978,29451,29798,30136,30465,32579,31236,32436
"3476","351840","351840 GUARATINGUETA",114340,112596,113358,112072,112675,113258,117663,118378,119073,119753,120417,121073,121798,122505,123192,116847,118044,121710
"3477","351850","351850 GUAREI",11666,14490,14919,14565,14901,15225,16149,16513,16867,17213,17551,18143,18520,18887,19244,15027,15013,15268
"3478","351860","351860 GUARIBA",32935,34217,34510,35486,35824,36151,37747,38128,38499,38861,39216,39714,40105,40487,40857,37022,37498,38609
"3479","351870","351870 GUARUJA",311268,304274,308059,290752,292744,294669,306683,308989,311230,313421,315563,318107,320459,322750,324977,311116,287634,294973
"3480","351880","351880 GUARULHOS",1315058,1279202,1299283,1221979,1233436,1244518,1299249,1312197,1324781,1337087,1349113,1365899,1379182,1392121,1404694,1383272,1291771,1345364
"3481","351885","351885 GUATAPARA",6855,6386,6375,6966,7012,7056,7341,7394,7446,7496,7546,7602,7656,7709,7760,7435,7320,7462
"3482","351890","351890 GUZOLANDIA",3646,4863,4911,4754,4790,4824,5023,5064,5103,5142,5179,5226,5267,5307,5346,4238,4246,4276
"3483","351900","351900 HERCULANDIA",8802,9027,9122,8696,8751,8803,9154,9217,9278,9338,9397,9462,9526,9588,9649,9109,9125,9302
"3484","351905","351905 HOLAMBRA",8733,9951,10223,11299,11613,11917,12707,13046,13375,13698,14012,14579,14930,15272,15605,16194,15094,15596
"3485","351907","351907 HORTOLANDIA",209234,201049,205862,192692,195776,198758,209139,212527,215819,219039,222186,227353,230851,234259,237570,246449,236641,247331
"3486","351910","351910 IACANGA",8893,9605,9734,10013,10146,10275,10776,10923,11066,11206,11343,11559,11710,11858,12002,10104,10437,10633
"3487","351920","351920 IACRI",6569,6875,6877,6419,6392,6365,6530,6505,6481,6457,6434,6348,6321,6295,6269,6144,6131,6207
"3488","351925","351925 IARAS",3819,5420,5658,6376,6631,6878,7431,7704,7970,8230,8484,8956,9240,9517,9786,8009,8010,8257
"3489","351930","351930 IBATE",32949,29435,29716,30734,31062,31380,32810,33178,33535,33884,34226,34726,35104,35472,35830,32068,32178,33110
"3490","351940","351940 IBIRA",10069,10992,11140,10896,11008,11115,11615,11740,11861,11980,12096,12264,12393,12518,12639,11155,11690,11934
"3491","351950","351950 IBIRAREMA",5847,7097,7235,6725,6804,6880,7203,7290,7376,7459,7540,7663,7753,7841,7926,6321,6385,6461
"3492","351960","351960 IBITINGA",53751,52582,53151,53158,53660,54146,56531,57098,57649,58188,58715,59451,60033,60600,61150,59371,60033,61908
"3493","351970","351970 IBIUNA",77315,67166,67396,71217,71742,72249,75241,75845,76432,77005,77566,78262,78878,79479,80062,84820,75605,77651
"3494","351980","351980 ICEM",7342,6553,6524,7462,7515,7567,7877,7938,7997,8055,8112,8181,8243,8304,8363,7700,7819,7969
"3495","351990","351990 IEPE",6940,7806,7856,7628,7657,7685,7966,8002,8036,8070,8103,8124,8159,8194,8228,7596,7619,7739
"3496","352000","352000 IGARACU DO TIETE",24103,24003,24126,23362,23420,23475,24299,24376,24451,24525,24596,24598,24674,24749,24821,22743,23106,23430
"3497","352010","352010 IGARAPAVA",28992,28038,28229,27952,28108,28259,29365,29549,29727,29902,30073,30246,30432,30614,30791,25926,26212,26755
"3498","352020","352020 IGARATA",9993,8896,8946,8831,8873,8913,9251,9301,9349,9397,9443,9483,9534,9583,9631,11703,10605,10904
"3499","352030","352030 IGUAPE",28988,30397,30676,28841,28950,29055,30124,30259,30390,30519,30644,30721,30857,30989,31117,30054,29115,29881
"3500","352040","352040 ILHABELA",27045,25550,26010,28196,28761,29308,30983,31599,32197,32782,33354,34333,34970,35591,36194,38239,34934,36329
"3501","352042","352042 ILHA COMPRIDA",10065,9782,10087,9025,9204,9376,9908,10102,10291,10476,10656,10965,11166,11362,11552,13447,13419,13955
"3502","352044","352044 ILHA SOLTEIRA",25940,25057,25161,25064,25146,25226,26138,26242,26344,26443,26540,26582,26686,26788,26886,25564,25549,26240
"3503","352050","352050 INDAIATUBA",186271,180524,183801,201619,205808,209859,222042,226602,231033,235367,239602,246908,251627,256223,260690,266593,255748,267796
"3504","352060","352060 INDIANA",5200,4772,4747,4825,4817,4809,4951,4946,4941,4936,4931,4892,4885,4879,4873,5094,5090,5191
"3505","352070","352070 INDIAPORA",3451,3963,3950,3903,3892,3880,3988,3978,3969,3960,3951,3908,3897,3886,3876,4087,4035,4109
"3506","352080","352080 INUBIA PAULISTA",3286,3795,3846,3630,3654,3678,3826,3854,3881,3907,3933,3963,3991,4019,4045,3611,3615,3671
"3507","352090","352090 IPAUSSU",13532,13521,13604,13663,13749,13831,14383,14483,14579,14674,14766,14869,14971,15069,15165,14464,13712,13933
"3508","352100","352100 IPERO",25027,26696,27523,28300,29062,29798,31745,32568,33367,34149,34913,36280,37133,37964,38771,40132,36459,37999
"3509","352110","352110 IPEUNA",5736,5570,5689,6016,6145,6270,6638,6778,6914,7047,7177,7401,7546,7687,7824,7538,6831,6999
"3510","352115","352115 IPIGUA",4443,4184,4253,4463,4539,4613,4858,4941,5022,5101,5178,5306,5392,5476,5557,6551,6761,7037
"3511","352120","352120 IPORANGA",4521,4772,4789,4299,4279,4260,4369,4351,4333,4316,4299,4238,4218,4199,4180,4053,4046,4091
"3512","352130","352130 IPUA",13162,15522,15880,14148,14323,14492,15184,15378,15567,15752,15932,16209,16409,16604,16794,14463,14454,14691
"3513","352140","352140 IRACEMAPOLIS",18796,19329,19706,20029,20373,20705,21815,22191,22557,22914,23264,23846,24235,24614,24982,21768,21967,22435
"3514","352150","352150 IRAPUA",7146,6953,6989,7275,7323,7369,7666,7721,7774,7827,7878,7937,7993,8048,8101,6927,6867,6946
"3515","352160","352160 IRAPURU",6783,7841,7873,7789,7815,7840,8123,8155,8187,8217,8248,8261,8294,8325,8356,7065,7085,7145
"3516","352170","352170 ITABERA",19773,17804,17674,17858,17778,17699,18158,18086,18015,17946,17879,17635,17556,17480,17405,17971,17983,18258
"3517","352180","352180 ITAI",23776,23828,24093,24008,24236,24457,25535,25792,26042,26287,26526,26861,27125,27382,27632,24856,25180,25930
"3518","352190","352190 ITAJOBI",15121,14652,14681,14556,14582,14606,15104,15141,15177,15212,15246,15226,15262,15297,15331,16824,16989,17420
"3519","352200","352200 ITAJU",2883,2709,2717,3246,3293,3338,3505,3556,3606,3655,3703,3782,3835,3887,3937,3652,3618,3702
"3520","352210","352210 ITANHAEM",94046,85977,87334,87057,88214,89332,93696,94977,96222,97439,98629,100496,101816,103102,104351,107927,112476,117435
"3521","352215","352215 ITAOCA",2800,3153,3146,3228,3229,3229,3332,3334,3337,3339,3341,3326,3328,3330,3332,3407,3422,3490
"3522","352220","352220 ITAPECERICA DA SERRA",167161,159102,161979,152614,154374,156077,163363,165327,167236,169103,170927,173672,175693,177662,179574,172898,158522,163928
"3523","352230","352230 ITAPETININGA",145745,146760,148810,144377,145822,147219,153810,155436,157016,158561,160070,162231,163901,165526,167106,166959,157790,163774
"3524","352240","352240 ITAPEVA",90782,89197,89764,87753,88129,88491,91807,92265,92710,93145,93570,93892,94354,94804,95241,95528,89728,92324
"3525","352250","352250 ITAPEVI",208762,201995,205877,200769,203712,206558,217005,220250,223404,226488,229502,234352,237700,240961,244131,239084,232297,241924
"3526","352260","352260 ITAPIRA",69154,71850,72655,68537,68934,69317,72048,72514,72967,73410,73844,74299,74773,75234,75683,70438,72022,73919
"3527","352265","352265 ITAPIRAPUA PAULISTA",3842,3890,3926,3880,3904,3926,4081,4109,4135,4161,4186,4213,4241,4268,4294,4339,4306,4405
"3528","352270","352270 ITAPOLIS",41742,40196,40406,40051,40228,40399,41920,42135,42343,42547,42747,42903,43120,43331,43536,39533,39493,40464
"3529","352280","352280 ITAPORANGA",14303,14752,14777,14549,14564,14579,15064,15090,15115,15140,15165,15125,15149,15173,15197,14058,14085,14260
"3530","352290","352290 ITAPUI",11493,12344,12536,12173,12312,12446,13023,13178,13328,13475,13618,13833,13992,14147,14297,13655,13659,13984
"3531","352300","352300 ITAPURA",3901,3935,3939,4357,4397,4436,4629,4674,4717,4760,4802,4860,4906,4951,4994,3945,3979,4014
"3532","352310","352310 ITAQUAQUECETUBA",364812,351493,359257,321770,325518,329144,344558,348739,352801,356774,360657,366519,370821,375011,379082,392218,369275,382521
"3533","352320","352320 ITARARE",50562,51000,51410,47934,48040,48143,49818,49963,50105,50243,50379,50360,50503,50642,50778,44490,44438,45327
"3534","352330","352330 ITARIRI",15315,16048,16284,15471,15614,15752,16441,16602,16759,16913,17062,17271,17436,17598,17754,15225,15528,15762
"3535","352340","352340 ITATIBA",97826,97462,99048,101471,103028,104533,109907,111620,113284,114912,116503,119090,120858,122581,124254,116275,121590,126403
"3536","352350","352350 ITATINGA",16871,18761,19088,18052,18253,18446,19297,19520,19738,19951,20158,20467,20697,20921,21139,19219,19070,19427
"3537","352360","352360 ITIRAPINA",15291,14655,14826,15524,15731,15930,16709,16938,17160,17377,17589,17922,18157,18387,18610,16157,16148,16433
"3538","352370","352370 ITIRAPUA",5726,5862,5901,5914,5953,5990,6232,6277,6321,6363,6405,6453,6499,6543,6587,5793,5779,5861
"3539","352380","352380 ITOBI",8049,7692,7699,7546,7553,7559,7807,7819,7831,7842,7853,7830,7841,7852,7862,8044,8046,8210
"3540","352390","352390 ITU",159229,155457,157384,154147,155589,156983,163882,165511,167095,168643,170157,172268,173939,175568,177150,176548,168240,174561
"3541","352400","352400 ITUPEVA",32998,40972,42456,44859,46294,47682,51082,52627,54128,55596,57031,59649,61252,62813,64330,72711,70616,74119
"3542","352410","352410 ITUVERAVA",39047,40485,40880,38695,38882,39062,40552,40776,40994,41206,41414,41598,41824,42045,42259,37375,37571,38451
"3543","352420","352420 JABORANDI",6501,6693,6714,6592,6605,6618,6846,6864,6882,6900,6917,6911,6929,6946,6963,6223,6221,6293
"3544","352430","352430 JABOTICABAL",74445,72614,73070,71662,71989,72305,75041,75436,75820,76196,76563,76864,77263,77652,78029,72001,71821,73467
"3545","352440","352440 JACAREI",214627,210988,212823,211214,212744,214223,223064,224826,226539,228214,229851,231863,233662,235416,237119,251591,240275,249968
"3546","352450","352450 JACI",4867,5427,5557,5657,5776,5890,6233,6361,6486,6609,6728,6934,7067,7196,7322,7618,7613,7878
"3547","352460","352460 JACUPIRANGA",19265,16403,16323,17208,17221,17234,17801,17826,17851,17876,17900,17842,17866,17889,17911,16850,16097,16254
"3548","352470","352470 JAGUARIUNA",35562,40066,41110,44311,45441,46533,49497,50719,51907,53069,54204,56221,57488,58722,59921,60816,59347,61801
"3549","352480","352480 JALES",50283,49681,49997,47012,47076,47137,48724,48825,48922,49017,49110,49011,49107,49201,49291,48766,48776,50017
"3550","352490","352490 JAMBEIRO",4597,5409,5551,5349,5454,5554,5868,5981,6092,6200,6305,6485,6602,6717,6828,6421,6397,6575
"3551","352500","352500 JANDIRA",116574,110325,112131,108344,109614,110842,116041,117457,118832,120177,121492,123481,124937,126356,127734,127476,118045,121988
"3552","352510","352510 JARDINOPOLIS",36350,36872,37473,37661,38194,38708,40640,41228,41799,42358,42904,43774,44380,44970,45544,45328,45282,46868
"3553","352520","352520 JARINU",22285,22301,22820,23847,24370,24875,26353,26921,27473,28012,28540,29456,30044,30617,31173,40302,37535,39531
"3554","352530","352530 JAU",127409,133469,135543,131040,132494,133900,140077,141703,143283,144828,146338,148581,150252,151881,153463,132351,133497,137323
"3555","352540","352540 JERIQUARA",3312,3225,3211,3160,3151,3142,3230,3223,3216,3209,3202,3168,3159,3151,3143,3785,3863,3976
"3556","352550","352550 JOANOPOLIS",12295,11107,11170,11768,11873,11974,12492,12610,12725,12837,12947,13098,13220,13338,13453,12820,12815,13095
"3557","352560","352560 JOAO RAMALHO",4512,4301,4349,4150,4174,4197,4361,4389,4416,4442,4468,4495,4523,4551,4577,4381,4371,4456
"3558","352570","352570 JOSE BONIFACIO",33029,32219,32553,32763,33074,33375,34846,35197,35538,35872,36198,36655,37015,37366,37707,36502,36633,37859
"3559","352580","352580 JULIO MESQUITA",4441,4508,4552,4430,4451,4470,4639,4663,4687,4710,4733,4752,4776,4800,4824,4254,4254,4308
"3560","352585","352585 JUMIRIM",2687,2283,2291,2798,2845,2889,3042,3092,3142,3190,3237,3315,3367,3418,3467,3052,3056,3123
"3561","352590","352590 JUNDIAI",352431,347738,349931,370126,373713,377183,393920,397965,401896,405740,409497,414810,418962,423006,426935,459789,443221,460313
"3562","352600","352600 JUNQUEIROPOLIS",16408,19715,19973,18726,18859,18986,19765,19918,20066,20211,20353,20524,20679,20831,20978,20395,20448,20878
"3563","352610","352610 JUQUIA",23542,19688,19585,19246,19149,19055,19535,19446,19359,19274,19192,18908,18812,18718,18627,19390,17154,17255
"3564","352620","352620 JUQUITIBA",31978,29090,29335,28737,28912,29081,30239,30443,30642,30837,31027,31235,31444,31646,31844,26372,27404,28007
"3565","352630","352630 LAGOINHA",5234,4917,4917,4841,4833,4824,4966,4960,4954,4949,4943,4903,4896,4889,4882,5071,5083,5182
"3566","352640","352640 LARANJAL PAULISTA",24697,25930,26295,25251,25490,25721,26853,27122,27384,27640,27890,28240,28516,28785,29047,28981,26261,27009
"3567","352650","352650 LAVINIA",4876,9050,9432,8779,9060,9330,9995,10297,10590,10876,11156,11667,11980,12285,12581,9596,9689,9909
"3568","352660","352660 LAVRINHAS",7138,6915,6998,6590,6635,6678,6950,7002,7052,7102,7150,7207,7260,7311,7361,7258,7171,7328
"3569","352670","352670 LEME",91428,88299,88999,91756,92601,93417,97505,98460,99388,100296,101184,102412,103391,104346,105273,97516,98161,101316
"3570","352680","352680 LENCOIS PAULISTA",63722,62594,63306,61428,61919,62393,65026,65587,66131,66664,67185,67859,68432,68990,69533,65696,66505,68395
"3571","352690","352690 LIMEIRA",284161,278776,281588,276022,278093,280096,291748,294128,296440,298701,300911,303682,306114,308482,310783,305169,291869,300728
"3572","352700","352700 LINDOIA",6434,5924,5981,6712,6814,6912,7265,7377,7485,7591,7695,7864,7980,8092,8201,6994,7014,7147
"3573","352710","352710 LINS",72202,72568,73186,71432,71853,72260,75117,75612,76092,76562,77021,77510,78013,78503,78978,74068,74779,76729
"3574","352720","352720 LORENA",84595,82391,82770,82537,82887,83224,86337,86764,87178,87584,87980,88276,88706,89125,89532,84988,84855,87370
"3575","352725","352725 LOURDES",2302,2031,2028,2128,2138,2147,2227,2238,2249,2260,2270,2278,2289,2300,2311,1926,1950,1968
"3576","352730","352730 LOUVEIRA",30404,32406,33262,37125,38140,39122,41700,42796,43862,44904,45922,47748,48885,49993,51007,53526,51847,54111
"3577","352740","352740 LUCELIA",18737,20117,20287,19882,20003,20119,20918,21059,21196,21330,21461,21604,21747,21886,22022,20046,20061,20372
"3578","352750","352750 LUCIANOPOLIS",1979,2418,2446,2249,2257,2264,2345,2355,2364,2372,2381,2385,2394,2403,2412,2361,2372,2419
"3579","352760","352760 LUIS ANTONIO",8282,11489,11922,11286,11603,11910,12704,13046,13378,13703,14021,14592,14947,15292,15628,13680,12265,12531
"3580","352770","352770 LUIZIANIA",4371,5061,5144,5030,5089,5145,5384,5449,5511,5573,5633,5723,5790,5855,5918,4711,4701,4751
"3581","352780","352780 LUPERCIO",4355,4384,4400,4353,4363,4372,4523,4536,4549,4561,4573,4571,4584,4596,4608,3935,3981,4017
"3582","352790","352790 LUTECIA",3118,2861,2861,2714,2700,2687,2754,2741,2729,2717,2705,2663,2649,2636,2623,2555,2661,2699
"3583","352800","352800 MACATUBA",17696,16842,16939,16259,16298,16336,16909,16961,17013,17063,17111,17111,17163,17214,17263,16489,16829,17120
"3584","352810","352810 MACAUBAL",7382,7652,7673,7663,7685,7705,7978,8006,8033,8060,8086,8093,8120,8147,8174,7460,7481,7587
"3585","352820","352820 MACEDONIA",3593,3430,3402,3664,3657,3650,3756,3751,3746,3741,3736,3704,3698,3692,3686,3961,3963,4048
"3586","352830","352830 MAGDA",3206,3187,3168,3200,3184,3167,3246,3230,3215,3200,3185,3136,3119,3102,3086,3159,3165,3212
"3587","352840","352840 MAIRINQUE",48931,43349,43658,43223,43473,43714,45436,45729,46015,46294,46567,46852,47150,47441,47723,48097,50027,51660
"3588","352850","352850 MAIRIPORA",77274,77443,79153,80956,82556,84104,88883,90627,92323,93981,95601,98374,100179,101937,103645,113573,93853,97399
"3589","352860","352860 MANDURI",9118,9051,9121,8992,9048,9101,9464,9529,9592,9653,9714,9780,9846,9910,9972,9852,9871,10092
"3590","352870","352870 MARABA PAULISTA",3870,5787,5996,4812,4898,4981,5251,5345,5435,5524,5611,5757,5853,5948,6039,4531,4573,4627
"3591","352880","352880 MARACAI",13461,13655,13709,13332,13358,13382,13842,13878,13913,13948,13981,13967,14002,14036,14069,12700,12673,12826
"3592","352885","352885 MARAPOAMA",2582,2731,2787,2633,2664,2693,2818,2852,2885,2917,2949,2996,3031,3064,3097,3295,3292,3392
"3593","352890","352890 MARIAPOLIS",3430,3896,3896,3916,3921,3926,4057,4064,4072,4079,4087,4077,4084,4091,4098,3450,3513,3539
"3594","352900","352900 MARILIA",228132,223454,225941,216745,218229,219664,228618,230336,232006,233639,235234,237130,238882,240590,242249,238605,237627,246627
"3595","352910","352910 MARINOPOLIS",2280,2163,2169,2113,2107,2101,2160,2155,2150,2145,2140,2117,2112,2106,2101,1889,1860,1870
"3596","352920","352920 MARTINOPOLIS",24620,25256,25534,24219,24363,24502,25473,25641,25805,25966,26123,26289,26461,26628,26791,24896,24881,25299
"3597","352930","352930 MATAO",78681,77682,78224,76786,77173,77546,80528,80990,81439,81878,82307,82702,83170,83626,84069,77149,79033,80998
"3598","352940","352940 MAUA",421575,412753,417456,417064,421184,425169,444136,448776,453286,457696,462005,468148,472912,477552,481725,383280,418261,429380
"3599","352950","352950 MENDONCA",3973,4177,4223,4640,4708,4774,5014,5089,5161,5232,5302,5413,5490,5565,5638,6170,6159,6369
"3600","352960","352960 MERIDIANO",4234,3941,3935,3855,3842,3830,3934,3923,3912,3902,3892,3848,3836,3824,3813,4545,4572,4697
"3601","352965","352965 MESOPOLIS",1858,1784,1779,1886,1883,1880,1935,1933,1931,1928,1926,1910,1908,1905,1903,1930,1952,1988
"3602","352970","352970 MIGUELOPOLIS",20392,20918,21092,20451,20561,20668,21471,21602,21728,21852,21973,22093,22226,22355,22480,19119,19441,19655
"3603","352980","352980 MINEIROS DO TIETE",13064,12258,12332,12038,12087,12133,12583,12642,12700,12757,12812,12849,12908,12966,13023,11233,11230,11349
"3604","352990","352990 MIRACATU",25284,23688,23806,20592,20455,20322,20790,20660,20533,20409,20288,19919,19779,19643,19511,20234,18553,18679
"3605","353000","353000 MIRA ESTRELA",2531,2659,2654,2820,2838,2854,2968,2988,3007,3027,3045,3066,3086,3106,3125,3075,3126,3199
"3606","353010","353010 MIRANDOPOLIS",27217,26705,26762,27483,27602,27717,28758,28902,29043,29181,29315,29418,29564,29706,29844,27936,27983,28737
"3607","353020","353020 MIRANTE DO PARANAPANEMA",17094,17967,18133,17059,17124,17187,17820,17901,17979,18056,18130,18178,18259,18338,18415,15482,15917,16069
"3608","353030","353030 MIRASSOL",56017,54350,54922,53792,54212,54618,56910,57390,57857,58314,58760,59333,59824,60303,60768,63555,63337,65485
"3609","353040","353040 MIRASSOLANDIA",4357,4338,4410,4295,4338,4379,4574,4622,4668,4714,4758,4822,4871,4919,4966,4605,4669,4771
"3610","353050","353050 MOCOCA",71703,68481,68720,66290,66345,66399,68590,68695,68797,68897,68994,68788,68885,68980,69072,65469,67681,69324
"3611","353060","353060 MOGI DAS CRUZES",378788,371372,375273,387779,392196,396468,414907,419839,424633,429321,433901,440769,445842,450785,455587,471602,451505,468120
"3612","353070","353070 MOGI GUACU",144177,138494,139837,137245,138245,139211,144963,146114,147233,148327,149396,150713,151888,153033,154146,154487,153658,159735
"3613","353080","353080 MOGI MIRIM",95688,87800,88374,86505,86892,87266,90558,91027,91483,91929,92365,92715,93189,93650,94098,90997,92558,95534
"3614","353090","353090 MOMBUCA",3547,3440,3477,3266,3279,3291,3411,3426,3441,3456,3470,3478,3493,3508,3523,3724,3722,3815
"3615","353100","353100 MONCOES",2000,2124,2124,2132,2138,2144,2219,2227,2235,2242,2249,2252,2259,2267,2274,1948,1937,1954
"3616","353110","353110 MONGAGUA",48769,43284,44090,46293,47153,47984,50641,51580,52492,53384,54257,55731,56702,57648,58567,61062,61951,64519
"3617","353120","353120 MONTE ALEGRE DO SUL",7072,7371,7475,7152,7216,7278,7593,7665,7736,7804,7871,7964,8038,8111,8181,8057,8627,8873
"3618","353130","353130 MONTE ALTO",46905,45719,45899,46642,46875,47100,48907,49186,49456,49721,49979,50216,50498,50772,51039,47478,47574,48725
"3619","353140","353140 MONTE APRAZIVEL",19189,20789,21012,21746,22002,22250,23294,23579,23857,24128,24393,24794,25087,25373,25651,21470,22280,22650
"3620","353150","353150 MONTE AZUL PAULISTA",21131,19739,19744,18931,18884,18838,19376,19339,19304,19268,19234,19050,19008,18968,18928,18152,18151,18363
"3621","353160","353160 MONTE CASTELO",3555,4130,4130,4063,4062,4060,4187,4187,4188,4189,4190,4166,4166,4166,4166,4219,4222,4301
"3622","353170","353170 MONTEIRO LOBATO",3811,4235,4295,4120,4159,4197,4381,4424,4467,4509,4549,4608,4653,4696,4739,4127,4138,4205
"3623","353180","353180 MONTE MOR",47358,45811,46641,48949,49841,50702,53488,54462,55409,56335,57240,58765,59772,60754,61707,68781,64662,67296
"3624","353190","353190 MORRO AGUDO",28977,26245,26304,29116,29400,29673,30991,31310,31620,31923,32220,32641,32968,33288,33598,26806,27933,28561
"3625","353200","353200 MORUNGABA",11360,12999,13307,11769,11912,12050,12621,12779,12934,13085,13232,13458,13622,13781,13936,14590,13720,14081
"3626","353205","353205 MOTUCA",4357,4618,4690,4290,4323,4354,4534,4571,4607,4642,4676,4720,4758,4795,4831,4034,4034,4079
"3627","353210","353210 MURUTINGA DO SUL",4135,4264,4278,4186,4203,4219,4375,4395,4415,4434,4453,4466,4486,4506,4525,3675,3737,3763
"3628","353215","353215 NANTES",2175,2627,2663,2707,2741,2774,2905,2943,2979,3014,3049,3103,3141,3179,3215,2627,2660,2699
"3629","353220","353220 NARANDIBA",4264,4131,4182,4288,4330,4371,4564,4611,4657,4702,4746,4809,4857,4904,4950,5703,5713,5908
"3630","353230","353230 NATIVIDADE DA SERRA",7373,7613,7671,6678,6657,6637,6821,6803,6786,6770,6754,6681,6661,6642,6624,6963,6999,7134
"3631","353240","353240 NAZARE PAULISTA",16740,15168,15231,16414,16568,16717,17451,17625,17794,17959,18121,18346,18524,18698,18866,21214,18217,18620
"3632","353250","353250 NEVES PAULISTA",9410,9102,9125,8772,8762,8752,9017,9012,9008,9003,8999,8936,8930,8923,8917,9719,9699,9921
"3633","353260","353260 NHANDEARA",10071,10726,10774,10725,10766,10806,11203,11254,11303,11351,11398,11427,11478,11527,11575,9670,9852,9944
"3634","353270","353270 NIPOA",3667,4029,4106,4274,4352,4427,4669,4753,4835,4916,4994,5126,5213,5298,5381,4756,4750,4860
"3635","353280","353280 NOVA ALIANCA",5244,5110,5126,5891,5978,6061,6367,6462,6555,6645,6733,6875,6973,7068,7161,6712,6693,6858
"3636","353282","353282 NOVA CAMPINA",9059,9091,9263,8515,8609,8700,9100,9205,9307,9406,9504,9647,9755,9860,9962,8445,8497,8631
"3637","353284","353284 NOVA CANAA PAULISTA",2270,2203,2185,2114,2086,2059,2087,2059,2032,2005,1978,1911,1881,1852,1824,2031,2032,2058
"3638","353286","353286 NOVA CASTILHO",1042,1111,1123,1125,1136,1146,1195,1206,1217,1228,1239,1255,1267,1278,1290,1059,1062,1074
"3639","353290","353290 NOVA EUROPA",8937,9840,10094,9300,9453,9601,10108,10276,10439,10599,10755,11013,11186,11355,11519,9638,9311,9459
"3640","353300","353300 NOVA GRANADA",18829,18543,18691,19180,19346,19507,20346,20534,20717,20896,21071,21307,21500,21689,21871,19358,19419,19725
"3641","353310","353310 NOVA GUATAPORANGA",2045,2176,2189,2177,2184,2191,2270,2279,2288,2296,2304,2308,2316,2325,2333,2151,2156,2188
"3642","353320","353320 NOVA INDEPENDENCIA",2119,2681,2742,3068,3146,3220,3423,3507,3588,3667,3745,3883,3969,4053,4135,4619,4609,4795
"3643","353325","353325 NOVAIS",3341,3908,3975,4592,4697,4799,5089,5202,5313,5421,5527,5712,5830,5945,6057,4410,4412,4469
"3644","353330","353330 NOVA LUZITANIA",2838,3701,3794,3441,3495,3546,3728,3787,3843,3899,3953,4041,4101,4160,4217,2837,2837,2838
"3645","353340","353340 NOVA ODESSA",48884,48170,48769,51242,51946,52627,55229,56008,56764,57504,58227,59371,60174,60956,61716,61935,62019,64228
"3646","353350","353350 NOVO HORIZONTE",34123,35942,36270,36593,36913,37222,38828,39191,39543,39888,40225,40680,41052,41414,41765,38539,38324,39435
"3647","353360","353360 NUPORANGA",6753,6945,7004,6817,6856,6894,7164,7210,7255,7299,7341,7386,7432,7478,7522,7370,7391,7550
"3648","353370","353370 OCAUCU",4036,4328,4343,4163,4163,4163,4296,4299,4302,4305,4308,4287,4289,4291,4294,4329,4331,4412
"3649","353380","353380 OLEO",3166,2729,2687,2673,2649,2625,2676,2652,2628,2605,2583,2522,2496,2471,2447,2508,2512,2540
"3650","353390","353390 OLIMPIA",48653,50215,50602,50024,50332,50630,52650,53010,53360,53702,54037,54406,54772,55130,55477,56037,55074,56701
"3651","353400","353400 ONDA VERDE",3915,3953,4008,3884,3921,3956,4128,4169,4209,4248,4286,4339,4381,4422,4462,4770,4771,4912
"3652","353410","353410 ORIENTE",5110,6341,6384,6097,6120,6141,6366,6394,6421,6447,6473,6487,6515,6542,6569,6073,6085,6180
"3653","353420","353420 ORINDIUVA",5102,5294,5391,5675,5792,5904,6244,6370,6493,6614,6731,6935,7066,7194,7318,6022,6024,6145
"3654","353430","353430 ORLANDIA",39987,37422,37534,39781,40071,40352,42020,42354,42678,42996,43306,43687,44028,44360,44682,37916,38319,39193
"3655","353440","353440 OSASCO",724368,713066,718645,666740,667826,668877,691652,693271,694844,696382,697886,696850,698418,699944,701428,777048,728615,756952
"3656","353450","353450 OSCAR BRESSANE",2567,2540,2525,2537,2536,2535,2614,2614,2615,2615,2616,2602,2603,2603,2603,2475,2470,2504
"3657","353460","353460 OSVALDO CRUZ",30271,31317,31462,30917,31015,31109,32229,32353,32475,32593,32709,32754,32879,33000,33118,31222,31272,32099
"3658","353470","353470 OURINHOS",108234,103631,104545,103035,103739,104420,108674,109489,110282,111056,111813,112711,113542,114352,115139,108678,103970,106877
"3659","353475","353475 OUROESTE",7430,7482,7597,8405,8568,8725,9215,9392,9564,9733,9897,10177,10361,10539,10712,10288,10294,10596
"3660","353480","353480 OURO VERDE",7195,8074,8165,7800,7851,7899,8216,8274,8330,8386,8440,8503,8562,8620,8676,7766,7779,7901
"3661","353490","353490 PACAEMBU",12651,13672,13780,13226,13281,13333,13829,13896,13961,14024,14086,14130,14197,14263,14326,12682,14877,15217
"3662","353500","353500 PALESTINA",9174,11153,11354,11051,11201,11346,11904,12070,12231,12388,12542,12786,12957,13123,13285,11259,11476,11689
"3663","353510","353510 PALMARES PAULISTA",9386,11444,11743,10934,11126,11312,11922,12132,12336,12536,12730,13058,13275,13486,13691,9475,9650,9709
"3664","353520","353520 PALMEIRA D'OESTE",9789,9771,9714,9584,9528,9473,9700,9647,9596,9545,9496,9340,9283,9227,9173,8904,8903,8994
"3665","353530","353530 PALMITAL",22415,22190,22333,21186,21224,21260,21987,22041,22094,22146,22196,22168,22221,22272,22322,19559,19594,19767
"3666","353540","353540 PANORAMA",14764,14502,14580,14583,14655,14725,15288,15374,15458,15539,15619,15690,15777,15862,15944,14942,14964,15214
"3667","353550","353550 PARAGUACU PAULISTA",44533,44249,44688,42278,42483,42680,44310,44555,44794,45027,45255,45455,45703,45945,46180,41062,41120,42087
"3668","353560","353560 PARAIBUNA",18808,16863,16833,17388,17418,17446,18040,18083,18125,18166,18206,18180,18222,18263,18302,18107,17667,17950
"3669","353570","353570 PARAISO",6021,5785,5801,5898,5934,5969,6207,6249,6290,6330,6369,6411,6454,6496,6536,6099,6099,6211
"3670","353580","353580 PARANAPANEMA",17816,17558,17758,17808,17985,18155,18965,19164,19357,19545,19730,19993,20197,20395,20588,19412,19395,19799
"3671","353590","353590 PARANAPUA",3516,3732,3736,3815,3830,3843,3983,4001,4018,4035,4051,4061,4078,4095,4112,4044,4031,4111
"3672","353600","353600 PARAPUA",10836,11383,11400,10844,10825,10805,11124,11110,11098,11085,11073,10980,10964,10949,10934,10577,10580,10729
"3673","353610","353610 PARDINHO",5825,5285,5336,5582,5648,5711,5979,6051,6122,6191,6259,6360,6435,6508,6579,7107,7153,7382
"3674","353620","353620 PARIQUERA-ACU",21462,18815,18921,18446,18508,18567,19239,19316,19391,19465,19537,19570,19648,19723,19797,19260,19233,19576
"3675","353625","353625 PARISI",2320,2132,2146,2032,2039,2045,2118,2126,2134,2142,2150,2153,2161,2169,2177,2895,2892,3001
"3676","353630","353630 PATROCINIO PAULISTA",12865,12811,12937,13000,13122,13240,13821,13959,14093,14223,14351,14529,14670,14807,14941,14527,14512,14837
"3677","353640","353640 PAULICEIA",6277,5750,5786,6339,6419,6496,6807,6895,6981,7065,7147,7274,7366,7454,7540,7944,7955,8200
"3678","353650","353650 PAULINIA",63761,81544,84573,82146,84512,86800,92668,95221,97702,100128,102499,106776,109424,112003,114508,115870,110537,115690
"3679","353657","353657 PAULISTANIA",1995,1898,1905,1779,1779,1779,1836,1837,1839,1840,1841,1832,1833,1834,1835,2098,2090,2146
"3680","353660","353660 PAULO DE FARIA",8602,9378,9458,8589,8598,8607,8893,8909,8924,8939,8953,8930,8945,8959,8973,7416,7400,7430
"3681","353670","353670 PEDERNEIRAS",40522,42661,43246,41497,41872,42235,44073,44498,44910,45314,45708,46251,46687,47111,47523,43897,44827,46223
"3682","353680","353680 PEDRA BELA",6013,6097,6139,5780,5794,5806,6009,6027,6044,6062,6078,6075,6093,6110,6127,6558,6557,6718
"3683","353690","353690 PEDRANOPOLIS",2427,2827,2838,2558,2545,2532,2595,2582,2570,2558,2547,2508,2494,2481,2468,2774,2787,2848
"3684","353700","353700 PEDREGULHO",16069,15717,15785,15700,15755,15807,16382,16450,16517,16582,16645,16676,16744,16811,16876,15580,15525,15742
"3685","353710","353710 PEDREIRA",41384,40269,40749,41558,42045,42516,44509,45052,45579,46094,46598,47361,47919,48463,48992,43084,43112,44332
"3686","353715","353715 PEDRINHAS PAULISTA",3101,2923,2916,2940,2947,2952,3054,3062,3071,3079,3087,3085,3093,3101,3109,2790,2804,2838
"3687","353720","353720 PEDRO DE TOLEDO",10336,10163,10246,10204,10283,10358,10791,10880,10967,11053,11136,11240,11331,11421,11507,11387,11281,11539
"3688","353730","353730 PENAPOLIS",60033,59183,59597,58510,58808,59096,61371,61726,62071,62409,62738,63047,63407,63757,64098,62093,61679,63317
"3689","353740","353740 PEREIRA BARRETO",24555,24821,24775,24962,24957,24953,25742,25755,25767,25779,25790,25660,25669,25677,25685,23871,24095,24389
"3690","353750","353750 PEREIRAS",7748,7910,8073,7454,7549,7640,8006,8111,8213,8312,8410,8560,8668,8773,8875,9520,8737,8969
"3691","353760","353760 PERUIBE",67341,57151,57688,59773,60412,61030,63815,64531,65226,65907,66572,67548,68284,69001,69697,69321,68352,70543
"3692","353770","353770 PIACATU",4695,5398,5471,5287,5338,5387,5626,5683,5739,5793,5846,5922,5980,6038,6093,5511,5519,5623
"3693","353780","353780 PIEDADE",55707,49607,49512,52143,52298,52447,54323,54523,54717,54907,55092,55149,55348,55542,55731,51542,52970,54237
"3694","353790","353790 PILAR DO SUL",27741,28058,28452,26406,26595,26778,27880,28097,28309,28516,28718,28963,29185,29402,29612,29785,27619,28417
"3695","353800","353800 PINDAMONHANGABA",146413,142997,144613,146995,148605,150162,157062,158864,160614,162327,164000,166475,168328,170132,171885,164932,165428,172027
"3696","353810","353810 PINDORAMA",13728,15178,15381,15039,15188,15331,16013,16180,16342,16501,16656,16877,17049,17216,17378,14590,14542,14721
"3697","353820","353820 PINHALZINHO",13165,12451,12589,13105,13268,13425,14067,14247,14423,14595,14763,15021,15207,15388,15564,14971,15224,15605
"3698","353830","353830 PIQUEROBI",3656,3756,3782,3537,3542,3546,3665,3672,3679,3686,3693,3685,3692,3699,3706,3267,3264,3296
"3699","353850","353850 PIQUETE",15589,14766,14726,14107,14024,13942,14278,14199,14123,14048,13976,13742,13657,13575,13495,12597,12490,12570
"3700","353860","353860 PIRACAIA",27048,22815,22739,25116,25252,25384,26371,26532,26688,26841,26991,27140,27303,27462,27617,29876,26029,26764
"3701","353870","353870 PIRACICABA",372073,365440,368836,364571,367290,369919,385287,388412,391449,394419,397322,400949,404142,407252,410275,434432,423323,438827
"3702","353880","353880 PIRAJU",29446,29282,29398,28475,28520,28563,29532,29599,29664,29728,29790,29741,29806,29869,29930,29027,29436,30261
"3703","353890","353890 PIRAJUI",21174,22014,22190,22704,22905,23098,24098,24325,24546,24762,24973,25259,25492,25719,25939,22451,22431,22743
"3704","353900","353900 PIRANGI",10184,10744,10808,10623,10668,10712,11112,11167,11220,11272,11323,11362,11417,11471,11524,10885,10885,11076
"3705","353910","353910 PIRAPORA DO BOM JESUS",16173,15410,15705,15733,15990,16238,17091,17372,17646,17913,18174,18604,18895,19178,19453,20578,18370,18836
"3706","353920","353920 PIRAPOZINHO",23049,24964,25237,24694,24893,25086,26146,26374,26594,26810,27021,27295,27527,27754,27974,25376,25348,26065
"3707","353930","353930 PIRASSUNUNGA",71774,70912,71474,70081,70482,70869,73656,74128,74587,75035,75474,75930,76409,76877,77330,73436,73545,75475
"3708","353940","353940 PIRATININGA",11375,11868,11990,12072,12187,12297,12839,12968,13093,13216,13335,13503,13636,13765,13890,15120,15108,15554
"3709","353950","353950 PITANGUEIRAS",34649,35070,35440,35307,35626,35934,37499,37860,38211,38554,38889,39349,39719,40080,40430,33731,33674,34416
"3710","353960","353960 PLANALTO",3814,4247,4302,4463,4524,4583,4808,4876,4941,5005,5067,5167,5237,5304,5370,4392,4389,4454
"3711","353970","353970 PLATINA",2909,3359,3405,3192,3217,3242,3378,3406,3434,3461,3488,3521,3550,3578,3606,2990,3025,3061
"3712","353980","353980 POA",112387,111016,112474,106013,106797,107556,112015,112917,113793,114650,115488,116530,117452,118349,119221,109450,103765,106431
"3713","353990","353990 POLONI",4981,5074,5090,5395,5443,5489,5726,5780,5833,5884,5935,6004,6059,6113,6166,5592,5592,5696
"3714","354000","354000 POMPEIA",18969,19998,20171,19964,20102,20235,21060,21220,21375,21526,21674,21851,22014,22172,22326,20171,20196,20512
"3715","354010","354010 PONGAI",3789,3530,3513,3481,3465,3449,3537,3523,3508,3494,3480,3432,3416,3400,3385,3395,3395,3443
"3716","354020","354020 PONTAL",35526,38409,39270,40244,41055,41840,44236,45119,45978,46818,47638,49047,49961,50852,51717,37526,37607,38376
"3717","354025","354025 PONTALINDA",3866,4142,4199,4074,4116,4155,4341,4388,4433,4476,4519,4580,4628,4674,4719,4129,4127,4196
"3718","354030","354030 PONTES GESTAL",2187,2557,2558,2518,2517,2515,2593,2593,2593,2593,2594,2577,2577,2577,2576,2332,2387,2415
"3719","354040","354040 POPULINA",4258,4275,4245,4223,4206,4189,4299,4284,4269,4254,4240,4186,4169,4152,4136,4154,4127,4185
"3720","354050","354050 PORANGABA",7550,8739,8947,8326,8455,8579,9021,9162,9299,9434,9565,9779,9925,10067,10205,9634,10451,10773
"3721","354060","354060 PORTO FELIZ",52812,47774,47961,48893,49153,49404,51320,51628,51928,52221,52507,52785,53098,53402,53698,59306,56497,58345
"3722","354070","354070 PORTO FERREIRA",55048,50791,51085,51400,51705,51999,54056,54413,54761,55100,55432,55787,56150,56504,56848,52551,52649,53940
"3723","354075","354075 POTIM",16893,20026,20668,19397,19842,20272,21501,21984,22453,22911,23360,24143,24643,25130,25603,20342,20392,20767
"3724","354080","354080 POTIRENDABA",15746,15003,15129,15449,15587,15720,16401,16557,16709,16857,17002,17201,17361,17516,17668,20227,18496,18994
"3725","354085","354085 PRACINHA",1399,3102,3272,2858,2968,3074,3315,3433,3547,3659,3768,3971,4093,4212,4327,2581,2578,2599
"3726","354090","354090 PRADOPOLIS",15497,16287,16620,17377,17720,18052,19077,19450,19814,20169,20516,21110,21496,21873,22239,17035,17078,17309
"3727","354100","354100 PRAIA GRANDE",253215,244533,249547,262051,267307,272390,287967,293695,299261,304705,310024,319146,325073,330845,336454,344834,349935,365577
"3728","354105","354105 PRATANIA",4489,4555,4611,4599,4649,4697,4912,4967,5021,5074,5126,5204,5261,5317,5371,5127,5126,5246
"3729","354110","354110 PRESIDENTE ALVES",4155,4502,4521,4123,4109,4094,4205,4192,4179,4167,4155,4108,4094,4080,4067,3819,3804,3841
"3730","354120","354120 PRESIDENTE BERNARDES",15731,15327,15374,13570,13487,13406,13724,13645,13568,13494,13420,13190,13106,13023,12943,14371,14490,14772
"3731","354130","354130 PRESIDENTE EPITACIO",43082,40775,40890,41318,41474,41624,43155,43348,43535,43718,43897,44006,44200,44389,44572,38992,39505,40383
"3732","354140","354140 PRESIDENTE PRUDENTE",209352,206164,207725,207610,209025,210393,218960,220599,222192,223749,225271,227072,228743,230371,231953,226692,225668,234083
"3733","354150","354150 PRESIDENTE VENCESLAU",38395,38368,38440,37910,37954,37996,39265,39337,39407,39476,39544,39448,39516,39583,39648,35039,35201,35902
"3734","354160","354160 PROMISSAO",33762,36997,37568,35674,36025,36364,37985,38380,38764,39139,39506,40027,40432,40828,41211,35142,35131,35991
"3735","354165","354165 QUADRA",3281,2779,2787,3236,3281,3325,3489,3539,3587,3634,3680,3753,3804,3854,3902,3341,3405,3472
"3736","354170","354170 QUATA",11906,12467,12539,12799,12887,12972,13501,13603,13702,13798,13893,14006,14109,14210,14309,12849,13163,13399
"3737","354180","354180 QUEIROZ",2372,2811,2875,2808,2857,2905,3060,3114,3166,3217,3267,3351,3406,3460,3513,3274,3265,3351
"3738","354190","354190 QUELUZ",10304,11012,11193,11309,11478,11641,12234,12419,12600,12777,12949,13228,13420,13606,13788,9387,9159,9146
"3739","354200","354200 QUINTANA",5658,5906,5945,6004,6048,6089,6339,6389,6437,6484,6530,6587,6638,6688,6736,7043,7038,7225
"3740","354210","354210 RAFARD",8166,8370,8368,8612,8632,8651,8952,8979,9004,9030,9054,9050,9076,9101,9126,9333,8965,9133
"3741","354220","354220 RANCHARIA",30355,29138,29137,28804,28807,28809,29732,29755,29778,29799,29821,29688,29707,29726,29743,28569,28588,29305
"3742","354230","354230 REDENCAO DA SERRA",4087,4230,4252,3873,3860,3847,3952,3941,3930,3919,3908,3863,3851,3839,3827,3726,4494,4611
"3743","354240","354240 REGENTE FEIJO",18730,17671,17724,18494,18609,18720,19468,19602,19733,19860,19985,20124,20261,20394,20523,20151,20145,20565
"3744","354250","354250 REGINOPOLIS",4723,7859,8170,7323,7522,7713,8218,8432,8640,8844,9042,9399,9621,9837,10047,7632,7662,7808
"3745","354260","354260 REGISTRO",57834,55081,55163,54261,54301,54338,56123,56203,56280,56356,56430,56249,56322,56393,56463,63034,59947,61732
"3746","354270","354270 RESTINGA",6584,6780,6891,6587,6664,6739,7054,7139,7223,7304,7384,7504,7593,7679,7762,6440,6404,6492
"3747","354280","354280 RIBEIRA",3032,3544,3546,3358,3347,3336,3427,3418,3408,3399,3390,3351,3340,3330,3320,3085,3132,3166
"3748","354290","354290 RIBEIRAO BONITO",12027,11810,11867,12135,12204,12270,12750,12831,12909,12986,13060,13137,13219,13299,13376,11004,10989,11079
"3749","354300","354300 RIBEIRAO BRANCO",22892,18867,18606,18269,18042,17822,18093,17866,17646,17430,17220,16684,16444,16211,15984,18494,18627,18930
"3750","354310","354310 RIBEIRAO CORRENTE",4437,4188,4209,4273,4304,4333,4510,4545,4579,4612,4644,4682,4718,4752,4786,4638,4608,4706
"3751","354320","354320 RIBEIRAO DO SUL",4774,4651,4658,4446,4443,4439,4575,4574,4573,4572,4571,4542,4541,4539,4537,4667,4677,4768
"3752","354323","354323 RIBEIRAO DOS INDIOS",2344,2310,2308,2187,2185,2182,2248,2247,2245,2244,2243,2227,2225,2224,2222,1999,2025,2045
"3753","354325","354325 RIBEIRAO GRANDE",8425,7035,6994,7422,7425,7427,7667,7675,7682,7690,7697,7666,7673,7679,7686,7348,7450,7570
"3754","354330","354330 RIBEIRAO PIRES",121035,111402,112010,113068,113726,114361,118871,119644,120396,121130,121848,122607,123393,124159,125238,116174,115559,118877
"3755","354340","354340 RIBEIRAO PRETO",567917,558136,563107,604682,612340,619746,649556,658059,666323,674405,682302,694534,703293,711825,720116,702739,698642,728400
"3756","354350","354350 RIVERSUL",5313,6588,6522,6163,6085,6008,6096,6017,5941,5866,5792,5607,5524,5443,5364,5604,5599,5647
"3757","354360","354360 RIFAINA",3689,3783,3823,3436,3445,3453,3574,3586,3597,3608,3618,3618,3629,3640,3651,3958,4049,4158
"3758","354370","354370 RINCAO",10313,10807,10846,10414,10421,10427,10768,10782,10796,10809,10823,10786,10799,10812,10824,8731,9098,9145
"3759","354380","354380 RINOPOLIS",9476,9473,9388,9935,9911,9887,10170,10152,10133,10116,10098,10003,9981,9961,9940,9251,9259,9357
"3760","354390","354390 RIO CLARO",193721,189834,191886,186253,187638,188977,196821,198413,199961,201473,202952,204797,206424,208008,209548,206950,201418,208857
"3761","354400","354400 RIO DAS PEDRAS",27230,28036,28474,29501,29963,30409,31982,32489,32982,33464,33935,34704,35228,35738,36233,31503,31328,32267
"3762","354410","354410 RIO GRANDE DA SERRA",43205,41215,41599,43974,44503,45014,47142,47731,48302,48861,49408,50241,50846,51436,52009,45183,44170,45317
"3763","354420","354420 RIOLANDIA",9241,10365,10539,10575,10730,10880,11429,11600,11766,11928,12086,12342,12518,12689,12856,10358,10309,10453
"3764","354425","354425 ROSANA",27200,19428,18920,19691,19343,19006,19156,18803,18459,18124,17795,17015,16643,16281,15929,17237,17440,17533
"3765","354430","354430 ROSEIRA",10576,9446,9525,9599,9678,9754,10168,10257,10344,10429,10512,10621,10712,10801,10888,10787,10832,11095
"3766","354440","354440 RUBIACEA",2083,2633,2659,2729,2760,2789,2917,2950,2983,3015,3046,3093,3128,3162,3195,2680,2700,2741
"3767","354450","354450 RUBINEIA",2943,2614,2617,2862,2881,2900,3017,3039,3060,3081,3102,3125,3148,3170,3191,3837,3833,3965
"3768","354460","354460 SABINO",5275,5381,5421,5217,5238,5258,5452,5477,5502,5526,5549,5564,5590,5614,5638,5112,5112,5185
"3769","354470","354470 SAGRES",2259,2349,2338,2395,2392,2389,2460,2458,2456,2454,2453,2435,2432,2430,2427,2467,2474,2519
"3770","354480","354480 SALES",5249,5325,5401,5451,5520,5586,5853,5929,6002,6074,6144,6253,6331,6407,6481,6468,6437,6612
"3771","354490","354490 SALES OLIVEIRA",10767,8149,8019,10568,10664,10756,11225,11333,11438,11541,11641,11779,11890,11998,12103,11420,11411,11654
"3772","354500","354500 SALESOPOLIS",16907,15897,16044,15635,15734,15828,16462,16576,16688,16797,16903,17022,17139,17252,17363,15289,15202,15396
"3773","354510","354510 SALMOURAO",4343,4748,4776,4818,4851,4881,5079,5116,5152,5187,5222,5262,5300,5337,5372,4758,4808,4883
"3774","354515","354515 SALTINHO",6418,7029,7149,7059,7156,7250,7607,7714,7818,7919,8019,8176,8286,8393,8498,8353,8161,8371
"3775","354520","354520 SALTO",110877,108471,109951,105516,106465,107382,112052,113127,114171,115193,116191,117561,118663,119736,120779,141988,134319,140125
"3776","354530","354530 SALTO DE PIRAPORA",43346,39224,39619,40132,40521,40897,42710,43148,43574,43990,44397,44972,45422,45860,46285,44921,43748,45138
"3777","354540","354540 SALTO GRANDE",9351,8926,8976,8787,8814,8839,9156,9190,9223,9255,9287,9297,9331,9364,9396,9051,9050,9212
"3778","354550","354550 SANDOVALINA",3667,3362,3391,3699,3746,3792,3974,4026,4076,4126,4174,4248,4302,4354,4405,3657,3645,3699
"3779","354560","354560 SANTA ADELIA",14165,14448,14532,14333,14401,14467,15017,15098,15178,15255,15331,15397,15480,15561,15639,14018,14018,14203
"3780","354570","354570 SANTA ALBERTINA",5341,5052,4982,5723,5734,5744,5941,5956,5971,5985,5999,5993,6008,6022,6036,6388,6393,6543
"3781","354580","354580 SANTA BARBARA D'OESTE",191189,187908,189573,180009,180772,181509,188302,189233,190139,191024,191889,192536,193475,194390,195278,183447,183347,189338
"3782","354600","354600 SANTA BRANCA",15305,13811,13882,13763,13821,13877,14395,14465,14534,14601,14667,14717,14788,14857,14925,13441,13975,14212
"3783","354610","354610 SANTA CLARA D'OESTE",1799,2141,2134,2084,2082,2079,2141,2139,2137,2136,2134,2118,2115,2113,2111,2596,2598,2677
"3784","354620","354620 SANTA CRUZ DA CONCEICAO",4041,4099,4157,4002,4039,4074,4251,4292,4332,4371,4409,4461,4503,4544,4584,4179,4277,4365
"3785","354625","354625 SANTA CRUZ DA ESPERANCA",1880,1741,1721,1953,1966,1977,2056,2070,2084,2097,2110,2124,2139,2153,2166,2129,2116,2162
"3786","354630","354630 SANTA CRUZ DAS PALMEIRAS",28732,32861,33585,29932,30268,30593,32009,32384,32749,33106,33455,33975,34361,34737,35102,28861,28864,29525
"3787","354640","354640 SANTA CRUZ DO RIO PARDO",44624,43279,43497,43921,44152,44375,46092,46366,46633,46893,47148,47395,47673,47943,48207,46105,46442,47677
"3788","354650","354650 SANTA ERNESTINA",5855,5634,5613,5568,5555,5542,5701,5691,5681,5672,5662,5611,5599,5588,5577,6123,6118,6256
"3789","354660","354660 SANTA FE DO SUL",29409,28966,29197,29239,29449,29651,30872,31113,31348,31578,31802,32076,32322,32563,32796,34762,34794,36098
"3790","354670","354670 SANTA GERTRUDES",20517,20568,21025,21634,22074,22499,23793,24272,24737,25192,25637,26403,26898,27381,27850,23721,23611,24107
"3791","354680","354680 SANTA ISABEL",48648,46645,46898,50453,50969,51467,53784,54363,54926,55476,56014,56792,57386,57966,58529,56635,53174,54586
"3792","354690","354690 SANTA LUCIA",9185,8133,8153,8248,8279,8308,8613,8651,8687,8723,8758,8779,8817,8854,8889,7004,7149,7181
"3793","354700","354700 SANTA MARIA DA SERRA",4989,5809,5918,5413,5470,5525,5776,5840,5902,5962,6021,6107,6173,6236,6298,5753,5243,5314
"3794","354710","354710 SANTA MERCEDES",2658,2617,2582,2831,2834,2836,2929,2933,2937,2941,2945,2935,2939,2943,2947,2952,2956,3012
"3795","354720","354720 SANTANA DA PONTE PENSA",1494,1643,1622,1641,1622,1603,1629,1610,1591,1573,1555,1507,1487,1467,1448,1669,1670,1698
"3796","354730","354730 SANTANA DE PARNAIBA",106361,110730,114322,108813,111422,113945,120998,123825,126574,129261,131887,136517,139447,142301,145073,163348,154105,162341
"3797","354740","354740 SANTA RITA D'OESTE",2016,2521,2504,2543,2532,2521,2585,2574,2564,2554,2544,2510,2498,2487,2476,2736,2733,2790
"3798","354750","354750 SANTA RITA DO PASSA QUATRO",27845,27447,27559,26478,26505,26530,27411,27457,27502,27546,27590,27514,27557,27600,27641,24858,24833,25060
"3799","354760","354760 SANTA ROSA DE VITERBO",23338,23824,24052,23862,24049,24229,25246,25459,25666,25869,26067,26322,26540,26753,26960,23783,23411,23725
"3800","354765","354765 SANTA SALETE",1377,1441,1449,1447,1453,1458,1511,1517,1523,1530,1536,1539,1545,1552,1558,1644,1645,1686
"3801","354770","354770 SANTO ANASTACIO",21387,21195,21225,20475,20454,20434,21059,21051,21044,21037,21030,20889,20878,20866,20855,17875,17963,18045
"3802","354780","354780 SANTO ANDRE",676847,671696,673394,676407,678486,680496,704942,707613,710210,712749,715231,716109,718773,721368,723889,776640,748919,778711
"3803","354790","354790 SANTO ANTONIO DA ALEGRIA",6280,6296,6341,6304,6346,6386,6644,6692,6739,6785,6829,6880,6929,6977,7024,6775,6775,6917
"3804","354800","354800 SANTO ANTONIO DE POSSE",21427,20973,21246,20650,20844,21032,21957,22176,22389,22597,22801,23085,23310,23529,23742,23102,23244,23779
"3805","354805","354805 SANTO ANTONIO DO ARACANGUA",6869,7303,7336,7626,7680,7732,8048,8109,8169,8228,8285,8356,8420,8481,8541,8322,8379,8568
"3806","354810","354810 SANTO ANTONIO DO JARDIM",6550,5824,5784,5943,5927,5912,6078,6065,6053,6041,6029,5968,5954,5940,5926,6114,6126,6237
"3807","354820","354820 SANTO ANTONIO DO PINHAL",7153,6849,6902,6486,6499,6510,6733,6750,6767,6784,6800,6794,6811,6827,6843,7071,7133,7294
"3808","354830","354830 SANTO EXPEDITO",2789,2918,2953,2803,2825,2845,2963,2988,3011,3035,3057,3086,3111,3135,3159,3004,3000,3063
"3809","354840","354840 SANTOPOLIS DO AGUAPEI",3791,4199,4231,4277,4313,4347,4532,4572,4611,4650,4687,4736,4777,4817,4856,3899,3899,3933
"3810","354850","354850 SANTOS",418436,417518,417101,419400,419509,419614,433153,433565,433966,434359,434742,432957,433311,433656,433991,414029,418608,429567
"3811","354860","354860 SAO BENTO DO SAPUCAI",11766,10918,10964,10468,10477,10486,10831,10848,10864,10880,10895,10862,10878,10893,10907,11427,11674,11948
"3812","354870","354870 SAO BERNARDO DO CAMPO",819124,801580,810980,765463,770253,774886,805895,811489,816925,822242,827437,833240,838936,844483,849874,832347,810729,840499
"3813","354880","354880 SAO CAETANO DO SUL",132195,151103,152093,149263,149962,150638,156362,157205,158024,158825,159608,160275,161127,161957,162763,166847,165655,172109
"3814","354890","354890 SAO CARLOS",222583,218080,220464,221950,224173,226322,236457,238958,241389,243765,246088,249415,251983,254484,256915,256898,254857,265294
"3815","354900","354900 SAO FRANCISCO",3138,2893,2897,2793,2788,2783,2864,2861,2857,2854,2850,2826,2821,2817,2813,2602,2602,2629
"3816","354910","354910 SAO JOAO DA BOA VISTA",84395,83369,83910,83639,84119,84584,87912,88477,89027,89564,90089,90637,91211,91771,92315,92319,92547,95762
"3817","354920","354920 SAO JOAO DAS DUAS PONTES",2547,2635,2623,2566,2559,2552,2624,2618,2612,2607,2601,2574,2568,2561,2555,2569,2580,2622
"3818","354925","354925 SAO JOAO DE IRACEMA",1741,1798,1817,1780,1789,1797,1865,1875,1885,1894,1904,1912,1922,1932,1942,1843,1846,1880
"3819","354930","354930 SAO JOAO DO PAU D'ALHO",1636,2191,2193,2103,2098,2092,2150,2145,2141,2136,2132,2111,2105,2100,2095,2226,2242,2288
"3820","354940","354940 SAO JOAQUIM DA BARRA",46369,45782,46171,46512,46891,47256,49259,49690,50110,50520,50921,51447,51888,52319,52737,48058,48558,49815
"3821","354950","354950 SAO JOSE DA BELA VISTA",8888,8479,8501,8406,8432,8456,8759,8791,8823,8854,8885,8895,8928,8960,8991,7642,7626,7690
"3822","354960","354960 SAO JOSE DO BARREIRO",4322,4461,4493,4077,4072,4068,4190,4188,4185,4183,4181,4151,4147,4144,4141,4313,3853,3898
"3823","354970","354970 SAO JOSE DO RIO PARDO",54756,53025,53281,51900,52040,52176,54024,54209,54388,54563,54734,54763,54946,55124,55298,51668,52205,53416
"3824","354980","354980 SAO JOSE DO RIO PRETO",424114,414272,419633,408258,412076,415769,434039,438354,442548,446649,450657,456245,460671,464983,469173,475643,480393,501597
"3825","354990","354990 SAO JOSE DOS CAMPOS",621789,609229,615886,629921,636876,643603,673255,681036,688597,695992,703219,713943,721944,729737,737310,725419,697054,724756
"3826","354995","354995 SAO LOURENCO DA SERRA",16186,17763,18298,13973,14110,14241,14874,15028,15177,15323,15465,15667,15825,15978,16127,15992,16067,16458
"3827","355000","355000 SAO LUIS DO PARAITINGA",10858,10872,10902,10397,10395,10393,10721,10726,10731,10735,10740,10684,10687,10690,10693,10181,10337,10497
"3828","355010","355010 SAO MANUEL",40310,39434,39693,38342,38480,38614,40027,40200,40367,40532,40692,40781,40954,41123,41287,39467,37289,38166
"3829","355020","355020 SAO MIGUEL ARCANJO",35408,31304,31329,31450,31501,31549,32621,32696,32769,32840,32910,32859,32931,33002,33071,32062,32039,32904
"3830","355030","355030 SAO PAULO",11104715,10990249,11037590,11253503,11316119,11376685,11821873,11895893,11967825,12038175,12106920,12176866,12252023,12325232,12396372,12200180,11451999,11895578
"3831","355040","355040 SAO PEDRO",34469,31257,31575,31662,31951,32231,33638,33966,34284,34595,34898,35318,35653,35980,36298,38991,38256,39725
"3832","355050","355050 SAO PEDRO DO TURVO",7040,7393,7436,7198,7222,7245,7508,7538,7567,7596,7624,7636,7666,7696,7724,7155,7217,7333
"3833","355060","355060 SAO ROQUE",74855,67669,67712,78821,79757,80661,84460,85502,86515,87506,88473,89943,91016,92060,93076,85848,79484,81342
"3834","355070","355070 SAO SEBASTIAO",78584,72236,73629,73942,75163,76344,80379,81718,83020,84294,85538,87596,88980,90328,91637,87939,81595,84019
"3835","355080","355080 SAO SEBASTIAO DA GRAMA",13004,12951,12985,12099,12072,12046,12394,12374,12355,12335,12317,12205,12182,12159,12137,10023,10441,10484
"3836","355090","355090 SAO SIMAO",15113,14280,14329,14346,14398,14448,14976,15041,15104,15165,15225,15257,15322,15385,15446,13374,13442,13590
"3837","355100","355100 SAO VICENTE",333271,328522,330793,332445,334663,336809,350465,353040,355542,357989,360380,363173,365798,368355,370839,334632,329911,338407
"3838","355110","355110 SARAPUI",8932,8534,8599,9027,9121,9212,9628,9734,9836,9936,10034,10177,10285,10390,10493,10334,10369,10632
"3839","355120","355120 SARUTAIA",4345,3789,3782,3622,3614,3605,3707,3700,3694,3687,3681,3646,3638,3630,3623,3713,3704,3769
"3840","355130","355130 SEBASTIANOPOLIS DO SUL",2564,3059,3112,3031,3069,3105,3252,3293,3334,3373,3411,3470,3513,3554,3595,3184,3130,3187
"3841","355140","355140 SERRA AZUL",8527,9880,10124,11256,11549,11832,12592,12908,13216,13516,13810,14334,14662,14981,15292,10429,12746,13058
"3842","355150","355150 SERRANA",40588,38956,39575,38878,39360,39826,41728,42264,42784,43293,43790,44555,45107,45644,46166,44495,43909,45408
"3843","355160","355160 SERRA NEGRA",25675,25741,25911,26387,26582,26770,27879,28103,28321,28534,28742,29001,29229,29452,29669,29915,29894,30920
"3844","355170","355170 SERTAOZINHO",108183,109565,110998,110074,111257,112401,117539,118864,120152,121412,122643,124453,125815,127142,128432,127670,126887,131600
"3845","355180","355180 SETE BARRAS",14726,13211,13146,13005,12951,12898,13239,13190,13144,13098,13053,12884,12832,12780,12731,13694,12730,12912
"3846","355190","355190 SEVERINIA",16432,15523,15708,15501,15647,15788,16482,16646,16806,16962,17115,17328,17496,17661,17820,14020,14576,14724
"3847","355200","355200 SILVEIRAS",5770,5803,5852,5792,5824,5855,6083,6121,6158,6193,6228,6264,6302,6339,6375,6169,6186,6313
"3848","355210","355210 SOCORRO",34357,34312,34448,36686,36992,37288,38878,39227,39565,39896,40220,40648,41005,41352,41690,40323,40122,41405
"3849","355220","355220 SOROCABA",590845,576312,584313,586625,593776,600692,629231,637187,644919,652481,659871,671186,679378,687357,695328,738128,723682,757459
"3850","355230","355230 SUD MENNUCCI",7502,8075,8146,7435,7441,7446,7691,7702,7712,7723,7733,7708,7718,7728,7738,6997,7355,7466
"3851","355240","355240 SUMARE",244122,237135,241074,241311,242960,246247,258556,262308,265955,269522,273007,278571,282441,286211,289875,294128,279545,289787
"3852","355250","355250 SUZANO",288118,279394,284354,262480,265074,267583,279520,282441,285280,288056,290769,294638,297637,300559,303397,330710,307429,318765
"3853","355255","355255 SUZANAPOLIS",2923,3714,3806,3383,3429,3473,3642,3693,3742,3790,3836,3911,3963,4014,4063,3315,3408,3464
"3854","355260","355260 TABAPUA",10950,11851,11982,11363,11430,11495,11949,12027,12103,12178,12251,12328,12407,12485,12561,11323,11323,11499
"3855","355270","355270 TABATINGA",14859,14712,14867,14686,14817,14943,15590,15738,15881,16021,16159,16345,16496,16644,16787,14585,14769,14994
"3856","355280","355280 TABOAO DA SERRA",229595,224757,227348,244528,248127,251608,264352,268321,272177,275948,279634,285570,289664,293652,297528,283419,273542,284274
"3857","355290","355290 TACIBA",5622,5637,5678,5714,5752,5789,6023,6067,6110,6152,6193,6240,6285,6329,6371,6243,6260,6399
"3858","355300","355300 TAGUAI",8354,10542,10851,10828,11086,11336,12034,12314,12586,12851,13111,13569,13859,14141,14415,12637,12669,13006
"3859","355310","355310 TAIACU",6135,6053,6092,5894,5916,5936,6153,6179,6205,6230,6255,6268,6295,6320,6346,5677,5677,5751
"3860","355320","355320 TAIUVA",5745,5509,5515,5447,5443,5439,5606,5605,5605,5604,5603,5568,5566,5564,5562,6549,6548,6733
"3861","355330","355330 TAMBAU",24304,22564,22574,22406,22418,22429,23159,23187,23214,23241,23267,23182,23207,23232,23255,21475,21435,21682
"3862","355340","355340 TANABI",23501,24424,24590,24055,24168,24277,25199,25335,25467,25597,25723,25830,25967,26101,26231,25370,25265,26021
"3863","355350","355350 TAPIRAI",10982,8052,7993,8012,7970,7928,8125,8085,8047,8010,7973,7850,7807,7766,7725,7987,7996,8122
"3864","355360","355360 TAPIRATIBA",13913,12469,12412,12737,12722,12707,13091,13084,13076,13069,13062,12970,12960,12950,12940,11730,11816,11936
"3865","355365","355365 TAQUARAL",2962,2953,2979,2726,2727,2727,2814,2817,2819,2821,2823,2810,2811,2813,2815,2620,2619,2652
"3866","355370","355370 TAQUARITINGA",56444,55372,55658,53988,54136,54279,56204,56398,56587,56771,56951,56984,57177,57364,57547,51833,52260,53322
"3867","355380","355380 TAQUARITUBA",24907,22978,23060,22291,22315,22338,23083,23123,23163,23202,23240,23180,23218,23256,23292,24366,24350,24863
"3868","355385","355385 TAQUARIVAI",5662,5446,5539,5151,5204,5254,5489,5548,5605,5660,5715,5792,5852,5911,5968,7057,6876,7112
"3869","355390","355390 TARABAI",6701,6406,6456,6607,6671,6731,7028,7099,7168,7236,7302,7395,7468,7540,7609,6535,6536,6635
"3870","355395","355395 TARUMA",11739,13151,13381,12885,13050,13209,13845,14027,14205,14378,14547,14812,15000,15183,15361,14899,14882,15248
"3871","355400","355400 TATUI",109183,107651,109018,107326,108393,109425,114314,115515,116682,117823,118939,120533,121766,122967,124134,122991,123942,128560
"3872","355410","355410 TAUBATE",275812,270918,273426,278686,281336,283899,296431,299423,302331,305174,307953,311854,314924,317915,320820,311912,310739,321298
"3873","355420","355420 TEJUPA",5853,5096,5063,4809,4769,4730,4828,4788,4750,4713,4677,4574,4532,4491,4452,4139,4127,4142
"3874","355430","355430 TEODORO SAMPAIO",20907,21107,21202,21386,21493,21595,22424,22551,22675,22795,22914,23019,23148,23273,23395,22217,22173,22559
"3875","355440","355440 TERRA ROXA",8707,8545,8623,8505,8563,8619,8969,9036,9101,9164,9227,9302,9370,9437,9502,7903,7904,7985
"3876","355450","355450 TIETE",37521,35821,36209,36835,37229,37609,39324,39765,40194,40613,41022,41622,42076,42517,42946,38336,37663,38690
"3877","355460","355460 TIMBURI",2629,2567,2534,2646,2640,2634,2709,2704,2699,2695,2690,2663,2658,2652,2647,2434,2464,2490
"3878","355465","355465 TORRE DE PEDRA",2917,3058,3147,2254,2263,2271,2354,2365,2375,2385,2395,2401,2412,2422,2432,2044,2046,2063
"3879","355470","355470 TORRINHA",9971,9245,9277,9330,9368,9405,9754,9801,9846,9890,9934,9963,10010,10056,10100,9303,9335,9484
"3880","355475","355475 TRABIJU",1491,1507,1528,1544,1557,1569,1635,1650,1664,1677,1691,1709,1724,1738,1752,1729,1682,1719
"3881","355480","355480 TREMEMBE",40987,40601,41154,40984,41457,41915,43871,44399,44912,45414,45904,46642,47185,47714,48228,51489,51173,53083
"3882","355490","355490 TRES FRONTEIRAS",5195,5167,5160,5427,5448,5468,5669,5694,5719,5743,5767,5781,5807,5832,5856,6802,6804,7013
"3883","355495","355495 TUIUTI",5687,6165,6280,5930,6005,6078,6369,6452,6533,6612,6689,6808,6894,6977,7058,6831,6778,6947
"3884","355500","355500 TUPA",66740,64078,64099,63476,63487,63498,65540,65596,65651,65705,65758,65477,65524,65570,65615,63551,63928,65416
"3885","355510","355510 TUPI PAULISTA",12642,14298,14390,14269,14345,14418,14976,15066,15153,15238,15321,15404,15495,15583,15670,15839,15854,16206
"3886","355520","355520 TURIUBA",1728,2028,2044,1930,1933,1936,2000,2005,2009,2013,2016,2012,2016,2020,2024,1798,1818,1839
"3887","355530","355530 TURMALINA",2041,1998,1960,1978,1949,1920,1942,1912,1883,1854,1827,1759,1727,1696,1667,1689,1669,1672
"3888","355535","355535 UBARANA",5396,4799,4856,5289,5372,5451,5732,5822,5910,5996,6080,6216,6309,6400,6488,5365,5365,5456
"3889","355540","355540 UBATUBA",83421,79834,81098,78801,79718,80604,84377,85399,86392,87364,88313,89747,90799,91824,92819,97382,92981,96598
"3890","355550","355550 UBIRAJARA",4117,4446,4476,4427,4448,4468,4637,4662,4687,4711,4734,4754,4780,4804,4828,5124,5132,5265
"3891","355560","355560 UCHOA",9630,9753,9817,9471,9505,9537,9885,9927,9968,10008,10047,10068,10110,10151,10191,10067,10394,10627
"3892","355570","355570 UNIAO PAULISTA",1386,1508,1514,1599,1618,1636,1712,1733,1754,1773,1793,1823,1844,1865,1886,1535,1603,1628
"3893","355580","355580 URANIA",8887,8998,9000,8836,8837,8838,9121,9128,9135,9141,9148,9108,9114,9120,9125,8840,8833,8973
"3894","355590","355590 URU",1460,1397,1399,1251,1240,1228,1252,1240,1229,1218,1207,1177,1165,1153,1142,1387,1387,1419
"3895","355600","355600 URUPES",12533,12347,12384,12714,12782,12848,13345,13426,13504,13580,13655,13727,13809,13888,13965,13540,13744,14038
"3896","355610","355610 VALENTIM GENTIL",10899,9952,10084,11036,11223,11404,12012,12217,12416,12610,12800,13115,13326,13532,13732,14132,14098,14531
"3897","355620","355620 VALINHOS",95814,105282,107481,106793,108622,110390,116308,118312,120258,122163,124024,127123,129193,131210,133169,132846,126373,131277
"3898","355630","355630 VALPARAISO",20298,22165,22512,22576,22884,23181,24323,24663,24993,25316,25632,26130,26480,26822,27154,23775,24241,24723
"3899","355635","355635 VARGEM",8655,7092,7099,8801,8942,9077,9550,9704,9854,10000,10143,10378,10537,10692,10842,9948,10512,10805
"3900","355640","355640 VARGEM GRANDE DO SUL",40855,38925,39160,39266,39494,39714,41279,41547,41807,42061,42310,42573,42845,43110,43368,39539,40133,41226
"3901","355645","355645 VARGEM GRANDE PAULISTA",46989,43664,44757,42997,43789,44555,47013,47879,48720,49542,50346,51702,52597,53468,54315,53777,50415,52103
"3902","355650","355650 VARZEA PAULISTA",113117,105954,107211,107089,108186,109247,114170,115403,116601,117772,118917,120572,121838,123071,124269,125054,115771,119576
"3903","355660","355660 VERA CRUZ",11125,10065,9950,10769,10745,10722,11032,11014,10997,10980,10963,10864,10843,10823,10804,10194,10176,10294
"3904","355670","355670 VINHEDO",58786,62240,63734,63611,64870,66087,69845,71217,72550,73855,75129,77308,78728,80111,81516,82029,76540,79235
"3905","355680","355680 VIRADOURO",18405,17924,18115,17297,17400,17499,18191,18311,18428,18542,18654,18775,18898,19017,19133,17413,17414,17681
"3906","355690","355690 VISTA ALEGRE DO ALTO",5729,6682,6870,6886,7050,7208,7652,7830,8002,8171,8335,8626,8810,8989,9163,8108,8109,8327
"3907","355695","355695 VITORIA BRASIL",1872,1664,1671,1737,1742,1747,1809,1815,1821,1827,1833,1834,1840,1846,1852,1796,1794,1826
"3908","355700","355700 VOTORANTIM",108851,104413,105190,108809,109798,110755,115585,116706,117794,118858,119898,121331,122480,123599,124468,137319,127923,132849
"3909","355710","355710 VOTUPORANGA",84994,80819,81277,84692,85387,86059,89715,90508,91278,92032,92768,93736,94547,95338,96106,96795,96634,100159
"3910","355715","355715 ZACARIAS",1946,2384,2425,2335,2365,2394,2509,2542,2574,2605,2636,2684,2718,2752,2784,2680,2692,2761
"3911","355720","355720 CHAVANTES",12598,12652,12688,12114,12108,12102,12480,12482,12484,12486,12487,12418,12418,12418,12418,12090,12211,12411
"3912","355730","355730 ESTIVA GERBI",10708,9590,9654,10044,10136,10224,10669,10772,10873,10971,11067,11198,11304,11407,11507,11394,11295,11566
"3913","410010","410010 ABATIA",6575,7965,7930,7764,7727,7690,7881,7852,7823,7795,7768,7507,7457,7408,7360,7321,7241,7271
"3914","410020","410020 ADRIANOPOLIS",5366,6875,6855,6376,6328,6281,6416,6374,6333,6293,6254,5983,5919,5857,5797,8556,6256,6327
"3915","410030","410030 AGUDOS DO SUL",8200,8601,8730,8270,8351,8429,8797,8892,8983,9073,9161,9269,9371,9470,9567,10092,10233,10646
"3916","410040","410040 ALMIRANTE TAMANDARE",117415,96739,97522,103204,104350,105458,110256,111586,112870,114129,115364,117168,118623,120041,121420,122032,119825,124788
"3917","410045","410045 ALTAMIRA DO PARANA",6626,4101,3795,4306,4100,3900,3754,3544,3341,3143,2948,2209,1942,1682,1429,3435,3590,3543
"3918","410050","410050 ALTONIA",14675,20638,20768,20516,20615,20711,21489,21619,21744,21867,21988,21933,22056,22176,22293,18735,18742,18750
"3919","410060","410060 ALTO PARANA",13289,13379,13431,13663,13736,13806,14334,14427,14518,14606,14693,14679,14770,14859,14945,13897,13909,14138
"3920","410070","410070 ALTO PIQUIRI",9196,10448,10404,10179,10135,10092,10350,10317,10285,10253,10222,9896,9836,9778,9722,9646,9727,9802
"3921","410080","410080 ALVORADA DO SUL",8892,9262,9261,10283,10363,10439,10869,10965,11057,11148,11237,11306,11406,11503,11598,11672,10326,10478
"3922","410090","410090 AMAPORA",5257,5378,5444,5443,5504,5562,5815,5885,5953,6019,6084,6181,6257,6332,6405,4765,4762,4736
"3923","410100","410100 AMPERE",17675,17830,18040,17308,17438,17563,18281,18439,18591,18740,18886,18989,19152,19311,19466,19506,19620,20199
"3924","410105","410105 ANAHY",2580,2937,2927,2874,2864,2854,2929,2922,2915,2908,2901,2816,2801,2788,2774,3107,2918,2965
"3925","410110","410110 ANDIRA",23429,21953,21964,20610,20530,20451,20988,20931,20876,20822,20769,20139,20031,19926,19823,20234,19878,20044
"3926","410115","410115 ANGULO",3211,2890,2893,2859,2861,2862,2954,2959,2964,2969,2974,2927,2928,2930,2931,3447,3235,3332
"3927","410120","410120 ANTONINA",20966,17891,17740,18891,18870,18849,19412,19414,19416,19418,19420,19011,18980,18949,18919,17261,18091,18223
"3928","410130","410130 ANTONIO OLINTO",7132,7725,7749,7351,7347,7343,7567,7573,7578,7582,7587,7441,7434,7427,7421,6520,7018,7071
"3929","410140","410140 APUCARANA",118686,120133,121289,120919,121924,122896,128058,129265,130430,131571,132691,133726,134996,136234,137438,135969,130134,134306
"3930","410150","410150 ARAPONGAS",103183,101467,103026,104150,105588,106978,112198,113833,115412,116960,118477,121198,123027,124810,126545,118573,119138,123863
"3931","410160","410160 ARAPOTI",26400,26730,26997,25855,26007,26153,27170,27362,27547,27728,27906,27925,28115,28300,28480,25541,25777,26310
"3932","410165","410165 ARAPUA",3424,4035,4016,3561,3515,3469,3513,3469,3426,3384,3343,3128,3068,3009,2951,3537,3527,3573
"3933","410170","410170 ARARUNA",13671,12984,12953,13419,13445,13471,13926,13971,14014,14056,14098,13939,13970,14000,14029,14520,14485,14824
"3934","410180","410180 ARAUCARIA",121949,115849,117965,119123,121032,122878,129209,131356,133428,135459,137452,141410,143843,146214,148522,166699,151666,160038
"3935","410185","410185 ARIRANHA DO IVAI",2480,2568,2533,2453,2420,2389,2421,2389,2359,2330,2301,2151,2108,2066,2026,2340,2329,2351
"3936","410190","410190 ASSAI",16100,16306,16113,16354,16225,16099,16436,16322,16212,16104,15999,15289,15119,14954,14792,17628,13797,13643
"3937","410200","410200 ASSIS CHATEAUBRIAND",27859,33077,33021,33025,33003,32981,33988,34008,34027,34046,34064,33397,33362,33340,33306,36400,36808,38105
"3938","410210","410210 ASTORGA",24641,25042,25163,24698,24780,24859,25745,25862,25976,26087,26196,26011,26111,26209,26304,25477,25475,26145
"3939","410220","410220 ATALAIA",3917,3682,3637,3913,3906,3898,4010,4007,4004,4002,3999,3902,3892,3881,3871,3978,3980,4045
"3940","410230","410230 BALSA NOVA",11864,11118,11253,11300,11422,11539,12059,12200,12337,12471,12602,12787,12941,13092,13238,14608,13395,13871
"3941","410240","410240 BANDEIRANTES",33240,33089,32994,32184,32066,31951,32800,32718,32639,32562,32486,31526,31367,31211,31061,31309,31273,31807
"3942","410250","410250 BARBOSA FERRAZ",10472,14017,13997,12656,12545,12437,12683,12583,12487,12393,12300,11714,11568,11426,11287,10766,10795,10692
"3943","410260","410260 BARRACAO",8931,9275,9265,9735,9766,9796,10143,10187,10231,10273,10314,10238,10275,10312,10347,9886,9759,9900
"3944","410270","410270 BARRA DO JACARE",2368,2850,2853,2727,2728,2728,2813,2817,2821,2825,2828,2781,2781,2781,2781,3022,2814,2866
"3945","410275","410275 BELA VISTA DA CAROBA",4031,4210,4175,3945,3903,3861,3926,3887,3848,3811,3774,3567,3511,3457,3404,3416,4031,4100
"3946","410280","410280 BELA VISTA DO PARAISO",14976,15465,15501,15079,15083,15087,15565,15589,15612,15634,15656,15395,15397,15399,15400,14789,14833,14998
"3947","410290","410290 BITURUNA",18182,16716,16802,15880,15892,15903,16416,16448,16480,16511,16627,16377,16389,16400,16411,15443,15533,15689
"3948","410300","410300 BOA ESPERANCA",3637,4785,4741,4568,4523,4479,4559,4518,4478,4438,4392,4165,4105,4047,3991,4552,4558,4622
"3949","410302","410302 BOA ESPERANCA DO IGUACU",2483,2919,2898,2764,2738,2713,2763,2739,2716,2694,2671,2538,2503,2470,2437,2411,2455,2448
"3950","410304","410304 BOA VENTURA DE SAO ROQUE",6774,6952,6963,6554,6537,6520,6702,6692,6683,6674,6665,6411,6387,6365,6343,6347,6170,6244
"3951","410305","410305 BOA VISTA DA APARECIDA",6769,7972,7919,7911,7872,7834,8028,7998,7968,7939,7911,7643,7591,7540,7524,7876,7924,8034
"3952","410310","410310 BOCAIUVA DO SUL",10125,9910,9982,10987,11136,11280,11826,11996,12159,12320,12477,12755,12944,13129,13308,16292,13299,13804
"3953","410315","410315 BOM JESUS DO SUL",3772,3907,3876,3796,3769,3742,3824,3800,3777,3755,3733,3577,3541,3506,3472,3942,3980,4061
"3954","410320","410320 BOM SUCESSO",5363,6634,6677,6561,6591,6620,6866,6906,6944,6982,7019,6995,7032,7068,7103,6583,6581,6677
"3955","410322","410322 BOM SUCESSO DO SUL",3032,3107,3075,3293,3286,3279,3372,3368,3365,3361,3358,3274,3264,3254,3244,3540,3202,3234
"3956","410330","410330 BORRAZOPOLIS",7724,8355,8235,7878,7758,7641,7724,7608,7497,7387,7280,6749,6592,6439,6290,7706,7735,7824
"3957","410335","410335 BRAGANEY",4595,6213,6209,5735,5700,5667,5799,5770,5742,5714,5687,5473,5427,5382,5338,5212,4854,4802
"3958","410337","410337 BRASILANDIA DO SUL",3261,3321,3269,3209,3157,3107,3136,3086,3037,2990,2943,2719,2651,2585,2521,3703,3708,3828
"3959","410340","410340 CAFEARA",2554,2821,2854,2695,2712,2727,2833,2853,2873,2892,2911,2914,2934,2954,2973,2620,2627,2655
"3960","410345","410345 CAFELANDIA",13735,13776,14033,14662,14933,15194,16020,16321,16611,16896,17175,17775,18120,18456,18783,18262,18997,19844
"3961","410347","410347 CAFEZAL DO SUL",3657,4348,4313,4290,4263,4236,4334,4310,4288,4266,4245,4080,4044,4009,3975,4474,4473,4561
"3962","410350","410350 CALIFORNIA",7979,7765,7779,8069,8100,8129,8423,8464,8505,8545,8583,8533,8570,8606,8641,9438,8710,8921
"3963","410360","410360 CAMBARA",23928,24902,25103,23886,23974,24060,24928,25051,25170,25287,25401,25252,25360,25466,25569,23956,23212,23430
"3964","410370","410370 CAMBE",100386,96555,97329,96733,97390,98024,102222,103036,103822,104592,105347,105704,106533,107341,108126,107220,107208,111009
"3965","410380","410380 CAMBIRA",6973,7106,7140,7236,7279,7319,7603,7657,7708,7759,7808,7813,7865,7917,7967,10482,9460,9899
"3966","410390","410390 CAMPINA DA LAGOA",14047,16329,16240,15394,15270,15149,15463,15353,15247,15144,15042,14366,14202,14043,13888,15737,15723,15979
"3967","410395","410395 CAMPINA DO SIMAO",4242,4284,4267,4076,4054,4033,4130,4113,4096,4079,4062,3917,3887,3859,3831,3937,3936,3973
"3968","410400","410400 CAMPINA GRANDE DO SUL",47519,36644,36821,38769,39092,39404,41060,41447,41821,42187,42547,42880,43288,43685,44072,52083,47825,49971
"3969","410405","410405 CAMPO BONITO",5181,4458,4390,4407,4352,4299,4361,4309,4259,4210,4162,3905,3833,3763,3694,4266,4027,4032
"3970","410410","410410 CAMPO DO TENENTE",7268,6685,6717,7125,7186,7245,7550,7623,7693,7762,7829,7894,7971,8045,8118,7583,7508,7666
"3971","410420","410420 CAMPO LARGO",110017,110796,112551,112377,113882,115336,120730,122443,124098,125719,127309,130091,132002,133865,135678,144165,136327,142695
"3972","410425","410425 CAMPO MAGRO",27453,23328,23610,24843,25184,25513,26755,27143,27517,27884,28244,28885,29318,29740,30151,31678,30160,31555
"3973","410430","410430 CAMPO MOURAO",82636,85460,85896,87194,87710,88209,91648,92300,92930,93547,94153,94212,94859,95488,96102,99170,99432,103340
"3974","410440","410440 CANDIDO DE ABREU",16396,18179,18103,16655,16491,16332,16633,16484,16339,16198,16059,15233,15018,14809,14606,16727,15244,15255
"3975","410442","410442 CANDOI",15487,16090,16283,14983,15045,15104,15657,15741,15822,15901,15978,15903,15979,16053,16126,14922,14973,15174
"3976","410445","410445 CANTAGALO",13175,12750,12732,12952,12963,12974,13396,13424,13452,13478,13505,13306,13317,13329,13340,10589,10922,10799
"3977","410450","410450 CAPANEMA",17277,18655,18681,18526,18549,18570,19182,19229,19275,19320,19364,19099,19124,19148,19172,19205,20481,21022
"3978","410460","410460 CAPITAO LEONIDAS MARQUES",15662,13929,13871,14970,15016,15060,15592,15659,15724,15788,15850,15724,15780,15834,15887,14644,14648,14796
"3979","410465","410465 CARAMBEI",17942,17301,17533,19163,19494,19813,20863,21233,21590,21939,22282,22993,23415,23825,24225,23386,23283,24159
"3980","410470","410470 CARLOPOLIS",14112,13566,13583,13706,13737,13767,14239,14289,14337,14384,14431,14283,14320,14356,14391,16908,16905,17567
"3981","410480","410480 CASCAVEL",289929,291747,296241,286205,289340,292372,305615,309259,312778,316226,319608,324476,328454,332333,336073,350644,348051,364104
"3982","410490","410490 CASTRO",70363,67708,68069,67084,67353,67613,70086,70454,70810,71159,71501,71151,71484,71809,72125,75956,73075,75291
"3983","410500","410500 CATANDUVAS",10932,9751,9673,10202,10186,10169,10467,10463,10459,10455,10451,10213,10189,10167,10144,11246,10446,10627
"3984","410510","410510 CENTENARIO DO SUL",9733,11515,11476,11190,11142,11096,11382,11346,11312,11279,11246,10891,10827,10764,10704,10836,10832,10936
"3985","410520","410520 CERRO AZUL",16587,18460,18661,16938,16983,17027,17619,17689,17755,17821,17885,17725,17779,17833,17884,16145,16134,16240
"3986","410530","410530 CEU AZUL",10324,11332,11410,11032,11078,11121,11528,11589,11649,11707,11764,11709,11765,11819,11872,11081,11087,11251
"3987","410540","410540 CHOPINZINHO",20960,19628,19517,19679,19613,19549,20077,20034,19992,19951,19911,19343,19254,19167,19083,21646,21085,21559
"3988","410550","410550 CIANORTE",63833,67637,68631,69958,70922,71855,75360,76456,77515,78553,79571,81393,82620,83816,84980,82232,79527,82359
"3989","410560","410560 CIDADE GAUCHA",10431,10944,11078,11062,11180,11294,11800,11937,12069,12199,12326,12503,12652,12797,12939,11467,11467,11684
"3990","410570","410570 CLEVELANDIA",18577,18041,18002,17240,17156,17075,17501,17436,17373,17311,17250,16671,16559,16450,16344,17321,15070,14975
"3991","410580","410580 COLOMBO",239102,241505,247267,212967,215242,217443,227220,229872,232432,234941,237402,240840,243726,246540,249277,238780,232212,240720
"3992","410590","410590 COLORADO",22650,21729,21791,22345,22452,22555,23402,23542,23678,23811,23941,23879,24012,24145,24271,22902,22896,23278
"3993","410600","410600 CONGONHINHAS",7917,8931,9035,8279,8312,8344,8648,8693,8736,8779,8821,8777,8818,8857,8896,8336,8320,8442
"3994","410610","410610 CONSELHEIRO MAIRINCK",3445,3681,3707,3636,3650,3663,3794,3813,3831,3849,3866,3843,3860,3876,3891,4354,3461,3486
"3995","410620","410620 CONTENDA",14945,15509,15729,15891,16095,16292,17067,17300,17525,17745,17961,18326,18584,18837,19082,17435,19128,19827
"3996","410630","410630 CORBELIA",15390,15858,15849,16312,16352,16389,16954,17016,17076,17135,17193,17024,17071,17117,17162,17466,17470,17862
"3997","410640","410640 CORNELIO PROCOPIO",47045,48427,48546,46928,46934,46939,48420,48487,48551,48615,48677,47847,47845,47842,47840,44599,45206,45830
"3998","410645","410645 CORONEL DOMINGOS SOARES",7295,7790,7862,7238,7256,7274,7525,7553,7580,7607,7547,7475,7497,7518,7538,7007,5649,5516
"3999","410650","410650 CORONEL VIVIDA",21748,21985,21830,21749,21630,21514,22035,21939,21846,21755,21666,20892,20734,20580,20430,26413,23331,23859
"4000","410655","410655 CORUMBATAI DO SUL",3504,4291,4221,4002,3930,3860,3887,3817,3749,3682,3617,3313,3219,3127,3038,3752,3760,3780
"4001","410657","410657 CRUZEIRO DO IGUACU",3682,4244,4224,4278,4270,4261,4383,4380,4376,4373,4369,4264,4252,4240,4229,4137,4133,4171
"4002","410660","410660 CRUZEIRO DO OESTE",17300,20814,20855,20416,20431,20446,21107,21149,21190,21197,21237,20917,20932,20947,20962,23852,23831,24622
"4003","410670","410670 CRUZEIRO DO SUL",4541,4595,4571,4563,4548,4534,4656,4646,4637,4628,4619,4489,4469,4449,4430,4495,4494,4547
"4004","410680","410680 CRUZ MACHADO",18605,19011,19133,18040,18069,18097,18702,18755,18807,18858,18907,18675,18708,18741,18772,15993,15978,15910
"4005","410685","410685 CRUZMALTINA",3674,3161,3129,3162,3140,3118,3185,3166,3147,3128,3110,2980,2950,2921,2892,3150,2892,2896
"4006","410690","410690 CURITIBA",1818950,1828092,1851213,1751907,1764541,1776761,1848946,1864416,1879355,1893997,1908359,1917185,1933105,1948626,1963726,1871789,1773718,1829225
"4007","410700","410700 CURIUVA",14955,15013,15212,13923,14002,14077,14620,14720,14817,14911,15004,15003,15101,15196,15289,13272,13647,13802
"4008","410710","410710 DIAMANTE DO NORTE",4820,5713,5669,5516,5472,5428,5540,5501,5463,5425,5389,5146,5087,5030,4975,5151,5142,5164
"4009","410712","410712 DIAMANTE DO SUL",2931,3782,3790,3510,3499,3488,3583,3575,3568,3562,3555,3454,3439,3424,3409,3173,3171,3170
"4010","410715","410715 DIAMANTE D'OESTE",1156,5110,5135,5027,5039,5050,5223,5242,5259,5277,5294,5239,5253,5266,5279,5106,4557,4557
"4011","410720","410720 DOIS VIZINHOS",32674,35389,35704,36179,36501,36813,38385,38768,39138,39500,39856,40234,40641,41038,41424,44828,44869,47014
"4012","410725","410725 DOURADINA",5809,6794,6857,7445,7544,7640,8007,8120,8228,8335,8439,8621,8747,8869,8988,9168,9161,9525
"4013","410730","410730 DOUTOR CAMARGO",5637,5760,5752,5828,5832,5836,6024,6036,6047,6058,6069,5976,5979,5983,5987,6290,6327,6484
"4014","410740","410740 ENEAS MARQUES",5471,6100,6069,6103,6082,6061,6223,6209,6195,6182,6168,5990,5961,5933,5906,5995,5999,6070
"4015","410750","410750 ENGENHEIRO BELTRAO",13581,14273,14277,13906,13893,13880,14298,14303,14307,14311,14314,14020,14000,13981,13962,12444,12454,12431
"4016","410752","410752 ESPERANCA NOVA",1942,1882,1830,1970,1945,1919,1946,1922,1898,1875,1852,1732,1698,1665,1633,1845,1849,1858
"4017","410753","410753 ENTRE RIOS DO OESTE",3677,4043,4109,3926,3972,4017,4202,4255,4306,4357,4406,4481,4539,4596,4651,4511,4575,4729
"4018","410754","410754 ESPIGAO ALTO DO IGUACU",4873,5222,5199,4677,4623,4570,4642,4591,4542,4494,4447,4188,4117,4048,3980,5915,4797,4881
"4019","410755","410755 FAROL",3609,3413,3358,3472,3435,3398,3456,3422,3388,3355,3323,3139,3089,3041,2995,3052,3039,3023
"4020","410760","410760 FAXINAL",14663,16006,16035,16314,16369,16421,17006,17084,17160,17233,17306,17185,17251,17316,17379,16338,16389,16618
"4021","410765","410765 FAZENDA RIO GRANDE",95103,79255,80867,81675,83118,84514,89037,90648,92204,93730,95225,98368,100209,102004,103750,167315,148873,161506
"4022","410770","410770 FENIX",4058,5014,5014,4802,4792,4781,4917,4912,4908,4903,4898,4777,4762,4748,4734,4492,4492,4512
"4023","410773","410773 FERNANDES PINHEIRO",6686,5763,5695,5932,5899,5867,6008,5981,5954,5929,5904,5690,5646,5602,5561,6288,6255,6387
"4024","410775","410775 FIGUEIRA",8576,8544,8481,8293,8236,8181,8364,8315,8268,8222,8177,7845,7770,7696,7625,8064,8062,8144
"4025","410780","410780 FLORAI",5106,5174,5158,5050,5032,5015,5149,5137,5126,5114,5103,4953,4929,4906,4883,6569,4792,4825
"4026","410785","410785 FLOR DA SERRA DO SUL",4916,4775,4728,4726,4711,4695,4822,4812,4802,4792,4782,4645,4624,4603,4583,4230,4364,4367
"4027","410790","410790 FLORESTA",5623,5394,5413,5931,5994,6054,6324,6397,6467,6535,6603,6695,6774,6851,6926,11559,10458,11226
"4028","410800","410800 FLORESTOPOLIS",12353,11841,11798,11222,11148,11076,11328,11265,11205,11145,11087,10646,10548,10453,10360,11475,11446,11639
"4029","410810","410810 FLORIDA",2728,2528,2541,2543,2552,2560,2650,2662,2674,2685,2697,2679,2689,2699,2709,2651,2652,2704
"4030","410820","410820 FORMOSA DO OESTE",6243,7581,7450,7541,7448,7358,7468,7381,7296,7214,7133,6700,6578,6460,6345,7641,7635,7756
"4031","410830","410830 FOZ DO IGUACU",316754,319189,325132,256088,255900,255718,263508,263647,263782,263915,264044,258823,258532,258248,257971,286323,285415,295500
"4032","410832","410832 FRANCISCO ALVES",5043,6447,6388,6418,6377,6337,6483,6448,6415,6382,6350,6101,6046,5993,5942,8141,8116,8464
"4033","410840","410840 FRANCISCO BELTRAO",72116,75517,76306,78943,79850,80727,84437,85486,86499,87491,88465,89942,91093,92216,93308,96622,96666,101302
"4034","410845","410845 FOZ DO JORDAO",6667,5932,5879,5420,5347,5276,5346,5277,5210,5144,5079,4745,4650,4556,4466,4845,4926,4925
"4035","410850","410850 GENERAL CARNEIRO",16121,15159,15277,13669,13652,13635,14039,14039,14039,14038,14038,13735,13710,13685,13661,11053,11062,10861
"4036","410855","410855 GODOY MOREIRA",2598,3639,3619,3337,3299,3262,3315,3279,3245,3211,3178,2996,2946,2898,2850,2977,2977,2970
"4037","410860","410860 GOIOERE",25583,29732,29701,29018,28962,28908,29743,29722,29702,29683,29664,28962,28884,28808,28734,28470,28437,28970
"4038","410865","410865 GOIOXIM",8670,8232,8241,7503,7459,7415,7590,7553,7517,7482,7448,7170,7111,7053,6997,6570,6566,6531
"4039","410870","410870 GRANDES RIOS",7219,7848,7836,6625,6530,6438,6515,6425,6337,6251,6167,5742,5618,5497,5379,5625,5641,5586
"4040","410880","410880 GUAIRA",27518,29594,29662,30704,30861,31013,32190,32394,32591,32784,32974,32923,33119,33310,33497,31971,32097,32966
"4041","410890","410890 GUAIRACA",6191,5875,5862,6197,6220,6243,6468,6500,6531,6562,6591,6553,6581,6609,6635,6582,6587,6733
"4042","410895","410895 GUAMIRANGA",7997,7851,7919,7900,7959,8016,8343,8415,8484,8552,8619,8664,8739,8811,8881,7856,7856,7961
"4043","410900","410900 GUAPIRAMA",4296,3688,3643,3891,3878,3865,3968,3959,3950,3942,3934,3820,3802,3784,3767,4627,4626,4792
"4044","410910","410910 GUAPOREMA",2196,2251,2241,2219,2225,2223,2289,2290,2290,2291,2292,2246,2243,2241,2239,2186,2191,2217
"4045","410920","410920 GUARACI",4380,5163,5185,5227,5159,5181,5373,5404,5434,5463,5492,5473,5502,5530,5557,4751,4748,4762
"4046","410930","410930 GUARANIACU",13543,16271,16162,14582,14381,14187,14372,14181,13998,13817,13641,12733,12472,12217,11969,14398,13735,13814
"4047","410940","410940 GUARAPUAVA",171098,171230,172725,167328,168349,169252,175779,176973,178126,179256,180364,180334,181504,182644,183755,190342,182093,188710
"4048","410950","410950 GUARAQUECABA",8741,7890,7841,7871,7839,7809,8012,7988,7966,7944,7923,7679,7636,7594,7554,7446,7430,7474
"4049","410960","410960 GUARATUBA",35133,32315,32805,32095,32467,32826,34338,34767,35182,35588,35986,36595,37067,37527,37974,42801,42062,44323
"4050","410965","410965 HONORIO SERPA",6204,6251,6181,5955,5883,5813,5902,5834,5769,5705,5643,5305,5211,5119,5030,5471,4941,4872
"4051","410970","410970 IBAITI",26810,29185,29446,28751,28928,29099,30242,30464,30678,30888,31095,31142,31364,31644,31854,30943,28830,29440
"4052","410975","410975 IBEMA",5674,6124,6142,6066,6081,6096,6306,6329,6352,6374,6396,6334,6352,6370,6387,6218,6218,6327
"4053","410980","410980 IBIPORA",48095,47052,47520,48198,48662,49111,51255,51802,52330,52848,53356,53970,54558,55131,55688,54917,51603,53054
"4054","410990","410990 ICARAIMA",8410,9374,9297,8839,8747,8657,8809,8723,8641,8561,8482,8025,7904,7786,7671,8992,8991,9139
"4055","411000","411000 IGUARACU",3855,3882,3918,3982,4012,4040,4205,4241,4275,4309,4343,4366,4404,4440,4475,5478,5338,5599
"4056","411005","411005 IGUATU",1610,2363,2369,2234,2233,2231,2299,2300,2302,2303,2304,2258,2256,2253,2251,2142,2144,2162
"4057","411007","411007 IMBAU",10028,11811,12039,11274,11413,11546,12087,12246,12400,12550,12697,12936,13111,13282,13449,11619,14249,14815
"4058","411010","411010 IMBITUVA",29689,28295,28664,28455,28759,29053,30359,30713,31055,31391,31719,32179,32564,32940,33306,29893,29924,30757
"4059","411020","411020 INACIO MARTINS",8568,11397,11432,10943,10942,10940,11282,11294,11307,11319,11331,11129,11125,11121,11117,10776,9670,9633
"4060","411030","411030 INAJA",3142,2882,2872,2988,2994,3000,3100,3110,3119,3128,3137,3103,3109,3116,3122,2529,2536,2510
"4061","411040","411040 INDIANOPOLIS",4073,4257,4262,4299,4306,4313,4456,4469,4481,4493,4504,4449,4457,4465,4472,4223,4448,4531
"4062","411050","411050 IPIRANGA",13921,14542,14652,14150,14215,14278,14809,14895,14978,15059,15139,15092,15172,15251,15327,14230,14142,14338
"4063","411060","411060 IPORA",13228,15353,15225,14981,14869,14760,15078,14981,14887,14794,14704,14073,13926,13782,13642,15730,15746,16062
"4064","411065","411065 IRACEMA DO OESTE",2488,2604,2559,2578,2550,2522,2564,2537,2512,2487,2462,2325,2288,2251,2216,2347,2343,2344
"4065","411070","411070 IRATI",55232,56143,56484,56207,56503,56790,58957,59339,59708,60070,60425,60357,60727,61088,61439,59253,59250,60796
"4066","411080","411080 IRETAMA",7520,11503,11506,10622,10568,10515,10773,10730,10689,10648,10608,10241,10169,10098,10029,10681,10684,10843
"4067","411090","411090 ITAGUAJE",4528,4610,4594,4568,4553,4538,4659,4649,4639,4629,4620,4487,4466,4446,4426,4489,4481,4532
"4068","411095","411095 ITAIPULANDIA",9100,9122,9355,9026,9195,9357,9869,10056,10236,10413,10587,10961,11176,11385,11588,10909,11485,11984
"4069","411100","411100 ITAMBARACA",4858,7130,7127,6759,6734,6710,6887,6869,6852,6835,6819,6616,6582,6549,6516,5920,5908,5874
"4070","411110","411110 ITAMBE",5777,6075,6080,5979,5981,5983,6173,6183,6192,6201,6210,6107,6108,6109,6110,6734,6111,6215
"4071","411120","411120 ITAPEJARA D'OESTE",9260,11083,11268,10531,10637,10738,11211,11335,11454,11571,11685,11831,11964,12094,12220,13177,12344,12766
"4072","411125","411125 ITAPERUCU",26650,23132,23504,23887,24236,24573,25974,26371,26755,27131,27500,28187,28634,29070,29493,31843,31217,32890
"4073","411130","411130 ITAUNA DO SUL",4355,3701,3620,3583,3517,3453,3476,3411,3349,3288,3229,2951,2865,2781,2700,3566,3572,3620
"4074","411140","411140 IVAI",12276,13392,13534,12815,12886,12954,13451,13541,13628,13714,13797,13791,13879,13965,14049,13142,13229,13473
"4075","411150","411150 IVAIPORA",28119,32193,32158,31816,31782,31748,32699,32705,32710,32715,32720,32035,31984,31935,31886,32604,32720,33529
"4076","411155","411155 IVATE",6825,8173,8294,7514,7560,7603,7901,7958,8013,8067,8120,8128,8185,8240,8294,6771,6831,6833
"4077","411160","411160 IVATUBA",3040,2789,2782,3010,3027,3043,3159,3180,3201,3220,3240,3238,3259,3279,3299,2786,2708,2705
"4078","411170","411170 JABOTI",4767,5245,5303,4902,4926,4950,5135,5166,5197,5226,5255,5244,5274,5303,5332,5425,5427,5576
"4079","411180","411180 JACAREZINHO",38576,40526,40583,39121,39083,39045,40221,40232,40243,40253,40263,39435,39378,39322,39268,40356,40375,41400
"4080","411190","411190 JAGUAPITA",11202,12286,12416,12225,12325,12421,12939,13059,13174,13287,13398,13494,13620,13742,13861,15193,15122,15719
"4081","411200","411200 JAGUARIAIVA",35852,33041,33238,32606,32747,32882,34096,34285,34468,34647,34822,34683,34857,35027,35192,35527,35141,36231
"4082","411210","411210 JANDAIA DO SUL",20615,20131,20170,20269,20315,20359,21057,21131,21203,21273,21341,21122,21176,21230,21281,23006,21408,21851
"4083","411220","411220 JANIOPOLIS",5939,7092,6983,6532,6413,6298,6341,6226,6114,6005,5897,5400,5245,5095,4948,5862,5870,5835
"4084","411230","411230 JAPIRA",4950,4810,4794,4903,4904,4904,5058,5065,5071,5078,5084,4995,4994,4930,4929,4971,4972,5060
"4085","411240","411240 JAPURA",7456,8585,8661,8549,8610,8669,9020,9095,9167,9238,9307,9349,9425,9500,9573,9127,9144,9354
"4086","411250","411250 JARDIM ALEGRE",13717,14867,14974,12324,12221,12121,12371,12280,12191,12104,12019,11465,11328,11196,11067,12070,12004,12130
"4087","411260","411260 JARDIM OLINDA",1613,1498,1493,1409,1401,1392,1424,1416,1409,1403,1396,1343,1331,1320,1309,1280,1343,1353
"4088","411270","411270 JATAIZINHO",12089,11587,11605,11875,11918,11958,12387,12447,12504,12560,12615,12536,12588,12638,12687,11857,11813,11971
"4089","411275","411275 JESUITAS",7271,8948,8848,9001,8938,8876,9072,9017,8964,8912,8861,8495,8412,8330,8251,10508,10506,10860
"4090","411280","411280 JOAQUIM TAVORA",9477,10662,10755,10736,10819,10899,11347,11447,11544,11639,11731,11803,11908,12009,12108,11870,11945,12280
"4091","411290","411290 JUNDIAI DO SUL",3181,3769,3782,3433,3416,3399,3483,3469,3456,3443,3430,3315,3292,3269,3248,3446,3333,3366
"4092","411295","411295 JURANDA",7570,7858,7825,7641,7604,7567,7755,7726,7697,7669,7650,7391,7340,7292,7244,7773,7771,7898
"4093","411300","411300 JUSSARA",6513,6250,6255,6610,6634,6657,6897,6931,6963,6995,7026,6983,7013,7041,7069,7477,6690,6795
"4094","411310","411310 KALORE",3747,4752,4718,4506,4465,4425,4511,4473,4438,4402,4368,4154,4100,4047,3996,4579,4582,4657
"4095","411320","411320 LAPA",45611,42906,42936,44932,45137,45334,47023,47294,47557,47814,48067,47909,48163,48410,48651,45620,45003,45857
"4096","411325","411325 LARANJAL",7416,6410,6337,6360,6308,6257,6384,6337,6292,6248,6205,5921,5852,5784,5719,5628,5600,5575
"4097","411330","411330 LARANJEIRAS DO SUL",30382,31516,31625,30777,30835,30891,31936,32036,32133,32228,32379,32006,32073,32139,32167,31953,32227,33103
"4098","411340","411340 LEOPOLIS",4161,4331,4318,4145,4123,4101,4200,4182,4165,4147,4131,3984,3954,3925,3896,3940,3752,3751
"4099","411342","411342 LIDIANOPOLIS",3047,4151,4081,3973,3911,3851,3891,3831,3774,3717,3662,3391,3310,3231,3155,3936,3938,3989
"4100","411345","411345 LINDOESTE",5660,5498,5433,5361,5295,5231,5309,5247,5187,5129,5071,4762,4676,4592,4488,5147,5175,5226
"4101","411350","411350 LOANDA",21073,20067,20104,21201,21328,21451,22288,22448,22603,22754,22903,22927,23086,23242,23393,23149,23225,23813
"4102","411360","411360 LOBATO",4321,4377,4399,4401,4427,4452,4626,4658,4690,4721,4751,4755,4787,4819,4850,4600,4601,4693
"4103","411370","411370 LONDRINA",503041,505184,510710,506701,511279,515707,537566,543003,548249,553393,558439,563943,569733,575377,580870,588125,555965,577318
"4104","411373","411373 LUIZIANA",5930,7380,7358,7315,7298,7282,7487,7479,7471,7463,7455,7285,7262,7240,7217,6711,6690,6696
"4105","411375","411375 LUNARDELLI",4083,5152,5095,5160,5122,5084,5193,5159,5127,5095,5063,4845,4794,4744,4695,5027,4872,4902
"4106","411380","411380 LUPIONOPOLIS",4211,4521,4537,4592,4613,4633,4805,4832,4859,4885,4911,4894,4920,4945,4969,4812,4813,4911
"4107","411390","411390 MALLET",13277,12778,12784,12973,13002,13030,13475,13522,13567,13611,13738,13595,13630,13663,13697,13378,13428,13655
"4108","411400","411400 MAMBORE",14411,14421,14332,13961,13870,13781,14095,14017,13943,13870,13798,13252,13132,13014,12900,13404,13452,13572
"4109","411410","411410 MANDAGUACU",18639,19058,19269,19781,20008,20227,21156,21419,21672,21920,22164,22531,22819,23100,23373,31544,31457,33752
"4110","411420","411420 MANDAGUARI",34210,32976,33108,32658,32755,32849,34006,34150,34289,34425,34559,34281,34400,34515,34628,36827,36716,38050
"4111","411430","411430 MANDIRITUBA",21118,21498,21896,22220,22580,22927,24112,24516,24905,25287,25662,26411,26869,27315,27750,33795,27439,28761
"4112","411435","411435 MANFRINOPOLIS",2847,3334,3286,3127,3076,3026,3053,3003,2954,2907,2861,2639,2571,2506,2442,2775,2770,2761
"4113","411440","411440 MANGUEIRINHA",17648,17562,17523,17048,16994,16941,17402,17367,17334,17301,17269,16787,16714,16642,16572,17287,16603,16764
"4114","411450","411450 MANOEL RIBAS",13838,13119,13106,13169,13177,13185,13610,13635,13660,13684,13708,13494,13502,13510,13517,13702,14240,14576
"4115","411460","411460 MARECHAL CANDIDO RONDON",46027,46523,47049,46819,47266,47697,49773,50299,50808,51306,51795,52379,52944,53495,54031,56530,55836,58140
"4116","411470","411470 MARIA HELENA",4639,6145,6114,5956,5924,5892,6034,6007,5982,5957,5932,5720,5677,5634,5593,5872,5865,5935
"4117","411480","411480 MARIALVA",33873,31171,31395,31959,32209,32451,33794,34096,34388,34675,34955,35180,35496,35804,36103,47028,41851,44098
"4118","411490","411490 MARILANDIA DO SUL",8922,9193,9199,8863,8848,8832,9088,9083,9078,9073,9068,8858,8836,8814,8793,9757,8677,8774
"4119","411500","411500 MARILENA",6785,6715,6705,6858,6866,6874,7100,7117,7134,7150,7166,7067,7076,7084,7093,7220,7253,7409
"4120","411510","411510 MARILUZ",9655,10817,10860,10224,10219,10214,10526,10534,10541,10548,10555,10354,10345,10336,10327,9846,9847,9934
"4121","411520","411520 MARINGA",329798,331412,335512,357077,362329,367410,385753,391698,397437,403063,406693,417010,423666,430157,436472,454146,409657,425983
"4122","411530","411530 MARIOPOLIS",5793,5956,5945,6268,6288,6306,6529,6558,6585,6612,6638,6586,6610,6632,6655,6356,6371,6475
"4123","411535","411535 MARIPA",5435,5698,5675,5684,5669,5654,5810,5802,5793,5784,5776,5624,5603,5582,5562,6639,6555,6767
"4124","411540","411540 MARMELEIRO",12652,13493,13464,13900,13919,13936,14397,14434,14470,14505,14539,14346,14367,14387,14407,15873,15901,16386
"4125","411545","411545 MARQUINHO",5614,5300,5261,4981,4929,4879,4965,4917,4871,4826,4725,4472,4405,4340,4283,4348,4515,4521
"4126","411550","411550 MARUMBI",4273,4200,4165,4603,4603,4602,4745,4750,4755,4760,4765,4681,4679,4677,4676,4700,4699,4778
"4127","411560","411560 MATELANDIA",14965,16056,16223,16078,16212,16340,17026,17186,17340,17491,17640,17775,17943,18107,18266,18472,18450,19022
"4128","411570","411570 MATINHOS",35122,23968,23925,29428,29831,30220,31690,32148,32591,33024,33450,34207,34720,35219,35705,39212,39259,41416
"4129","411573","411573 MATO RICO",3095,4235,4206,3818,3766,3716,3765,3716,3668,3622,3576,3340,3272,3206,3142,3279,3267,3237
"4130","411575","411575 MAUA DA SERRA",8128,8268,8446,8555,8715,8870,9355,9534,9705,9874,10039,10397,10601,10800,10994,8937,9383,9628
"4131","411580","411580 MEDIANEIRA",40833,39700,39856,41817,42124,42420,44149,44523,44885,45239,45586,45812,46198,46574,46940,54390,54369,57120
"4132","411585","411585 MERCEDES",4946,4879,4913,5046,5080,5113,5316,5357,5398,5437,5476,5493,5536,5577,5617,5945,5931,6136
"4133","411590","411590 MIRADOR",2640,2385,2371,2327,2314,2301,2355,2345,2334,2324,2314,2231,2213,2196,2180,2240,2238,2258
"4134","411600","411600 MIRASELVA",1827,1949,1936,1862,1855,1848,1896,1890,1885,1880,1875,1816,1806,1796,1786,1965,1966,2008
"4135","411605","411605 MISSAL",10483,10739,10759,10474,10478,10481,10813,10830,10847,10863,10879,10700,10702,10704,10706,12951,11064,11301
"4136","411610","411610 MOREIRA SALES",10322,13263,13242,12606,12546,12487,12800,12754,12709,12664,12621,12201,12121,12042,11966,11170,11175,11137
"4137","411620","411620 MORRETES",17095,16853,16993,15718,15753,15785,16325,16381,16435,16488,16540,16366,16406,16446,16485,18396,18309,18908
"4138","411630","411630 MUNHOZ DE MELO",3207,3688,3713,3672,3693,3713,3857,3883,3909,3934,3958,3958,3984,4009,4034,3937,3951,4045
"4139","411640","411640 NOSSA SENHORA DAS GRACAS",4132,4038,4056,3836,3929,3930,4053,4059,4064,4070,4075,4008,4008,4008,4009,3677,3669,3685
"4140","411650","411650 NOVA ALIANCA DO IVAI",1450,1426,1423,1431,1439,1446,1500,1509,1518,1527,1536,1534,1543,1551,1560,1315,1323,1327
"4141","411660","411660 NOVA AMERICA DA COLINA",3142,3358,3335,3478,3470,3462,3560,3556,3553,3549,3545,3456,3445,3434,3424,3277,3280,3299
"4142","411670","411670 NOVA AURORA",12071,11833,11646,11866,11730,11598,11786,11659,11537,11418,11300,10650,10472,10299,10131,12848,13765,14219
"4143","411680","411680 NOVA CANTU",8770,7714,7484,7425,7234,7050,7023,6833,6650,6471,6295,5550,5302,5061,4827,6781,6790,6799
"4144","411690","411690 NOVA ESPERANCA",27040,26532,26592,26615,26684,26749,27678,27783,27886,27986,28084,27821,27904,27984,28062,26616,26585,27142
"4145","411695","411695 NOVA ESPERANCA DO SUDOESTE",5147,5334,5334,5098,5086,5074,5218,5211,5206,5200,5194,5063,5046,5030,5014,5592,5597,5744
"4146","411700","411700 NOVA FATIMA",8247,8270,8261,8147,8135,8124,8363,8361,8359,8357,8356,8170,8153,8136,8120,7225,7225,7201
"4147","411705","411705 NOVA LARANJEIRAS",10781,11598,11574,11241,11206,11690,12010,11988,11968,11947,11927,11603,11554,11507,11462,14132,12074,12287
"4148","411710","411710 NOVA LONDRINA",13438,12933,12886,13067,13060,13052,13452,13461,13470,13478,13486,13225,13213,13200,13188,12911,12923,13085
"4149","411720","411720 NOVA OLIMPIA",5182,5385,5394,5503,5521,5537,5733,5758,5782,5806,5829,5785,5806,5826,5846,5834,5833,5960
"4150","411721","411721 NOVA SANTA BARBARA",3517,3952,3984,3908,3931,3953,4106,4135,4163,4190,4217,4220,4249,4277,4304,4183,4184,4280
"4151","411722","411722 NOVA SANTA ROSA",7193,7893,7963,7626,7665,7702,7994,8044,8092,8140,8186,8171,8219,8266,8311,8292,8322,8535
"4152","411725","411725 NOVA PRATA DO IGUACU",9371,10791,10824,10377,10376,10374,10698,10710,10722,10733,10745,10552,10548,10544,10540,10780,12699,13196
"4153","411727","411727 NOVA TEBAS",2576,8401,8281,7398,7239,7085,7100,6943,6792,6644,6498,5856,5649,5448,5252,6848,6848,6870
"4154","411729","411729 NOVO ITACOLOMI",2380,2816,2807,2827,2825,2822,2906,2906,2907,2907,2908,2848,2844,2840,2836,4061,3125,3210
"4155","411730","411730 ORTIGUEIRA",23277,25043,25002,23380,23240,23103,23646,23530,23418,23308,23200,22327,22141,21960,21783,26078,24192,24627
"4156","411740","411740 OURIZONA",3088,3384,3374,3380,3379,3378,3482,3485,3488,3491,3494,3430,3428,3425,3423,3184,3187,3206
"4157","411745","411745 OURO VERDE DO OESTE",4741,5636,5650,5692,5709,5726,5927,5952,5976,6000,6023,5975,5996,6016,6036,6808,6785,7031
"4158","411750","411750 PAICANDU",38054,36336,36879,35936,36333,36717,38385,38846,39291,39728,40156,40777,41281,41773,42251,49999,45962,48207
"4159","411760","411760 PALMAS",40114,42643,43407,42888,43508,44107,46294,46996,47674,48339,48990,50198,50986,51755,52503,43769,48247,49891
"4160","411770","411770 PALMEIRA",32378,32282,32406,32123,32232,32326,33469,33613,33753,33889,34023,33757,33877,33994,34109,36384,33855,34806
"4161","411780","411780 PALMITAL",16465,15699,15535,14865,14699,14538,14780,14626,14477,14332,14189,13389,13172,12960,12755,13080,13033,12967
"4162","411790","411790 PALOTINA",27040,28691,28970,28683,28907,29123,30327,30598,30859,31115,31366,31564,31846,32121,32389,35063,35011,36623
"4163","411800","411800 PARAISO DO NORTE",10475,11743,11940,11772,11929,12079,12661,12839,13011,13180,13345,13631,13830,14023,14211,13246,13245,13634
"4164","411810","411810 PARANACITY",9604,9876,9946,10250,10338,10423,10863,10968,11069,11168,11265,11361,11472,11580,11685,9561,9557,9597
"4165","411820","411820 PARANAGUA",151048,138748,139794,140469,141477,142452,148232,149467,150660,151829,152975,153666,154936,156174,157378,157043,145829,149819
"4166","411830","411830 PARANAPOEMA",2344,2781,2818,2791,2822,2852,2980,3016,3050,3084,3117,3164,3203,3241,3277,2406,2398,2378
"4167","411840","411840 PARANAVAI",79748,82133,82713,81590,82039,82472,85643,86218,86773,87316,87850,87813,88374,88922,89454,90969,92001,95525
"4168","411845","411845 PATO BRAGADO",4482,4867,4943,4822,4882,4939,5170,5239,5304,5369,5432,5535,5610,5684,5755,5976,5733,5939
"4169","411850","411850 PATO BRANCO",71064,69478,70162,72370,73148,73901,77230,78136,79011,79869,80710,81893,82881,83843,84779,94239,91836,96602
"4170","411860","411860 PAULA FREITAS",5399,5691,5753,5434,5463,5491,5700,5737,5773,5808,5842,5837,5873,5908,5942,5616,5666,5778
"4171","411870","411870 PAULO FRONTIN",6565,7327,7402,6913,6940,6966,7219,7256,7291,7326,7360,7321,7354,7387,7418,6460,6343,6369
"4172","411880","411880 PEABIRU",12913,13371,13351,13624,13635,13645,14087,14116,14144,14171,14198,13985,13996,14007,14017,13345,13346,13496
"4173","411885","411885 PEROBAL",5148,5179,5161,5653,5681,5708,5923,5960,5995,6029,6105,6092,6127,6160,6194,7132,7189,7496
"4174","411890","411890 PEROLA",6703,9637,9663,10208,10280,10348,10765,10852,10937,11020,11101,11144,11234,11321,11406,11885,11878,12275
"4175","411900","411900 PEROLA D'OESTE",6301,7222,7201,6761,6716,6672,6822,6783,6746,6710,6674,6407,6347,6288,6232,6197,6221,6235
"4176","411910","411910 PIEN",11553,11632,11813,11236,11347,11454,11956,12086,12211,12334,12455,12606,12746,12882,13015,13552,13655,14179
"4177","411915","411915 PINHAIS",126356,116984,118321,117008,118334,119379,124528,125808,127045,128256,129445,130789,132157,133490,134788,131048,127019,131199
"4178","411920","411920 PINHALAO",6634,6030,6003,6215,6215,6215,6409,6417,6425,6433,6440,6327,6326,6324,6323,6564,6566,6707
"4179","411925","411925 PINHAL DE SAO BENTO",2318,2598,2598,2625,2630,2635,2724,2732,2740,2749,2757,2725,2731,2737,2742,2762,2761,2819
"4180","411930","411930 PINHAO",27873,30144,30295,30208,30347,30480,31617,31800,31978,32152,32322,32219,32391,32559,32722,29931,29886,30472
"4181","411940","411940 PIRAI DO SUL",23548,24139,24375,23424,23561,23693,24613,24786,24953,25117,25277,25291,25463,25617,25779,23514,23651,24000
"4182","411950","411950 PIRAQUARA",108211,86012,87288,93207,94518,96023,101053,102798,104481,106132,107751,111052,113036,114970,116852,131101,118730,124934
"4183","411960","411960 PITANGA",34161,35155,35051,32638,32391,32152,32841,32626,32419,32215,32015,30635,30310,29994,29686,33640,33678,34513
"4184","411965","411965 PITANGUEIRAS",2532,2786,2824,2814,2845,2874,3004,3039,3073,3107,3140,3185,3224,3262,3298,3016,3046,3121
"4185","411970","411970 PLANALTINA DO PARANA",4160,3879,3860,4095,4103,4111,4250,4264,4277,4290,4303,4254,4263,4272,4281,4063,4070,4123
"4186","411980","411980 PLANALTO",13292,14007,13979,13654,13619,13584,13964,13944,13926,13907,13889,13528,13479,13431,13385,14300,14374,14663
"4187","411990","411990 PONTA GROSSA",309709,311106,314683,311611,314518,317339,331084,334535,337865,341130,344332,348043,351736,355336,358838,391654,358371,372562
"4188","411995","411995 PONTAL DO PARANA",19531,17508,17819,20920,21427,21917,23261,23816,24352,24878,25393,26636,27284,27915,28529,32985,30425,32426
"4189","412000","412000 PORECATU",14842,14358,14180,14189,14060,13934,14203,14086,13973,13863,13754,13084,12914,12748,12587,11596,11624,11438
"4190","412010","412010 PORTO AMAZONAS",4786,4341,4352,4514,4536,4556,4727,4755,4782,4809,4835,4821,4848,4874,4899,5543,4098,4099
"4191","412015","412015 PORTO BARREIRO",5420,3812,3765,3663,3622,3582,3640,3601,3564,3527,3491,3292,3237,3184,3133,3111,3110,3078
"4192","412020","412020 PORTO RICO",1990,2526,2527,2530,2529,2527,2605,2606,2608,2610,2611,2561,2559,2556,2554,3194,3182,3316
"4193","412030","412030 PORTO VITORIA",4286,3856,3832,4020,4018,4016,4138,4141,4143,4146,4148,4068,4065,4061,4057,3484,3562,3549
"4194","412033","412033 PRADO FERREIRA",3101,3480,3510,3434,3456,3477,3614,3641,3668,3693,3718,3726,3753,3780,3806,3663,3709,3799
"4195","412035","412035 PRANCHITA",5458,5925,5877,5628,5580,5533,5643,5600,5558,5517,5477,5221,5157,5095,5035,5705,5737,5833
"4196","412040","412040 PRESIDENTE CASTELO BRANCO",4878,4879,4938,4784,4821,4857,5056,5101,5144,5186,5227,5260,5306,5351,5395,4334,4336,4336
"4197","412050","412050 PRIMEIRO DE MAIO",9728,11098,11122,10832,10840,10848,11199,11222,11243,11265,11286,11114,11123,11130,11138,10239,10082,10121
"4198","412060","412060 PRUDENTOPOLIS",45778,50614,51009,48792,48933,49150,50983,51281,51567,51849,52125,51961,52241,52513,52776,49395,49393,50428
"4199","412065","412065 QUARTO CENTENARIO",4481,4927,4882,4856,4820,4784,4887,4855,4824,4794,4764,4560,4512,4465,4420,4213,4201,4170
"4200","412070","412070 QUATIGUA",7572,7116,7148,7045,7069,7091,7344,7377,7410,7441,7472,7420,7449,7477,7504,8092,8099,8357
"4201","412080","412080 QUATRO BARRAS",21396,19002,19275,19851,20135,20409,21417,21738,22048,22353,22651,23199,23559,23911,24253,26452,24191,25109
"4202","412085","412085 QUATRO PONTES",3639,3789,3802,3803,3816,3827,3963,3981,3998,4014,4031,4000,4015,4029,4043,4051,4480,4636
"4203","412090","412090 QUEDAS DO IGUACU",28928,31572,31977,30605,30854,31095,32393,32693,32982,33265,33543,33788,34103,34409,34707,30785,30738,31405
"4204","412100","412100 QUERENCIA DO NORTE",12339,12235,12308,11729,11752,11773,12171,12210,12247,12284,12320,12180,12206,12232,12257,10708,10685,10693
"4205","412110","412110 QUINTA DO SOL",5897,5246,5192,5088,5037,4987,5077,5030,4985,4941,4897,4640,4573,4508,4444,5009,5001,5060
"4206","412120","412120 QUITANDINHA",16001,16497,16610,17089,17229,17364,18089,18257,18419,18578,18733,18873,19049,19221,19388,19240,18398,18823
"4207","412125","412125 RAMILANDIA",3994,4322,4362,4134,4155,4175,4332,4359,4385,4410,4435,4426,4451,4476,4500,4848,4221,4293
"4208","412130","412130 RANCHO ALEGRE",3929,4097,4086,3955,3937,3919,4018,4004,3990,3977,3963,3832,3808,3784,3760,3511,3512,3501
"4209","412135","412135 RANCHO ALEGRE D'OESTE",2239,2992,2974,2847,2827,2807,2868,2850,2833,2816,2800,2682,2655,2628,2602,2615,2618,2638
"4210","412140","412140 REALEZA",15070,16276,16287,16338,16363,16386,16932,16978,17023,17068,17111,16894,16922,16950,16976,18928,19247,19903
"4211","412150","412150 REBOUCAS",14270,14558,14642,14176,14216,14254,14752,14812,14869,14926,14981,14851,14899,14946,14991,14524,14514,14754
"4212","412160","412160 RENASCENCA",6462,6945,6937,6812,6801,6790,6989,6986,6984,6981,6979,6818,6802,6787,6772,6839,6845,6946
"4213","412170","412170 RESERVA",23978,25059,25145,25172,25264,25353,26268,26397,26522,26643,26763,26602,26715,26825,26933,26786,24573,24851
"4214","412175","412175 RESERVA DO IGUACU",7271,7383,7452,7307,7356,7402,7697,7757,7815,7872,7927,7950,8010,8069,8127,7009,6553,6543
"4215","412180","412180 RIBEIRAO CLARO",10491,11223,11250,10678,10661,10645,10956,10952,10949,10945,10941,10693,10668,10645,10622,12357,12364,12770
"4216","412190","412190 RIBEIRAO DO PINHAL",14761,13666,13586,13524,13462,13401,13740,13692,13646,13601,13557,13112,13029,12948,12869,13053,13060,13180
"4217","412200","412200 RIO AZUL",13548,13702,13759,14093,14176,14255,14809,14913,15014,15112,15125,15134,15236,15336,15433,14032,14025,14214
"4218","412210","412210 RIO BOM",2997,3319,3290,3334,3318,3302,3385,3372,3360,3348,3337,3225,3203,3182,3162,3755,3197,3223
"4219","412215","412215 RIO BONITO DO IGUACU",20964,15009,15126,13661,13652,13125,13524,13532,13538,13545,13552,13283,13269,13255,13240,13955,13929,14234
"4220","412217","412217 RIO BRANCO DO IVAI",3328,3986,4009,3898,3909,3920,4056,4072,4088,4104,4119,4083,4096,4109,4121,3866,3808,3850
"4221","412220","412220 RIO BRANCO DO SUL",30870,32815,33142,30650,30751,30848,31947,32092,32232,32369,32504,32273,32397,32517,32635,32566,37558,39307
"4222","412230","412230 RIO NEGRO",30748,30985,31191,31274,31471,31662,32911,33157,33395,33628,33857,33922,34170,34411,34645,31406,31324,31992
"4223","412240","412240 ROLANDIA",56155,55750,56349,57862,58511,59139,61837,62590,63316,64028,64726,65757,66580,67383,68165,71344,71670,74935
"4224","412250","412250 RONCADOR",10564,12442,12310,11537,11377,11221,11365,11212,11065,10921,10779,10058,9849,9645,9447,11253,11251,11371
"4225","412260","412260 RONDON",8428,9385,9468,8996,9025,9060,9391,9441,9488,9535,9581,9534,9579,9622,9664,9093,9097,9240
"4226","412265","412265 ROSARIO DO IVAI",4390,5890,5815,5588,5512,5438,5509,5437,5367,5298,5231,4886,4786,4689,4595,5697,5435,5491
"4227","412270","412270 SABAUDIA",5517,5625,5645,6096,6149,6200,6462,6524,6585,6644,6702,6760,6827,6891,6954,8819,8822,9320
"4228","412280","412280 SALGADO FILHO",4483,4709,4658,4403,4327,4253,4287,4213,4142,4072,4003,3679,3580,3483,3389,4144,4075,4097
"4229","412290","412290 SALTO DO ITARARE",4864,5177,5138,5178,5150,5122,5246,5223,5201,5179,5158,4973,4935,4898,4862,5195,5192,5267
"4230","412300","412300 SALTO DO LONTRA",11828,12832,12825,13689,13761,13830,14357,14450,14539,14627,14713,14695,14785,14872,14957,14006,15223,15636
"4231","412310","412310 SANTA AMELIA",4225,4137,4120,3803,3757,3712,3769,3726,3684,3643,3603,3385,3324,3266,3208,3396,3394,3386
"4232","412320","412320 SANTA CECILIA DO PAVAO",3335,3732,3694,3646,3614,3583,3654,3625,3597,3570,3544,3376,3334,3293,3253,3361,3365,3375
"4233","412330","412330 SANTA CRUZ DE MONTE CASTELO",7187,8074,8018,8092,8055,8019,8222,8194,8166,8140,8113,7849,7800,7751,7705,8630,8613,8806
"4234","412340","412340 SANTA FE",9007,10224,10353,10432,10552,10668,11158,11297,11431,11562,11691,11885,12037,12186,12330,11397,11378,11669
"4235","412350","412350 SANTA HELENA",21875,23872,24197,23413,23638,23855,24895,25159,25415,25665,25911,26206,26490,26767,27036,24917,25492,26341
"4236","412360","412360 SANTA INES",2157,1904,1879,1818,1797,1776,1804,1784,1765,1746,1727,1624,1596,1594,1568,1744,1748,1760
"4237","412370","412370 SANTA ISABEL DO IVAI",8696,8678,8627,8760,8730,8701,8935,8915,8896,8877,8858,8603,8562,8523,8484,8897,8912,9059
"4238","412380","412380 SANTA IZABEL DO OESTE",11031,11753,11746,13132,13242,13347,13908,14039,14165,14289,14411,14521,14659,14794,14924,12444,14070,14385
"4239","412382","412382 SANTA LUCIA",3402,3781,3738,3925,3910,3895,3997,3986,3976,3965,3955,3834,3813,3793,3795,3668,3644,3657
"4240","412385","412385 SANTA MARIA DO OESTE",13749,11590,11366,11500,11336,11178,11315,11159,11009,10861,10716,9824,9615,9410,9210,9811,10031,9985
"4241","412390","412390 SANTA MARIANA",12407,12143,12006,12435,12356,12279,12562,12496,12432,12369,12307,11829,11724,11622,11523,11111,11066,11034
"4242","412395","412395 SANTA MONICA",3201,3603,3639,3571,3601,3629,3780,3815,3849,3882,3915,3944,3981,4017,4052,3357,3356,3373
"4243","412400","412400 SANTANA DO ITARARE",5307,5696,5700,5249,5220,5191,5315,5291,5267,5244,5222,5031,4992,4954,4916,5514,5514,5628
"4244","412402","412402 SANTA TEREZA DO OESTE",14697,9462,9316,10332,10300,10269,10548,10528,10509,10489,10471,10182,10139,10096,10055,12928,13174,13749
"4245","412405","412405 SANTA TEREZINHA DE ITAIPU",21960,20354,20535,20841,21031,21215,22127,22353,22570,22783,22992,23224,23465,23699,23927,23236,24262,25055
"4246","412410","412410 SANTO ANTONIO DA PLATINA",40992,41844,41999,42707,42920,43125,44754,45031,45299,45562,45819,45728,45993,46251,46503,45261,44369,45534
"4247","412420","412420 SANTO ANTONIO DO CAIUA",2686,2748,2729,2727,2716,2705,2774,2765,2757,2749,2741,2656,2641,2626,2611,2499,2493,2496
"4248","412430","412430 SANTO ANTONIO DO PARAISO",3050,2361,2314,2408,2379,2351,2387,2359,2333,2307,2281,2144,2106,2068,2032,2122,2125,2116
"4249","412440","412440 SANTO ANTONIO DO SUDOESTE",18226,19260,19383,18893,18972,19048,19748,19855,19958,20059,20158,20069,20166,20261,20354,19677,23673,24644
"4250","412450","412450 SANTO INACIO",4907,4982,4954,5269,5276,5282,5455,5468,5481,5494,5506,5431,5438,5416,5422,6184,6181,6397
"4251","412460","412460 SAO CARLOS DO IVAI",6696,5987,5989,6354,6389,6422,6668,6713,6756,6797,6839,6834,6878,6920,6961,6588,6587,6712
"4252","412470","412470 SAO JERONIMO DA SERRA",10460,11900,11906,11337,11306,11275,11588,11570,11553,11535,11519,11213,11170,11128,11088,10742,10830,10913
"4253","412480","412480 SAO JOAO",9119,11198,11188,10599,10553,10508,10777,10743,10709,10676,10644,10303,10241,10181,10122,11683,11886,12230
"4254","412490","412490 SAO JOAO DO CAIUA",6162,6151,6144,5911,5898,5884,6051,6044,6038,6031,6025,5874,5855,5837,5819,5585,5586,5620
"4255","412500","412500 SAO JOAO DO IVAI",10245,12022,11893,11525,11397,11273,11461,11342,11228,11115,11005,10386,10219,10056,9897,10665,10667,10700
"4256","412510","412510 SAO JOAO DO TRIUNFO",12509,14226,14398,13704,13803,13899,14462,14583,14700,14815,14927,14996,15120,15241,15359,13725,13726,13923
"4257","412520","412520 SAO JORGE D'OESTE",8442,9213,9195,9085,9068,9052,9313,9307,9302,9296,9291,9074,9050,9028,9005,9308,9378,9550
"4258","412530","412530 SAO JORGE DO IVAI",5163,5406,5386,5517,5512,5506,5671,5673,5674,5675,5676,5559,5551,5543,5535,5159,5168,5193
"4259","412535","412535 SAO JORGE DO PATROCINIO",4451,6134,6080,6041,5998,5956,6088,6051,6015,5980,5946,5698,5641,5586,5532,6520,6504,6659
"4260","412540","412540 SAO JOSE DA BOA VISTA",5676,6386,6317,6511,6476,6441,6596,6567,6539,6512,6485,6254,6206,6160,6115,5968,6040,6060
"4261","412545","412545 SAO JOSE DAS PALMEIRAS",2831,3960,3942,3830,3810,3789,3880,3864,3847,3832,3816,3682,3654,3627,3601,4063,3957,4030
"4262","412550","412550 SAO JOSE DOS PINHAIS",269703,272530,279297,264210,268808,273255,287792,292934,297895,302759,307530,317476,323340,329058,334620,327746,329628,345644
"4263","412555","412555 SAO MANOEL DO PARANA",1821,2163,2167,2098,2100,2102,2170,2175,2180,2184,2189,2158,2160,2163,2165,2132,2138,2173
"4264","412560","412560 SAO MATEUS DO SUL",39487,40791,41184,41257,41617,41965,43750,44179,44594,45000,45398,45806,46261,46705,47137,44313,42366,43413
"4265","412570","412570 SAO MIGUEL DO IGUACU",27739,26284,26451,25769,25872,25971,26920,27061,27197,27330,27461,27325,27452,27576,27696,29285,29122,30198
"4266","412575","412575 SAO PEDRO DO IGUACU",6123,6633,6563,6491,6431,6373,6495,6440,6388,6336,6286,5976,5897,5820,5745,6854,5784,5769
"4267","412580","412580 SAO PEDRO DO IVAI",9586,9887,9920,10167,10221,10272,10664,10733,10799,10864,10928,10915,10981,11046,11109,8691,8690,8611
"4268","412590","412590 SAO PEDRO DO PARANA",2308,2580,2560,2491,2473,2454,2506,2490,2474,2459,2443,2338,2313,2289,2265,2654,2661,2722
"4269","412600","412600 SAO SEBASTIAO DA AMOREIRA",9065,8976,9002,8626,8632,8638,8917,8935,8952,8968,8985,8847,8853,8859,8865,8070,8063,8100
"4270","412610","412610 SAO TOME",4984,5482,5524,5349,5373,5395,5595,5626,5657,5686,5715,5693,5722,5750,5778,5385,5232,5290
"4271","412620","412620 SAPOPEMA",6676,6812,6797,6736,6726,6716,6912,6910,6908,6906,6905,6751,6736,6722,6708,6444,6695,6784
"4272","412625","412625 SARANDI",91363,83486,84650,82847,83724,84573,88365,89388,90376,91344,94181,95543,96688,97803,98888,126057,118455,125785
"4273","412627","412627 SAUDADE DO IGUACU",4670,5137,5185,5028,5061,5092,5293,5333,5372,5410,5448,5459,5500,5539,5578,6137,6108,6342
"4274","412630","412630 SENGES",20146,20213,20450,18414,18463,18511,19154,19229,19302,19373,19443,19267,19327,19385,19441,17112,17270,17344
"4275","412635","412635 SERRANOPOLIS DO IGUACU",5056,4400,4356,4568,4555,4543,4667,4659,4652,4645,4637,4513,4495,4477,4460,5034,5007,5138
"4276","412640","412640 SERTANEJA",6359,5984,5923,5817,5763,5711,5820,5771,5724,5678,5633,5355,5284,5216,5149,5761,5616,5667
"4277","412650","412650 SERTANOPOLIS",15877,16027,16099,15638,15676,15713,16255,16315,16373,16429,16485,16323,16369,16413,16456,16694,15930,16183
"4278","412660","412660 SIQUEIRA CAMPOS",17506,17293,17413,18454,18643,18825,19661,19881,20094,20303,20508,20778,21016,21249,21476,24083,22811,23712
"4279","412665","412665 SULINA",2807,3481,3429,3394,3354,3315,3366,3329,3293,3257,3222,3033,2981,2930,2880,3440,3440,3495
"4280","412667","412667 TAMARANA",10464,11413,11573,12262,12458,12647,13298,13518,13730,13939,14143,14548,14797,15040,15277,12115,10707,10645
"4281","412670","412670 TAMBOARA",3981,4757,4800,4664,4696,4726,4915,4954,4991,5028,5064,5080,5120,5158,5196,4879,4880,4979
"4282","412680","412680 TAPEJARA",14029,15170,15365,14598,14712,14822,15434,15572,15704,15835,15962,16062,16205,16345,16480,15659,15869,16255
"4283","412690","412690 TAPIRA",4373,5944,5900,5836,5802,5769,5906,5878,5851,5824,5798,5584,5539,5495,5452,5743,5745,5813
"4284","412700","412700 TEIXEIRA SOARES",8325,10337,10548,10283,10444,10599,11140,11321,11495,11666,11834,12163,12367,12567,12761,9565,9547,9581
"4285","412710","412710 TELEMACO BORBA",64635,68584,69276,69872,70535,71176,74270,75054,75809,76550,77276,78135,78974,79792,80588,73331,75042,77182
"4286","412720","412720 TERRA BOA",14975,15041,15068,15776,15864,15948,16562,16674,16781,16887,16991,16984,17094,17200,17304,18654,17568,18048
"4287","412730","412730 TERRA RICA",13698,14955,15058,15221,15331,15437,16063,16197,16326,16453,16578,16652,16789,16924,17054,14862,14842,14989
"4288","412740","412740 TERRA ROXA",13306,16707,16731,16759,16795,16829,17402,17461,17517,17573,17627,17439,17481,17522,17562,18448,18119,18548
"4289","412750","412750 TIBAGI",20150,19345,19419,19344,19414,19482,20184,20283,20377,20470,20562,20436,20522,20607,20688,18612,19961,20304
"4290","412760","412760 TIJUCAS DO SUL",13993,13633,13761,14537,14712,14881,15575,15776,15970,16161,16348,16646,16868,17084,17295,17717,17621,18279
"4291","412770","412770 TOLEDO",108368,115136,116774,119313,120934,122502,128448,130295,132077,133824,135538,138572,140635,142645,144601,156123,150470,158620
"4292","412780","412780 TOMAZINA",8247,8920,8812,8791,8704,8619,8776,8696,8619,8544,8470,8032,7918,7807,7699,9659,8426,8495
"4293","412785","412785 TRES BARRAS DO PARANA",9135,12073,12093,11824,11825,11825,12196,12212,12227,12242,12256,12043,12040,12038,12036,11142,11135,11197
"4294","412788","412788 TUNAS DO PARANA",4242,6465,6757,6256,6460,6656,7127,7347,7559,7767,7971,8509,8769,9022,9269,8617,6219,6302
"4295","412790","412790 TUNEIRAS DO OESTE",6933,8806,8779,8695,8671,8647,8887,8873,8860,8847,8833,8599,8566,8533,8502,10332,8067,8095
"4296","412795","412795 TUPASSI",7337,7960,7947,7997,7996,7994,8243,8252,8261,8269,8277,8128,8124,8109,8105,8088,8077,8204
"4297","412796","412796 TURVO",14859,14391,14364,13811,13717,13628,13937,13860,13785,13712,13640,13340,13215,13095,12977,16147,14231,14443
"4298","412800","412800 UBIRATA",18990,21672,21554,21558,21479,21402,21971,21916,21864,21812,21762,21119,21013,20909,20809,24733,24749,25517
"4299","412810","412810 UMUARAMA",96863,98855,99607,100676,101443,102184,106387,107319,108218,109132,109955,110590,111557,112500,113416,117148,117095,121972
"4300","412820","412820 UNIAO DA VITORIA",52363,53048,53465,52735,53059,53372,55467,55874,56265,56650,57027,57111,57517,57913,58298,55238,55033,56397
"4301","412830","412830 UNIFLOR",2096,2484,2498,2466,2474,2482,2570,2581,2593,2604,2614,2595,2605,2614,2623,2136,2136,2121
"4302","412840","412840 URAI",10671,11793,11775,11472,11441,11411,11729,11711,11695,11678,11662,11356,11314,11273,11233,10378,10406,10407
"4303","412850","412850 WENCESLAU BRAZ",20140,19149,19100,19298,19278,19259,19838,19843,19847,19852,19856,19444,19414,19386,19358,18894,19188,19430
"4304","412853","412853 VENTANIA",9454,10948,11237,9957,10106,10249,10763,10934,11093,11252,11407,11703,11892,12088,12267,9682,9681,9779
"4305","412855","412855 VERA CRUZ DO OESTE",8190,9301,9257,8973,8921,8871,9081,9038,8998,8958,8918,8590,8521,8454,8389,9326,8215,8227
"4306","412860","412860 VERE",7448,8144,8080,7878,7814,7751,7911,7853,7799,7745,7692,7342,7257,7174,7094,7929,7932,8051
"4307","412862","412862 ALTO PARAISO",3337,3273,3211,3206,3162,3119,3159,3116,3077,3037,2998,2799,2741,2685,2630,3059,3055,3077
"4308","412863","412863 DOUTOR ULYSSES",6861,6137,6147,5727,5706,5686,5837,5822,5808,5794,5781,5609,5580,5552,5525,6216,5697,5773
"4309","412865","412865 VIRMOND",4261,4163,4197,3950,3951,3951,4075,4080,4085,4090,4095,4023,4023,4022,4051,3813,3811,3842
"4310","412870","412870 VITORINO",6122,6513,6533,6513,6531,6548,6775,6801,6828,6853,6878,6817,6838,6859,6879,9942,9706,10280
"4311","412880","412880 XAMBRE",4567,5896,5831,6012,5975,5939,6077,6047,6016,5986,5957,5728,5679,5630,5584,5769,5798,5851
"4312","420005","420005 ABDON BATISTA",2382,2805,2802,2653,2644,2635,2656,2643,2630,2617,2604,2577,2563,2548,2534,2600,2598,2633
"4313","420010","420010 ABELARDO LUZ",19282,16870,16895,17100,17151,17200,17584,17651,17717,17782,17847,17847,17904,17960,18015,17389,17392,17736
"4314","420020","420020 AGROLANDIA",8348,9496,9661,9323,9440,9552,9957,10115,10272,10427,10581,10711,10864,11013,11160,11010,10990,11491
"4315","420030","420030 AGRONOMICA",4668,4866,4922,4904,4954,4985,5172,5239,5306,5371,5437,5385,5448,5509,5570,6055,6055,6394
"4316","420040","420040 AGUA DOCE",6887,6954,6961,6961,6971,6979,7110,7121,7132,7143,7154,7138,7145,7152,7160,6286,6508,6625
"4317","420050","420050 AGUAS DE CHAPECO",5212,6306,6357,6110,6136,6160,6313,6346,6379,6412,6445,6455,6486,6515,6544,5872,6036,6128
"4318","420055","420055 AGUAS FRIAS",1967,2632,2640,2424,2417,2409,2430,2419,2408,2397,2387,2378,2366,2354,2341,2802,2839,2963
"4319","420060","420060 AGUAS MORNAS",5217,4520,4506,5548,5618,5685,5926,6020,6113,6206,6298,6378,6469,6559,6646,6765,6743,7082
"4320","420070","420070 ALFREDO WAGNER",8061,10150,10272,9410,9453,9494,9737,9794,9850,9905,9960,9984,10036,10086,10136,10455,10481,10862
"4321","420075","420075 ALTO BELA VISTA",1792,2075,2070,2005,1998,1991,2007,1997,1987,1977,1967,1948,1937,1926,1915,1859,1856,1860
"4322","420080","420080 ANCHIETA",5337,6730,6683,6380,6323,6172,6145,6066,5987,5909,5832,5721,5638,5557,5477,5942,5943,5984
"4323","420090","420090 ANGELINA",5360,5436,5397,5250,5210,5171,5166,5109,5053,4998,4943,4860,4801,4743,4686,5497,5358,5472
"4324","420100","420100 ANITA GARIBALDI",9948,9299,9188,8623,8497,8374,8230,8055,7881,7708,7537,7313,7133,6957,6783,8286,8285,8367
"4325","420110","420110 ANITAPOLIS",2951,3266,3263,3214,3213,3211,3259,3256,3253,3251,3248,3236,3232,3228,3223,3463,3593,3726
"4326","420120","420120 ANTONIO CARLOS",7132,7375,7465,7458,7537,7613,7906,8012,8118,8223,8327,8411,8513,8613,8712,11295,11224,12118
"4327","420125","420125 APIUNA",9189,10774,10995,9600,9683,9764,10099,10211,10322,10432,10542,10636,10743,10848,10951,11926,9811,10020
"4328","420127","420127 ARABUTA",4230,4062,4049,4193,4196,4198,4270,4273,4276,4278,4281,4266,4267,4267,4268,4378,4378,4487
"4329","420130","420130 ARAQUARI",22825,22467,23083,24810,25860,26875,29593,31030,32454,33867,35268,36710,38129,39524,40890,45462,45283,50178
"4330","420140","420140 ARARANGUA",63611,59134,59541,61310,61817,62308,64405,65090,65769,66442,67110,67578,68228,68867,69493,72138,71922,75597
"4331","420150","420150 ARMAZEM",7538,7584,7650,7753,7821,7886,8159,8251,8341,8431,8520,8587,8674,8759,8843,8825,8834,9188
"4332","420160","420160 ARROIO TRINTA",3622,3627,3642,3502,3503,3504,3562,3563,3563,3564,3564,3551,3550,3549,3547,3556,3556,3628
"4333","420165","420165 ARVOREDO",1983,2249,2233,2260,2257,2254,2281,2276,2271,2266,2261,2246,2240,2234,2228,2539,2510,2600
"4334","420170","420170 ASCURRA",7590,6950,6943,7412,7449,7485,7683,7732,7781,7829,7877,7889,7934,7978,8021,8408,8319,8635
"4335","420180","420180 ATALANTA",3192,3407,3405,3300,3291,3281,3310,3296,3282,3268,3254,3226,3210,3195,3179,3218,3227,3270
"4336","420190","420190 AURORA",4970,5556,5568,5549,5555,5561,5661,5668,5674,5681,5688,5676,5679,5683,5687,6810,6780,7127
"4337","420195","420195 BALNEARIO ARROIO DO SILVA",7633,8558,8805,9586,9858,10121,10876,11248,11616,11982,12344,12705,13071,13430,13782,15693,15820,17215
"4338","420200","420200 BALNEARIO CAMBORIU",101653,99493,102079,108089,110748,113319,120926,124557,128155,131727,135268,138732,142295,145796,149227,140036,139155,148758
"4339","420205","420205 BALNEARIO BARRA DO SUL",8223,7634,7787,8430,8614,8791,9330,9580,9828,10073,10317,10550,10795,11035,11271,14885,14912,16360
"4340","420207","420207 BALNEARIO GAIVOTA",6855,7732,7951,8234,8448,8655,9259,9551,9841,10128,10413,10692,10979,11260,11537,15353,15669,17306
"4341","420208","420208 BANDEIRANTE",2719,3105,3089,2906,2886,2866,2865,2836,2808,2779,2751,2708,2678,2648,2618,3144,3144,3243
"4342","420209","420209 BARRA BONITA",1926,2122,2120,1878,1860,1853,1842,1815,1790,1764,1739,1704,1677,1651,1625,1608,1668,1662
"4343","420210","420210 BARRA VELHA",19786,19474,19863,22386,22913,23422,24943,25662,26374,27080,27781,28463,29168,29860,30539,45633,45369,50730
"4344","420213","420213 BELA VISTA DO TOLDO",5725,6111,6149,6004,6026,6047,6191,6219,6248,6276,6304,6311,6337,6362,6386,5863,5872,5950
"4345","420215","420215 BELMONTE",2029,2774,2791,2635,2639,2643,2692,2696,2700,2705,2709,2703,2706,2709,2712,2703,2658,2709
"4346","420220","420220 BENEDITO NOVO",9660,10226,10337,10336,10434,10528,10906,11037,11168,11297,11425,11526,11652,11775,11896,10484,10520,10738
"4347","420230","420230 BIGUACU",59998,55665,56397,58206,58984,59736,62383,63440,64488,65528,66558,67458,68481,69486,70471,78623,76773,82028
"4348","420240","420240 BLUMENAU",304162,296151,299417,309011,312635,316139,329082,334002,338876,343715,348513,352460,357199,361855,366418,363340,361261,380597
"4349","420243","420243 BOCAINA DO SUL",3166,3131,3129,3290,3303,3314,3393,3408,3424,3440,3456,3460,3474,3488,3501,3514,3515,3618
"4350","420245","420245 BOMBINHAS",12107,13241,13694,14293,14722,15136,16311,16897,17477,18052,18623,19193,19769,20335,20889,24416,25058,27732
"4351","420250","420250 BOM JARDIM DA SERRA",4017,4359,4388,4395,4420,4443,4566,4598,4631,4663,4694,4712,4743,4772,4801,4362,4026,4028
"4352","420253","420253 BOM JESUS",2088,2394,2428,2526,2563,2599,2721,2771,2821,2870,2919,2961,3010,3057,3104,2721,2777,2872
"4353","420257","420257 BOM JESUS DO OESTE",2059,2075,2059,2132,2131,2130,2160,2158,2156,2153,2151,2146,2142,2139,2136,2182,2187,2234
"4354","420260","420260 BOM RETIRO",8681,8543,8598,8942,9017,9090,9397,9498,9598,9698,9796,9870,9966,10060,10153,8698,8418,8468
"4355","420270","420270 BOTUVERA",3497,4294,4347,4468,4527,4584,4785,4864,4943,5022,5100,5169,5246,5322,5396,5368,5363,5623
"4356","420280","420280 BRACO DO NORTE",31691,28909,29317,29018,29351,29672,30868,31319,31765,32209,32648,33016,33450,33876,34294,34113,33773,35534
"4357","420285","420285 BRACO DO TROMBUDO",3764,3400,3425,3457,3478,3498,3599,3627,3654,3682,3709,3718,3743,3769,3794,3954,4026,4203
"4358","420287","420287 BRUNOPOLIS",3251,2981,2939,2850,2814,2778,2741,2690,2639,2589,2539,2473,2420,2368,2318,2488,2489,2466
"4359","420290","420290 BRUSQUE",91249,99917,102278,105503,107764,109950,116634,119719,122775,125810,128818,131703,134723,137689,140597,141676,141385,151949
"4360","420300","420300 CACADOR",74006,70088,70720,70762,71334,71886,74276,75048,75812,76571,77323,77863,78595,79313,80017,74105,73720,75998
"4361","420310","420310 CAIBI",5447,6393,6393,6219,6209,6199,6274,6259,6243,6228,6213,6167,6148,6130,6112,6199,6304,6431
"4362","420315","420315 CALMON",4161,4194,4264,3387,3381,3375,3416,3407,3398,3389,3380,3357,3346,3335,3325,3465,3443,3513
"4363","420320","420320 CAMBORIU",54748,56315,57792,62361,63967,65520,70068,72261,74434,76592,78731,80834,82989,85105,87179,112167,103074,113525
"4364","420325","420325 CAPAO ALTO",3164,3329,3359,2753,2733,2713,2711,2682,2654,2625,2597,2556,2525,2496,2467,2892,2625,2647
"4365","420330","420330 CAMPO ALEGRE",12954,11715,11715,11748,11757,11766,11972,11982,11992,12002,12012,11974,11978,11981,11985,12318,12501,12815
"4366","420340","420340 CAMPO BELO DO SUL",8089,8204,8211,7483,7440,7398,7419,7358,7297,7237,7177,7081,7016,6952,6889,7345,7257,7342
"4367","420350","420350 CAMPO ERE",8047,9802,9732,9370,9295,9222,9203,9098,8993,8890,8787,8636,8526,8418,8312,9562,9623,9838
"4368","420360","420360 CAMPOS NOVOS",30540,29199,29131,32824,33073,33313,34386,34721,35054,35383,35710,35930,36244,36556,36861,36976,36932,38656
"4369","420370","420370 CANELINHA",9722,10068,10170,10603,10726,10845,11286,11452,11617,11781,11944,12080,12240,12398,12553,12759,12821,13413
"4370","420380","420380 CANOINHAS",53315,54408,54643,52765,52853,52937,53969,54079,54188,54296,54403,54319,54401,54480,54558,54848,55016,56721
"4371","420390","420390 CAPINZAL",23840,18994,18998,20769,20919,21064,21726,21928,22129,22327,22524,22658,22848,23035,23218,23184,23314,24176
"4372","420395","420395 CAPIVARI DE BAIXO",20840,20843,21060,21674,21913,22145,23018,23342,23663,23982,24298,24559,24871,25177,25477,22873,23975,24799
"4373","420400","420400 CATANDUVAS",9789,9049,9115,9555,9653,9746,10112,10244,10374,10503,10632,10735,10861,10984,11106,10565,10566,10938
"4374","420410","420410 CAXAMBU DO SUL",4660,4995,4965,4411,4346,4283,4208,4118,4028,3939,3850,3735,3642,3551,3462,4614,4614,4732
"4375","420415","420415 CELSO RAMOS",2322,2734,2725,2771,2766,2760,2792,2784,2776,2768,2760,2738,2728,2719,2709,2802,2805,2860
"4376","420417","420417 CERRO NEGRO",3194,4053,4044,3581,3542,3503,3472,3417,3362,3308,3254,3181,3124,3068,3013,3318,3317,3326
"4377","420419","420419 CHAPADAO DO LAGEADO",2536,2854,2874,2762,2778,2793,2871,2892,2912,2933,2953,2969,2988,3006,3025,2949,2950,3036
"4378","420420","420420 CHAPECO",177236,171789,174185,183530,186337,189052,198188,202009,205795,209553,213279,216654,220367,224013,227587,251150,254785,275959
"4379","420425","420425 COCAL DO SUL",15275,15101,15231,15159,15269,15376,15860,16009,16156,16301,16446,16544,16684,16821,16956,17241,17240,17912
"4380","420430","420430 CONCORDIA",67530,69766,70392,68621,69048,69462,71499,72073,72642,73206,73766,74106,74641,75167,75683,81625,81646,85982
"4381","420435","420435 CORDILHEIRA ALTA",3260,3493,3531,3767,3819,3869,4043,4114,4184,4253,4321,4385,4453,4520,4585,4735,4781,5099
"4382","420440","420440 CORONEL FREITAS",10637,10530,10518,10213,10189,10165,10272,10236,10201,10165,10130,10022,9981,9940,9900,10303,10388,10583
"4383","420445","420445 CORONEL MARTINS",1585,2567,2580,2458,2464,2469,2520,2527,2534,2541,2548,2544,2549,2555,2560,2069,2065,2028
"4384","420450","420450 CORUPA",13090,13248,13384,13852,14006,14155,14716,14925,15132,15337,15541,15709,15909,16107,16300,15287,15267,15781
"4385","420455","420455 CORREIA PINTO",16975,15058,14843,14785,14613,14447,14301,14063,13826,13591,13358,13040,12795,12553,12315,15720,15727,16163
"4386","420460","420460 CRICIUMA",190925,187018,188556,192308,193989,195614,202395,204667,206918,209153,211369,213023,215186,217311,219393,231088,214493,225281
"4387","420470","420470 CUNHA PORA",9765,11009,11078,10613,10643,10671,10905,10944,10982,11020,11057,11053,11086,11118,11150,10904,10953,11208
"4388","420475","420475 CUNHATAI",1686,1938,1956,1882,1887,1892,1931,1937,1943,1949,1955,1957,1962,1967,1972,1757,1968,2018
"4389","420480","420480 CURITIBANOS",38381,38799,39042,37748,37878,38003,38890,39061,39231,39399,39566,39595,39745,39893,40037,40289,40045,41512
"4390","420490","420490 DESCANSO",7849,8927,8897,8634,8597,8560,8612,8558,8505,8452,8399,8308,8250,8192,8136,8559,8530,8660
"4391","420500","420500 DIONISIO CERQUEIRA",14705,15305,15398,14811,14855,14896,15227,15283,15339,15395,15450,15450,15498,15545,15592,14989,15008,15294
"4392","420510","420510 DONA EMMA",3043,3560,3582,3721,3753,3784,3912,3955,3997,4039,4081,4105,4146,4186,4224,4006,4221,4388
"4393","420515","420515 DOUTOR PEDRINHO",3146,3402,3433,3604,3645,3683,3828,3883,3937,3990,4043,4013,4064,4115,4164,3670,3637,3719
"4394","420517","420517 ENTRE RIOS",2798,3083,3102,3018,3031,3043,3118,3135,3151,3167,3183,3189,3203,3218,3232,3322,3402,3525
"4395","420519","420519 ERMO",2053,1877,1863,2050,2050,2049,2081,2079,2078,2077,2076,2066,2063,2061,2059,2270,2269,2349
"4396","420520","420520 ERVAL VELHO",3960,4205,4193,4352,4359,4365,4448,4456,4464,4472,4480,4407,4412,4418,4423,4824,4885,5081
"4397","420530","420530 FAXINAL DOS GUEDES",12043,10611,10589,10661,10653,10645,10797,10784,10771,10758,10745,10686,10667,10649,10630,10965,11192,11486
"4398","420535","420535 FLOR DO SERTAO",1620,1694,1700,1588,1587,1585,1605,1603,1600,1597,1594,1586,1582,1579,1575,1784,1783,1850
"4399","420540","420540 FLORIANOPOLIS",416267,402346,408163,421240,427298,433158,453285,461524,469690,477798,485838,492977,500973,508826,516524,574200,537211,576361
"4400","420543","420543 FORMOSA DO SUL",2509,2689,2680,2601,2592,2583,2603,2589,2576,2562,2549,2525,2510,2495,2481,2682,2682,2743
"4401","420545","420545 FORQUILHINHA",21998,21611,21928,22548,22871,23183,24256,24694,25129,25560,25988,26368,26793,27211,27621,31692,31431,33929
"4402","420550","420550 FRAIBURGO",38307,36170,36469,34553,34677,34796,35618,35781,35942,36102,36261,36299,36443,36584,36723,33662,33481,34148
"4403","420555","420555 FREI ROGERIO",3309,2703,2661,2474,2436,2399,2354,2301,2249,2197,2146,2077,2023,1970,1918,2411,2411,2442
"4404","420560","420560 GALVAO",3854,3520,3454,3472,3414,3452,3379,3297,3217,3137,3058,2956,2873,2791,2711,3219,3210,3200
"4405","420570","420570 GAROPABA",15923,16577,16707,18138,18520,18890,20024,20545,21061,21573,22082,22568,23078,23579,24070,29801,29959,32962
"4406","420580","420580 GARUVA",13597,14022,14282,14761,15021,15272,16081,16435,16786,17134,17479,17800,18145,18484,18816,18697,18545,19554
"4407","420590","420590 GASPAR",55600,54687,55487,57981,58869,59728,62618,63826,65024,66213,67392,68465,69639,70793,71925,73053,72570,76982
"4408","420600","420600 GOVERNADOR CELSO RAMOS",13268,12611,12702,12999,13107,13211,13655,13801,13944,14087,14229,14333,14471,14606,14739,17306,16915,17920
"4409","420610","420610 GRAO PARA",6327,6250,6278,6223,6246,6268,6418,6448,6478,6507,6537,6542,6569,6595,6621,6149,6277,6397
"4410","420620","420620 GRAVATAL",12949,10802,10792,10635,10698,10758,11064,11148,11231,11313,11394,11423,11501,11577,11652,14022,12435,12989
"4411","420630","420630 GUABIRUBA",15592,16925,17316,18430,18849,19254,20474,21046,21612,22174,22732,23272,23832,24382,24922,24578,24543,26082
"4412","420640","420640 GUARACIABA",9972,10883,10854,10498,10457,10417,10492,10433,10374,10316,10259,10154,10090,10026,9964,11154,10796,11040
"4413","420650","420650 GUARAMIRIM",31245,31334,31907,35172,35918,36640,38851,39869,40878,41879,42872,43822,44819,45797,46757,46502,46711,49941
"4414","420660","420660 GUARUJA DO SUL",4632,4858,4867,4908,4925,4941,5054,5076,5097,5118,5139,5141,5160,5178,5196,4819,4829,4899
"4415","420665","420665 GUATAMBU",4752,4622,4601,4679,4678,4676,4746,4743,4739,4736,4733,4710,4704,4698,4692,8400,8425,9267
"4416","420670","420670 HERVAL D'OESTE",21929,19405,19320,21239,21331,21420,21961,22083,22204,22324,22443,22495,22606,22714,22820,21339,21724,22173
"4417","420675","420675 IBIAM",1853,2052,2062,1945,1945,1944,1973,1971,1970,1968,1967,1959,1957,1954,1952,2003,2008,2055
"4418","420680","420680 IBICARE",3298,3473,3465,3373,3357,3341,3359,3336,3313,3290,3268,3227,3202,3178,3154,3267,3269,3304
"4419","420690","420690 IBIRAMA",17660,17328,17462,17330,17448,17561,18097,18255,18412,18567,18721,18802,18950,19096,19238,21425,19862,20663
"4420","420700","420700 ICARA",57599,56360,57103,58833,59616,60374,51416,52284,53145,53998,54845,55581,56421,57247,58055,64456,59035,62455
"4421","420710","420710 ILHOTA",11527,12012,12151,12355,12492,12624,13124,13309,13493,13676,13857,14005,14184,14359,14531,20319,17046,18197
"4422","420720","420720 IMARUI",11682,11847,11682,11672,11540,11411,11301,11117,10933,10752,10571,10326,10135,9948,9764,12331,11881,12127
"4423","420730","420730 IMBITUBA",39749,38574,38885,40170,40514,40845,42244,42708,43168,43624,44076,44412,44853,45286,45711,54258,52579,56107
"4424","420740","420740 IMBUIA",5171,5697,5738,5707,5743,5777,5946,5993,6040,6087,6133,6153,6197,6241,6284,5988,5982,6139
"4425","420750","420750 INDAIAL",48727,49959,50915,54854,55980,57068,60433,61968,63489,65000,66497,67923,69425,70900,72346,71369,71549,76333
"4426","420757","420757 IOMERE",2733,2637,2640,2739,2754,2768,2842,2861,2880,2899,2917,2927,2945,2962,2979,2865,2877,2953
"4427","420760","420760 IPIRA",5315,4807,4776,4752,4725,4699,4713,4675,4637,4599,4562,4486,4446,4406,4367,4580,4578,4635
"4428","420765","420765 IPORA DO OESTE",7576,8362,8404,8409,8450,8490,8714,8769,8823,8876,8930,8945,8996,9045,9093,9333,9335,9672
"4429","420768","420768 IPUACU",6383,6816,6881,6798,6850,6901,7123,7193,7262,7331,7400,7448,7514,7579,7643,7726,7730,8046
"4430","420770","420770 IPUMIRIM",6616,7360,7401,7220,7245,7268,7435,7467,7499,7530,7561,7565,7593,7620,7647,7815,7816,8065
"4431","420775","420775 IRACEMINHA",3628,4356,4330,4253,4227,4202,4212,4175,4139,4103,4067,4015,3976,3938,3901,3987,3986,4005
"4432","420780","420780 IRANI",9667,9664,9760,9531,9595,9656,9948,10033,10118,10202,10285,10339,10419,10498,10575,10014,10195,10497
"4433","420785","420785 IRATI",1925,2059,2028,2096,2081,2067,2067,2046,2025,2004,1984,1952,1930,1909,1887,2069,2069,2100
"4434","420790","420790 IRINEOPOLIS",9710,10662,10750,10448,10503,10556,10843,10916,10989,11061,11133,11155,11222,11289,11354,10298,10285,10437
"4435","420800","420800 ITA",6870,6577,6546,6426,6401,6375,6420,6383,6347,6311,6275,6209,6169,6129,6091,7063,7067,7310
"4436","420810","420810 ITAIOPOLIS",20347,20431,20549,20301,20395,20485,21015,21139,21263,21385,21506,21556,21669,21780,21889,22065,22051,22741
"4437","420820","420820 ITAJAI",171198,169927,172084,183373,186127,188791,197809,201557,205271,208958,212615,215895,219536,223112,226617,291169,264054,287289
"4438","420830","420830 ITAPEMA",37519,35655,36627,45797,47327,48807,52923,55016,57089,59147,61187,63250,65312,67338,69323,76247,75940,83330
"4439","420840","420840 ITAPIRANGA",13059,15840,16014,15409,15518,15623,16107,16253,16398,16541,16683,16736,16872,17007,17139,16503,16638,17149
"4440","420845","420845 ITAPOA",12945,11251,11487,14763,15218,15658,16899,17521,18137,18749,19355,19963,20576,21177,21766,30731,30750,34546
"4441","420850","420850 ITUPORANGA",20175,21327,21498,22250,22462,22667,23490,23777,24061,24343,24622,24812,25086,25355,25619,26694,26525,28042
"4442","420860","420860 JABORA",4016,4138,4132,4041,4030,4018,4057,4040,4023,4006,3990,3955,3936,3918,3899,4314,4310,4435
"4443","420870","420870 JACINTO MACHADO",10418,11048,11050,10609,10585,10562,10677,10642,10608,10573,10539,10457,10416,10376,10337,10624,10624,10813
"4444","420880","420880 JAGUARUNA",16265,16263,16414,17290,17496,17695,18425,18704,18980,19254,19527,19755,20024,20288,20547,19538,20375,21284
"4445","420890","420890 JARAGUA DO SUL",135308,136282,139016,143123,145782,148353,156519,160143,163735,167300,170835,174158,177697,181173,184579,193304,182660,195753
"4446","420895","420895 JARDINOPOLIS",1787,1893,1886,1766,1749,1732,1721,1697,1672,1649,1625,1595,1570,1546,1520,1785,1776,1808
"4447","420900","420900 JOACABA",25133,25226,25322,27020,27247,27467,28398,28705,29008,29310,29608,29827,30118,30404,30684,29976,30146,31509
"4448","420910","420910 JOINVILLE",504983,492101,497329,515288,520905,526338,546981,554601,562151,569645,577077,583144,590466,597658,604708,617979,616317,654888
"4449","420915","420915 JOSE BOITEUX",4655,5015,5053,4721,4731,4741,4837,4850,4862,4874,4887,4985,4997,5007,5019,5991,5985,6307
"4450","420917","420917 JUPIA",2084,2190,2191,2148,2143,2138,2158,2150,2142,2134,2127,2110,2101,2092,2083,2542,2555,2675
"4451","420920","420920 LACERDOPOLIS",2257,2260,2250,2199,2201,2203,2242,2244,2246,2249,2251,2245,2246,2247,2248,2256,2248,2296
"4452","420930","420930 LAGES",170018,166983,167801,156727,156665,156604,158961,158846,158732,158620,158508,157743,157544,157349,157158,164881,164981,171609
"4453","420940","420940 LAGUNA",49869,51282,51696,51562,51869,52166,43979,44316,44650,44982,45311,45500,45814,46122,46424,41269,42785,43992
"4454","420945","420945 LAJEADO GRANDE",1678,1494,1485,1490,1484,1478,1488,1479,1470,1461,1453,1437,1427,1418,1408,1682,1702,1771
"4455","420950","420950 LAURENTINO",5686,5697,5761,6004,6077,6147,6402,6500,6598,6694,6790,6875,6970,7063,7154,7524,7932,8427
"4456","420960","420960 LAURO MULLER",13321,14131,14174,14367,14426,14483,14841,14919,14996,15073,15149,15174,15244,15313,15380,14192,14381,14622
"4457","420970","420970 LEBON REGIS",12429,12102,12130,11838,11850,11862,12077,12091,12105,12119,12133,12099,12107,12115,12122,11553,11472,11605
"4458","420980","420980 LEOBERTO LEAL",3301,3683,3671,3365,3337,3309,3298,3258,3218,3179,3140,3083,3041,3000,2960,3334,3330,3381
"4459","420985","420985 LINDOIA DO SUL",4445,4676,4662,4642,4632,4622,4674,4659,4644,4630,4615,4580,4563,4546,4530,4549,4549,4611
"4460","420990","420990 LONTRAS",9067,9549,9660,10244,10387,10526,11005,11200,11393,11584,11774,11942,12130,12315,12497,12913,12873,13586
"4461","421000","421000 LUIZ ALVES",9275,9371,9515,10438,10628,10811,11395,11653,11908,12162,12413,12609,12859,13107,13347,12249,11684,12126
"4462","421003","421003 LUZERNA",5777,5537,5533,5600,5603,5605,5698,5700,5701,5703,5705,5686,5685,5684,5683,5760,5794,5931
"4463","421005","421005 MACIEIRA",1585,1799,1798,1826,1821,1815,1831,1823,1815,1807,1799,1784,1775,1766,1757,1778,1778,1800
"4464","421010","421010 MAFRA",52407,52697,52933,52912,53141,53361,54708,55012,55313,55611,55907,56017,56292,56561,56825,55463,55286,57023
"4465","421020","421020 MAJOR GERCINO",2593,2897,2872,3279,3290,3300,3375,3389,3402,3416,3429,3430,3442,3454,3465,3887,3214,3258
"4466","421030","421030 MAJOR VIEIRA",6547,7609,7679,7479,7523,7566,7782,7841,7899,7957,8015,8048,8103,8156,8209,7359,7425,7545
"4467","421040","421040 MARACAJA",6305,6130,6198,6404,6471,6535,6784,6873,6963,7051,7139,7207,7293,7378,7461,7825,7815,8213
"4468","421050","421050 MARAVILHA",19119,22691,23102,22101,22376,22642,23602,23975,24345,24712,25076,25403,25762,26116,26463,28045,28251,30155
"4469","421055","421055 MAREMA",2340,2312,2277,2203,2169,2136,2094,2046,1999,1952,1906,1846,1797,1750,1703,2177,2184,2219
"4470","421060","421060 MASSARANDUBA",13747,14331,14501,14674,14837,14993,15586,15806,16024,16240,16455,16704,16916,17125,17330,18922,17162,17897
"4471","421070","421070 MATOS COSTA",3940,2863,2824,2839,2811,2784,2767,2729,2690,2652,2614,2560,2520,2480,2442,2762,2761,2795
"4472","421080","421080 MELEIRO",6864,7070,7061,7000,6994,6988,7085,7076,7066,7056,7047,7028,7015,7001,6989,6940,7006,7127
"4473","421085","421085 MIRIM DOCE",2569,2601,2595,2513,2495,2477,2476,2450,2424,2399,2374,2336,2309,2283,2257,2502,2511,2554
"4474","421090","421090 MODELO",3686,3871,3860,4045,4054,4063,4147,4158,4169,4181,4192,4200,4209,4218,4227,4085,4080,4156
"4475","421100","421100 MONDAI",8239,9449,9516,10231,10347,10458,10877,11034,11189,11343,11496,11592,11742,11889,12034,9961,10066,10216
"4476","421105","421105 MONTE CARLO",11186,9125,9147,9312,9347,9381,9604,9650,9695,9740,9785,9824,9866,9906,9945,9131,9117,9235
"4477","421110","421110 MONTE CASTELO",8132,8337,8328,8346,8346,8346,8478,8476,8475,8473,8471,8280,8275,8269,8263,7754,7736,7787
"4478","421120","421120 MORRO DA FUMACA",16402,15994,16115,16126,16247,16364,16888,17052,17213,17373,17532,17642,17796,17947,18095,18687,18537,19265
"4479","421125","421125 MORRO GRANDE",2821,2790,2778,2890,2888,2886,2928,2925,2921,2918,2915,2898,2893,2888,2884,2982,3010,3085
"4480","421130","421130 NAVEGANTES",52638,55691,57323,60556,62187,63764,68337,70565,72772,74964,77137,79285,81475,83626,85734,88655,86401,93619
"4481","421140","421140 NOVA ERECHIM",3910,4307,4379,4275,4332,4386,4577,4654,4729,4804,4879,4945,5019,5092,5163,5179,5155,5408
"4482","421145","421145 NOVA ITABERABA",4324,4229,4219,4267,4268,4269,4338,4338,4339,4339,4339,4333,4331,4329,4327,4432,4536,4648
"4483","421150","421150 NOVA TRENTO",10473,11832,12027,12190,12370,12544,13135,13379,13621,13861,14099,14312,14549,14782,15010,13645,13727,14252
"4484","421160","421160 NOVA VENEZA",12884,13032,13167,13309,13448,13581,14098,14285,14470,14654,14837,14987,15166,15342,15515,13396,13664,13968
"4485","421165","421165 NOVO HORIZONTE",2667,2970,2945,2750,2724,2697,2681,2643,2606,2569,2532,2481,2442,2404,2366,2652,2643,2670
"4486","421170","421170 ORLEANS",20026,21590,21732,21393,21498,21599,22171,22311,22449,22587,22723,22785,22912,23038,23161,23531,23661,24474
"4487","421175","421175 OTACILIO COSTA",15099,16359,16586,16337,16517,16691,17349,17593,17835,18075,18313,18510,18744,18975,19201,17357,17312,17780
"4488","421180","421180 OURO",7926,7266,7235,7372,7360,7348,7436,7418,7399,7381,7363,7317,7295,7272,7251,7025,7032,7091
"4489","421185","421185 OURO VERDE",2025,2197,2170,2271,2265,2259,2281,2272,2263,2254,2245,2227,2217,2207,2197,2168,2181,2203
"4490","421187","421187 PAIAL",1961,1852,1821,1763,1741,1720,1698,1668,1637,1607,1577,1537,1505,1474,1444,1931,1927,1992
"4491","421189","421189 PAINEL",2498,2360,2355,2353,2352,2351,2385,2383,2381,2378,2376,2363,2359,2356,2352,2199,2215,2228
"4492","421190","421190 PALHOCA",131935,128360,130881,137334,139990,142558,150623,154244,157833,161395,164926,168259,171797,175272,178679,236638,222598,245477
"4493","421200","421200 PALMA SOLA",7649,8157,8142,7765,7732,7699,7747,7699,7652,7604,7558,7475,7423,7372,7321,7601,7605,7709
"4494","421205","421205 PALMEIRA",2350,2428,2452,2373,2392,2410,2488,2512,2537,2562,2586,2603,2627,2650,2673,2627,2561,2640
"4495","421210","421210 PALMITOS",14574,16557,16599,16020,16019,16018,16270,16266,16262,16257,16253,16182,16169,16157,16144,15627,15626,15812
"4496","421220","421220 PAPANDUVA",17327,17605,17669,17928,18013,18096,18568,18681,18793,18905,19015,19218,19320,19422,19521,19132,19150,19667
"4497","421223","421223 PARAISO",3771,4259,4202,4080,4026,3972,3915,3838,3763,3688,3613,3515,3437,3360,3284,4437,4267,4376
"4498","421225","421225 PASSO DE TORRES",5818,5575,5688,6627,6798,6964,7447,7681,7912,8142,8370,8594,8823,9048,9269,12875,12897,14284
"4499","421227","421227 PASSOS MAIA",6074,4578,4556,4425,4400,4374,4387,4351,4314,4279,4243,4186,4147,4109,4072,4025,4034,4032
"4500","421230","421230 PAULO LOPES",6262,7198,7251,6692,6751,6808,7045,7124,7203,7282,7360,7418,7494,7569,7642,9326,9063,9661
"4501","421240","421240 PEDRAS GRANDES",4802,4479,4510,4107,4093,4078,4110,4089,4068,4047,4026,4000,3976,3953,3931,4233,4245,4343
"4502","421250","421250 PENHA",21558,21853,22257,25141,25714,26268,27936,28718,29493,30262,31025,31764,32531,33284,34022,33400,33663,36124
"4503","421260","421260 PERITIBA",3267,3003,2980,2988,2970,2952,2958,2931,2906,2880,2855,2814,2787,2760,2733,2993,2992,3039
"4504","421265",NA,NA,NA,NA,NA,NA,NA,9687,9761,9835,9908,9980,10022,10091,10159,10225,10224,10190,10531
"4505","421270","421270 PETROLANDIA",5843,6213,6190,6131,6110,6090,6140,6110,6080,6051,6021,5971,5937,5905,5873,6718,6716,6942
"4506","421280","421280 BALNEARIO PICARRAS",13449,14490,14845,17078,17552,18010,19329,19976,20617,21253,21884,22511,23147,23772,24385,28177,27127,29725
"4507","421290","421290 PINHALZINHO",13787,15394,15693,16332,16638,16933,17868,18284,18696,19105,19511,19906,20313,20712,21103,21495,21972,23379
"4508","421300","421300 PINHEIRO PRETO",3027,3021,3055,3147,3180,3190,3310,3353,3396,3438,3480,3513,3555,3596,3635,3469,3473,3598
"4509","421310","421310 PIRATUBA",6575,4577,4448,4786,4708,4632,4533,4424,4316,4209,4102,3965,3854,3745,3637,5746,5769,6053
"4510","421315","421315 PLANALTO ALEGRE",2366,2740,2773,2654,2670,2685,2761,2782,2803,2823,2844,2850,2870,2888,2907,2946,2946,3053
"4511","421320","421320 POMERODE",24981,26375,26788,27759,28192,28610,30009,30598,31181,31760,32334,32874,33447,34010,34561,34699,34289,36392
"4512","421330","421330 PONTE ALTA",5521,5226,5236,4894,4873,4853,4885,4855,4825,4796,4767,4714,4682,4650,4619,4437,4437,4430
"4513","421335","421335 PONTE ALTA DO NORTE",3729,3637,3673,3303,3310,3316,3381,3389,3397,3405,3413,3408,3414,3420,3426,3217,3210,3249
"4514","421340","421340 PONTE SERRADA",11864,11625,11713,11031,11068,11102,11358,11405,11452,11499,11545,11552,11593,11634,11674,10414,10649,10764
"4515","421350","421350 PORTO BELO",13896,13910,14233,16083,16496,16896,18066,18630,19189,19744,20294,20834,21388,21932,22466,27726,27688,30590
"4516","421360","421360 PORTO UNIAO",33539,33290,33405,33493,33619,33740,34551,34717,34882,35045,35207,35250,35398,35543,35685,32190,32970,33727
"4517","421370","421370 POUSO REDONDO",12872,14307,14510,14810,15011,15204,15882,16154,16424,16692,16957,17189,17453,17712,17965,17143,17123,17836
"4518","421380","421380 PRAIA GRANDE",7038,7321,7318,7267,7266,7265,7377,7374,7370,7367,7364,7326,7319,7312,7305,8131,8270,8602
"4519","421390","421390 PRESIDENTE CASTELLO BRANCO",2194,1794,1780,1725,1711,1697,1691,1670,1650,1630,1610,1590,1568,1547,1526,1692,1689,1711
"4520","421400","421400 PRESIDENTE GETULIO",13154,14212,14394,14887,15084,15273,15943,16210,16474,16736,16996,17215,17471,17726,17973,21231,20010,21293
"4521","421410","421410 PRESIDENTE NEREU",1901,2324,2319,2284,2283,2281,2314,2312,2309,2306,2304,2290,2287,2283,2279,2300,2301,2345
"4522","421415","421415 PRINCESA",2377,2682,2685,2758,2770,2780,2848,2862,2877,2891,2906,2911,2924,2937,2950,2964,2964,3054
"4523","421420","421420 QUILOMBO",9827,11220,11259,10248,10211,10175,10255,10201,10149,10096,10044,9946,9887,9829,9773,11027,11022,11359
"4524","421430","421430 RANCHO QUEIMADO",2872,2871,2902,2748,2757,2765,2827,2838,2849,2860,2871,2868,2878,2887,2897,3252,3279,3435
"4525","421440","421440 RIO DAS ANTAS",6448,6232,6244,6143,6145,6146,6245,6245,6246,6246,6246,6208,6205,6202,6199,6221,6253,6386
"4526","421450","421450 RIO DO CAMPO",6215,6176,6140,6192,6167,6143,6185,6149,6113,6078,6043,5979,5940,5902,5864,6447,6452,6613
"4527","421460","421460 RIO DO OESTE",6526,7010,7034,7090,7118,7145,7319,7355,7392,7428,7463,7456,7489,7520,7552,7623,7747,8008
"4528","421470","421470 RIO DOS CEDROS",9192,10063,10170,10284,10388,10488,10879,11019,11157,11295,11431,11542,11676,11808,11937,10879,10865,11163
"4529","421480","421480 RIO DO SUL",56729,59236,59962,61198,61931,62658,65256,66251,67237,68217,69188,70100,71061,72006,72931,70952,72587,76390
"4530","421490","421490 RIO FORTUNA",4443,4621,4646,4446,4456,4466,4557,4569,4582,4594,4606,4601,4611,4620,4630,4885,4847,5006
"4531","421500","421500 RIO NEGRINHO",45574,44023,44634,39846,40011,40169,41167,41386,41602,41817,42029,42106,42302,42495,42684,38531,39261,40168
"4532","421505","421505 RIO RUFINO",2792,2510,2511,2436,2438,2440,2482,2484,2485,2487,2489,2482,2483,2483,2484,2432,2397,2432
"4533","421507","421507 RIQUEZA",4224,5134,5127,4838,4813,4789,4810,4775,4740,4705,4670,4636,4598,4561,4525,4769,4768,4835
"4534","421510","421510 RODEIO",11239,11146,11222,10922,10964,11004,11270,11325,11380,11434,11488,11502,11551,11600,11647,12715,12757,13321
"4535","421520","421520 ROMELANDIA",4248,5833,5759,5551,5479,5494,5421,5320,5220,5120,5022,4890,4786,4684,4584,4826,4823,4757
"4536","421530","421530 SALETE",7121,7690,7735,7370,7386,7402,7553,7573,7594,7614,7634,7626,7642,7659,7674,7502,7489,7643
"4537","421535","421535 SALTINHO",2953,4183,4174,3961,3943,3926,3948,3923,3897,3872,3847,3808,3781,3754,3727,3626,3632,3633
"4538","421540","421540 SALTO VELOSO",4250,4328,4373,4301,4332,4361,4495,4536,4576,4616,4655,4680,4718,4756,4792,4416,4390,4486
"4539","421545","421545 SANGAO",10142,10851,11125,10400,10575,10744,11294,11532,11767,12001,12233,12446,12678,12905,13128,12995,12882,13567
"4540","421550","421550 SANTA CECILIA",16666,15836,15928,15757,15831,15902,16315,16413,16510,16606,16701,16741,16830,16918,17004,15247,15546,15764
"4541","421555","421555 SANTA HELENA",2271,2496,2480,2382,2367,2351,2354,2331,2309,2288,2266,2247,2223,2200,2178,2427,2425,2473
"4542","421560","421560 SANTA ROSA DE LIMA",2095,2096,2095,2065,2070,2074,2116,2122,2128,2133,2139,2137,2142,2147,2151,2002,2088,2128
"4543","421565","421565 SANTA ROSA DO SUL",8307,8208,8241,8054,8073,8091,8261,8285,8309,8333,8356,8338,8358,8378,8397,9308,9792,10288
"4544","421567","421567 SANTA TEREZINHA",9015,9322,9361,8767,8762,8756,8883,8873,8864,8855,8846,8801,8787,8773,8760,8061,8066,8077
"4545","421568","421568 SANTA TEREZINHA DO PROGRESSO",2851,3097,3063,2896,2857,2818,2776,2720,2666,2611,2557,2484,2428,2372,2317,2580,2576,2562
"4546","421569","421569 SANTIAGO DO SUL",1495,1467,1453,1465,1448,1431,1414,1389,1365,1341,1317,1286,1260,1235,1211,1642,1651,1714
"4547","421570","421570 SANTO AMARO DA IMPERATRIZ",18518,18266,18435,19823,20082,20332,21221,21572,21920,22266,22609,22905,23245,23579,23907,28260,27272,29392
"4548","421575","421575 SAO BERNARDINO",2419,2682,2631,2677,2642,2676,2641,2593,2545,2496,2449,2386,2336,2287,2239,2651,2684,2719
"4549","421580","421580 SAO BENTO DO SUL",78288,75543,76512,74801,75520,76215,78998,79971,80936,81893,82842,83576,84507,85421,86317,82760,83277,86851
"4550","421590","421590 SAO BONIFACIO",3080,3271,3277,3008,2992,2977,2989,2966,2944,2922,2899,2862,2838,2814,2791,2950,2946,2986
"4551","421600","421600 SAO CARLOS",8572,10800,10939,10291,10363,10431,10753,10849,10944,11038,11132,11191,11281,11369,11456,10279,10282,10460
"4552","421605","421605 SAO CRISTOVAO DO SUL",5183,5037,5078,5012,5051,5089,5255,5308,5360,5412,5464,5499,5549,5598,5646,6092,6084,6389
"4553","421610","421610 SAO DOMINGOS",8499,9612,9606,9491,9488,9389,9530,9523,9516,9509,9502,9457,9445,9434,9422,8984,9226,9356
"4554","421620","421620 SAO FRANCISCO DO SUL",39666,39341,40028,42520,43305,44064,46477,47547,48606,49658,50701,51677,52721,53746,54751,52428,52674,55784
"4555","421625","421625 SAO JOAO DO OESTE",5052,6230,6268,6036,6055,6074,6211,6235,6260,6285,6309,6359,6381,6402,6423,6287,6295,6446
"4556","421630","421630 SAO JOAO BATISTA",16645,23547,24416,26260,27135,27982,30337,31534,32720,33897,35065,36244,37424,38583,39719,32360,32687,34733
"4557","421635","421635 SAO JOAO DO ITAPERIU",3557,3404,3415,3435,3457,3477,3578,3606,3634,3662,3690,3707,3733,3759,3784,4484,4463,4732
"4558","421640","421640 SAO JOAO DO SUL",7239,7143,7176,7002,7019,7035,7183,7205,7226,7247,7268,7280,7297,7315,7332,8642,8668,9126
"4559","421650","421650 SAO JOAQUIM",23299,24929,25125,24812,24964,25111,25841,26045,26247,26447,26646,26763,26952,27139,27322,26026,25939,26852
"4560","421660","421660 SAO JOSE",205264,199280,201748,209804,212587,215278,224779,228561,232309,236029,239718,242927,246586,250181,253705,287409,270299,289949
"4561","421670","421670 SAO JOSE DO CEDRO",12739,14122,14153,13684,13685,13685,13904,13902,13901,13899,13897,13838,13829,13820,13811,15100,14167,14491
"4562","421680","421680 SAO JOSE DO CERRITO",9372,10611,10626,9273,9188,9104,9061,8941,8823,8705,8588,8421,8295,8173,8054,8708,8708,8755
"4563","421690","421690 SAO LOURENCO DO OESTE",20303,22711,23018,21792,21964,22062,22786,23017,23245,23473,23698,23857,24076,24291,24501,24774,24791,25770
"4564","421700","421700 SAO LUDGERO",10785,10740,10954,10993,11178,11357,11940,12192,12441,12688,12934,13165,13410,13650,13886,13431,13509,14211
"4565","421710","421710 SAO MARTINHO",3187,3283,3276,3209,3205,3200,3239,3232,3224,3217,3210,3189,3180,3171,3162,3654,3405,3501
"4566","421715","421715 SAO MIGUEL DA BOA VISTA",1504,2027,2029,1904,1896,1887,1897,1885,1872,1860,1848,1833,1820,1807,1794,1768,1781,1788
"4567","421720","421720 SAO MIGUEL DO OESTE",33325,35004,35252,36306,36612,36908,38162,38575,38984,39390,39793,40090,40482,40868,41246,43946,44330,46969
"4568","421725","421725 SAO PEDRO DE ALCANTARA",3912,5038,5183,4704,4790,4874,5139,5256,5373,5488,5602,5709,5823,5935,6046,5693,5776,6076
"4569","421730","421730 SAUDADES",7722,8880,8927,9016,9070,9121,9382,9454,9524,9594,9664,9679,9745,9810,9874,10272,10265,10680
"4570","421740","421740 SCHROEDER",12175,13559,14001,15316,15790,16248,17538,18186,18827,19463,20095,20728,21365,21991,22605,20213,20061,21273
"4571","421750","421750 SEARA",17707,17716,17833,16936,16971,17005,17351,17395,17439,17483,17526,17506,17541,17576,17610,18623,18620,19241
"4572","421755","421755 SERRA ALTA",2882,3285,3275,3285,3282,3279,3323,3317,3312,3307,3301,3270,3263,3256,3249,3314,3303,3367
"4573","421760","421760 SIDEROPOLIS",13236,12895,12984,12998,13069,13137,13499,13593,13686,13778,13870,13920,14007,14092,14176,13862,13714,14087
"4574","421770","421770 SOMBRIO",26794,25332,25554,26613,26894,27165,28209,28589,28966,29340,29710,30010,30374,30733,31084,29503,29991,31397
"4575","421775","421775 SUL BRASIL",2473,3150,3153,2766,2740,2714,2698,2661,2624,2587,2551,2500,2461,2423,2386,2878,2832,2894
"4576","421780","421780 TAIO",16087,17418,17524,17260,17337,17412,17856,17959,18060,18161,18261,18302,18395,18486,18576,18282,18310,18808
"4577","421790","421790 TANGARA",7892,8632,8611,8674,8668,8653,8777,8767,8757,8748,8738,8691,8676,8662,8648,8153,8143,8189
"4578","421795","421795 TIGRINHOS",1944,1780,1772,1757,1748,1739,1746,1733,1720,1707,1695,1646,1633,1619,1606,2325,2329,2480
"4579","421800","421800 TIJUCAS",26770,29122,29668,30960,31533,32087,33847,34628,35402,36170,36931,37645,38407,39155,39889,49474,51592,56674
"4580","421810","421810 TIMBE DO SUL",5107,5270,5257,5308,5307,5306,5387,5385,5382,5379,5377,5354,5348,5343,5338,5377,5386,5495
"4581","421820","421820 TIMBO",34077,34777,35305,36774,37344,37894,39740,40515,41283,42045,42801,43484,44238,44977,45703,46144,46099,48903
"4582","421825","421825 TIMBO GRANDE",7812,7245,7315,7167,7219,7268,7495,7563,7632,7699,7767,7812,7877,7941,8003,7368,7342,7503
"4583","421830","421830 TRES BARRAS",18391,18576,18705,18129,18207,18281,18740,18843,18945,19046,19146,19183,19275,19366,19455,19782,19746,20373
"4584","421835","421835 TREVISO",3552,3644,3694,3527,3557,3585,3706,3746,3785,3824,3863,3891,3929,3966,4002,3783,3782,3895
"4585","421840","421840 TREZE DE MAIO",7156,6789,6781,6876,6889,6901,7036,7052,7067,7082,7098,7070,7081,7093,7104,7354,7362,7585
"4586","421850","421850 TREZE TILIAS",5537,5900,6007,6341,6457,6568,6925,7082,7237,7392,7545,7687,7840,7991,8138,8803,8787,9308
"4587","421860","421860 TROMBUDO CENTRAL",5731,6458,6519,6553,6612,6668,6901,6979,7057,7135,7211,7284,7360,7434,7506,7074,7274,7532
"4588","421870","421870 TUBARAO",96375,95855,96528,97235,97833,98412,101284,102087,102883,103674,104457,104937,105686,106422,107143,114389,110088,115495
"4589","421875","421875 TUNAPOLIS",4178,4779,4776,4633,4622,4612,4660,4644,4628,4612,4597,4561,4543,4525,4507,5018,4916,5054
"4590","421880","421880 TURVO",11271,11386,11427,11854,11929,12001,12353,12452,12551,12649,12746,12806,12899,12990,13080,12993,13043,13492
"4591","421885","421885 UNIAO DO OESTE",3295,3116,3078,2910,2874,2838,2802,2751,2700,2650,2600,2517,2464,2412,2364,2782,2774,2801
"4592","421890","421890 URUBICI",10681,10780,10823,10699,10734,10767,11012,11058,11102,11147,11191,11195,11235,11273,11311,11156,10834,11048
"4593","421895","421895 URUPEMA",2574,2576,2592,2482,2479,2476,2507,2502,2497,2492,2487,2472,2465,2459,2453,2719,2656,2735
"4594","421900","421900 URUSSANGA",19359,19778,19936,20223,20291,20356,20826,20915,21003,21090,21177,21190,21268,21344,21419,20915,20919,21395
"4595","421910","421910 VARGEAO",3373,3673,3685,3532,3533,3533,3590,3590,3590,3590,3590,3575,3573,3571,3569,3585,3634,3716
"4596","421915","421915 VARGEM",3188,3193,3187,2808,2776,2746,2718,2674,2630,2586,2543,2522,2477,2432,2387,2621,2627,2632
"4597","421917","421917 VARGEM BONITA",4624,4364,4274,4793,4765,4738,4752,4713,4674,4635,4597,4534,4492,4451,4411,4572,4576,4615
"4598","421920","421920 VIDAL RAMOS",5768,6133,6113,6290,6287,6284,6377,6372,6366,6361,6356,6347,6338,6329,6321,6160,6189,6275
"4599","421930","421930 VIDEIRA",48403,46157,46588,47188,47618,48064,49768,50349,50926,51499,52066,52510,53065,53610,54145,55921,55466,58299
"4600","421935","421935 VITOR MEIRELES",5213,5739,5752,5207,5184,5160,5190,5156,5123,5089,5056,5014,4979,4943,4907,5362,5370,5492
"4601","421940","421940 WITMARSUM",2991,3556,3588,3600,3627,3653,3769,3805,3841,3876,3912,3932,3965,3998,4032,4314,4255,4451
"4602","421950","421950 XANXERE",41382,41766,42175,44128,44643,45140,46981,47679,48370,49057,49738,50309,50982,51642,52290,50998,51607,54194
"4603","421960","421960 XAVANTINA",3928,4328,4317,4142,4122,4103,4124,4095,4067,4039,4012,3963,3933,3903,3873,3654,3653,3627
"4604","421970","421970 XAXIM",25469,25223,25435,25713,25933,26145,27039,27336,27630,27921,28210,28424,28706,28983,29254,31625,31918,33902
"4605","421985","421985 ZORTEA",2915,2981,3018,2991,3019,3046,3153,3190,3227,3264,3300,3328,3363,3398,3432,3925,3930,4170
"4606","422000",NA,NA,NA,NA,NA,NA,NA,11628,11824,12018,12212,12403,12570,12760,12946,13129,15880,15981,17226
"4607","430003","430003 ACEGUA",4232,4312,4347,4394,4430,4465,4638,4671,4702,4731,4759,4858,4901,4942,4981,4156,4170,4253
"4608","430005","430005 AGUA SANTA",4039,3638,3613,3722,3717,3712,3838,3839,3840,3841,3841,3753,3748,3743,3738,4345,3912,4000
"4609","430010","430010 AGUDO",18084,17114,17068,16722,16666,16612,17161,17140,17120,17102,17085,16524,16461,16401,16344,16740,16041,16346
"4610","430020","430020 AJURICABA",7378,7411,7376,7255,7221,7187,7420,7403,7387,7372,7358,7063,7024,6987,6951,6707,6720,6848
"4611","430030","430030 ALECRIM",7098,7380,7256,7045,6935,6828,7010,6935,6865,6799,6736,6077,5950,5827,5710,6169,6123,6228
"4612","430040","430040 ALEGRETE",89144,79548,78984,77653,77140,76644,79054,78768,78499,78244,78003,74173,73589,73028,72493,71945,72409,74329
"4613","430045","430045 ALEGRIA",4623,4834,4776,4301,4220,4141,4244,4188,4135,4085,4037,3559,3464,3374,3287,3652,3651,3711
"4614","430047","430047 ALMIRANTE TAMANDARE DO SUL",2431,2212,2209,2067,2054,2041,2106,2098,2091,2085,2079,1979,1964,1949,1935,1967,1969,2008
"4615","430050","430050 ALPESTRE",7460,9017,8882,8027,7856,7689,7871,7752,7640,7533,7433,6458,6258,6067,5885,7065,7117,7243
"4616","430055","430055 ALTO ALEGRE",2134,1965,1942,1848,1826,1805,1856,1841,1828,1815,1803,1663,1638,1613,1590,1800,1800,1837
"4617","430057","430057 ALTO FELIZ",2881,3048,3072,2917,2924,2930,3035,3017,3025,3032,3040,3020,3028,3036,3043,3061,3072,3143
"4618","430060","430060 ALVORADA",219636,211276,213897,195673,196572,197441,204750,205683,206561,207392,208177,209213,210305,211352,212352,185921,187315,194116
"4619","430063","430063 AMARAL FERRADOR",5592,6527,6601,6353,6401,6446,6693,6737,6778,6817,6854,6974,7031,7085,7136,5268,5310,5394
"4620","430064","430064 AMETISTA DO SUL",8266,8440,8534,7323,7317,7310,7560,7565,7569,7573,7576,7416,7409,7403,7396,7529,7650,7822
"4621","430066","430066 ANDRE DA ROCHA",1166,1262,1286,1216,1224,1232,1278,1286,1293,1300,1306,1324,1333,1343,1351,1129,1135,1157
"4622","430070","430070 ANTA GORDA",6158,6331,6326,6073,6054,6035,6235,6228,6222,6216,6210,6003,5981,5961,5941,5962,5957,6080
"4623","430080","430080 ANTONIO PRADO",14559,14159,14273,12833,12827,12821,13263,13274,13285,13296,13306,13055,13050,13045,13041,14292,13045,13328
"4624","430085","430085 ARAMBARE",4684,3931,3930,3693,3676,3660,3778,3769,3762,3755,3748,3600,3581,3562,3544,4109,4112,4211
"4625","430087","430087 ARARICA",4939,5078,5182,4864,4928,4990,5195,5249,5301,5349,5395,5622,5698,5771,5840,8293,8525,8794
"4626","430090","430090 ARATIBA",6419,6735,6694,6565,6523,6482,6687,6663,6641,6621,6601,6283,6235,6189,6145,6495,6483,6618
"4627","430100","430100 ARROIO DO MEIO",18835,18878,19059,18783,18924,19060,19792,19923,20045,20162,20272,20637,20805,20967,21121,21961,21958,22490
"4628","430105","430105 ARROIO DO SAL",7177,7109,7290,7740,7930,8113,8488,8641,8785,8921,9050,9842,10065,10279,10483,11082,11057,11384
"4629","430107","430107 ARROIO DO PADRE",2807,2855,2879,2730,2743,2756,2857,2871,2883,2895,2906,2921,2937,2951,2966,2638,2599,2651
"4630","430110","430110 ARROIO DOS RATOS",14620,14114,14179,13606,13627,13647,14132,14166,14197,14227,14255,14123,14151,14177,14201,14555,14601,14923
"4631","430120","430120 ARROIO DO TIGRE",12526,13126,13205,12648,12742,12774,13235,13277,13316,13353,13388,13332,13373,13413,13452,12022,12058,12296
"4632","430130","430130 ARROIO GRANDE",20004,18801,18749,18470,18418,18368,18979,18964,18949,18935,18922,18351,18293,18238,18185,17440,17558,17887
"4633","430140","430140 ARVOREZINHA",10650,10530,10547,10225,10223,10220,10573,10585,10595,10605,10614,10425,10424,10423,10422,10328,10322,10545
"4634","430150","430150 AUGUSTO PESTANA",7726,7408,7350,7096,7042,6990,7206,7175,7145,7117,7091,6706,6661,6602,6545,7146,7149,7302
"4635","430155","430155 AUREA",3693,3802,3783,3665,3648,3632,3748,3740,3732,3725,3718,3573,3554,3535,3517,3401,3396,3460
"4636","430160","430160 BAGE",123613,115755,115745,116794,116944,117090,121235,121500,121749,121986,122209,120943,121143,121335,121518,113173,117938,121900
"4637","430163","430163 BALNEARIO PINHAL",10482,11440,11840,10856,11118,11371,11895,12106,12305,12493,12671,13760,14068,14363,14645,14769,14955,15371
"4638","430165","430165 BARAO",5287,5444,5445,5741,5768,5793,6008,6035,6061,6086,6109,6139,6171,6202,6232,6476,6461,6489
"4639","430170","430170 BARAO DE COTEGIPE",6392,6716,6721,6529,6525,6521,6744,6749,6754,6759,6763,6627,6623,6620,6616,7150,7144,7313
"4640","430175","430175 BARAO DO TRIUNFO",7333,7198,7232,7018,7046,7072,7331,7360,7388,7415,7440,7454,7487,7519,7550,5893,5889,5983
"4641","430180","430180 BARRACAO",5049,5424,5398,5357,5339,5322,5498,5491,5485,5479,5474,5295,5275,5256,5237,5115,4831,4920
"4642","430185","430185 BARRA DO GUARITA",2531,3062,3069,3089,3097,3105,3216,3226,3236,3245,3253,3238,3248,3257,3266,3161,3161,3230
"4643","430187","430187 BARRA DO QUARAI",4403,3878,3867,4012,4022,4032,4176,4189,4201,4212,4223,4202,4215,4227,4238,4053,4241,4337
"4644","430190","430190 BARRA DO RIBEIRO",12779,11779,11761,12572,12628,12682,13150,13208,13263,13316,13365,13423,13491,13556,13618,11925,12225,12475
"4645","430192","430192 BARRA DO RIO AZUL",2112,2020,1988,2003,1972,1941,1993,1972,1952,1933,1915,1726,1690,1655,1621,1695,1696,1724
"4646","430195","430195 BARRA FUNDA",2443,2434,2441,2367,2378,2388,2476,2487,2497,2507,2516,2527,2539,2551,2563,2497,2498,2555
"4647","430200","430200 BARROS CASSAL",10525,11839,11879,11133,11117,11101,11478,11480,11482,11484,11486,11216,11199,11182,11167,9299,9296,9442
"4648","430205","430205 BENJAMIN CONSTANT DO SUL",2418,2240,2178,2307,2275,2244,2305,2284,2264,2245,2227,2031,1994,1958,1924,1981,2082,2120
"4649","430210","430210 BENTO GONCALVES",106379,105639,107000,107278,108481,109653,111384,112318,113287,114203,115069,119049,120454,121803,123090,129430,123151,127775
"4650","430215","430215 BOA VISTA DAS MISSOES",2218,2110,2106,2114,2109,2103,2173,2171,2170,2168,2167,2104,2098,2092,2087,1899,1933,1969
"4651","430220","430220 BOA VISTA DO BURICA",6684,6655,6662,6574,6574,6573,6800,6808,6815,6822,6829,6712,6712,6712,6712,7030,6966,7125
"4652","430222","430222 BOA VISTA DO CADEADO",2539,2522,2519,2441,2439,2437,2520,2522,2523,2524,2526,2473,2470,2468,2466,2222,2229,2271
"4653","430223","430223 BOA VISTA DO INCRA",2354,2557,2590,2425,2436,2447,2537,2549,2559,2569,2579,2590,2603,2616,2628,2267,2271,2315
"4654","430225","430225 BOA VISTA DO SUL",2915,2715,2696,2776,2772,2767,2860,2859,2859,2859,2859,2788,2783,2778,2773,2746,2779,2815
"4655","430230","430230 BOM JESUS",10930,12194,12201,11519,11482,11445,11823,11809,11797,11784,11773,11391,11349,11309,11270,10725,11202,11431
"4656","430235","430235 BOM PRINCIPIO",11213,11532,11727,11789,11966,12136,12644,12792,12932,13064,13189,13846,14055,14255,14446,15619,13142,13650
"4657","430237","430237 BOM PROGRESSO",2838,2446,2402,2328,2290,2253,2311,2285,2261,2238,2216,1987,1942,1899,1858,2106,2096,2134
"4658","430240","430240 BOM RETIRO DO SUL",12180,11555,11623,11472,11525,11576,12004,12058,12110,12158,12204,12265,12328,12390,12448,12245,12294,12578
"4659","430245","430245 BOQUEIRAO DO LEAO",8220,8078,8103,7673,7662,7651,7910,7911,7912,7913,7914,7726,7714,7702,7691,6231,6243,6215
"4660","430250","430250 BOSSOROCA",7604,7880,7889,6884,6817,6753,6953,6912,6873,6836,6801,6356,6279,6205,6135,5886,5890,5988
"4661","430258","430258 BOZANO",2483,2361,2363,2200,2189,2179,2248,2243,2238,2233,2228,2135,2123,2111,2099,2135,2151,2195
"4662","430260","430260 BRAGA",3573,3878,3841,3702,3664,3628,3735,3711,3688,3667,3647,3397,3353,3311,3271,3264,3268,3326
"4663","430265","430265 BROCHIER",4638,4846,4876,4675,4701,4726,4902,4928,4952,4975,4996,5043,5074,5104,5132,5895,4966,5079
"4664","430270","430270 BUTIA",21699,20240,20212,20406,20413,20419,21131,21163,21192,21220,21247,20929,20941,20952,20963,18711,19084,19433
"4665","430280","430280 CACAPAVA DO SUL",34654,33235,33053,33690,33617,33547,34676,34665,34654,34644,34634,33702,33624,33548,33476,32447,32515,33508
"4666","430290","430290 CACEQUI",14864,13750,13580,13676,13551,13430,13834,13757,13685,13616,13552,12705,12561,12423,12291,11166,11157,11324
"4667","430300","430300 CACHOEIRA DO SUL",89944,86750,86554,83827,83517,83217,85955,85830,85712,85600,85495,82547,82201,81869,81552,79778,80070,82250
"4668","430310","430310 CACHOEIRINHA",124039,117203,118086,118278,119101,119896,124472,125246,125975,126666,127318,129307,130293,131240,132144,134545,136258,141303
"4669","430320","430320 CACIQUE DOBLE",4573,4990,5006,4868,4876,4883,5056,5068,5080,5090,5100,5055,5065,5074,5083,4602,4603,4694
"4670","430330","430330 CAIBATE",4863,5217,5203,4954,4934,4914,5075,5066,5058,5050,5042,4856,4846,4823,4802,4707,4704,4797
"4671","430340","430340 CAICARA",5050,5276,5245,5071,5032,4995,5148,5125,5104,5083,5064,4788,4743,4700,4659,4810,4836,4933
"4672","430350","430350 CAMAQUA",64931,62556,62723,62764,62947,63124,65409,65628,65835,66031,66215,66034,66261,66478,66686,61598,62200,63959
"4673","430355","430355 CAMARGO",2480,2546,2549,2592,2600,2607,2701,2710,2718,2726,2733,2724,2733,2742,2750,3204,2981,3056
"4674","430360","430360 CAMBARA DO SUL",6631,7207,7238,6542,6520,6498,6712,6703,6695,6687,6680,6456,6431,6406,6383,6263,6361,6492
"4675","430367","430367 CAMPESTRE DA SERRA",3272,3316,3314,3247,3253,3259,3375,3384,3392,3400,3407,3380,3388,3395,3402,3243,3242,3311
"4676","430370","430370 CAMPINA DAS MISSOES",6360,6419,6359,6117,6049,5982,6156,6112,6070,6031,5994,5553,5474,5398,5325,5882,5882,6001
"4677","430380","430380 CAMPINAS DO SUL",5532,5746,5741,5506,5491,5476,5658,5653,5649,5645,5641,5471,5454,5438,5422,5266,5284,5390
"4678","430390","430390 CAMPO BOM",59244,58915,59369,60074,60539,60989,63339,63767,64171,64553,64914,66156,66712,69458,69981,65380,62886,64704
"4679","430400","430400 CAMPO NOVO",6293,5545,5420,5459,5363,5269,5404,5338,5276,5217,5161,4596,4484,4376,4273,4992,4975,5068
"4680","430410","430410 CAMPOS BORGES",3724,3671,3700,3494,3472,3451,3559,3546,3535,3524,3514,3345,3320,3295,3272,3606,3613,3693
"4681","430420","430420 CANDELARIA",31232,30369,30418,30171,30216,30260,31334,31407,31476,31541,31603,31306,31365,31421,31475,28249,28906,29783
"4682","430430","430430 CANDIDO GODOI",6443,6762,6719,6535,6493,6451,6654,6631,6608,6587,6567,6246,6198,6151,6106,6291,6294,6421
"4683","430435","430435 CANDIOTA",10155,8535,8576,8771,8826,8878,9214,9266,9315,9362,9406,9519,9584,9647,9707,10418,10710,10992
"4684","430440","430440 CANELA",41131,40449,41113,39229,39660,40076,41682,42057,42411,42746,43062,44489,44998,45488,45957,53348,48946,50613
"4685","430450","430450 CANGUCU",52368,55679,56064,53259,53399,53533,55462,55637,55801,55956,56103,55871,56045,56211,56370,48922,49680,50998
"4686","430460","430460 CANOAS",337431,329903,332053,323827,325189,326505,338531,339979,341343,342634,343853,344957,346616,348208,349728,339133,347657,359554
"4687","430461","430461 CANUDOS DO VALE",2192,2001,2000,1807,1796,1785,1841,1834,1828,1823,1817,1729,1716,1705,1693,1660,1656,1687
"4688","430462","430462 CAPAO BONITO DO SUL",1990,1882,1870,1754,1742,1730,1783,1776,1770,1764,1758,1668,1654,1641,1628,1724,1733,1769
"4689","430463","430463 CAPAO DA CANOA",39878,39928,40862,42040,42926,43783,45744,46467,47148,47792,48401,52004,53049,54051,55009,62040,63594,66012
"4690","430465","430465 CAPAO DO CIPO",2671,3402,3491,3104,3147,3187,3318,3354,3387,3419,3449,3602,3651,3699,3745,3122,3119,3186
"4691","430466","430466 CAPAO DO LEAO",27816,24408,24455,24298,24343,24386,25256,25321,25382,25441,25495,25297,25354,25409,25462,27071,26487,27389
"4692","430467","430467 CAPIVARI DO SUL",3620,3492,3519,3890,3951,4009,4177,4227,4275,4320,4362,4589,4660,4728,4793,3986,3991,4079
"4693","430468","430468 CAPELA DE SANTANA",12210,11478,11614,11612,11734,11851,12323,11198,11289,11375,11455,11810,11940,12064,12183,10970,11159,11416
"4694","430469","430469 CAPITAO",2870,2684,2700,2636,2642,2647,2741,2749,2756,2763,2769,2750,2757,2763,2770,2888,2921,2991
"4695","430470","430470 CARAZINHO",62625,60182,60388,59317,59445,59569,61702,61875,62039,62193,62339,61949,62110,62265,62413,60983,61804,63638
"4696","430471","430471 CARAA",6757,7500,7612,7312,7382,7450,7742,7804,7863,7918,7971,8187,8270,8350,8426,8957,7394,7553
"4697","430480","430480 CARLOS BARBOSA",24078,25388,25868,25192,25551,25898,26976,27279,27565,27835,28091,29409,29833,30241,30630,29834,30420,31528
"4698","430485","430485 CARLOS GOMES",1531,1738,1715,1607,1584,1561,1604,1588,1574,1560,1547,1404,1377,1351,1327,1355,1364,1387
"4699","430490","430490 CASCA",8841,8641,8640,8651,8668,8683,8993,9016,9038,9059,9079,9010,9031,9051,9070,9464,9465,9689
"4700","430495","430495 CASEIROS",2883,3109,3130,3007,3019,3030,3139,3152,3163,3174,3185,3189,3202,3216,3228,3000,3000,3064
"4701","430500","430500 CATUIPE",9576,9674,9616,9323,9256,9191,9477,9438,9402,9367,9335,8851,8774,8701,8631,8679,8674,8840
"4702","430510","430510 CAXIAS DO SUL",419851,405858,410167,435564,441332,446911,465304,470223,474853,479236,483377,504069,510906,517451,523716,503068,463501,479256
"4703","430511","430511 CENTENARIO",2975,3105,3101,2965,2953,2941,3036,3031,3026,3021,3016,2905,2891,2877,2865,2725,2728,2779
"4704","430512","430512 CERRITO",6927,6788,6767,6402,6362,6324,6523,6501,6481,6461,6443,6136,6091,6047,6005,5847,5808,5915
"4705","430513","430513 CERRO BRANCO",4304,4642,4664,4454,4467,4478,4639,4654,4668,4681,4694,4676,4691,4706,4720,3803,3802,3865
"4706","430515","430515 CERRO GRANDE",2293,2656,2654,2417,2403,2390,2465,2457,2450,2443,2437,2327,2311,2296,2281,2318,2379,2429
"4707","430517","430517 CERRO GRANDE DO SUL",8943,9714,9855,10268,10422,10570,11012,11141,11263,11377,11486,12058,12239,12413,12579,9054,9178,9343
"4708","430520","430520 CERRO LARGO",12139,12853,12860,13289,13337,13384,13872,13926,13976,14024,14069,14074,14133,14189,14243,13710,13705,14009
"4709","430530","430530 CHAPADA",9356,9687,9674,9377,9349,9322,9631,9622,9613,9605,9597,9300,9269,9239,9211,9475,9540,9748
"4710","430535","430535 CHARQUEADAS",34386,35507,36043,35320,35732,36130,37589,37946,38281,38599,38899,40301,40789,41258,41705,34954,35012,36109
"4711","430537","430537 CHARRUA",3712,3658,3648,3471,3448,3424,3532,3518,3505,3493,3482,3306,3279,3252,3228,3345,2768,2807
"4712","430540","430540 CHIAPETTA",4566,4134,4096,4044,4011,3979,4100,4080,4061,4043,4026,3794,3756,3719,3684,3901,3913,3992
"4713","430543","430543 CHUI",6822,5470,5495,5917,5975,6031,6269,6320,6368,6413,6456,6635,6704,6770,6832,6438,6262,6405
"4714","430544","430544 CHUVISCA",4670,5102,5158,4944,4978,5011,5201,5233,5264,5292,5319,5401,5441,5480,5518,4583,4597,4686
"4715","430545","430545 CIDREIRA",12206,11615,11887,12668,12959,13240,13844,14079,14301,14511,14710,15912,16254,16583,16897,16742,17071,17538
"4716","430550","430550 CIRIACO",4741,5046,5025,4922,4897,4873,5029,5017,5005,4993,4983,4775,4747,4719,4693,4142,4149,4215
"4717","430558","430558 COLINAS",2361,2471,2473,2420,2417,2414,2497,2497,2498,2499,2499,2442,2438,2469,2466,2415,2423,2474
"4718","430560","430560 COLORADO",3790,3803,3774,3550,3510,3472,3572,3546,3522,3499,3478,3221,3175,3130,3088,3258,3258,3319
"4719","430570","430570 CONDOR",6549,6843,6870,6552,6557,6562,6791,6804,6815,6826,6836,6746,6753,6759,6766,6406,6406,6539
"4720","430580","430580 CONSTANTINA",9366,10165,10195,9752,9747,9742,10077,10086,10094,10101,10109,9915,9911,9907,9903,10383,10385,10623
"4721","430583","430583 COQUEIRO BAIXO",1537,1610,1609,1528,1523,1518,1567,1564,1562,1560,1559,1507,1501,1495,1490,1284,1290,1311
"4722","430585","430585 COQUEIROS DO SUL",2528,3285,3347,2457,2439,2422,2497,2486,2476,2467,2458,2327,2306,2286,2267,2204,2211,2251
"4723","430587","430587 CORONEL BARROS",2459,2518,2530,2459,2460,2460,2546,2549,2553,2556,2559,2518,2519,2520,2521,2819,2822,2892
"4724","430590","430590 CORONEL BICACO",7438,8021,7968,7748,7696,7645,7885,7855,7827,7801,7776,7385,7325,7268,7213,6082,6144,6230
"4725","430593","430593 CORONEL PILAR",2150,1668,1648,1725,1713,1702,1754,1747,1740,1734,1728,1641,1628,1614,1602,1592,1607,1638
"4726","430595","430595 COTIPORA",4034,4817,4890,3917,3904,3891,4019,4014,4009,4004,4000,3868,3853,3838,3824,3850,3846,3926
"4727","430597","430597 COXILHA",2922,2998,3012,2826,2815,2803,2895,2889,2885,2880,2876,2769,2756,2743,2731,3172,2667,2719
"4728","430600","430600 CRISSIUMAL",13066,15116,15094,14084,14000,13919,14360,14315,14273,14233,14195,13544,13448,13357,13269,12852,12886,13127
"4729","430605","430605 CRISTAL",7107,7328,7393,7280,7330,7378,7659,7706,7750,7792,7831,7950,8009,8067,8121,7352,7299,7454
"4730","430607","430607 CRISTAL DO SUL",2744,3081,3097,2826,2823,2819,2915,2916,2917,2918,2918,2851,2847,2844,2840,2694,2692,2746
"4731","430610","430610 CRUZ ALTA",69320,64762,64437,62821,62474,62138,64126,63946,63776,63615,63463,60693,60299,59922,59561,59057,58913,60486
"4732","430613","430613 CRUZALTENSE",2472,2294,2268,2141,2110,2080,2136,2115,2096,2077,2059,1870,1833,1799,1765,1635,1635,1655
"4733","430620","430620 CRUZEIRO DO SUL",12538,12661,12757,12320,12371,12420,12876,12122,12169,12215,12258,12290,12348,12402,12457,11618,12295,12571
"4734","430630","430630 DAVID CANABARRO",4800,4850,4853,4683,4679,4675,4834,4837,4840,4842,4844,4744,4740,4736,4732,4324,4321,4403
"4735","430632","430632 DERRUBADAS",3075,3424,3391,3190,3150,3111,3199,3173,3148,3125,3102,2852,2805,2761,2718,2749,2751,2797
"4736","430635","430635 DEZESSEIS DE NOVEMBRO",2992,2974,2928,2866,2822,2779,2853,2823,2795,2769,2744,2478,2427,2378,2331,2506,2507,2544
"4737","430637","430637 DILERMANDO DE AGUIAR",3382,3216,3215,3064,3054,3044,3144,3140,3136,3133,3130,3026,3014,3002,2991,2806,2806,2859
"4738","430640","430640 DOIS IRMAOS",29016,26070,26423,27572,27967,28348,29528,29862,30175,30472,30753,32205,32671,33119,33547,30551,30709,31769
"4739","430642","430642 DOIS IRMAOS DAS MISSOES",1975,2438,2439,2157,2142,2126,2192,2183,2174,2166,2158,2044,2026,2008,1992,2063,2090,2133
"4740","430645","430645 DOIS LAJEADOS",3229,3462,3485,3278,3283,3287,3403,3410,3417,3424,3430,3394,3400,3405,3410,2965,3097,3158
"4741","430650","430650 DOM FELICIANO",14669,15151,15301,14380,14443,14503,15038,15103,15165,15224,15279,15338,15414,15487,15556,13059,13051,13291
"4742","430655","430655 DOM PEDRO DE ALCANTARA",2962,2834,2854,2550,2544,2538,2623,2621,2619,2618,2617,2541,2534,2527,2520,2499,2562,2617
"4743","430660","430660 DOM PEDRITO",42416,38952,38765,38898,38782,38670,39957,39920,39886,39853,39822,38589,38461,38339,38222,36559,36981,38094
"4744","430670","430670 DONA FRANCISCA",4171,3625,3597,3401,3363,3326,3421,3397,3374,3352,3331,3086,3041,2999,2958,3079,3079,3136
"4745","430673","430673 DOUTOR MAURICIO CARDOSO",5572,5513,5432,5313,5236,5160,5301,5249,5200,5154,5110,4639,4549,4462,4380,4470,4470,4542
"4746","430675","430675 DOUTOR RICARDO",2188,2105,2094,2030,2023,2016,2082,2079,2076,2074,2071,1994,1983,1975,1967,1866,1888,1925
"4747","430676","430676 ELDORADO DO SUL",35413,33098,33669,34343,34887,35412,36911,37366,37794,38199,38581,40643,41285,41902,42490,39330,39559,40954
"4748","430680","430680 ENCANTADO",20236,20360,20529,20510,20663,20810,21609,21750,21883,22009,22128,22520,22706,22880,23047,22391,22962,23494
"4749","430690","430690 ENCRUZILHADA DO SUL",25676,25032,25155,24534,24604,24671,25563,25647,25726,25801,25872,25791,25877,25960,26039,22276,23819,24280
"4750","430692","430692 ENGENHO VELHO",1607,1530,1470,1527,1481,1436,1462,1428,1397,1367,1340,1088,1034,982,932,1291,1296,1317
"4751","430693","430693 ENTRE-IJUIS",9490,9312,9259,8938,8880,8823,9101,9068,9037,9008,8981,8542,8475,8411,8350,9157,9164,9364
"4752","430695","430695 ENTRE RIOS DO SUL",3024,3127,3089,3080,3049,3018,3108,3088,3069,3052,3035,2829,2792,2758,2724,2681,2685,2731
"4753","430697","430697 EREBANGO",2859,2947,2945,2970,2966,2962,3063,3064,3064,3065,3066,2995,2991,2982,2978,3037,3054,3121
"4754","430700","430700 ERECHIM",102194,97011,97922,96087,96757,97404,101122,101752,102345,102906,103437,105059,105862,106633,107368,105428,105705,109497
"4755","430705","430705 ERNESTINA",3140,3094,3083,3088,3089,3090,3198,3202,3207,3211,3215,3167,3168,3170,3171,3021,3034,3097
"4756","430710","430710 HERVAL",7753,7100,7125,6753,6746,6739,6969,6972,6975,6978,6980,6828,6821,6814,6807,6380,6191,6307
"4757","430720","430720 ERVAL GRANDE",4263,5398,5363,5163,5126,5090,5248,5227,5207,5188,5170,4902,4859,4819,4780,4908,4930,5029
"4758","430730","430730 ERVAL SECO",8308,8294,8211,7878,7779,7682,7899,7834,7773,7715,7660,7040,6912,6802,6697,6748,6787,6902
"4759","430740","430740 ESMERALDA",2997,3361,3381,3168,3172,3176,3287,3294,3301,3307,3313,3277,3282,3287,3291,3175,3195,3264
"4760","430745","430745 ESPERANCA DO SUL",3159,3498,3469,3272,3235,3200,3291,3268,3245,3224,3204,2969,2926,2885,2846,3225,3226,3294
"4761","430750","430750 ESPUMOSO",14583,15429,15436,15240,15241,15241,15770,15790,15809,15826,15843,15584,15588,15591,15594,15118,15173,15478
"4762","430755","430755 ESTACAO",6821,6256,6255,6011,5995,5979,6178,6173,6169,6165,6161,5976,5958,5940,5924,5517,5582,5688
"4763","430760","430760 ESTANCIA VELHA",41035,43123,43907,42574,43146,43698,45500,45986,46444,46877,47287,49345,50022,50672,51292,48682,47924,49440
"4764","430770","430770 ESTEIO",88133,81131,81169,80755,80810,80862,83700,83846,83984,84114,84237,83121,83202,83279,83352,74653,76137,78181
"4765","430780","430780 ESTRELA",29891,30329,30602,30619,30867,31105,32309,32535,32748,32950,33140,33820,34116,34399,34669,31909,32183,33243
"4766","430781","430781 ESTRELA VELHA",3655,3772,3781,3628,3624,3619,3741,3743,3743,3744,3745,3660,3655,3650,3646,3066,3070,3120
"4767","430783","430783 EUGENIO DE CASTRO",3107,3107,3088,2798,2759,2721,2795,2769,2744,2721,2699,2458,2396,2352,2310,2633,2633,2685
"4768","430786","430786 FAGUNDES VARELA",2390,2596,2607,2579,2588,2596,2689,2699,2708,2716,2724,2721,2731,2741,2750,2566,2566,2620
"4769","430790","430790 FARROUPILHA",64121,62674,63376,63635,64275,64893,67465,68030,68562,69066,69542,71570,72331,73061,73758,74879,70286,72477
"4770","430800","430800 FAXINAL DO SOTURNO",7027,6453,6407,6672,6660,6647,6871,6870,6869,6868,6867,6690,6677,6663,6651,6686,6702,6846
"4771","430805","430805 FAXINALZINHO",2787,2639,2612,2567,2540,2514,2587,2570,2553,2538,2523,2346,2315,2284,2256,2521,2520,2572
"4772","430807","430807 FAZENDA VILANOVA",3275,3212,3241,3697,3764,3828,3993,4048,4099,4148,4194,4455,4533,4608,4680,4298,4291,4399
"4773","430810","430810 FELIZ",13225,12126,12199,12359,12440,12517,12992,13068,13140,13208,13273,13451,13547,13640,13728,15174,13764,13979
"4774","430820","430820 FLORES DA CUNHA",28879,26435,26694,27126,27391,27647,28739,28974,29196,29405,29603,30430,30745,31063,31352,33430,30892,31973
"4775","430825","430825 FLORIANO PEIXOTO",2162,2176,2163,2018,1992,1967,2021,2004,1988,1972,1958,1796,1766,1737,1709,2038,1668,1694
"4776","430830","430830 FONTOURA XAVIER",10949,11357,11335,10719,10662,10606,10945,10916,10888,10861,10836,10370,10304,10241,10181,9573,9550,9721
"4777","430840","430840 FORMIGUEIRO",7514,7255,7208,7014,6970,6926,7144,7119,7096,7074,7053,6715,6664,6616,6569,6439,6413,6533
"4778","430843","430843 FORQUETINHA",3008,2617,2618,2479,2469,2458,2537,2532,2528,2523,2519,2424,2412,2400,2389,2521,2393,2441
"4779","430845","430845 FORTALEZA DOS VALOS",5328,4671,4633,4575,4544,4513,4654,4636,4619,4603,4588,4356,4320,4285,4252,4455,4477,4569
"4780","430850","430850 FREDERICO WESTPHALEN",28315,28295,28424,28843,29003,29158,30251,30409,30558,30699,30832,31120,31313,31498,31675,32284,32627,33684
"4781","430860","430860 GARIBALDI",30197,30165,30521,30689,31014,31328,32578,32862,33131,33384,33624,34684,35070,35440,35794,35219,34335,35522
"4782","430865","430865 GARRUCHOS",4106,3528,3507,3234,3201,3168,3260,3239,3219,3200,3182,2963,2924,2886,2851,2615,2688,2729
"4783","430870","430870 GAURAMA",6301,6252,6233,5862,5822,5783,5963,5940,5918,5897,5878,5580,5534,5489,5447,5676,5665,5780
"4784","430880","430880 GENERAL CAMARA",8607,9074,9103,8447,8425,8404,8685,8679,8673,8668,8663,8409,8385,8361,8339,7346,7612,7751
"4785","430885","430885 GENTIL",1630,1593,1572,1677,1670,1663,1717,1714,1711,1708,1705,1642,1634,1626,1619,1745,1744,1783
"4786","430890","430890 GETULIO VARGAS",16032,16374,16347,16154,16127,16101,16647,16647,16647,16648,16648,16240,16212,16184,16158,18111,16602,16950
"4787","430900","430900 GIRUA",17732,17303,17140,17075,16947,16823,17343,17269,17198,17132,17069,16151,16004,15863,15729,15971,16013,16282
"4788","430905","430905 GLORINHA",6617,7364,7535,6891,6984,7074,7364,7443,7518,7588,7654,7988,8098,8204,8304,7653,7658,7842
"4789","430910","430910 GRAMADO",34121,33257,33708,32273,32556,32829,34110,34365,34605,34832,35047,35875,36232,36555,36864,44643,40134,41621
"4790","430912","430912 GRAMADO DOS LOUREIROS",2449,2414,2385,2269,2248,2228,2295,2282,2270,2258,2247,2106,2082,2058,2036,2003,2014,2049
"4791","430915","430915 GRAMADO XAVIER",3752,4084,4126,3970,3994,4016,4168,4190,4212,4232,4251,4297,4325,4352,4378,3304,3305,3356
"4792","430920","430920 GRAVATAI",276526,266230,269445,255660,257428,259138,269022,270689,272257,273742,275146,279398,281519,283620,285564,279205,265074,275294
"4793","430925","430925 GUABIJU",1753,1708,1711,1598,1587,1576,1625,1618,1612,1606,1600,1516,1503,1490,1478,1396,1417,1442
"4794","430930","430930 GUAIBA",107544,96467,96604,95204,95273,95340,98688,98864,99029,99186,99334,98043,98143,98239,98331,91304,92924,95956
"4795","430940","430940 GUAPORE",22384,22372,22580,22814,23026,23230,24142,24331,24509,24677,24836,25475,25727,25968,26199,24958,25268,26138
"4796","430950","430950 GUARANI DAS MISSOES",8448,8475,8417,8115,8048,7983,8227,8187,8150,8114,8080,7614,7537,7463,7393,7554,7415,7553
"4797","430955","430955 HARMONIA",4164,3777,3786,4254,4300,4344,4517,4557,4595,4630,4664,4812,4866,4917,4967,5660,5378,5524
"4798","430957","430957 HERVEIRAS",3026,2891,2887,2954,2954,2954,3056,3060,3063,3067,3070,3018,3018,3019,3019,2559,2564,2608
"4799","430960","430960 HORIZONTINA",18275,19013,19131,18348,18398,18446,19112,19174,19232,19286,19338,19267,19329,19389,19446,18852,18851,19246
"4800","430965","430965 HULHA NEGRA",3653,6352,6447,6043,6096,6147,6386,6434,6478,6521,6561,6714,6776,6836,6894,5851,5976,6102
"4801","430970","430970 HUMAITA",4579,5024,4999,4919,4896,4873,5030,5019,5008,4998,4988,4788,4762,4736,4712,4690,4681,4774
"4802","430975","430975 IBARAMA",3901,4448,4444,4371,4374,4368,4516,4517,4518,4518,4519,4412,4406,4399,4393,3722,3732,3793
"4803","430980","430980 IBIACA",4323,4804,4799,4710,4701,4692,4850,4848,4848,4847,4846,4719,4709,4699,4690,4560,4527,4618
"4804","430990","430990 IBIRAIARAS",6983,7310,7319,7171,7172,7173,7422,7432,7441,7449,7458,7338,7262,7265,7267,6764,6776,6830
"4805","430995","430995 IBIRAPUITA",3815,4310,4312,4061,4049,4037,4170,4166,4162,4159,4155,4027,4013,4000,3988,4159,3723,3793
"4806","431000","431000 IBIRUBA",19329,19306,19359,19310,19364,19415,20116,20181,20242,20300,20355,20284,20350,20413,20474,21733,21583,22082
"4807","431010","431010 IGREJINHA",32086,32945,33546,31660,32036,32399,33711,34035,34341,34630,34903,36450,36899,37340,37754,33173,33321,34763
"4808","431020","431020 IJUI",80154,79412,79718,78915,79160,79396,82276,82563,82833,83089,83330,83173,83475,83764,84041,85135,84780,87775
"4809","431030","431030 ILOPOLIS",4590,4328,4324,4102,4091,4079,4215,4212,4208,4205,4202,4091,4078,4066,4054,4094,4157,4245
"4810","431033","431033 IMBE",16403,15936,16298,17670,18087,18490,19338,19676,19993,20294,20578,22309,22800,23271,23721,27053,26824,27931
"4811","431036","431036 IMIGRANTE",2918,3115,3132,3023,3026,3029,3135,3141,3146,3152,3157,3116,3120,3100,3103,3082,3080,3148
"4812","431040","431040 INDEPENDENCIA",7156,6775,6718,6618,6566,6514,6714,6682,6653,6625,6598,6228,6167,6109,6054,6519,6427,6558
"4813","431041","431041 INHACORA",2402,2347,2350,2267,2259,2251,2324,2321,2318,2315,2312,2235,2226,2215,2207,2011,2014,2049
"4814","431043","431043 IPE",5231,6145,6203,6016,6059,6101,6334,6374,6412,6448,6482,6588,6640,6689,6736,6554,5399,5496
"4815","431046","431046 IPIRANGA DO SUL",1815,2033,2024,1944,1936,1927,1990,1985,1982,1978,1975,1899,1889,1880,1871,1714,1720,1750
"4816","431050","431050 IRAI",7956,8593,8518,8078,7989,7902,8132,8074,8020,7969,7921,7344,7241,7141,7046,7489,7482,7624
"4817","431053","431053 ITAARA",5310,4794,4810,5010,5044,5076,5268,5299,5329,5357,5384,5459,5499,5537,5573,5747,5572,5706
"4818","431055","431055 ITACURUBI",3618,3696,3710,3441,3437,3432,3549,3550,3551,3552,3552,3470,3465,3460,3456,2995,2995,3042
"4819","431057","431057 ITAPUCA",2574,2488,2456,2344,2318,2292,2358,2341,2325,2309,2295,2125,2094,2065,2037,1937,1937,1967
"4820","431060","431060 ITAQUI",43308,36889,36558,38159,38036,37916,39173,39129,39088,39049,39012,37757,37620,37489,37363,35408,35768,36830
"4821","431065","431065 ITATI",3062,2733,2714,2584,2565,2546,2625,2613,2602,2592,2583,2441,2419,2397,2377,2941,2638,2695
"4822","431070","431070 ITATIBA DO SUL",4058,4593,4524,4171,4089,4008,4106,4049,3995,3944,3896,3420,3324,3231,3143,3206,3208,3249
"4823","431075","431075 IVORA",2444,2433,2406,2156,2130,2105,2166,2149,2133,2118,2104,1940,1910,1881,1854,2012,1929,1964
"4824","431080","431080 IVOTI",18838,19724,20157,19874,20224,20562,21450,21739,22012,22270,22514,23880,24293,24690,25068,22911,22983,23533
"4825","431085","431085 JABOTICABA",4091,4238,4210,4098,4065,4032,4156,4136,4117,4099,4082,3848,3810,3773,3738,3754,3779,3850
"4826","431087","431087 JACUIZINHO",2520,2748,2763,2507,2519,2530,2623,2634,2645,2656,2666,2679,2692,2706,2718,2028,2040,2070
"4827","431090","431090 JACUTINGA",3801,3636,3619,3633,3620,3607,3724,3719,3713,3709,3704,3576,3561,3546,3532,3198,3338,3401
"4828","431100","431100 JAGUARAO",32081,28439,28241,27931,27766,27605,28482,28393,28310,28230,28156,26869,26680,26500,26327,26583,26603,27406
"4829","431110","431110 JAGUARI",12261,11839,11751,11473,11396,11320,11675,11631,11590,11551,11514,10937,10848,10765,10684,10527,10579,10779
"4830","431112","431112 JAQUIRANA",5455,4469,4430,4177,4129,4081,4199,4167,4138,4110,4083,3773,3716,3662,3611,3692,3690,3755
"4831","431113","431113 JARI",3634,3801,3800,3575,3562,3549,3665,3660,3655,3650,3645,3518,3503,3486,3472,3349,3349,3414
"4832","431115","431115 JOIA",8946,8546,8573,8331,8335,8339,8629,8643,8656,8668,8679,8554,8560,8566,8571,7123,7184,7305
"4833","431120","431120 JULIO DE CASTILHOS",21017,20007,19949,19579,19515,19453,20097,20074,20052,20032,20012,19364,19293,19224,19159,18121,18226,18557
"4834","431123","431123 LAGOA BONITA DO SUL",2570,2733,2758,2662,2678,2694,2795,2810,2825,2839,2852,2884,2903,2921,2939,2253,2251,2287
"4835","431125","431125 LAGOAO",6149,6651,6699,6185,6240,6247,6467,6480,6492,6504,6516,6442,6452,6461,6469,5343,5341,5429
"4836","431127","431127 LAGOA DOS TRES CANTOS",1501,1634,1630,1598,1596,1594,1648,1649,1649,1649,1650,1611,1609,1607,1604,1726,1738,1779
"4837","431130","431130 LAGOA VERMELHA",29079,28230,28234,27525,27495,27466,28406,28419,28431,28443,28454,27834,27807,27778,27751,27598,27659,28617
"4838","431140","431140 LAJEADO",68726,71111,72201,71445,72338,73201,76187,77761,78486,79172,79819,82951,84014,85033,86005,97432,92951,96651
"4839","431142","431142 LAJEADO DO BUGRE",2346,2632,2644,2487,2489,2491,2579,2583,2588,2592,2596,2561,2564,2566,2569,2569,2601,2660
"4840","431150","431150 LAVRAS DO SUL",7494,8378,8402,7679,7646,7615,7862,7847,7833,7820,7807,7516,7480,7444,7410,7458,7157,7294
"4841","431160","431160 LIBERATO SALZANO",4800,6210,6168,5780,5720,5661,5827,5789,5752,5718,5686,5289,5219,5152,5087,4664,4781,4854
"4842","431162","431162 LINDOLFO COLLOR",5513,5614,5733,5227,5290,5350,5567,5621,5671,5719,5765,5980,6054,6125,6193,6156,6248,6409
"4843","431164","431164 LINHA NOVA",1652,1522,1512,1624,1629,1634,1692,1697,1703,1707,1712,1708,1714,1719,1724,1763,1683,1720
"4844","431170","431170 MACHADINHO",4357,5638,5621,5510,5494,5478,5660,5654,5649,5645,5640,5464,5445,5427,5411,5729,5735,5864
"4845","431171","431171 MACAMBARA",5544,4440,4375,4738,4716,4694,4845,4834,4824,4814,4804,4613,4587,4562,4539,4427,4425,4487
"4846","431173","431173 MAMPITUBA",3184,2987,2981,3003,2996,2988,3087,3085,3083,3081,3079,2990,2981,2973,2965,2954,3131,3201
"4847","431175","431175 MANOEL VIANA",8047,6963,6952,7072,7078,7084,7333,7347,7359,7372,7383,7291,7299,7307,7315,6732,6801,6917
"4848","431177","431177 MAQUINE",7732,7626,7665,6905,6875,6845,7068,7053,7040,7028,7016,6749,6714,6681,6747,8222,7418,7588
"4849","431179","431179 MARATA",2631,2531,2536,2527,2537,2546,2639,2649,2659,2668,2677,2680,2691,2702,2713,2515,2470,2521
"4850","431180","431180 MARAU",33705,35900,36643,36364,36979,37573,39182,39693,40174,40629,41059,43435,44161,44858,45523,46643,45124,46656
"4851","431190","431190 MARCELINO RAMOS",5289,5406,5334,5134,5060,4987,5123,5074,5027,4982,4941,4488,4402,4319,4239,4314,4320,4389
"4852","431198","431198 MARIANA PIMENTEL",4298,4136,4170,3768,3771,3774,3906,3913,3920,3926,3932,3881,3885,3888,3892,3889,3916,4003
"4853","431200","431200 MARIANO MORO",2027,2321,2307,2210,2190,2171,2235,2223,2211,2200,2190,2054,2031,2009,1987,1856,1858,1888
"4854","431205","431205 MARQUES DE SOUZA",4535,4137,4121,4068,4055,4042,4176,4171,4167,4163,4159,4024,4009,3995,3981,3928,3969,4050
"4855","431210","431210 MATA",5570,5408,5398,5111,5076,5041,5198,5178,5159,5141,5124,4864,4823,4797,4760,4697,4698,4786
"4856","431213","431213 MATO CASTELHANO",2656,2722,2741,2470,2472,2473,2559,2563,2567,2571,2574,2538,2540,2542,2543,2552,2553,2610
"4857","431215","431215 MATO LEITAO",3635,3773,3821,3865,3916,3964,4126,4161,4201,4240,4276,4456,4515,4573,4627,4848,4859,4990
"4858","431217","431217 MATO QUEIMADO",1890,1895,1874,1799,1782,1766,1819,1808,1798,1789,1780,1665,1648,1629,1611,1793,1795,1833
"4859","431220","431220 MAXIMILIANO DE ALMEIDA",4820,5111,5042,4911,4855,4800,4938,4901,4867,4834,4804,4443,4377,4314,4254,4763,4189,4258
"4860","431225","431225 MINAS DO LEAO",7734,8055,8129,7631,7655,7678,7956,7984,8011,8035,8059,8045,8075,8103,8130,7470,7505,7661
"4861","431230","431230 MIRAGUAI",4205,4995,4986,4855,4842,4828,4990,4985,4982,4978,4975,4824,4925,4911,4899,4388,4427,4506
"4862","431235","431235 MONTAURI",1593,1615,1600,1542,1532,1521,1568,1562,1556,1551,1545,1466,1453,1441,1430,1495,1499,1530
"4863","431237","431237 MONTE ALEGRE DOS CAMPOS",3336,3238,3258,3102,3107,3112,3221,3229,3236,3243,3249,3220,3226,3232,3237,3610,3180,3250
"4864","431238","431238 MONTE BELO DO SUL",2849,2834,2837,2670,2653,2637,2720,2712,2704,2696,2689,2564,2548,2530,2514,2584,2557,2609
"4865","431240","431240 MONTENEGRO",61501,59110,59556,59415,59812,60196,62484,62861,63216,63551,63868,64788,65264,65721,66157,66878,64322,66295
"4866","431242","431242 MORMACO",2453,2689,2709,2749,2774,2797,2906,2928,2948,2968,2986,3056,3085,3113,3139,2748,2756,2815
"4867","431244","431244 MORRINHOS DO SUL",3535,3291,3258,3182,3156,3129,3225,3209,3193,3179,3166,2979,2949,2919,2891,3091,3071,3134
"4868","431245","431245 MORRO REDONDO",5935,6437,6475,6227,6245,6262,6488,6509,6529,6548,6566,6546,6568,6589,6609,5568,6046,6169
"4869","431247","431247 MORRO REUTER",5628,5897,5988,5676,5730,5781,6008,6056,6100,6143,6183,6344,6407,6513,6570,6124,6029,6163
"4870","431250","431250 MOSTARDAS",13853,12334,12392,12124,12160,12195,12637,12679,12720,12758,12794,12760,12804,12847,12888,13035,12090,12346
"4871","431260","431260 MUCUM",4616,4693,4687,4791,4796,4801,4970,4980,4989,4998,5006,4948,4954,4961,4967,4492,4601,4694
"4872","431261","431261 MUITOS CAPOES",3127,3085,3101,2988,2998,3007,3116,3127,3137,3147,3156,3151,3162,3173,3184,2811,2879,2938
"4873","431262","431262 MULITERNO",1654,1864,1866,1813,1817,1820,1885,1890,1894,1899,1903,1888,1893,1897,1901,1718,1721,1755
"4874","431265","431265 NAO-ME-TOQUE",15380,15876,16012,15936,16053,16166,16785,16894,16997,17094,17185,17484,17624,17758,17886,17821,17898,18314
"4875","431267","431267 NICOLAU VERGUEIRO",1821,1805,1795,1721,1715,1708,1763,1760,1757,1754,1752,1689,1682,1674,1667,1935,1932,1979
"4876","431270","431270 NONOAI",12978,12632,12615,12074,12017,11962,12348,12321,12295,12270,12247,11760,11695,11633,11574,13466,13719,14056
"4877","431275","431275 NOVA ALVORADA",2842,3214,3260,3182,3215,3247,3376,3404,3431,3457,3481,3586,3625,3663,3698,3169,3163,3229
"4878","431280","431280 NOVA ARACA",3551,4000,4070,4001,4060,4117,4289,4339,4385,4429,4471,4690,4759,4826,4890,4968,4954,5086
"4879","431290","431290 NOVA BASSANO",8749,9124,9256,8840,8918,8992,9343,9412,9478,9540,9599,9824,9916,10005,10089,9582,9649,9877
"4880","431295","431295 NOVA BOA VISTA",2076,2125,2114,1960,1940,1921,1978,1965,1953,1942,1932,1798,1775,1753,1731,2040,2042,2088
"4881","431300","431300 NOVA BRESCIA",2993,3276,3297,3184,3191,3197,3311,3320,3329,3337,3344,3321,3330,3337,3345,3037,3044,3105
"4882","431301","431301 NOVA CANDELARIA",2673,2800,2785,2751,2741,2732,2822,2817,2814,2810,2807,2710,2698,2688,2677,3056,3061,3134
"4883","431303","431303 NOVA ESPERANCA DO SUL",4367,5075,5182,4671,4722,4771,4962,5006,5048,5087,5125,5292,5352,5410,5465,4858,4865,4974
"4884","431306","431306 NOVA HARTZ",19555,17535,17768,18346,18598,18841,19620,19834,20035,20225,20405,21317,21615,21875,22147,19799,20088,20539
"4885","431308","431308 NOVA PADUA",2482,2581,2595,2450,2455,2459,2545,2551,2557,2563,2568,2548,2553,2558,2563,2334,2343,2390
"4886","431310","431310 NOVA PALMA",6422,6663,6690,6342,6345,6347,6569,6579,6588,6597,6605,6508,6512,6515,6519,5328,5586,5683
"4887","431320","431320 NOVA PETROPOLIS",19903,18484,18629,19045,19211,19371,20126,20275,20416,20549,20675,21156,21353,21536,21717,28579,23300,23889
"4888","431330","431330 NOVA PRATA",21122,23721,24253,22830,23175,23508,24495,24785,25057,25315,25559,26849,27257,27648,28021,25656,25692,26587
"4889","431333","431333 NOVA RAMADA",2522,2490,2455,2437,2416,2394,2466,2453,2440,2428,2417,2268,2242,2218,2195,2157,2163,2201
"4890","431335","431335 NOVA ROMA DO SUL",3096,3690,3754,3343,3367,3390,3520,3543,3564,3584,3603,3661,3689,3717,3743,3468,3466,3543
"4891","431337","431337 NOVA SANTA RITA",20747,22177,22820,22716,23251,23768,24859,25293,25700,26086,26450,28670,29300,29905,30482,28290,29024,30121
"4892","431339","431339 NOVO CABRAIS",3763,3926,3963,3855,3878,3899,4045,4067,4087,4107,4125,4169,4196,4222,4246,3550,3568,3636
"4893","431340","431340 NOVO HAMBURGO",262165,255945,257748,238940,239151,239355,247781,248251,248694,249113,249508,246452,246748,247032,247303,241306,227646,235879
"4894","431342","431342 NOVO MACHADO",4088,4293,4248,3925,3865,3806,3907,3866,3828,3791,3757,3394,3323,3256,3191,3198,3198,3246
"4895","431344","431344 NOVO TIRADENTES",2435,2391,2376,2277,2267,2257,2330,2325,2320,2316,2312,2223,2211,2200,2189,2115,2146,2188
"4896","431346","431346 NOVO XINGU",1762,1920,1933,1757,1751,1744,1801,1798,1795,1793,1790,1727,1719,1712,1705,1646,1646,1678
"4897","431349","431349 NOVO BARREIRO",3739,3981,3992,3978,3987,3995,4138,4150,4160,4171,4181,4154,4164,4175,4185,4233,4272,4371
"4898","431350","431350 OSORIO",41303,41161,41643,40906,41273,41628,43256,43586,43897,44190,44468,45557,45994,46414,46815,50395,47396,48929
"4899","431360","431360 PAIM FILHO",4356,4558,4522,4243,4198,4155,4276,4248,4221,4196,4172,3880,3828,3778,3731,3979,3631,3691
"4900","431365","431365 PALMARES DO SUL",12564,11901,11996,10969,10978,10987,11372,11393,11413,11431,11449,11306,11318,11330,11342,12969,12844,13170
"4901","431370","431370 PALMEIRA DAS MISSOES",35821,34456,34213,34328,34170,34016,35120,35045,34974,34907,34844,33481,33303,33131,32967,32873,33216,34233
"4902","431380","431380 PALMITINHO",7057,7122,7134,6920,6919,6917,7156,7163,7170,7177,7184,7058,7057,7056,7056,7830,7839,8032
"4903","431390","431390 PANAMBI",35361,38249,38795,38058,38477,38881,40439,40804,41148,41473,41781,43170,43667,44128,44583,43320,43515,45042
"4904","431395","431395 PANTANO GRANDE",11793,9913,9794,9895,9812,9732,10029,9979,9932,9887,9845,9269,9174,9083,8995,10255,10212,10438
"4905","431400","431400 PARAI",6792,6895,6976,6812,6873,6932,7203,7257,7309,7357,7404,7585,7657,7727,7793,7205,7194,7357
"4906","431402","431402 PARAISO DO SUL",7755,7609,7634,7336,7346,7355,7615,7632,7648,7662,7677,7599,7611,7623,7635,6472,6519,6635
"4907","431403","431403 PARECI NOVO",3642,3236,3231,3511,3532,3552,3686,3706,3725,3743,3760,3812,3837,3862,3885,4072,4319,4433
"4908","431405","431405 PAROBE",55652,51036,51633,51502,52019,52518,54599,55056,55486,55893,56277,57660,58272,58858,59419,54095,52052,53555
"4909","431406","431406 PASSA SETE",4542,5225,5280,5154,5183,5220,5421,5457,5491,5523,5554,5656,5702,5747,5790,3943,3983,4036
"4910","431407","431407 PASSO DO SOBRADO",5756,6237,6299,6011,6046,6079,6307,6340,6372,6402,6430,6493,6535,6574,6612,6006,6025,6154
"4911","431410","431410 PASSO FUNDO",191299,185882,187505,184826,186083,187298,194432,195620,196739,197798,198799,201767,203275,204722,206103,217240,206215,214564
"4912","431413","431413 PAULO BENTO",2386,2149,2147,2196,2201,2206,2284,2291,2297,2302,2308,2287,2293,2299,2303,2144,2144,2188
"4913","431415","431415 PAVERAMA",8209,7838,7843,8044,8068,8090,8382,8410,8437,8461,8485,8459,8487,8515,8541,7933,7978,8146
"4914","431417","431417 PEDRAS ALTAS",2819,2631,2655,2212,2188,2164,2226,2210,2195,2181,2168,2010,1982,1954,1928,2213,2061,2100
"4915","431420","431420 PEDRO OSORIO",8241,8286,8285,7811,7789,7767,8024,8017,8011,8005,7999,7755,7730,7706,7683,7652,7484,7634
"4916","431430","431430 PEJUCARA",4314,3972,3950,3973,3957,3941,4070,4062,4055,4049,4043,3893,3874,3857,3840,3733,3745,3819
"4917","431440","431440 PELOTAS",350359,343167,345179,328275,328865,329435,341180,342053,342873,343651,344385,341648,342405,343132,343826,324026,325685,336131
"4918","431442","431442 PICADA CAFE",5653,5009,5040,5182,5222,5259,5462,5498,5532,5564,5595,5696,5742,5738,5780,5732,5351,5470
"4919","431445","431445 PINHAL",2302,2412,2397,2513,2514,2515,2602,2606,2609,2613,2616,2577,2579,2580,2581,2895,2959,3034
"4920","431446","431446 PINHAL DA SERRA",2312,2059,2014,2130,2110,2089,2151,2138,2126,2115,2104,1965,1941,1918,1896,2243,2248,2299
"4921","431447","431447 PINHAL GRANDE",5230,4598,4580,4471,4452,4433,4577,4568,4560,4552,4544,4372,4350,4329,4309,4049,3805,3867
"4922","431449","431449 PINHEIRINHO DO VALE",3605,4597,4633,4497,4522,4545,4715,4739,4761,4783,4803,4842,4871,4899,4926,4539,4540,4637
"4923","431450","431450 PINHEIRO MACHADO",14746,13213,13151,12780,12710,12642,13047,13011,12976,12944,12913,12351,12271,12195,12122,11380,11214,11409
"4924","431454",NA,NA,NA,NA,NA,NA,NA,2681,2800,2824,2847,2868,2968,3003,3036,3068,2712,2723,2784
"4925","431455","431455 PIRAPO",2952,3016,2986,2757,2712,2668,2738,2707,2678,2651,2625,2357,2304,2254,2205,2250,2260,2260
"4926","431460","431460 PIRATINI",20909,21033,21174,19841,19874,19906,20614,20664,20712,20757,20799,20621,20663,20704,20743,17434,17504,17792
"4927","431470","431470 PLANALTO",10438,10796,10732,10524,10465,10407,10739,10707,10678,10650,10623,10152,10084,10019,9957,10240,10406,10624
"4928","431475","431475 POCO DAS ANTAS",1817,2086,2100,2017,2020,2023,2094,2099,2104,2108,2112,2094,2098,2101,2105,2152,2171,2222
"4929","431477","431477 PONTAO",3425,4031,4037,3857,3854,3850,3982,3984,3986,3988,3990,3908,3904,3901,3898,3278,3296,3350
"4930","431478","431478 PONTE PRETA",1957,1864,1848,1750,1729,1709,1757,1743,1730,1717,1706,1572,1547,1524,1501,1572,1575,1604
"4931","431480","431480 PORTAO",29055,30254,30799,30920,31401,31866,33212,33615,33994,34353,34692,36510,37079,37561,38081,36410,34071,35237
"4932","431490","431490 PORTO ALEGRE",1453075,1430220,1436124,1409351,1413094,1416714,1467816,1472482,1476867,1481019,1484941,1479101,1483771,1488252,1492530,1404269,1332833,1389322
"4933","431500","431500 PORTO LUCENA",5794,5667,5587,5413,5338,5265,5410,5360,5313,5269,5227,4765,4678,4594,4514,4364,4360,4424
"4934","431505","431505 PORTO MAUA",2673,2602,2588,2542,2523,2503,2579,2568,2557,2546,2536,2397,2374,2352,2332,2143,2142,2176
"4935","431507","431507 PORTO VERA CRUZ",2135,2080,2038,1852,1806,1760,1797,1764,1733,1704,1676,1415,1360,1308,1258,1560,1560,1585
"4936","431510","431510 PORTO XAVIER",11406,11145,11129,10558,10510,10463,10802,10779,10758,10737,10718,10301,10246,10194,10144,9821,9938,10132
"4937","431513","431513 POUSO NOVO",2193,2018,1993,1875,1851,1827,1878,1862,1847,1832,1819,1668,1639,1612,1586,1752,1739,1773
"4938","431514","431514 PRESIDENTE LUCENA",2186,2485,2526,2484,2516,2547,2652,2679,2705,2729,2752,2863,2901,2937,2972,3077,3077,3159
"4939","431515","431515 PROGRESSO",5882,6407,6421,6163,6158,6153,6364,6368,6372,6376,6379,6249,6244,6239,6235,5325,5340,5430
"4940","431517","431517 PROTASIO ALVES",1920,2182,2190,2000,1992,1984,2048,2044,2041,2037,2034,1957,1947,1938,1929,2025,2025,2069
"4941","431520","431520 PUTINGA",3990,4269,4242,4141,4114,4087,4215,4200,4185,4172,4159,3951,3919,3889,3861,3710,3747,3814
"4942","431530","431530 QUARAI",25634,23006,22883,23021,22946,22873,23631,23604,23579,23555,23532,22771,22687,22607,22531,23475,23500,23988
"4943","431531","431531 QUATRO IRMAOS",1987,1789,1794,1775,1777,1779,1842,1846,1849,1852,1856,1846,1849,1856,1860,1552,1552,1579
"4944","431532","431532 QUEVEDOS",2627,2828,2842,2710,2712,2713,2807,2812,2816,2820,2824,2786,2788,2790,2793,2502,2507,2555
"4945","431535","431535 QUINZE DE NOVEMBRO",3707,3672,3670,3653,3659,3664,3794,3803,3811,3819,3826,3789,3796,3803,3810,3910,3910,4000
"4946","431540","431540 REDENTORA",8560,10054,10169,10222,10328,10430,10845,10938,11025,11108,11187,11527,11549,11669,11782,9244,9738,9934
"4947","431545","431545 RELVADO",2053,2250,2244,2155,2145,2136,2205,2200,2195,2191,2187,2101,2090,2079,2068,1895,1796,1828
"4948","431550","431550 RESTINGA SECA",17387,15946,15885,15849,15869,15828,16357,16345,16334,16324,16315,15836,15789,15744,15702,15129,14939,15213
"4949","431555","431555 RIO DOS INDIOS",3907,4243,4192,3616,3533,3453,3531,3473,3418,3366,3317,2849,2752,2660,2571,3374,2835,2874
"4950","431560","431560 RIO GRANDE",198559,195582,196334,197228,198049,198842,206161,207036,207860,208641,209378,210005,211005,211965,212881,191719,191900,198958
"4951","431570","431570 RIO PARDO",38034,38908,38991,37591,37577,37563,38861,38899,38934,38968,39000,38284,38275,38265,38257,34447,34654,35666
"4952","431575","431575 RIOZINHO",4654,4612,4665,4330,4350,4370,4531,4552,4571,4590,4607,4629,4653,4676,4698,4453,4473,4572
"4953","431580","431580 ROCA SALES",9381,10366,10467,10284,10362,10436,10837,10909,10976,11040,11101,11300,11393,11471,11556,10397,10418,10644
"4954","431590","431590 RODEIO BONITO",5499,5872,5878,5743,5743,5742,5942,5949,5955,5961,5967,5867,5867,5868,5868,6644,6654,6821
"4955","431595","431595 ROLADOR",2742,2872,2867,2546,2522,2498,2572,2556,2542,2528,2515,2352,2323,2296,2270,2277,2291,2332
"4956","431600","431600 ROLANTE",21621,20094,20302,19485,19611,19732,20479,20599,20712,20819,20920,21199,21349,21453,21591,21288,21253,21733
"4957","431610","431610 RONDA ALTA",9368,9891,9866,10221,10235,10247,10610,10633,10655,10675,10695,10583,10601,10617,10633,9750,9777,9972
"4958","431620","431620 RONDINHA",5245,5775,5733,5518,5473,5430,5596,5569,5544,5520,5497,5182,5130,5080,5033,4989,4991,5083
"4959","431630","431630 ROQUE GONZALES",6947,7438,7397,7203,7158,7114,7338,7313,7289,7267,7245,6899,6847,6797,6750,6579,6576,6698
"4960","431640","431640 ROSARIO DO SUL",41562,41715,41746,39707,39604,39503,40825,40798,40773,40750,40727,39535,39422,39314,39210,36343,36630,37700
"4961","431642","431642 SAGRADA FAMILIA",2493,2669,2671,2595,2591,2587,2675,2675,2676,2676,2676,2613,2609,2605,2601,2466,2480,2529
"4962","431643","431643 SALDANHA MARINHO",3080,3038,3025,2869,2844,2820,2905,2890,2876,2862,2849,2679,2650,2622,2596,2581,2575,2621
"4963","431645","431645 SALTO DO JACUI",13109,12665,12778,11880,11907,11933,12360,12395,12429,12460,12490,12416,12449,12481,12512,10200,10203,10373
"4964","431647","431647 SALVADOR DAS MISSOES",2583,2673,2663,2669,2670,2670,2762,2766,2769,2773,2776,2732,2733,2733,2734,2878,2877,2953
"4965","431650","431650 SALVADOR DO SUL",6156,7036,7167,6747,6827,6903,7182,7251,7315,7377,7434,7705,7799,7889,7975,7411,6879,7182
"4966","431660","431660 SANANDUVA",14996,15184,15214,15373,15422,15468,16029,16086,16139,16189,16237,16211,16270,16328,16382,17130,16399,16759
"4967","431670","431670 SANTA BARBARA DO SUL",10056,9250,9166,8829,8738,8650,8905,8847,8793,8742,8694,8099,7994,7909,7813,8083,8122,8275
"4968","431673","431673 SANTA CECILIA DO SUL",1800,1771,1774,1655,1651,1646,1700,1699,1698,1696,1695,1644,1639,1634,1630,1676,1674,1710
"4969","431675","431675 SANTA CLARA DO SUL",5405,5774,5868,5697,5766,5832,6068,6127,6183,6235,6285,6522,6603,6681,6755,6845,6887,7067
"4970","431680","431680 SANTA CRUZ DO SUL",121638,121168,122452,118374,119199,119997,124577,125353,126084,126775,127429,129427,130416,131365,132271,133136,133246,138104
"4971","431690","431690 SANTA MARIA",274068,266822,268965,261031,262369,263662,273489,274838,276108,277309,278445,280505,282123,283677,285159,296081,271735,282244
"4972","431695","431695 SANTA MARIA DO HERVAL",6563,6427,6492,6053,6066,6078,6295,6312,6328,6344,6358,6315,6331,6364,6382,6541,6340,6482
"4973","431697","431697 SANTA MARGARIDA DO SUL",2272,2231,2229,2352,2366,2380,2469,2483,2495,2507,2519,2545,2562,2578,2593,2593,2596,2658
"4974","431700","431700 SANTANA DA BOA VISTA",8803,8873,8891,8242,8213,8185,8455,8444,8434,8424,8414,8130,8098,8067,8037,7120,7024,7140
"4975","431710","431710 SANT'ANA DO LIVRAMENTO",99864,84779,84079,82464,81821,81198,83702,83324,82968,82631,82312,77763,77027,76321,75647,83764,84421,87296
"4976","431720","431720 SANTA ROSA",70740,66015,66059,68587,68862,69127,71665,71961,72240,72504,72753,72919,73254,73575,73882,77519,76963,79395
"4977","431725","431725 SANTA TEREZA",1497,1883,1892,1720,1729,1725,1782,1781,1781,1780,1780,1734,1729,1726,1722,1668,1505,1531
"4978","431730","431730 SANTA VITORIA DO PALMAR",35062,31789,31604,30990,30813,30641,31618,31524,31436,31352,31274,29877,29676,29483,29298,30953,30983,31961
"4979","431740","431740 SANTIAGO",52318,51088,51161,49071,49005,48940,50608,50622,50635,50647,50658,49493,49425,49360,49298,48959,48938,50331
"4980","431750","431750 SANTO ANGELO",80625,75627,75446,76275,76239,76205,78836,78908,78976,79040,79101,77620,77593,77568,77544,76768,76917,79130
"4981","431755","431755 SANTO ANTONIO DO PALMA",2155,2289,2298,2139,2134,2129,2200,2199,2198,2197,2196,2134,2128,2123,2118,2091,2091,2134
"4982","431760","431760 SANTO ANTONIO DA PATRULHA",39093,39302,39508,39685,39889,40086,41579,41784,41977,42160,42333,42648,42894,43171,43397,42904,42947,44393
"4983","431770","431770 SANTO ANTONIO DAS MISSOES",12461,12089,12030,11210,11097,10987,11312,11241,11174,11111,11051,10305,10175,10050,9930,10292,10300,10493
"4984","431775","431775 SANTO ANTONIO DO PLANALTO",2005,2100,2097,1987,1986,1985,2053,2055,2056,2058,2059,2020,2019,2019,2018,2097,2089,2136
"4985","431780","431780 SANTO AUGUSTO",13759,13910,13845,13968,13933,13899,14365,14357,14349,14341,14334,13923,13885,13848,13813,13641,13902,14196
"4986","431790","431790 SANTO CRISTO",14905,14625,14585,14378,14339,14301,14778,14767,14757,14747,14738,14300,14257,14216,14177,15325,15320,15656
"4987","431795","431795 SANTO EXPEDITO DO SUL",2414,2686,2683,2461,2444,2428,2504,2494,2485,2476,2468,2343,2324,2305,2287,2348,2349,2395
"4988","431800","431800 SAO BORJA",68232,63257,63041,61671,61426,61189,63194,63089,62990,62897,62808,60557,60282,60019,59768,58757,59676,61323
"4989","431805","431805 SAO DOMINGOS DO SUL",3057,2951,2974,2926,2934,2941,3046,3056,3064,3073,3080,3065,3074,3083,3091,2755,2754,2808
"4990","431810","431810 SAO FRANCISCO DE ASSIS",20537,19909,19796,19254,19135,19020,19621,19556,19495,19437,19382,18471,18335,18205,18081,17634,17618,17949
"4991","431820","431820 SAO FRANCISCO DE PAULA",20129,22262,22499,20537,20600,20660,21408,21482,21551,21617,21679,21633,21710,21801,21871,23682,21893,22373
"4992","431830","431830 SAO GABRIEL",62916,59454,59339,60425,60452,60478,62594,62692,62785,62874,62957,62061,62105,62147,62187,58263,58487,60102
"4993","431840","431840 SAO JERONIMO",19984,21212,21288,22134,22277,22414,23263,23399,23527,23649,23763,24078,24248,24412,24569,20909,21028,21421
"4994","431842","431842 SAO JOAO DA URTIGA",4689,5109,5125,4726,4711,4696,4851,4846,4840,4836,4831,4674,4657,4641,4625,4433,4461,4549
"4995","431843","431843 SAO JOAO DO POLESINE",2987,2781,2782,2635,2580,2572,2657,2654,2651,2649,2646,2561,2552,2543,2535,2549,2649,2707
"4996","431844","431844 SAO JORGE",2877,2832,2821,2774,2767,2759,2850,2848,2846,2844,2842,2757,2824,2816,2808,2912,2912,2976
"4997","431845","431845 SAO JOSE DAS MISSOES",2804,3038,3039,2720,2699,2678,2761,2748,2736,2725,2714,2562,2537,2514,2491,2345,2362,2403
"4998","431846","431846 SAO JOSE DO HERVAL",2593,2550,2540,2204,2179,2155,2217,2201,2186,2172,2158,2000,1971,1943,1917,1883,1902,1934
"4999","431848","431848 SAO JOSE DO HORTENCIO",4050,4103,4168,4094,4149,4201,4373,4419,4463,4504,4543,4739,4804,4865,4924,4667,4447,4551
"5000","431849","431849 SAO JOSE DO INHACORA",2291,2150,2134,2200,2185,2170,2237,2228,2220,2212,2205,2091,2073,2056,2040,2596,2406,2463
"5001","431850","431850 SAO JOSE DO NORTE",25263,25921,26119,25503,25635,25761,26721,26853,26977,27095,27206,27410,27568,27721,27866,25491,25443,26245
"5002","431860","431860 SAO JOSE DO OURO",7006,7183,7183,6904,6893,6882,7116,7116,7116,7117,7117,6945,6933,6922,6911,6847,6834,6978
"5003","431861","431861 SAO JOSE DO SUL",1912,1988,2013,2082,2108,2132,2218,2240,2260,2279,2298,2378,2408,2437,2464,2676,2380,2440
"5004","431862","431862 SAO JOSE DOS AUSENTES",3269,3297,3319,3290,3305,3319,3441,3456,3470,3483,3496,3509,3527,3543,3559,3128,4172,4286
"5005","431870","431870 SAO LEOPOLDO",215359,210145,211661,214087,215664,217189,225520,226988,228370,229678,230914,234947,236835,238648,240378,216964,217409,225669
"5006","431880","431880 SAO LOURENCO DO SUL",45752,43451,43386,43111,43067,43024,44498,44520,44541,44561,44580,43625,43582,43540,43501,41756,41989,43283
"5007","431890","431890 SAO LUIZ GONZAGA",35009,35184,34998,34556,34393,34235,35344,35266,35193,35123,35057,33668,33468,33293,33124,34690,34752,35858
"5008","431900","431900 SAO MARCOS",21592,20406,20538,20103,20191,20276,21024,21117,21204,21286,21364,21449,21556,21658,21756,21027,21084,21537
"5009","431910","431910 SAO MARTINHO",5476,5953,5909,5773,5731,5691,5868,5844,5821,5799,5779,5474,5426,5380,5336,5479,5481,5589
"5010","431912","431912 SAO MARTINHO DA SERRA",3376,3551,3587,3201,3198,3195,3303,3305,3306,3308,3309,3238,3234,3231,3228,2919,2860,2911
"5011","431915","431915 SAO MIGUEL DAS MISSOES",7543,7632,7652,7421,7429,7436,7698,7714,7728,7742,7754,7663,7673,7683,7692,6986,7056,7196
"5012","431920","431920 SAO NICOLAU",6007,6006,5957,5727,5675,5625,5794,5762,5732,5704,5677,5325,5265,5208,5153,5114,5118,5248
"5013","431930","431930 SAO PAULO DAS MISSOES",6053,6811,6769,6364,6301,6240,6425,6385,6348,6313,6280,5863,5790,5720,5654,5837,5846,5948
"5014","431935","431935 SAO PEDRO DA SERRA",3477,3270,3315,3315,3352,3387,3522,3554,3584,3612,3639,3758,3801,3842,3881,3818,3548,3614
"5015","431936","431936 SAO PEDRO DAS MISSOES",1764,2029,2047,1886,1894,1900,1969,1977,1984,1991,1998,2000,2009,2017,2025,1753,1757,1791
"5016","431937","431937 SAO PEDRO DO BUTIA",2867,2810,2808,2873,2874,2875,2975,2979,2983,2987,2991,2946,2947,2949,2950,3069,3070,3139
"5017","431940","431940 SAO PEDRO DO SUL",16859,17079,17079,16368,16321,16275,16817,16802,16788,16775,16763,16250,16198,16148,16100,15535,15577,15870
"5018","431950","431950 SAO SEBASTIAO DO CAI",22574,21142,21273,21932,22104,22270,23128,24517,24676,24825,24967,25467,25685,25959,26161,26300,24428,24883
"5019","431960","431960 SAO SEPE",24740,24397,24353,23798,23735,23674,24465,24448,24432,24418,24403,23690,23621,23555,23492,21189,21219,21575
"5020","431970","431970 SAO VALENTIM",3674,4010,3999,3632,3596,3560,3665,3642,3621,3600,3581,3341,3299,3259,3220,3262,3264,3324
"5021","431971","431971 SAO VALENTIM DO SUL",1923,2319,2333,2168,2171,2173,2249,2253,2257,2261,2265,2239,2242,2245,2248,2029,2207,2255
"5022","431973","431973 SAO VALERIO DO SUL",2594,2722,2730,2647,2649,2651,2743,2748,2752,2756,2760,2724,2727,2729,2732,2547,2543,2594
"5023","431975","431975 SAO VENDELINO",1876,1873,1887,1944,1965,1984,2062,2107,2124,2140,2154,2219,2243,2266,2288,2259,2251,2306
"5024","431980","431980 SAO VICENTE DO SUL",8983,8636,8664,8440,8448,8456,8754,8771,8787,8802,8817,8710,8721,8732,8742,8154,8097,8259
"5025","431990","431990 SAPIRANGA",80478,77282,78050,74985,75430,75861,78718,79152,79560,79946,80311,81198,81734,80037,80514,75613,75648,77898
"5026","432000","432000 SAPUCAIA DO SUL",137950,126085,126316,130957,131587,132197,137104,137750,138357,138933,139476,140311,141075,141808,142508,130554,132107,136542
"5027","432010","432010 SARANDI",20003,21504,21825,21285,21525,21757,22632,22840,23036,23222,23398,24205,24489,24763,25024,22693,22851,23356
"5028","432020","432020 SEBERI",10104,11131,11102,10897,10863,10829,11188,11176,11164,11154,11144,10788,10750,10713,10678,11932,11950,12313
"5029","432023","432023 SEDE NOVA",2759,3019,2996,3011,2996,2982,3078,3070,3063,3057,3050,2924,2907,2891,2875,2712,2704,2753
"5030","432026","432026 SEGREDO",6874,7270,7298,7158,7069,7087,7343,7366,7388,7409,7428,7399,7421,7444,7465,6046,6009,6107
"5031","432030","432030 SELBACH",5102,4911,4921,4929,4935,4940,5114,5124,5134,5143,5152,5093,5100,5107,5114,5108,5107,5220
"5032","432032","432032 SENADOR SALGADO FILHO",2788,2941,2940,2814,2806,2797,2890,2887,2885,2882,2880,2788,2779,2770,2761,2671,2673,2726
"5033","432035","432035 SENTINELA DO SUL",5132,5536,5605,5198,5222,5245,5438,5463,5486,5507,5528,5553,5581,5609,5635,5221,5306,5422
"5034","432040","432040 SERAFINA CORREA",12967,14387,14734,14253,14511,14761,15401,15614,15814,16004,16184,17198,17502,17795,18074,16839,16961,17379
"5035","432045","432045 SERIO",2422,2419,2387,2281,2249,2217,2277,2256,2235,2216,2198,2000,1962,1924,1889,1941,1941,2093
"5036","432050","432050 SERTAO",6761,6726,6652,6294,6205,6118,6285,6225,6169,6116,6065,5519,5415,5315,5220,6512,5541,5637
"5037","432055","432055 SERTAO SANTANA",5622,6077,6154,5850,5895,5938,6166,6207,6246,6282,6317,6433,6486,6537,6586,6062,5863,5988
"5038","432057","432057 SETE DE SETEMBRO",2123,2157,2124,2124,2107,2089,2153,2142,2132,2123,2114,1990,1970,1950,1931,1824,1830,1884
"5039","432060","432060 SEVERIANO DE ALMEIDA",3917,3987,3970,3842,3819,3796,3915,3902,3890,3879,3868,3685,3657,3631,3607,3827,3406,3467
"5040","432065","432065 SILVEIRA MARTINS",2723,2542,2538,2449,2425,2416,2495,2491,2487,2484,2481,2394,2384,2374,2365,2070,2028,2060
"5041","432067","432067 SINIMBU",9505,10669,10705,10068,10058,10047,10390,10395,10400,10404,10408,10183,10172,10162,10152,8578,8557,8698
"5042","432070","432070 SOBRADINHO",14563,14675,14743,14283,14317,14348,14861,14904,14944,14982,15018,14927,14967,15005,15041,14209,14226,14512
"5043","432080","432080 SOLEDADE",31081,30932,31026,30044,30069,30092,31150,31207,31261,31313,31361,30967,31002,31035,31067,30060,29991,30936
"5044","432085","432085 TABAI",4165,4269,4335,4131,4175,4217,4385,4424,4460,4494,4526,4667,4719,4769,4816,4552,4461,4565
"5045","432090","432090 TAPEJARA",15751,18699,19146,19250,19640,20017,20905,21224,21525,21809,22077,23651,24111,24552,24973,24539,24557,25201
"5046","432100","432100 TAPERA",11208,10775,10774,10448,10440,10431,10789,10796,10803,10809,10814,10593,10584,10577,10569,10570,10592,10822
"5047","432110","432110 TAPES",18209,17143,17220,16629,16655,16681,17273,17315,17354,17390,17425,17266,17300,17332,17363,14547,14695,14938
"5048","432120","432120 TAQUARA",61635,55270,55475,54643,54783,54918,56896,57072,57238,57396,57544,57292,57466,57584,57740,53164,53240,54360
"5049","432130","432130 TAQUARI",29046,26579,26625,26092,26108,26123,27039,27084,27128,27168,27207,26838,26862,26885,26907,25004,25198,25968
"5050","432132","432132 TAQUARUCU DO SUL",2795,2927,2915,2966,2970,2973,3078,3084,3090,3096,3101,3068,3072,3077,3081,3087,3119,3190
"5051","432135","432135 TAVARES",5568,5293,5271,5351,5352,5353,5539,5547,5554,5561,5567,5479,5481,5483,5484,5554,5212,5319
"5052","432140","432140 TENENTE PORTELA",13207,14273,14251,13719,13672,13625,14075,14056,14039,14023,14008,13538,13485,13434,13385,14494,14497,14811
"5053","432143","432143 TERRA DE AREIA",9282,10232,10392,9878,9976,10070,10467,10553,10634,10711,10783,11088,11204,11315,11323,11122,10334,10569
"5054","432145","432145 TEUTONIA",25326,26670,27216,27272,27743,28198,29411,29802,30170,30518,30846,32676,33232,33766,34275,32776,32797,33963
"5055","432146","432146 TIO HUGO",2377,2705,2729,2724,2746,2767,2874,2893,2912,2930,2946,3004,3030,3055,3078,3422,3267,3352
"5056","432147","432147 TIRADENTES DO SUL",6182,7044,6993,6461,6382,6305,6484,6432,6384,6338,6294,5796,5704,5616,5532,5132,5129,5201
"5057","432149","432149 TOROPI",3161,3146,3129,2952,2934,2916,3007,2997,2988,2978,2970,2827,2806,2772,2753,2546,2554,2598
"5058","432150","432150 TORRES",35525,33686,33943,34656,34946,35227,36595,36859,37107,37342,37564,38386,38732,39064,39381,41709,41751,43268
"5059","432160","432160 TRAMANDAI",40324,42863,44038,41585,42395,43178,45079,45744,46369,46962,47521,50760,51715,52632,53507,51872,54387,56296
"5060","432162","432162 TRAVESSEIRO",2174,2462,2471,2314,2312,2309,2387,2388,2389,2390,2391,2339,2336,2334,2331,2123,2152,2193
"5061","432163","432163 TRES ARROIOS",3021,3088,3081,2855,2833,2812,2898,2885,2873,2862,2851,2693,2668,2643,2620,2589,2591,2638
"5062","432166","432166 TRES CACHOEIRAS",10820,10891,11018,10217,10271,10322,10707,10761,10811,10859,10904,10989,11053,11115,11174,11551,10962,11216
"5063","432170","432170 TRES COROAS",23130,24306,24789,23848,24188,24516,25535,25822,26092,26348,26589,27837,28220,28581,28948,25344,23920,24420
"5064","432180","432180 TRES DE MAIO",24257,23935,23891,23726,23695,23665,24471,24478,24485,24491,24497,23938,23906,23876,23846,25006,24916,25452
"5065","432183","432183 TRES FORQUILHAS",3225,3141,3124,2914,2890,2865,2953,2938,2924,2910,2898,2725,2697,2669,2643,3139,2760,2814
"5066","432185","432185 TRES PALMEIRAS",4278,4486,4470,4381,4363,4345,4487,4478,4471,4464,4457,4291,4271,4251,4232,4707,4716,4826
"5067","432190","432190 TRES PASSOS",22932,24000,23910,23965,23912,23861,24665,24656,24647,24640,24632,23963,23906,23852,23799,25467,25436,26284
"5068","432195","432195 TRINDADE DO SUL",5070,6093,6108,5787,5777,5767,5962,5962,5961,5961,5961,5813,5802,5791,5781,7065,7556,7766
"5069","432200","432200 TRIUNFO",25773,25096,25375,25793,26072,26341,27394,27638,27867,28084,28289,29207,29538,29856,30159,32859,27498,28414
"5070","432210","432210 TUCUNDUVA",5949,6022,5991,5898,5867,5837,6024,6008,5993,5979,5965,5713,5678,5644,5612,5512,5542,5649
"5071","432215","432215 TUNAS",4243,4532,4555,4395,4402,4408,4565,4576,4586,4595,4604,4560,4569,4577,4585,3685,3681,3739
"5072","432218","432218 TUPANCI DO SUL",1452,1777,1780,1573,1562,1550,1598,1591,1584,1578,1573,1486,1472,1459,1447,1371,1374,1398
"5073","432220","432220 TUPANCIRETA",22299,23591,23844,22281,22384,22483,23314,23421,23521,23615,23705,23824,23948,24068,24182,19997,20005,20345
"5074","432225","432225 TUPANDI",3493,3843,3927,3924,3999,4070,4248,4309,4366,4421,4472,4767,4855,4939,5019,4981,5029,5160
"5075","432230","432230 TUPARENDI",9242,8936,8877,8557,8482,8409,8663,8617,8574,8533,8494,7980,7893,7810,7730,8342,8363,8536
"5076","432232","432232 TURUCU",4003,3976,4003,3522,3508,3494,3608,3601,3596,3590,3585,3455,3438,3423,3408,3410,3419,3489
"5077","432234","432234 UBIRETAMA",2488,2474,2465,2296,2267,2239,2302,2283,2265,2248,2232,2049,2015,1983,1952,1994,1994,2028
"5078","432235","432235 UNIAO DA SERRA",1410,1674,1646,1487,1455,1424,1457,1434,1413,1393,1374,1192,1154,1118,1084,1171,1170,1186
"5079","432237","432237 UNISTALDA",2736,2421,2390,2450,2436,2421,2497,2489,2481,2474,2467,2354,2338,2321,2306,2180,1995,2052
"5080","432240","432240 URUGUAIANA",137788,127138,127043,125435,125320,125209,129504,129580,129652,129720,129784,127079,126970,126866,126766,115100,117210,120885
"5081","432250","432250 VACARIA",63001,62370,62832,61342,61650,61947,64252,64564,64857,65135,65397,65846,66218,66575,66916,64033,64197,66110
"5082","432252","432252 VALE VERDE",3326,3363,3388,3253,3269,3283,3404,3420,3434,3448,3461,3479,3497,3515,3531,3137,3150,3214
"5083","432253","432253 VALE DO SOL",10662,11216,11279,11077,11117,11156,11563,11608,11650,11689,11727,11732,11781,11828,11873,9907,9902,10080
"5084","432254","432254 VALE REAL",5115,4971,5029,5118,5178,5236,5447,5499,5548,5594,5638,5842,5913,5981,6046,6152,6058,6213
"5085","432255","432255 VANINI",1939,2032,2049,1984,1992,1999,2071,2080,2087,2094,2101,2104,2113,2122,2130,2004,2004,2047
"5086","432260","432260 VENANCIO AIRES",68304,67136,67684,65946,66308,66658,69154,69521,69859,70179,70481,71117,71554,71973,72373,68420,68763,70805
"5087","432270","432270 VERA CRUZ",24183,23702,23922,23983,24189,24389,25338,25525,25700,25866,26024,26618,26863,27099,27325,26702,26714,27638
"5088","432280","432280 VERANOPOLIS",21636,25521,26124,22810,23067,23315,24252,24476,24686,24885,25073,25936,26241,26533,26813,23878,24021,24540
"5089","432285","432285 VESPASIANO CORREA",2162,1992,1959,1974,1956,1939,1997,1986,1976,1966,1956,1835,1815,1795,1776,1821,1818,1852
"5090","432290","432290 VIADUTOS",5718,5766,5726,5311,5252,5194,5344,5306,5271,5237,5205,4825,4756,4690,4628,4767,4766,4852
"5091","432300","432300 VIAMAO",267188,257844,260744,239384,240302,241190,250028,251033,251978,252872,253717,254101,255224,256302,257330,223679,224124,232113
"5092","432310","432310 VICENTE DUTRA",5705,5642,5593,5285,5221,5158,5305,5264,5224,5187,5152,4745,4670,4599,4530,4660,4665,4747
"5093","432320","432320 VICTOR GRAEFF",3326,3139,3113,3036,3017,2998,3091,3080,3070,3060,3051,2904,2882,2860,2840,2685,2780,2832
"5094","432330","432330 VILA FLORES",3450,3288,3311,3207,3217,3226,3341,3353,3363,3373,3382,3374,3385,3396,3407,3608,3646,3736
"5095","432335","432335 VILA LANGARO",2285,2293,2296,2152,2143,2134,2202,2197,2193,2189,2185,2102,2091,2080,2070,2118,2079,2122
"5096","432340","432340 VILA MARIA",4271,4291,4300,4221,4225,4229,4377,4385,4393,4400,4407,4353,4358,4363,4368,4425,4413,4512
"5097","432345","432345 VILA NOVA DO SUL",4621,4392,4398,4221,4218,4215,4359,4362,4365,4368,4370,4283,4280,4277,4274,3629,3863,3935
"5098","432350","432350 VISTA ALEGRE",2870,2940,2935,2832,2820,2808,2899,2893,2887,2882,2877,2766,2752,2739,2726,2655,2660,2712
"5099","432360","432360 VISTA ALEGRE DO PRATA",1476,1517,1493,1569,1566,1562,1614,1613,1613,1612,1611,1565,1561,1557,1553,1608,1590,1624
"5100","432370","432370 VISTA GAUCHA",2717,2799,2797,2759,2762,2765,2862,2867,2873,2877,2882,2847,2851,2855,2858,2785,2783,2842
"5101","432375","432375 VITORIA DAS MISSOES",3610,3707,3672,3485,3448,3411,3510,3486,3463,3442,3422,3177,3133,3092,3052,3266,3254,3318
"5102","432377","432377 WESTFALIA",2930,2824,2836,2793,2807,2821,2925,2940,2953,2965,2977,2998,3014,3031,3046,3096,3098,3219
"5103","432380","432380 XANGRI-LA",10674,11402,11714,12434,12760,13074,13689,13951,14197,14430,14650,16025,16408,16775,17126,16178,16463,16907
"5104","500020","500020 AGUA CLARA",14822,13623,13881,14424,14686,14939,13938,14210,14474,14734,14992,15257,15522,15776,16025,17072,16741,17647
"5105","500025","500025 ALCINOPOLIS",1598,4440,4509,4569,4638,4704,4883,4961,5038,5114,5188,5268,5343,5417,5489,4670,4537,4648
"5106","500060","500060 AMAMBAI",32492,34501,34985,34730,35133,35523,36686,37144,37590,38030,38465,38958,39396,39826,40247,38251,39325,41414
"5107","500070","500070 ANASTACIO",24633,23012,23044,23835,23940,24041,24534,24642,24748,24852,24954,25128,25135,25237,25336,23338,24114,24741
"5108","500080","500080 ANAURILANDIA",8533,8635,8701,8493,8535,8575,8758,8801,8844,8885,8927,8993,9035,9076,9116,7805,7653,7735
"5109","500085","500085 ANGELICA",6092,7461,7466,9185,9326,9462,9829,9991,10149,10304,10458,10620,10780,10932,11081,10663,10729,11203
"5110","500090","500090 ANTONIO JOAO",8066,8618,8739,8208,8270,8329,8545,8612,8679,8744,8808,8891,8956,9020,9082,8796,9303,9641
"5111","500100","500100 APARECIDA DO TABOADO",21147,20433,20625,22320,22621,22912,23733,24078,24414,24745,25072,25431,25745,26069,26386,27862,27674,29446
"5112","500110","500110 AQUIDAUANA",46925,46266,46530,45614,45781,45943,46830,46998,47162,47323,47482,47784,47871,48029,48184,44437,46803,48561
"5113","500124","500124 ARAL MOREIRA",8051,9535,9678,10251,10420,10583,11014,11209,11399,11586,11771,11963,12149,12332,12511,10670,10748,11085
"5114","500150","500150 BANDEIRANTES",6638,6045,6002,6609,6624,6637,6747,6759,6771,6783,6795,6829,6788,7266,7281,7925,7940,8276
"5115","500190","500190 BATAGUASSU",20238,19295,19595,19839,20119,20389,21142,21463,21775,22084,22389,22717,23024,23325,23620,23837,23031,24004
"5116","500200","500200 BATAYPORA",12882,10870,10889,10936,10960,10983,11167,11188,11208,11228,11248,11305,11329,11349,11368,11231,10712,10953
"5117","500210","500210 BELA VISTA",24003,23562,23722,23181,23290,23395,23888,24002,24113,24223,24331,24508,24629,24735,24842,23594,21613,21965
"5118","500215","500215 BODOQUENA",8578,8401,8386,7985,7956,7928,7979,7938,7898,7859,7820,7817,7875,7838,7802,8944,8567,8849
"5119","500220","500220 BONITO",18160,17786,17851,19587,19789,19985,20597,20825,21047,21267,21483,21738,21976,22190,22401,25185,23659,24761
"5120","500230","500230 BRASILANDIA",13319,12494,12544,11826,11817,11807,11943,11923,11903,11884,11864,11891,11872,11853,11835,11634,11579,11840
"5121","500240","500240 CAARAPO",19187,23437,23693,25767,26156,26532,27554,28001,28437,28867,29292,29743,30174,30593,31005,33471,30612,32406
"5122","500260","500260 CAMAPUA",14407,13562,13531,13625,13617,13609,13770,13751,13731,13712,13694,13727,13711,13693,13675,12428,13583,13920
"5123","500270","500270 CAMPO GRANDE",780593,747189,755104,786797,796252,805397,832352,843120,853622,863982,874210,885711,895982,906092,916001,942140,898100,954537
"5124","500280","500280 CARACOL",5150,5257,5327,5398,5460,5520,5699,5769,5838,5906,5972,6049,6116,6182,6247,5281,5036,5115
"5125","500290","500290 CASSILANDIA",21713,21546,21671,20966,21034,21099,21491,21557,21622,21685,21748,21876,21939,22002,22063,20951,20988,21549
"5126","500295","500295 CHAPADAO DO SUL",16774,16781,17292,19648,20262,20855,21257,21948,22620,23284,23940,24559,25218,25865,26499,30497,30993,33791
"5127","500310","500310 CORGUINHO",3516,4301,4374,4862,4960,5054,5289,5403,5513,5622,5730,5839,5947,6054,6158,6025,4783,4893
"5128","500315","500315 CORONEL SAPUCAIA",13831,14416,14566,14064,14161,14254,14607,14712,14815,14916,15016,15152,15253,15352,15449,13228,14289,14661
"5129","500320","500320 CORUMBA",101902,99196,99475,103703,104318,104912,107347,108010,108656,109294,109899,110806,111435,112058,112669,94874,96268,99107
"5130","500325","500325 COSTA RICA",16659,18884,19228,19695,20027,20348,18835,19175,19508,19835,20159,20496,20823,21142,21456,26187,26037,28163
"5131","500330","500330 COXIM",33791,32767,32932,32159,32259,32355,32948,33045,33139,33231,33323,33516,33543,33459,33547,32302,32151,33390
"5132","500345","500345 DEODAPOLIS",9336,11586,11600,12139,12200,12259,12524,12588,12650,12712,12773,12868,12924,12984,13043,13454,13663,14210
"5133","500348","500348 DOIS IRMAOS DO BURITI",9839,9622,9648,10363,10442,10519,10793,10880,10965,11049,11132,11239,11385,11467,11547,11134,11100,11470
"5134","500350","500350 DOURADINA",4724,5047,5080,5364,5413,5460,5616,5670,5723,5775,5827,5889,5924,5975,6025,5800,5578,5749
"5135","500370","500370 DOURADOS",189590,187601,189762,196035,198422,200729,207498,210218,212870,215486,218069,220965,222949,225495,227990,261019,243367,260640
"5136","500375","500375 ELDORADO",11095,12304,12418,11694,11743,11790,12029,12079,12128,12176,12224,12305,12353,12400,12447,12107,11386,11633
"5137","500380","500380 FATIMA DO SUL",16522,19327,19333,19035,19030,19024,19260,19240,19220,19200,19181,19234,19189,19170,19152,20381,20609,21388
"5138","500390","500390 FIGUEIRAO",2958,3388,3445,2928,2937,2945,2997,3005,3012,3020,3027,3044,3051,3059,3066,3520,3539,3709
"5139","500400","500400 GLORIA DE DOURADOS",8456,9915,9893,9927,9919,9911,10025,10008,9992,9976,9960,9981,9965,9950,9934,9998,10444,10777
"5140","500410","500410 GUIA LOPES DA LAGUNA",12769,10482,10405,10366,10309,10253,10287,10211,10136,10063,9991,9968,9895,9824,9754,9912,9940,10135
"5141","500430","500430 IGUATEMI",15754,15085,15228,14875,14972,15065,15429,15534,15637,15738,15838,15977,16078,16176,16273,13808,13808,14017
"5142","500440","500440 INOCENCIA",8983,7542,7498,7669,7654,7639,7711,7687,7664,7641,7618,7625,7610,7588,7566,8424,8404,8712
"5143","500450","500450 ITAPORA",17987,19187,19388,20865,21159,21442,22231,22568,22896,23220,23539,23886,24839,25162,25478,23818,24137,25075
"5144","500460","500460 ITAQUIRAI",18055,17446,17601,18614,18833,19044,19672,19920,20162,20401,20637,20905,21142,21376,21604,19453,19423,19996
"5145","500470","500470 IVINHEMA",19782,21138,21065,22341,22395,22447,22832,22881,22928,22975,23021,23140,23187,23232,23277,29890,27821,29613
"5146","500480","500480 JAPORA",7520,7608,7745,7731,7854,7972,8288,8429,8567,8702,8836,8976,9110,9243,9372,7966,8148,8409
"5147","500490","500490 JARAGUARI",6156,5745,5779,6341,6415,6485,6696,6779,6860,6940,7019,7108,7187,7265,7342,8819,7139,7425
"5148","500500","500500 JARDIM",25283,24042,24172,24346,24485,24619,25180,25328,25473,25617,25758,25967,26097,26238,26375,26214,23981,24509
"5149","500510","500510 JATEI",3257,3913,3899,4011,4008,4005,4051,4044,4038,4031,4025,4034,4027,4021,4015,3315,3586,3620
"5150","500515","500515 JUTI",4729,5518,5576,5900,5971,6039,6241,6321,6399,6476,6553,6638,6712,6787,6861,6988,6729,7009
"5151","500520","500520 LADARIO",18148,18494,18789,19617,19948,20267,21106,21488,21860,22228,22590,22968,23331,23689,24040,20995,21522,22290
"5152","500525","500525 LAGUNA CARAPA",6298,5989,6036,6491,6565,6636,6851,6935,7017,7097,7177,7267,7341,7419,7496,7090,6799,7012
"5153","500540","500540 MARACAJU",28960,31933,32492,37405,38264,39095,41099,42101,43078,44042,44994,45932,47083,48022,48944,43247,45047,47558
"5154","500560","500560 MIRANDA",25421,24687,24836,25595,25794,25986,26670,26890,27104,27316,27525,27795,28013,28220,28423,24553,25536,26487
"5155","500568","500568 MUNDO NOVO",13770,16441,16510,17043,17149,17251,17658,17773,17884,17994,18103,18256,18366,18473,18578,18738,19193,19937
"5156","500570","500570 NAVIRAI",41761,44828,45630,46424,47174,47899,49827,50692,51535,52367,53188,54051,54878,55689,56484,50868,50457,52707
"5157","500580","500580 NIOAQUE",18517,15649,15694,14391,14338,14287,14379,14305,14233,14162,14092,14085,13930,13862,13794,15255,13220,13412
"5158","500600","500600 NOVA ALVORADA DO SUL",12253,12430,12665,16432,16930,17410,18503,19086,19656,20217,20772,21300,21882,22430,22967,21476,21822,23054
"5159","500620","500620 NOVA ANDRADINA",40088,44971,45915,45585,46369,47126,49104,50010,50893,51764,52625,53517,54374,55224,56057,52221,48563,50610
"5160","500625","500625 NOVO HORIZONTE DO SUL",4561,5074,4932,4940,4827,4718,4581,4442,4306,4173,4041,3947,3814,3684,3556,5278,4721,4811
"5161","500627",NA,NA,NA,NA,NA,NA,NA,4942,5047,5150,5251,5350,5455,5555,5654,5751,5360,5510,5777
"5162","500630","500630 PARANAIBA",39791,40118,40253,40192,40330,40462,41227,41363,41495,41626,41755,42010,42148,42276,42401,40713,40957,42543
"5163","500635","500635 PARANHOS",10840,11437,11555,12350,12514,12673,13123,13311,13494,13674,13852,14048,14228,14404,14576,12926,12921,13323
"5164","500640","500640 PEDRO GOMES",8719,8543,8549,7967,7924,7882,7908,7850,7794,7738,7683,7666,7674,7621,7568,6842,6941,6974
"5165","500660","500660 PONTA PORA",69441,74601,75945,77872,79174,80433,83747,85251,86717,88164,89592,91082,92526,93937,95320,90756,92017,97577
"5166","500690","500690 PORTO MURTINHO",13748,15333,15528,15372,15530,15683,16162,16340,16514,16686,16879,17078,17131,17298,17460,12625,12859,12864
"5167","500710","500710 RIBAS DO RIO PARDO",19530,19780,20074,20946,21271,21584,22429,22803,23167,23526,23881,24258,24615,24966,25310,23085,23150,23996
"5168","500720","500720 RIO BRILHANTE",28316,27435,27905,30663,31279,31875,33362,34078,34776,35465,36144,36830,37514,38186,38844,38362,37601,39936
"5169","500730","500730 RIO NEGRO",5288,5093,5068,5036,5006,4977,4989,4949,4910,4871,4834,4819,4831,4793,4758,4691,4841,4933
"5170","500740","500740 RIO VERDE DE MATO GROSSO",20744,19131,19217,18890,18948,19004,19351,19407,19462,19515,19569,19682,19746,19973,20025,19810,19818,20393
"5171","500750","500750 ROCHEDO",5075,4472,4480,4928,4972,5015,5156,5205,5252,5300,5346,5403,5499,5079,5120,5340,5199,5407
"5172","500755","500755 SANTA RITA DO PARDO",7586,7384,7466,7259,7307,7353,7530,7582,7633,7682,7732,7801,7851,7900,7948,7293,7027,7174
"5173","500769","500769 SAO GABRIEL DO OESTE",20892,21217,21646,22203,22617,23016,24035,24515,24982,25443,25898,26363,26771,27221,27660,31846,29579,31694
"5174","500770","500770 SETE QUEDAS",7483,10962,10959,10780,10769,10757,10876,10854,10832,10811,10790,10812,10791,10771,10751,10994,10994,11301
"5175","500780","500780 SELVIRIA",6182,6608,6657,6287,6303,6318,6427,6441,6455,6469,6482,6515,6529,6542,6555,8000,8142,8593
"5176","500790","500790 SIDROLANDIA",30176,39636,41261,42132,43564,44949,48027,49712,51355,52975,54575,56081,57665,59245,60792,51075,47118,49374
"5177","500793","500793 SONORA",12658,12991,13336,14833,15240,15632,16543,17019,17483,17941,18393,18828,19274,19721,20158,14345,14516,14822
"5178","500795","500795 TACURU",9981,9483,9559,10215,10330,10442,10777,10907,11035,11160,11284,11427,11552,11674,11795,10749,10808,11159
"5179","500797","500797 TAQUARUSSU",2612,3198,3165,3518,3520,3522,3570,3570,3570,3570,3570,3583,3588,3588,3588,3634,3625,3730
"5180","500800","500800 TERENOS",13079,14952,15278,17146,17567,17975,18942,19434,19914,20387,20855,21311,21806,22269,22721,17342,17652,18139
"5181","500830","500830 TRES LAGOAS",88335,88592,89494,101791,103536,105224,109633,111652,113619,115561,117477,119465,121388,123281,125137,132651,132152,141435
"5182","500840","500840 VICENTINA",4495,5787,5781,5901,5911,5920,6013,6020,6027,6034,6041,6067,6102,6109,6115,6264,6336,6476
"5183","510010","510010 ACORIZAL",6247,5679,5660,5516,5493,5471,5431,5396,5362,5301,5269,5424,5399,5334,5309,5509,5014,4990
"5184","510020","510020 AGUA BOA",14884,19777,20279,20856,21325,21778,22549,23057,23551,24032,24501,25229,25721,26204,26679,30795,29219,31314
"5185","510025","510025 ALTA FLORESTA",47324,51136,51414,49164,49332,49494,49761,49877,49991,50082,50189,51615,51782,51959,52105,56461,58613,61291
"5186","510030","510030 ALTO ARAGUAIA",11953,14324,14613,15644,15969,16284,16818,17168,17509,17841,18164,18703,19044,19385,19714,15358,17193,17657
"5187","510035","510035 ALTO BOA VISTA",4763,5269,5473,5247,5403,5553,5809,5980,6146,6308,6466,6659,6822,6936,7092,6551,5715,5875
"5188","510040","510040 ALTO GARCAS",8352,9445,9550,10350,10505,10655,10909,11071,11229,11383,11532,11868,12030,12151,12323,11786,13052,13707
"5189","510050","510050 ALTO PARAGUAI",5266,8361,8329,10066,10180,10290,10476,10592,10704,10814,10921,11238,11356,11473,11587,11178,8009,7717
"5190","510060","510060 ALTO TAQUARI",5720,6321,6495,8072,8349,8615,9070,9376,9674,9963,10246,10557,10847,11133,11413,10729,10904,11571
"5191","510080","510080 APIACAS",6284,8228,8381,8567,8713,8855,9094,9249,9400,9551,9694,9979,10133,10283,10431,9367,8590,8692
"5192","510100","510100 ARAGUAIANA",3461,3038,3003,3197,3180,3163,3133,3108,3083,3059,3036,3119,3100,3109,3064,3689,3795,3950
"5193","510120","510120 ARAGUAINHA",1299,1138,1122,1096,1077,1058,1024,1000,976,953,931,956,935,946,909,998,1010,1006
"5194","510125","510125 ARAPUTANGA",14624,15878,16091,15342,15470,15594,15803,15926,16047,16109,16223,16690,16822,16951,17078,13538,14786,14854
"5195","510130","510130 ARENAPOLIS",9953,10070,9902,10316,10218,10122,9955,9825,9699,9576,9455,9714,9607,9502,9399,10484,10576,10747
"5196","510140","510140 ARIPUANA",20172,19930,20512,18656,19006,19344,19919,20293,20657,21011,21357,21987,22354,22714,23067,24499,24626,26010
"5197","510160","510160 BARAO DE MELGACO",5834,7842,7849,7591,7585,7578,7565,7545,7526,7886,7872,8563,8564,8164,8165,7247,7253,7204
"5198","510170","510170 BARRA DO BUGRES",33559,33724,34348,31793,32134,32464,33022,33365,33700,33334,33644,34619,34966,35307,35642,27586,29403,29576
"5199","510180","510180 BARRA DO GARCAS",57573,54882,55120,56560,56903,57235,57791,58099,58398,58690,58974,60661,61012,61135,61702,68975,69210,72694
"5200","510185","510185 BOM JESUS DO ARAGUAIA",4852,4696,4785,5314,5437,5555,5756,5889,6018,6144,6266,6452,6580,6706,6830,7671,7280,7731
"5201","510190","510190 BRASNORTE",12859,14609,15094,15357,15783,16194,16895,17361,17815,18258,18688,19248,19695,20140,20571,18407,17004,17496
"5202","510250","510250 CACERES",91713,86805,87261,87942,88428,88897,89683,90106,90518,90881,91271,93882,94376,94861,95339,92639,89681,91626
"5203","510260","510260 CAMPINAPOLIS",12931,14137,14301,14305,14450,14590,14827,14971,15112,15252,15386,15830,15980,16919,16223,15203,15347,15713
"5204","510263","510263 CAMPO NOVO DO PARECIS",27905,23230,23785,27577,28340,29078,30335,31171,31985,32778,33551,34558,35360,36143,36917,43785,45899,50033
"5205","510267","510267 CAMPO VERDE",26790,27151,28139,31589,32692,33759,35578,36800,37989,38814,39933,42871,44041,45740,44033,46741,44585,47831
"5206","510268","510268 CAMPOS DE JULIO",4469,5010,5220,5154,5327,5494,5778,5969,6155,6336,6512,6710,6891,7070,7245,9039,8822,9608
"5207","510269","510269 CANABRAVA DO NORTE",6763,5514,5567,4786,4771,4756,4728,4703,4678,4654,4630,4761,4743,4728,4711,4463,4485,4480
"5208","510270","510270 CANARANA",19922,17785,18019,18754,19011,19260,19681,19948,20208,20461,20707,21311,21579,21842,22101,25907,25858,27657
"5209","510279","510279 CARLINDA",8573,12032,12091,10990,10890,10793,10626,10493,10364,10258,10136,10413,10305,10199,10094,10138,10332,10324
"5210","510285","510285 CASTANHEIRA",6789,8040,8059,8231,8265,8298,8353,8379,8405,8429,8454,8695,8729,8749,8782,8863,7506,7459
"5211","510300","510300 CHAPADA DOS GUIMARAES",18267,17978,18189,17821,17980,18133,18393,18548,18699,18906,19049,19588,19752,19453,22521,19728,18990,19374
"5212","510305","510305 CLAUDIA",12419,11032,11149,11028,11122,11213,11366,11457,11546,11632,11716,12052,12149,12245,12338,12118,9593,9436
"5213","510310","510310 COCALINHO",5406,6039,6101,5490,5500,5510,5525,5527,5530,5533,5535,5691,5700,5681,5716,6331,6220,6428
"5214","510320","510320 COLIDER",26540,31744,32096,30766,30975,31176,31515,31707,31895,32120,32298,33224,33438,33649,33855,30768,31370,32010
"5215","510325","510325 COLNIZA",14731,29636,31599,26381,27616,28810,30848,32230,33575,34885,36161,37280,38582,39861,41117,28840,25766,26090
"5216","510330","510330 COMODORO",20224,18623,18970,18178,18419,18651,19045,19294,19536,19702,19932,20513,20763,21008,21249,20283,18238,18461
"5217","510335","510335 CONFRESA",30216,22180,22606,25124,25684,26224,27144,27749,28339,28913,29471,30347,30933,31510,32076,35514,35075,37541
"5218","510336","510336 CONQUISTA D'OESTE",3010,3226,3282,3385,3447,3506,3607,3673,3737,3799,3860,3973,4038,4101,4163,3687,3760,3874
"5219","510337","510337 COTRIGUACU",14075,14406,14967,14983,15455,15912,16689,17209,17716,18209,18689,19254,19750,20238,20717,10735,11011,10398
"5220","510340","510340 CUIABA",551857,544737,550562,551098,556299,561329,569830,575480,580489,585367,590118,607153,612547,618124,623614,694244,650877,682932
"5221","510343","510343 CURVELANDIA",5034,4994,5042,4866,4893,4918,4961,4984,5006,5028,5049,5192,5219,5241,5267,4880,4903,4967
"5222","510345","510345 DENISE",9792,10808,11140,8523,8605,8684,8816,8897,8975,9040,9115,9377,9462,9544,9626,7003,7014,6815
"5223","510350","510350 DIAMANTINO",20772,18966,18988,20341,20475,20605,20822,20945,21064,21180,21294,21904,22041,22178,22311,22284,21941,22479
"5224","510360","510360 DOM AQUINO",8129,8497,8497,8171,8153,8134,8101,8066,8032,8009,7977,8199,8178,8159,8087,8515,7872,7915
"5225","510370","510370 FELIZ NATAL",9982,10769,11172,10933,11253,11562,12088,12440,12782,13127,13451,13857,14192,14522,14847,10551,10521,10564
"5226","510380","510380 FIGUEIROPOLIS D'OESTE",3386,3721,3652,3796,3757,3718,3651,3599,3549,3492,3444,3537,3494,3452,3411,3159,3187,3112
"5227","510385","510385 GAUCHA DO NORTE",5772,6052,6192,6293,6423,6548,6761,6900,7036,7167,7296,7513,7648,7782,7913,7886,8642,9181
"5228","510390","510390 GENERAL CARNEIRO",4385,4969,5036,5027,5080,5130,5215,5267,5318,5286,5333,5487,5540,5592,5726,5200,6037,6250
"5229","510395","510395 GLORIA D'OESTE",2415,3204,3184,3135,3118,3101,3072,3047,3023,2986,2964,3045,3026,3008,2990,3247,2905,2899
"5230","510410","510410 GUARANTA DO NORTE",34640,31801,32142,32216,32525,32823,33326,33632,33929,34218,34500,35497,35816,36130,36439,36190,31024,31328
"5231","510420","510420 GUIRATINGA",10847,14360,14524,13934,14038,14137,14304,14401,14496,14525,14615,15035,15141,15245,15740,12122,10966,10532
"5232","510450","510450 INDIAVAI",2090,2623,2673,2397,2424,2449,2491,2518,2543,2624,2648,2725,2752,2779,2806,1918,2213,2194
"5233","510452","510452 IPIRANGA DO NORTE",2307,4376,4643,5123,5382,5631,6057,6347,6629,6903,7171,7395,7667,7920,8182,7772,7815,8409
"5234","510454","510454 ITANHANGA",4477,4911,5065,5276,5420,5558,5794,5950,6103,6252,6396,6587,6737,6885,7030,6723,7539,8049
"5235","510455","510455 ITAUBA",6593,4701,4582,4575,4483,4393,4238,4124,4013,3905,3800,3901,3802,3704,3609,5273,5020,5161
"5236","510460","510460 ITIQUIRA",10214,12676,13020,11478,11653,11822,12109,12293,12472,12620,12789,13163,13345,13552,13727,11856,12236,12519
"5237","510480","510480 JACIARA",28055,25745,25925,25647,25790,25927,26157,26281,26401,26519,26633,27628,27776,27807,27696,26713,28569,29560
"5238","510490","510490 JANGADA",8749,8345,8465,7696,7740,7781,7851,7889,7925,7961,7996,8366,8409,8451,8420,7237,7426,7447
"5239","510500","510500 JAURU",12698,10972,10746,10455,10255,10062,9728,9482,9241,9003,8776,9006,8793,8582,8377,8323,8367,8076
"5240","510510","510510 JUARA",36987,33040,33246,32791,32948,33100,33353,33483,33610,33731,33851,34815,34974,35121,35275,37369,34906,35899
"5241","510515","510515 JUINA",39752,39582,39707,39255,39351,39442,39592,39640,39688,39734,39779,40905,40997,41101,41190,49530,45869,47800
"5242","510517","510517 JURUENA",6621,9182,9597,11201,11671,12125,12900,13424,13933,14430,14913,15370,15865,16335,16811,9635,10213,10149
"5243","510520","510520 JUSCIMEIRA",13013,12168,12168,11430,11382,11335,11252,11179,11107,11039,10971,11275,11221,11176,11124,10526,11480,11620
"5244","510523","510523 LAMBARI D'OESTE",3365,5026,5065,5431,5492,5550,5647,5708,5767,5831,5887,6059,6121,6186,6246,5860,4790,4724
"5245","510525","510525 LUCAS DO RIO VERDE",30057,32255,33551,45556,47571,49519,52843,55094,57285,59436,61515,63411,65534,67620,69671,83770,83798,92256
"5246","510530","510530 LUCIARA",1989,2472,2467,2224,2204,2184,2148,2121,2094,2068,2043,2099,2077,2058,2036,2163,2509,2591
"5247","510550","510550 VILA BELA DA SANTISSIMA TRINDADE",15188,14362,14521,14493,14634,14770,14999,15138,15274,15406,15534,15983,16128,16271,16412,17435,16774,17384
"5248","510558","510558 MARCELANDIA",19263,14482,14474,12006,11819,11638,11324,11090,10861,10639,10422,10700,10499,10301,10107,13412,11396,11414
"5249","510560","510560 MATUPA",12201,14821,15167,14174,14396,14610,14973,15206,15433,15654,15870,16334,16566,16793,17017,21238,20091,21415
"5250","510562","510562 MIRASSOL D'OESTE",22607,25360,25605,25299,25495,25684,26002,26188,26369,26596,26768,27536,27739,27941,28135,28023,26785,27511
"5251","510590","510590 NOBRES",15724,15296,15323,15002,15003,15004,15002,14980,14959,14938,14917,15338,15336,15334,15332,17118,15492,15753
"5252","510600","510600 NORTELANDIA",4841,6368,6275,6436,6374,6314,6209,6128,6048,5971,5895,6056,5989,5923,5858,5817,5956,5935
"5253","510610","510610 NOSSA SENHORA DO LIVRAMENTO",13541,12766,12820,11609,11579,11550,11497,11444,11393,12518,12484,13231,13216,13104,13093,12455,12940,11658
"5254","510615","510615 NOVA BANDEIRANTES",10230,13425,14079,11643,12004,12352,12946,13343,13729,14106,14473,14909,15288,15685,16052,12365,13635,14160
"5255","510617","510617 NOVA NAZARE",2004,2867,2958,3029,3110,3187,3318,3406,3491,3574,3655,3765,3849,3932,4013,4188,4200,4467
"5256","510618","510618 NOVA LACERDA",4900,5144,5251,5436,5544,5648,5824,5939,6052,6231,6338,6526,6640,6751,6861,6432,6670,6965
"5257","510619","510619 NOVA SANTA HELENA",3736,3453,3468,3468,3487,3505,3534,3550,3566,3581,3596,3699,3718,3737,3755,4281,4239,4431
"5258","510620","510620 NOVA BRASILANDIA",4429,4989,4899,4587,4495,4406,4252,4139,4029,3931,3827,3928,3829,3805,3656,3691,3932,3853
"5259","510621","510621 NOVA CANAA DO NORTE",10934,13087,13236,12127,12174,12220,12295,12330,12365,12355,12388,12739,12787,12831,12876,13791,11707,11771
"5260","510622","510622 NOVA MUTUM",20019,25658,26873,31649,33034,34374,36659,38206,39712,41178,42607,43919,45378,46813,48222,58832,55839,61223
"5261","510623","510623 NOVA OLIMPIA",20372,20330,20945,17515,17771,18018,18437,18704,18965,19218,19465,20034,20301,20563,20820,16147,16352,16314
"5262","510624","510624 NOVA UBIRATA",8070,8125,8373,9218,9492,9757,10207,10508,10801,11074,11352,11694,11982,12298,12492,12936,11530,12108
"5263","510625","510625 NOVA XAVANTINA",17257,19268,19400,19643,19783,19917,20143,20273,20399,20519,20639,21231,21374,20944,21695,26467,24345,25486
"5264","510626","510626 NOVO MUNDO",6735,7015,7218,7332,7512,7685,7979,8174,8364,8549,8730,8990,9178,9363,9545,7383,6520,6444
"5265","510627","510627 NOVO HORIZONTE DO NORTE",2867,3930,3971,3749,3768,3785,3815,3830,3845,3862,3876,3985,4004,4051,4069,4391,3349,3307
"5266","510628","510628 NOVO SAO JOAQUIM",9148,7047,6987,6042,5924,5810,5611,5465,5323,5200,5066,5199,5074,4938,4837,7155,6919,7160
"5267","510629","510629 PARANAITA",8596,11950,12110,10684,10718,10749,10801,10823,10844,10864,10884,11193,11225,11244,11291,13211,11671,11989
"5268","510630","510630 PARANATINGA",15898,20874,21426,19290,19594,19887,20383,20703,21014,21317,21612,22246,22563,22861,23250,26908,26423,28228
"5269","510631","510631 NOVO SANTO ANTONIO",1159,2221,2331,2005,2068,2129,2232,2301,2369,2434,2498,2574,2640,2705,2769,2106,2015,2040
"5270","510637","510637 PEDRA PRETA",15639,16208,16461,15755,15920,16079,16348,16513,16674,16811,16965,17456,17626,17446,17547,19559,18066,18722
"5271","510642","510642 PEIXOTO DE AZEVEDO",16745,29995,30363,30812,31170,31516,32100,32464,32818,33296,33630,34607,34976,35338,35695,34493,32714,33599
"5272","510645","510645 PLANALTO DA SERRA",2974,2807,2786,2726,2715,2703,2683,2665,2647,2620,2604,2676,2662,2649,2637,3164,3166,3287
"5273","510650","510650 POCONE",31551,32059,32164,31779,31857,31931,32053,32092,32131,32205,32241,32768,32843,33315,33386,30278,31217,31269
"5274","510665","510665 PONTAL DO ARAGUAIA",4657,5178,5323,5395,5523,5646,5855,5993,6128,6259,6387,6578,6711,6843,6972,7554,6932,7299
"5275","510670","510670 PONTE BRANCA",1916,1831,1816,1768,1744,1720,1679,1648,1618,1588,1560,1602,1576,1550,1525,1887,2008,2076
"5276","510675","510675 PONTES E LACERDA",43217,39071,39227,41408,41741,42063,42605,42924,43235,43538,43832,45093,45436,45774,46105,55050,52018,54795
"5277","510677","510677 PORTO ALEGRE DO NORTE",9589,9979,10103,10748,10912,11069,11336,11508,11674,11837,11995,12347,12517,12685,12849,10752,12127,12524
"5278","510680","510680 PORTO DOS GAUCHOS",6693,6321,6383,5449,5433,5417,5389,5361,5334,5308,5283,5429,5410,5363,5344,6325,5593,5690
"5279","510682","510682 PORTO ESPERIDIAO",11200,9871,9850,11031,11111,11188,11317,11392,11464,11535,11603,11935,12017,12097,12176,10781,10204,10167
"5280","510685","510685 PORTO ESTRELA",4005,4093,4032,3649,3568,3490,3354,3255,3158,3064,2973,3050,2963,2877,2794,3208,3224,3181
"5281","510700","510700 POXOREO",16759,17985,17758,17599,17413,17232,16919,16677,16441,16209,15985,16421,16219,15916,15936,20970,23283,24587
"5282","510704","510704 PRIMAVERA DO LESTE",63115,46311,46931,52066,53004,53910,55451,56450,57423,58370,59293,61038,62019,63092,63876,93263,85146,92927
"5283","510706","510706 QUERENCIA",10902,11179,11572,13033,13476,13903,14631,15121,15597,16061,16512,17014,17479,17937,18386,29280,26769,29820
"5284","510710","510710 SAO JOSE DOS QUATRO MARCOS",17719,19527,19494,18998,18945,18894,18801,18710,18622,18536,18452,18967,18906,18846,18788,16979,17849,17830
"5285","510715","510715 RESERVA DO CABACAL",1567,2584,2606,2572,2584,2595,2612,2621,2630,2638,2646,2721,2732,2743,2754,2046,2122,2062
"5286","510718","510718 RIBEIRAO CASCALHEIRA",7751,9006,9170,8881,9002,9118,9316,9440,9562,9681,9796,10081,10206,10329,10450,9959,10089,10431
"5287","510719","510719 RIBEIRAOZINHO",2448,2176,2196,2199,2216,2233,2259,2275,2290,2306,2320,2388,2405,2422,2439,2484,2593,2697
"5288","510720","510720 RIO BRANCO",4544,5201,5212,5070,5069,5067,5063,5054,5044,5028,5019,5159,5156,5150,5147,4721,4535,4489
"5289","510724","510724 SANTA CARMEM",4534,4486,4575,4085,4123,4159,4219,4256,4292,4326,4360,4486,4525,4563,4600,5427,5374,5677
"5290","510726","510726 SANTO AFONSO",2052,2939,2942,2991,3001,3010,3025,3032,3038,3044,3050,3136,3146,3155,3164,2731,2519,2460
"5291","510729","510729 SAO JOSE DO POVO",3151,3417,3452,3592,3634,3673,3741,3782,3823,3869,3908,4021,4063,4450,4102,2781,2875,2780
"5292","510730","510730 SAO JOSE DO RIO CLARO",14691,18102,18636,17124,17461,17786,18339,18701,19052,19395,19728,20312,20664,21011,21351,14950,14911,14662
"5293","510735","510735 SAO JOSE DO XINGU",7311,4285,4224,5240,5266,5291,5333,5354,5375,5396,5416,5569,5595,5620,5646,7039,5964,6168
"5294","510740","510740 SAO PEDRO DA CIPA",3660,4175,4234,4158,4209,4259,4341,4393,4444,4493,4541,4674,4727,4771,4823,4122,4191,4247
"5295","510757","510757 RONDOLANDIA",4523,3457,3478,3604,3638,3671,3726,3759,3792,3823,3854,3966,4001,4036,4069,3423,3505,3527
"5296","510760","510760 RONDONOPOLIS",172775,179094,181904,195476,198950,202309,208019,211718,215320,218899,222316,228857,232491,236042,239613,253388,244911,259167
"5297","510770","510770 ROSARIO OESTE",17530,18531,18494,17679,17601,17526,17393,17275,17161,17016,16908,17237,17151,17054,16999,16127,15453,15236
"5298","510774","510774 SANTA CRUZ DO XINGU",1546,2236,2354,1900,1967,2031,2139,2213,2284,2353,2421,2495,2564,2633,2700,2340,2661,2834
"5299","510775","510775 SALTO DO CEU",2472,3698,3580,3908,3842,3777,3666,3583,3502,3423,3347,3437,3365,3295,3226,4401,3679,3679
"5300","510776","510776 SANTA RITA DO TRIVELATO",1840,2615,2755,2491,2585,2676,2831,2935,3036,3135,3231,3330,3429,3506,3602,3371,3276,3463
"5301","510777","510777 SANTA TEREZINHA",6838,7564,7687,7397,7484,7568,7709,7798,7883,7967,8049,8281,8371,8460,8547,7591,7596,7720
"5302","510779","510779 SANTO ANTONIO DO LESTE",2264,3418,3585,3754,3898,4038,4275,4435,4591,4728,4875,5023,5174,5334,5459,4340,4099,4212
"5303","510780","510780 SANTO ANTONIO DO LEVERGER",15479,19964,20410,18463,18696,18921,19302,19030,19257,18186,18392,16433,16628,16999,17188,13739,15246,16795
"5304","510785","510785 SAO FELIX DO ARAGUAIA",9196,11097,11258,10625,10716,10804,10951,11039,11125,11209,11290,11615,11708,11843,11934,11384,13621,14332
"5305","510787","510787 SAPEZAL",13380,15014,15735,18094,18880,19639,20934,21811,22665,23496,24305,25054,25881,26688,27485,29240,28944,31499
"5306","510788","510788 SERRA NOVA DOURADA",1395,1407,1454,1365,1393,1419,1463,1492,1520,1548,1575,1622,1650,1678,1705,1792,1800,1901
"5307","510790","510790 SINOP",108209,110513,114053,113099,116014,118833,123634,126817,129916,132934,135874,139935,142996,146005,148960,199698,196312,216029
"5308","510792","510792 SORRISO",52883,57799,60029,66521,68894,71190,75104,77735,80298,82792,85223,87815,90313,92769,94941,117605,110635,120985
"5309","510794","510794 TABAPORA",17919,10776,10760,9932,9863,9795,9678,9582,9489,9398,9309,9565,9489,9429,9357,11280,9818,9908
"5310","510795","510795 TANGARA DA SERRA",74345,79870,81957,83431,85319,87145,90252,92298,94289,96932,98828,101764,103750,105711,107631,100784,106434,112547
"5311","510800","510800 TAPURAH",7992,11020,11514,10392,10723,11042,11586,11950,12305,12632,12967,13359,13705,14046,14380,15030,14370,15272
"5312","510805","510805 TERRA NOVA DO NORTE",11183,15063,15192,11291,11107,10929,10621,10391,10167,9816,9606,9862,9667,9473,9284,10760,10616,10641
"5313","510810","510810 TESOURO",1927,3200,3210,3418,3436,3454,3482,3498,3513,3666,3682,3786,3805,3824,3761,3119,3025,2977
"5314","510820","510820 TORIXOREU",4097,4184,4124,4071,4013,3957,3859,3785,3713,3644,3576,3672,3609,3547,3487,3926,4164,4230
"5315","510830","510830 UNIAO DO SUL",6080,4106,4093,3760,3727,3695,3639,3594,3551,3509,3468,3562,3525,3490,3455,3947,3838,3897
"5316","510835","510835 VALE DE SAO DOMINGOS",3402,2955,2956,3052,3052,3052,3050,3045,3040,3047,3041,3128,3127,3126,3124,2754,2904,2907
"5317","510840","510840 VARZEA GRANDE",260690,237925,240038,252596,255449,258208,262880,265775,268594,271339,274013,282009,284971,287526,290383,315711,300078,314627
"5318","510850","510850 VERA",11870,9468,9502,10235,10326,10414,10561,10650,10736,10820,10901,11216,11309,11402,11731,13876,12800,13389
"5319","510860","510860 VILA RICA",20790,19672,20076,21382,21828,22258,22990,23469,23937,24392,24835,25570,26037,26496,26946,20077,19888,19827
"5320","510880","510880 NOVA GUARITA",5468,4980,4895,4932,4877,4824,4731,4660,4590,4523,4457,4578,4519,4464,4407,5027,4590,4579
"5321","510885","510885 NOVA MARILANDIA",2935,2369,2349,2951,2980,3007,3052,3080,3107,3133,3159,3249,3278,3304,3332,3624,3529,3678
"5322","510890","510890 NOVA MARINGA",4221,5803,5990,6590,6793,6989,7323,7546,7764,7975,8182,8428,8641,8850,9056,5810,5846,5775
"5323","510895","510895 NOVA MONTE VERDE",9197,8443,8601,8093,8191,8285,8444,8543,8640,8730,8822,9078,9178,9277,9375,8931,8313,8451
"5324","520005","520005 ABADIA DE GOIAS",6769,6182,6302,6876,7023,7164,7567,7733,7895,8053,8207,8583,8773,8958,9158,19141,19128,21165
"5325","520010","520010 ABADIANIA",13197,13209,13390,15757,16088,16408,17326,17701,18069,18427,18775,19614,20042,20461,20873,15498,17232,17638
"5326","520013","520013 ACREUNA",21916,19173,19244,20279,20431,20578,21366,21549,21730,21905,22076,22182,22366,22546,22710,20506,21568,21995
"5327","520015","520015 ADELANDIA",2567,2596,2620,2477,2479,2480,2550,2554,2557,2561,2564,2517,2516,2516,2515,2393,2297,2297
"5328","520017","520017 AGUA FRIA DE GOIAS",4890,5243,5325,5090,5138,5184,5395,5451,5507,5560,5613,5676,5735,5793,5843,5546,4954,4991
"5329","520020","520020 AGUA LIMPA",2423,2121,2107,2013,1999,1985,2021,2007,1993,1980,1967,1872,1850,1830,1809,1853,1858,1856
"5330","520025","520025 AGUAS LINDAS DE GOIAS",178461,139804,143178,159378,163495,167477,177890,182526,187072,191499,195810,207070,212440,217698,222850,208892,225693,240613
"5331","520030","520030 ALEXANIA",23081,20661,20708,23814,24104,24383,25468,25805,26135,26457,26770,27288,27653,28010,28360,28690,27008,28009
"5332","520050","520050 ALOANDIA",2240,2121,2108,2051,2046,2040,2089,2084,2079,2075,2071,2005,1995,1986,1976,1891,1973,1984
"5333","520055","520055 ALTO HORIZONTE",2930,3318,3397,4505,4654,4799,5140,5307,5470,5629,5784,6218,6414,6605,6796,6061,6072,6375
"5334","520060","520060 ALTO PARAISO DE GOIAS",7878,6913,6982,6885,6939,6992,7262,7328,7391,7454,7514,7558,7624,7688,7751,10414,10306,10936
"5335","520080","520080 ALVORADA DO NORTE",7700,8570,8667,8084,8125,8164,8448,8499,8549,8598,8645,8614,8660,8705,8749,8412,8446,8597
"5336","520082","520082 AMARALINA",3129,3662,3722,3434,3462,3489,3625,3658,3691,3723,3754,3778,3812,3845,3875,3796,3268,3281
"5337","520085","520085 AMERICANO DO BRASIL",4996,4811,4802,5508,5553,5595,5813,5866,5918,5969,6018,6057,6111,6164,6220,4937,5259,5281
"5338","520090","520090 AMORINOPOLIS",3906,3549,3480,3609,3568,3529,3570,3528,3487,3447,3408,3185,3126,3069,3011,2982,3007,2952
"5339","520110","520110 ANAPOLIS",324159,331329,335956,334613,338545,342347,357402,361991,366491,370875,375142,381970,386923,391772,396526,393417,398869,415847
"5340","520120","520120 ANHANGUERA",915,1007,1028,1020,1030,1039,1082,1093,1104,1115,1126,1137,1149,1160,1171,927,924,921
"5341","520130","520130 ANICUNS",19219,18110,18033,20239,20353,20464,21195,21338,21478,21614,21746,21717,21850,21981,22113,19762,18503,18443
"5342","520140","520140 APARECIDA DE GOIANIA",470731,494919,510770,455657,465093,474219,500619,511323,521910,532135,542090,565957,578179,590146,601844,500760,527796,550925
"5343","520145","520145 APARECIDA DO RIO DOCE",2848,2830,2870,2427,2429,2431,2501,2505,2510,2514,2517,2474,2474,2474,2474,2918,2907,3012
"5344","520150","520150 APORE",3521,3684,3706,3803,3832,3860,4008,4043,4077,4110,4143,4163,4198,4232,4266,4067,4325,4452
"5345","520160","520160 ARACU",4492,3966,3950,3802,3778,3753,3823,3800,3776,3753,3731,3560,3522,3486,3450,3859,3799,3842
"5346","520170","520170 ARAGARCAS",19020,17777,17884,18305,18437,18564,19267,19426,19583,19736,19884,19959,20118,20273,20410,18096,18390,18604
"5347","520180","520180 ARAGOIANIA",7912,7589,7707,8365,8514,8659,9108,9278,9444,9607,9765,10116,10308,10496,10680,11614,11890,12554
"5348","520215","520215 ARAGUAPAZ",7263,7742,7775,7510,7526,7541,7772,7795,7818,7841,7862,7756,7770,7783,7795,6986,7153,7182
"5349","520235","520235 ARENOPOLIS",3874,3532,3486,3277,3222,3168,3180,3122,3066,3011,2957,2689,2612,2536,2462,2964,2946,2930
"5350","520250","520250 ARUANA",5252,6879,7056,7496,7681,7859,8335,8542,8746,8945,9138,9635,9875,10110,10340,8139,8300,8515
"5351","520260","520260 AURILANDIA",4207,3761,3704,3650,3606,3562,3599,3553,3508,3465,3422,3184,3120,3058,3000,3390,3284,3266
"5352","520280","520280 AVELINOPOLIS",2643,2431,2418,2450,2446,2442,2504,2501,2499,2496,2494,2425,2417,2409,2401,2470,2868,2963
"5353","520310","520310 BALIZA",690,3551,3663,3714,3825,3933,4197,4321,4443,4562,4677,4992,5138,5280,5418,3342,3351,3335
"5354","520320","520320 BARRO ALTO",5403,6676,6710,8716,8906,9089,9606,9820,10031,10235,10435,10922,11167,11408,11643,11252,10371,10738
"5355","520330","520330 BELA VISTA DE GOIAS",22465,21466,21677,24554,24965,25361,26642,27112,27628,28077,28514,29448,29975,30492,31004,33912,34445,36583
"5356","520340","520340 BOM JARDIM DE GOIAS",8129,8679,8734,8423,8451,8477,8752,8790,8826,8862,8896,8813,8841,8869,8912,7676,7826,7824
"5357","520350","520350 BOM JESUS DE GOIAS",18302,20668,21105,20727,21071,21402,22479,22872,23257,23632,23998,24776,25216,25648,26069,22320,23958,24701
"5358","520355","520355 BONFINOPOLIS",7081,7157,7334,7536,7704,7866,8319,8508,8694,8876,9052,9488,9706,9919,10120,10300,10296,10828
"5359","520357","520357 BONOPOLIS",2558,3340,3412,3503,3573,3640,3838,3916,3994,4069,4143,4316,4405,4493,4579,3171,3299,3306
"5360","520360","520360 BRAZABRANTES",3145,3294,3341,3232,3268,3302,3444,3485,3526,3565,3604,3659,3703,3746,3812,3981,3992,4149
"5361","520380","520380 BRITANIA",5775,5203,5191,5509,5527,5544,5724,5748,5772,5795,5817,5761,5779,5797,5815,6008,5695,5788
"5362","520390","520390 BURITI ALEGRE",8709,8485,8471,9054,9080,9105,9395,9431,9467,9501,9535,9433,9459,9484,9515,10892,10495,10831
"5363","520393","520393 BURITI DE GOIAS",3178,2248,2195,2560,2553,2546,2606,2600,2595,2589,2583,2501,2488,2476,2464,2720,2732,2789
"5364","520396","520396 BURITINOPOLIS",3669,3558,3564,3321,3317,3312,3398,3396,3394,3391,3389,3302,3292,3283,3272,3110,3145,3154
"5365","520400","520400 CABECEIRAS",7010,6796,6778,7354,7400,7444,7717,7773,7829,7882,7935,7939,7993,8046,8098,7342,7560,7678
"5366","520410","520410 CACHOEIRA ALTA",8686,8280,8228,10553,10700,10841,11348,11517,11683,11844,12002,12297,12484,12666,12843,12488,11513,11789
"5367","520420","520420 CACHOEIRA DE GOIAS",1548,1441,1432,1417,1411,1405,1436,1430,1425,1419,1414,1361,1351,1342,1336,1384,1405,1419
"5368","520425","520425 CACHOEIRA DOURADA",8540,7666,7570,8254,8234,8214,8414,8399,8384,8369,8355,8102,8067,8031,7997,7566,7782,7801
"5369","520430","520430 CACU",10008,11281,11345,13283,13491,13692,14364,14603,14837,15065,15287,15743,16009,16270,16525,15049,13774,14006
"5370","520440","520440 CAIAPONIA",15321,16397,16560,16757,16917,17072,17773,17962,18148,18329,18505,18715,18913,19107,19304,17108,16513,16655
"5371","520450","520450 CALDAS NOVAS",71357,65970,67589,70473,72071,73616,77899,79705,81477,83220,84900,89087,91162,93196,95183,93483,98622,104788
"5372","520455","520455 CALDAZINHA",3641,3299,3337,3325,3361,3396,3540,3582,3624,3664,3703,3759,3804,3848,3900,4450,4507,4735
"5373","520460","520460 CAMPESTRE DE GOIAS",3891,3554,3588,3387,3404,3421,3539,3560,3581,3602,3622,3610,3630,3649,3662,3735,3755,3854
"5374","520465","520465 CAMPINACU",3043,3892,3908,3656,3653,3649,3745,3744,3743,3741,3740,3649,3640,3632,3628,3707,3708,3758
"5375","520470","520470 CAMPINORTE",10828,10010,10036,11111,11224,11333,11807,11940,12071,12198,12321,12486,12626,12764,12880,13016,12510,12879
"5376","520480","520480 CAMPO ALEGRE DE GOIAS",4529,6127,6286,6060,6178,6292,6631,6765,6896,7024,7149,7437,7589,7738,7884,7424,7422,7711
"5377","520485","520485 CAMPO LIMPO DE GOIAS",5366,5903,6005,6241,6361,6476,6821,6957,7090,7219,7345,7636,7789,7940,8087,8081,8081,8449
"5378","520490","520490 CAMPOS BELOS",18996,18984,19168,18410,18515,18616,19282,19412,19540,19665,19786,19764,19887,20007,20124,18357,18108,18258
"5379","520495","520495 CAMPOS VERDES",751,6281,6099,5020,4787,4562,4365,4115,3870,3631,3399,2459,2141,1830,1526,4446,4005,3899
"5380","520500","520500 CARMO DO RIO VERDE",7363,9333,9482,8928,9014,9097,9470,9571,9671,9767,9862,9976,10082,10186,10299,9484,9710,9937
"5381","520505","520505 CASTELANDIA",4544,3590,3555,3638,3620,3602,3676,3659,3642,3626,3610,3464,3435,3407,3380,2978,2985,2921
"5382","520510","520510 CATALAO",72775,79618,81112,86647,88354,90004,94896,96836,98737,100590,102393,106618,108823,110983,113091,110612,114427,120789
"5383","520520","520520 CATURAI",4497,4639,4669,4686,4714,4740,4910,4944,4977,5010,5041,5038,5070,5101,5132,5259,5184,5318
"5384","520530","520530 CAVALCANTE",10000,10290,10401,9392,9411,9429,9719,9747,9775,9803,9829,9693,9709,9725,9740,10991,9583,9721
"5385","520540","520540 CERES",18891,19114,19070,20722,20825,20924,21652,21782,21909,22034,22155,22074,22191,22306,22407,21633,22046,22484
"5386","520545","520545 CEZARINA",7173,7715,7832,7545,7625,7701,8026,8119,8210,8299,8386,8507,8606,8703,8794,7722,8090,8265
"5387","520547","520547 CHAPADAO DO CEU",5572,5673,5863,7001,7249,7488,8042,8318,8589,8853,9110,9842,10167,10486,10797,13250,12870,13897
"5388","520549","520549 CIDADE OCIDENTAL",50049,51303,52379,55915,57108,58262,61552,62903,64229,65520,66777,69829,71376,72890,74370,84581,91767,98963
"5389","520551","520551 COCALZINHO DE GOIAS",18251,15246,15299,17407,17621,17827,18623,18871,19115,19352,19583,19971,20240,20504,20771,24018,25016,26638
"5390","520552","520552 COLINAS DO SUL",3906,3999,4029,3523,3510,3496,3575,3563,3551,3540,3529,3404,3382,3360,3339,3967,4030,4153
"5391","520570","520570 CORREGO DO OURO",2700,2666,2616,2632,2606,2581,2616,2590,2564,2539,2514,2364,2327,2290,2254,2424,2454,2456
"5392","520580","520580 CORUMBA DE GOIAS",9998,9408,9379,10361,10414,10464,10829,10896,10961,11024,11086,11050,11110,11169,11223,9801,10562,10714
"5393","520590","520590 CORUMBAIBA",7613,8447,8612,8181,8299,8412,8809,8945,9077,9206,9332,9574,9723,9869,10012,8739,9164,9416
"5394","520620","520620 CRISTALINA",41924,38125,38505,46580,47537,48463,51149,52235,53300,54337,55347,57759,58997,60210,61385,58940,62337,65705
"5395","520630","520630 CRISTIANOPOLIS",3386,3153,3173,2932,2933,2934,3016,3020,3023,3026,3029,2968,2966,2964,2962,3682,3504,3630
"5396","520640","520640 CRIXAS",10795,14986,15009,15760,15844,15925,16487,16592,16695,16795,16893,16852,16949,17044,17136,20227,17065,17445
"5397","520650","520650 CROMINIA",3880,3725,3737,3555,3547,3540,3627,3622,3616,3611,3606,3500,3486,3472,3458,3926,3883,3977
"5398","520660","520660 CUMARI",3301,3143,3146,2964,2954,2943,3010,3001,2992,2983,2975,2871,2854,2837,2820,2915,2927,2955
"5399","520670","520670 DAMIANOPOLIS",2990,3646,3677,3292,3292,3291,3381,3383,3385,3387,3389,3315,3311,3306,3302,3790,3770,3884
"5400","520680","520680 DAMOLANDIA",2571,2789,2807,2747,2761,2774,2869,2886,2903,2919,2935,2923,2938,2953,2944,2724,2724,2755
"5401","520690","520690 DAVINOPOLIS",2025,2073,2061,2056,2058,2060,2119,2123,2126,2130,2133,2094,2094,2094,2094,1798,1902,1901
"5402","520710","520710 DIORAMA",2384,2269,2255,2479,2478,2477,2544,2545,2545,2546,2547,2488,2484,2479,2477,2071,2062,2023
"5403","520725","520725 DOVERLANDIA",7144,8576,8570,7892,7841,7792,7938,7890,7842,7795,7750,7398,7322,7247,7174,6853,6956,6895
"5404","520735","520735 EDEALINA",3600,3822,3828,3733,3728,3723,3819,3816,3814,3811,3809,3710,3699,3688,3678,3900,4001,4087
"5405","520740","520740 EDEIA",11256,10577,10606,11266,11347,11424,11854,11952,12047,12140,12231,12276,12372,12467,12559,12666,11747,11953
"5406","520750","520750 ESTRELA DO NORTE",3398,3242,3232,3320,3315,3309,3393,3389,3386,3382,3379,3286,3275,3264,3253,3186,3205,3224
"5407","520753","520753 FAINA",6929,7063,7025,6983,6950,6918,7064,7034,7004,6975,6947,6678,6627,6576,6527,7054,7070,7164
"5408","520760","520760 FAZENDA NOVA",7035,6469,6405,6322,6263,6206,6298,6239,6181,6125,6070,5722,5637,5553,5471,5871,5877,5878
"5409","520780","520780 FIRMINOPOLIS",10036,10664,10733,11580,11709,11833,12342,12492,12640,12783,12923,13131,13292,13449,13604,9904,10419,10365
"5410","520790","520790 FLORES DE GOIAS",9590,11122,11477,12066,12416,12754,13596,13988,14372,14747,15111,16100,16557,17005,17415,11627,13744,14156
"5411","520800","520800 FORMOSA",94403,94717,96285,100085,101731,103322,108503,110388,112236,114036,115789,119506,121617,123684,125705,112542,115901,120478
"5412","520810","520810 FORMOSO",5102,5356,5326,4883,4829,4777,4835,4780,4726,4674,4623,4325,4248,4172,4098,4658,4660,4681
"5413","520815","520815 GAMELEIRA DE GOIAS",2850,3492,3586,3275,3328,3378,3545,3605,3664,3721,3777,3753,3818,3880,3923,3450,3456,3542
"5414","520830","520830 DIVINOPOLIS DE GOIAS",5307,5537,5572,4962,4946,4931,5046,5032,5020,5007,4995,4830,4804,4778,4701,4441,4457,4440
"5415","520840","520840 GOIANAPOLIS",13593,11580,11665,10695,10697,10699,11001,11013,11024,11460,11471,11239,11231,11224,11217,14036,13967,14555
"5416","520850","520850 GOIANDIRA",4620,5074,5081,5265,5288,5310,5491,5520,5549,5578,5605,5574,5600,5625,5650,5023,4973,4986
"5417","520860","520860 GOIANESIA",53948,56169,56834,59549,60347,61118,63938,64861,65767,66649,67507,69072,70084,71075,72045,73201,73707,77014
"5418","520870","520870 GOIANIA",1239651,1265394,1281973,1302001,1318149,1333767,1393575,1412364,1430697,1448639,1466105,1495705,1516113,1536097,1555626,1414483,1437366,1494599
"5419","520880","520880 GOIANIRA",25364,25647,26337,34060,34852,35617,37713,38607,39484,40338,41169,43260,44289,45296,46278,69511,71916,78754
"5420","520890","520890 GOIAS",26557,24859,24603,24727,24544,24366,24793,24615,24439,24269,24103,22916,22645,22381,22122,23485,24071,24233
"5421","520910","520910 GOIATUBA",32208,32220,32302,32492,32597,32698,33759,33902,34043,34179,34312,33986,34095,34202,34307,36936,35664,36777
"5422","520915","520915 GOUVELANDIA",3895,4721,4790,4949,5022,5091,5334,5417,5499,5578,5656,5806,5898,5988,6076,5127,4390,4356
"5423","520920","520920 GUAPO",15679,13974,13971,13976,13985,13994,14397,14419,14441,14462,14482,14211,14209,14207,14206,17463,19545,20588
"5424","520929","520929 GUARAITA",2847,2411,2373,2376,2344,2313,2333,2300,2268,2237,2206,2041,1996,1951,1905,2169,2188,2185
"5425","520940","520940 GUARANI DE GOIAS",3879,4151,4095,4258,4226,4195,4267,4235,4204,4174,4145,3940,3893,3846,3801,4024,4085,4106
"5426","520945","520945 GUARINOS",2103,2424,2370,2299,2258,2217,2221,2177,2134,2093,2052,1852,1794,1737,1681,2167,2161,2165
"5427","520960","520960 HEITORAI",3807,3684,3705,3571,3581,3591,3704,3718,3731,3744,3757,3714,3724,3733,3742,3146,3354,3360
"5428","520970","520970 HIDROLANDIA",15500,14577,14719,17398,17729,18050,19015,19392,19761,20121,20472,21278,21706,22124,22533,27530,27742,29827
"5429","520980","520980 HIDROLINA",4190,4231,4190,4029,3990,3951,4006,3966,3927,3889,3852,3622,3564,3508,3450,4848,3545,3514
"5430","520990","520990 IACIARA",11920,12672,12852,12427,12540,12648,13159,13292,13423,13551,13675,13808,13947,14082,14215,11462,10584,10430
"5431","520993","520993 INACIOLANDIA",5480,5887,5952,5699,5735,5769,5979,6023,6066,6107,6148,6152,6194,6235,6275,5958,5954,6061
"5432","520995","520995 INDIARA",13498,13230,13360,13687,13831,13970,14560,14729,14895,15056,15213,15431,15611,15787,15962,16829,17061,17747
"5433","521000","521000 INHUMAS",48599,46555,46788,48246,48580,48903,50736,51144,51543,51932,52311,52465,52866,53259,53655,53315,52204,53629
"5434","521010","521010 IPAMERI",24189,23911,24023,24735,24897,25054,25980,26178,26373,26563,26747,26792,26985,27174,27365,24617,25548,26163
"5435","521015","521015 IPIRANGA DE GOIAS",2747,2900,2907,2844,2846,2848,2930,2935,2940,2944,2948,2893,2893,2893,2892,2907,2919,2964
"5436","521020","521020 IPORA",32673,32002,32037,31274,31273,31271,32143,32169,32194,32218,32242,31563,31531,31499,31471,35284,35684,36983
"5437","521030","521030 ISRAELANDIA",2707,2891,2876,2887,2879,2870,2938,2930,2923,2916,2910,2815,2800,2786,2772,2543,2560,2540
"5438","521040","521040 ITABERAI",30454,31965,32356,35371,35947,36503,38324,38983,39629,40259,40872,42163,42900,43622,44329,47016,44734,46943
"5439","521056","521056 ITAGUARI",4644,4369,4359,4513,4523,4533,4673,4688,4703,4717,4730,4668,4676,4685,4684,4939,4963,5088
"5440","521060","521060 ITAGUARU",5058,5605,5589,5437,5418,5398,5521,5504,5488,5472,5456,5269,5237,5206,5184,4906,4904,4880
"5441","521080","521080 ITAJA",5963,5544,5520,5062,5017,4973,5050,5005,4961,4918,4876,4605,4539,4475,4412,4468,4380,4328
"5442","521090","521090 ITAPACI",15021,16806,17086,18458,18806,19142,20161,20557,20945,21323,21691,22533,22981,23421,23850,21547,21087,21708
"5443","521100","521100 ITAPIRAPUA",12393,8084,7790,7835,7604,7379,7264,7017,6776,6541,6312,5316,4997,4685,4380,7987,8007,8125
"5444","521120","521120 ITAPURANGA",25254,25337,25172,26125,26078,26033,26695,26667,26639,26612,26586,25856,25768,25681,25597,28522,26113,26574
"5445","521130","521130 ITARUMA",5097,5491,5490,6300,6366,6429,6700,6777,6853,6927,6998,7097,7178,7259,7337,7029,6101,6142
"5446","521140","521140 ITAUCU",7938,9046,9115,8575,8598,8620,8893,8925,8957,8988,9019,8916,8938,8960,8968,8693,7736,7701
"5447","521150","521150 ITUMBIARA",87262,91843,92831,92883,93763,94613,98484,99526,100548,101544,102513,103652,104742,105809,106845,113838,107970,112289
"5448","521160","521160 IVOLANDIA",2987,2764,2740,2663,2638,2614,2651,2626,2601,2577,2554,2406,2370,2334,2295,2664,2693,2729
"5449","521170","521170 JANDAIA",6233,6578,6600,6164,6151,6138,6291,6281,6272,6263,6254,6073,6048,6025,6001,6273,6272,6360
"5450","521180","521180 JARAGUA",37622,41014,41773,41870,42530,43167,45291,46048,46790,47513,48216,49667,50511,51338,52160,43928,45223,46427
"5451","521190","521190 JATAI",86355,85491,86447,88006,88970,89902,93759,94890,95998,97077,98128,99674,100882,102065,103221,104656,105729,110404
"5452","521200","521200 JAUPACI",3149,3070,3055,3000,2989,2977,3044,3034,3024,3014,3004,2898,2879,2860,2843,2934,2924,2946
"5453","521205","521205 JESUPOLIS",2153,2281,2304,2300,2314,2327,2411,2428,2444,2460,2476,2474,2490,2506,2497,2113,2123,2124
"5454","521210","521210 JOVIANIA",7313,6918,6924,7118,7135,7151,7374,7398,7422,7445,7468,7372,7387,7402,7417,7164,7159,7247
"5455","521220","521220 JUSSARA",19286,19229,19128,19153,19086,19020,19458,19402,19346,19292,19239,18587,18478,18371,18266,19582,19620,19901
"5456","521225","521225 LAGOA SANTA",966,1308,1345,1254,1280,1305,1377,1406,1435,1463,1490,1555,1588,1621,1652,1568,1390,1426
"5457","521230","521230 LEOPOLDO DE BULHOES",8092,9362,9511,7882,7891,7900,8133,8150,8167,7758,7773,7643,7647,7651,7663,8777,8745,9035
"5458","521250","521250 LUZIANIA",194238,203800,210066,174531,177099,179582,188181,191139,194039,196864,199615,205023,208299,211508,214645,196416,209129,218872
"5459","521260","521260 MAIRIPOTABA",2180,2775,2819,2374,2372,2370,2433,2433,2432,2432,2432,2373,2368,2363,2358,2476,2561,2618
"5460","521270","521270 MAMBAI",5598,6891,7096,6871,7028,7178,7596,7772,7945,8106,8271,8680,8882,9081,9277,8144,8124,8405
"5461","521280","521280 MARA ROSA",11222,10516,10361,10649,10550,10455,10610,10511,10414,10320,10228,9646,9503,9363,9234,10705,10700,10815
"5462","521290","521290 MARZAGAO",2354,2137,2153,2072,2084,2095,2169,2184,2198,2212,2226,2223,2236,2250,2263,2764,2758,2893
"5463","521295","521295 MATRINCHA",5074,4433,4415,4414,4406,4398,4510,4505,4500,4495,4490,4366,4351,4336,4321,4042,4042,4033
"5464","521300","521300 MAURILANDIA",10368,11367,11597,11521,11717,11907,12513,12737,12956,13170,13379,13829,14080,14327,14568,9684,10304,10239
"5465","521305","521305 MIMOSO DE GOIAS",1997,2930,2947,2685,2677,2668,2730,2723,2715,2708,2702,2612,2597,2583,2575,2572,2614,2633
"5466","521308","521308 MINACU",34734,31647,31419,31154,30966,30784,31384,31206,31031,30862,30696,29353,29070,28793,28518,26994,27075,26939
"5467","521310","521310 MINEIROS",45728,47500,48331,52935,54003,55036,58062,59275,60464,61623,62750,65420,66801,68154,69477,71108,70081,73781
"5468","521340","521340 MOIPORA",1835,1881,1864,1763,1744,1724,1744,1724,1704,1684,1666,1557,1529,1501,1471,1701,1685,1693
"5469","521350","521350 MONTE ALEGRE DE GOIAS",5978,7418,7467,7730,7795,7857,8166,8243,8319,8392,8464,8527,8606,8684,8759,6643,6692,6613
"5470","521370","521370 MONTES CLAROS DE GOIAS",7600,8069,8072,7987,7987,7987,8210,8217,8224,8230,8236,8063,8055,8047,8037,9530,8756,8972
"5471","521375","521375 MONTIVIDIU",9555,9766,9959,10572,10790,11001,11611,11858,12101,12337,12566,13115,13396,13672,13935,12716,12521,12957
"5472","521377","521377 MONTIVIDIU DO NORTE",4916,4621,4701,4122,4148,4173,4325,4356,4387,4417,4447,4449,4479,4509,4538,3647,3779,3770
"5473","521380","521380 MORRINHOS",40732,40512,40835,41460,41804,42135,43792,44204,44607,45000,45382,45716,46136,46548,46955,49965,51351,53640
"5474","521385","521385 MORRO AGUDO DE GOIAS",2460,2391,2396,2356,2346,2336,2387,2378,2369,2360,2351,2264,2248,2232,2217,2440,2456,2499
"5475","521390","521390 MOSSAMEDES",4773,4988,4910,5007,4947,4888,4940,4878,4817,4758,4700,4377,4290,4206,4120,4791,4654,4655
"5476","521400","521400 MOZARLANDIA",12128,13815,14070,13404,13575,13739,14360,14558,14752,14941,15125,15444,15659,15870,16077,15284,14750,15109
"5477","521405","521405 MUNDO NOVO",10352,6916,6790,6438,6310,6186,6180,6046,5914,5786,5661,5066,4887,4713,4540,6273,6189,6223
"5478","521410","521410 MUTUNOPOLIS",3867,4078,4092,3849,3841,3833,3928,3922,3917,3911,3906,3793,3778,3764,3749,3574,3564,3562
"5479","521440","521440 NAZARIO",6962,7536,7622,7874,7970,8062,8421,8532,8641,8747,8850,9022,9142,9260,9375,9247,8189,8330
"5480","521450","521450 NEROPOLIS",23336,20120,20259,24210,24643,25061,26364,26857,27341,27812,28271,29293,29850,30395,30931,33898,31932,33706
"5481","521460","521460 NIQUELANDIA",36719,39720,39800,42361,42652,42933,44540,44895,45243,45582,45913,46039,46388,46730,47064,35609,34964,34466
"5482","521470","521470 NOVA AMERICA",2327,2271,2267,2259,2265,2271,2342,2350,2358,2366,2373,2346,2352,2357,2362,2331,2337,2375
"5483","521480","521480 NOVA AURORA",1989,2184,2205,2062,2073,2083,2155,2168,2181,2194,2206,2199,2210,2222,2236,2103,2101,2130
"5484","521483","521483 NOVA CRIXAS",11018,13221,13430,11927,11994,12058,12488,12571,12653,12732,12810,12791,12869,12945,13020,13325,12815,13095
"5485","521486","521486 NOVA GLORIA",9321,8668,8639,8508,8475,8443,8633,8604,8575,8548,8521,8218,8164,8112,8063,8307,8310,8375
"5486","521487","521487 NOVA IGUACU DE GOIAS",2238,2687,2675,2826,2833,2839,2926,2935,2944,2953,2961,2923,2929,2934,2939,3010,3010,3072
"5487","521490","521490 NOVA ROMA",2863,3644,3632,3471,3453,3434,3504,3487,3470,3453,3437,3293,3264,3236,3208,3076,3076,3053
"5488","521500","521500 NOVA VENEZA",7613,7168,7239,8129,8261,8388,8806,8957,9105,9249,9389,9684,9853,10018,10193,9152,9481,9790
"5489","521520","521520 NOVO BRASIL",3661,3454,3371,3519,3469,3420,3445,3392,3341,3291,3242,2985,2913,2843,2775,3605,3527,3568
"5490","521523","521523 NOVO GAMA",99777,87558,88834,95018,96603,98135,103085,104899,106677,108410,110096,113679,115711,117703,119649,97976,103804,107092
"5491","521525","521525 NOVO PLANALTO",2616,4191,4266,3956,3997,4036,4204,4252,4298,4343,4387,4445,4495,4544,4592,3698,3716,3723
"5492","521530","521530 ORIZONA",13572,15015,15203,14300,14395,14487,15024,15140,15254,15364,15472,15502,15615,15725,15834,16127,16399,16890
"5493","521540","521540 OURO VERDE DE GOIAS",4445,4580,4602,4034,4010,3986,4062,4039,4016,3993,3971,3797,3759,3723,3679,4060,4057,4108
"5494","521550","521550 OUVIDOR",4755,4952,5017,5467,5559,5648,5933,6038,6142,6242,6340,6549,6667,6782,6895,7192,7200,7542
"5495","521560","521560 PADRE BERNARDO",25783,27429,28015,27671,28144,28601,30059,30599,31129,31646,32148,33228,33835,34430,35011,34314,34967,36692
"5496","521565","521565 PALESTINA DE GOIAS",3418,3319,3325,3371,3376,3381,3482,3490,3499,3507,3514,3460,3464,3467,3470,3505,3132,3132
"5497","521570","521570 PALMEIRAS DE GOIAS",18834,22353,22799,23338,23762,24171,25437,25920,26393,26855,27304,28313,28858,29392,29915,32004,31858,33749
"5498","521580","521580 PALMELO",2466,2324,2331,2335,2337,2339,2407,2412,2416,2420,2424,2380,2381,2381,2382,2293,2259,2273
"5499","521590","521590 PALMINOPOLIS",3502,3745,3764,3557,3557,3557,3656,3659,3661,3664,3667,3589,3585,3582,3578,3848,3851,3939
"5500","521600","521600 PANAMA",3001,2678,2665,2682,2675,2668,2733,2728,2722,2717,2712,2627,2615,2603,2590,2968,2455,2449
"5501","521630","521630 PARANAIGUARA",8797,7899,7860,9100,9170,9238,9593,9678,9760,9841,9919,9972,10057,10140,10221,9497,7607,7470
"5502","521640","521640 PARAUNA",11686,11283,11320,10863,10866,10868,11175,11187,11199,11210,11221,10995,10988,10980,10988,10383,10659,10749
"5503","521645","521645 PEROLANDIA",3944,2829,2823,2950,2963,2975,3074,3090,3105,3121,3135,3116,3129,3143,3156,3175,2964,3000
"5504","521680","521680 PETROLINA DE GOIAS",10066,10099,10063,10283,10276,10269,10545,10546,10547,10548,10548,10301,10281,10261,10240,8854,9573,9577
"5505","521690","521690 PILAR DE GOIAS",2058,2872,2814,2773,2730,2688,2703,2658,2614,2571,2529,2314,2253,2194,2135,2332,2328,2288
"5506","521710","521710 PIRACANJUBA",24504,24008,24035,24026,24062,23987,24708,24768,24772,24830,24885,24499,24524,24548,24543,23771,24883,25309
"5507","521720","521720 PIRANHAS",11848,11324,11206,11266,11188,11112,11314,11238,11164,11092,11022,10501,10385,10272,10161,11532,11712,11913
"5508","521730","521730 PIRENOPOLIS",21237,20990,20950,23006,23142,23272,24111,24279,24444,24604,24761,24749,24908,25064,25218,26598,26690,27757
"5509","521740","521740 PIRES DO RIO",29715,27792,27930,28762,28957,29145,30232,30469,30703,30930,31151,31225,31458,31686,31909,33193,32373,33494
"5510","521760","521760 PLANALTINA",102231,79162,79651,81649,82258,82847,86014,86751,87474,88178,88863,89181,89918,90640,91345,108846,105031,110619
"5511","521770","521770 PONTALINA",17511,16688,16687,17121,17165,17207,17749,17811,17873,17933,17991,17777,17819,17860,17899,18843,18309,18685
"5512","521800","521800 PORANGATU",40561,40420,40466,42355,42568,42773,44265,44534,44798,45055,45305,45151,45394,45633,45866,44061,44317,45400
"5513","521805","521805 PORTEIRAO",3004,3129,3160,3347,3388,3427,3577,3624,3670,3715,3758,3830,3881,3931,3979,4085,4070,4225
"5514","521810","521810 PORTELANDIA",4269,3359,3315,3839,3850,3861,3984,4000,4015,4030,4044,4000,4011,4022,4032,3322,3280,3234
"5515","521830","521830 POSSE",28270,30812,31252,31419,31833,32234,33712,34192,34663,35128,35574,36375,36900,37414,37924,34450,34914,36060
"5516","521839","521839 PROFESSOR JAMIL",3894,3386,3378,3239,3227,3325,3401,3390,3380,3369,3360,3243,3223,3203,3211,3325,3649,3732
"5517","521850","521850 QUIRINOPOLIS",38414,39485,39758,43220,43735,44233,46187,46788,47377,47950,48508,49416,50065,50701,51323,50540,48447,49986
"5518","521860","521860 RIALMA",11313,10855,10915,10523,10548,10571,10899,10935,10969,11003,11036,10896,10918,10940,10961,12054,12165,12551
"5519","521870","521870 RIANAPOLIS",4426,4269,4262,4566,4582,4597,4747,4768,4788,4808,4828,4784,4801,4817,4832,3972,3980,3938
"5520","521878","521878 RIO QUENTE",3169,3177,3284,3312,3406,3496,3724,3828,3931,4014,4112,4371,4493,4612,4728,3967,3864,3994
"5521","521880","521880 RIO VERDE",139195,158818,163023,176424,181020,185465,197048,202221,207296,212237,217048,229651,235647,241518,247259,214607,225696,238025
"5522","521890","521890 RUBIATABA",19277,18583,18617,18915,18979,19041,19661,19747,19832,19914,19994,19815,19882,19947,20012,19803,19788,20132
"5523","521900","521900 SANCLERLANDIA",7680,7905,7937,7550,7552,7554,7766,7774,7783,7791,7798,7642,7637,7632,7630,8300,7918,8063
"5524","521910","521910 SANTA BARBARA DE GOIAS",5850,5936,6048,5751,5812,5870,6118,6189,6259,6327,6393,6485,6560,6634,6701,6182,6149,6280
"5525","521920","521920 SANTA CRUZ DE GOIAS",3645,3663,3687,3142,3117,3093,3144,3119,3095,3071,3048,2892,2855,2819,2782,3107,3002,3016
"5526","521925","521925 SANTA FE DE GOIAS",4555,4812,4884,4762,4815,4865,5073,5134,5194,5253,5309,5393,5459,5523,5585,4985,4951,5036
"5527","521930","521930 SANTA HELENA DE GOIAS",35737,36198,36337,36469,36617,36760,37994,38188,38378,38563,38743,38485,38648,38808,38962,37193,38492,39481
"5528","521935","521935 SANTA ISABEL",3332,3580,3577,3686,3694,3701,3814,3825,3836,3847,3857,3803,3809,3815,3821,3510,3538,3556
"5529","521940","521940 SANTA RITA DO ARAGUAIA",5551,6171,6278,6924,7066,7202,7599,7759,7916,8069,8218,8573,8756,8935,9110,7239,5924,5842
"5530","521945","521945 SANTA RITA DO NOVO DESTINO",3166,3528,3577,3173,3185,3196,3301,3316,3331,3345,3359,3331,3343,3355,3367,2948,2689,2648
"5531","521950","521950 SANTA ROSA DE GOIAS",3174,2841,2770,2909,2860,2813,2823,2772,2722,2673,2626,2388,2319,2252,2200,2810,2820,2837
"5532","521960","521960 SANTA TEREZA DE GOIAS",4352,4196,4149,3995,3942,3889,3923,3868,3814,3761,3710,3431,3355,3280,3207,3322,3293,3225
"5533","521970","521970 SANTA TEREZINHA DE GOIAS",8180,11856,11829,10302,10171,10044,10142,10008,9876,9747,9622,8931,8744,8562,8386,10370,10645,10818
"5534","521971","521971 SANTO ANTONIO DA BARRA",4718,4276,4297,4423,4452,4480,4644,4679,4714,4747,4780,4787,4821,4854,4886,4287,4267,4293
"5535","521973","521973 SANTO ANTONIO DE GOIAS",4060,4129,4227,4703,4826,4945,5253,5391,5527,5659,5787,6123,6283,6440,6593,7448,7386,7873
"5536","521975","521975 SANTO ANTONIO DO DESCOBERTO",83089,57908,58476,63248,64120,64963,67993,69000,69988,70950,71887,73636,74744,75829,76871,68654,72127,74614
"5537","521980","521980 SAO DOMINGOS",9047,10116,10157,11272,11398,11520,12016,12163,12307,12448,12585,12791,12949,13103,13305,9710,9711,9581
"5538","521990","521990 SAO FRANCISCO DE GOIAS",6049,5847,5842,6120,6128,6134,6315,6328,6341,6354,6366,6260,6264,6267,6265,6379,6378,6491
"5539","522000","522000 SAO JOAO D'ALIANCA",8118,8642,8821,10257,10528,10789,11467,11771,12070,12360,12643,13387,13740,14085,14423,11275,14041,14757
"5540","522005","522005 SAO JOAO DA PARAUNA",2147,1706,1669,1689,1664,1639,1649,1623,1597,1571,1547,1417,1381,1345,1312,1898,1774,1807
"5541","522010","522010 SAO LUIS DE MONTES BELOS",27527,27684,27794,30034,30315,30586,31832,32164,32491,32808,33118,33470,33817,34157,34488,33279,33852,35031
"5542","522015","522015 SAO LUIZ DO NORTE",4184,4426,4457,4617,4658,4697,4884,4932,4980,5026,5071,5117,5167,5215,5263,4947,4837,4926
"5543","522020","522020 SAO MIGUEL DO ARAGUAIA",25882,23128,23146,22283,22244,22206,22773,22750,22728,22706,22684,22067,21993,21920,21849,22738,21900,22079
"5544","522026","522026 SAO MIGUEL DO PASSA QUATRO",4043,3824,3865,3757,3779,3799,3935,3961,3987,4013,4037,4032,4057,4082,4105,4234,4464,4621
"5545","522028","522028 SAO PATRICIO",1967,2129,2138,1991,1994,1996,2054,2058,2062,2066,2070,2035,2036,2037,2040,2138,2143,2190
"5546","522040","522040 SAO SIMAO",15642,14308,14376,17088,17360,17622,18493,18804,19110,19407,19697,20297,20645,20985,21318,17619,17020,17194
"5547","522045","522045 SENADOR CANEDO",77950,75297,77514,84443,86849,89176,95018,97719,100367,102947,105459,112224,115371,118451,121447,153522,155635,169849
"5548","522050","522050 SERRANOPOLIS",5242,7692,7819,7481,7561,7638,7962,8055,8147,8236,8323,8445,8544,8642,8737,8295,8027,8201
"5549","522060","522060 SILVANIA",19484,19038,19156,19089,19193,19293,19976,20106,20233,20357,20478,20573,20695,20816,20938,22230,22245,22939
"5550","522068","522068 SIMOLANDIA",6765,7233,7330,6514,6537,6559,6773,6804,6834,6863,6891,6832,6856,6879,6895,5715,5742,5693
"5551","522070","522070 SITIO D'ABADIA",2632,3436,3505,2825,2837,2847,2941,2956,2970,2984,2998,2977,2989,3001,3040,2939,2927,2973
"5552","522100","522100 TAQUARAL DE GOIAS",3180,3484,3468,3541,3538,3535,3628,3627,3626,3625,3625,3537,3529,3521,3506,4038,4026,4146
"5553","522108","522108 TERESINA DE GOIAS",3622,2887,2920,3016,3050,3082,3213,3252,3290,3327,3363,3416,3458,3498,3538,2695,2701,2685
"5554","522119","522119 TEREZOPOLIS DE GOIAS",6443,5875,5949,6561,6675,6785,7132,7262,7389,7513,7634,7897,8043,8186,8326,7842,7944,8243
"5555","522130","522130 TRES RANCHOS",3317,2957,2963,2819,2819,2818,2895,2896,2898,2899,2900,2837,2833,2830,2830,2906,2921,2970
"5556","522140","522140 TRINDADE",105598,102870,104976,104488,106256,107966,113447,115470,117454,119385,121266,125328,127599,129823,132006,149167,142431,150858
"5557","522145","522145 TROMBAS",2926,3663,3682,3452,3454,3455,3553,3558,3562,3567,3571,3501,3500,3498,3497,3123,3120,3106
"5558","522150","522150 TURVANIA",4921,5093,5083,4839,4817,4795,4897,4877,4857,4837,4818,4633,4598,4564,4526,4462,4480,4478
"5559","522155","522155 TURVELANDIA",4449,4020,4066,4399,4467,4532,4751,4829,4904,4978,5050,5195,5281,5365,5447,4847,4985,5130
"5560","522157","522157 UIRAPURU",3088,3112,3102,2933,2925,2917,2986,2980,2973,2967,2961,2868,2854,2840,2829,3874,2798,2809
"5561","522160","522160 URUACU",33191,34411,34467,36929,37190,37443,38854,39172,39483,39787,40082,40217,40532,40840,41150,43728,42546,44150
"5562","522170","522170 URUANA",14099,14110,14119,13826,13818,13810,14184,14187,14190,14193,14195,13868,13843,13818,13795,13681,13729,13871
"5563","522180","522180 URUTAI",3342,2758,2716,3074,3072,3070,3153,3153,3153,3154,3154,3078,3072,3066,3056,3119,3553,3667
"5564","522185","522185 VALPARAISO DE GOIAS",128312,120878,123444,132982,135909,138740,146694,150005,153255,156419,159500,164723,168468,172135,175720,196967,198861,213506
"5565","522190","522190 VARJAO",3602,3782,3801,3659,3670,3681,3798,3813,3827,3842,3856,3816,3827,3838,3848,3720,3716,3768
"5566","522200","522200 VIANOPOLIS",13194,12699,12827,12548,12644,12737,13227,13343,13456,13567,13675,13746,13863,13977,14088,14046,14956,15476
"5567","522205","522205 VICENTINOPOLIS",6677,6091,6089,7371,7476,7576,7933,8053,8171,8286,8397,8611,8743,8873,9002,8776,8768,9077
"5568","522220","522220 VILA BOA",3660,4461,4579,4735,4847,4954,5246,5371,5495,5615,5731,6026,6171,6312,6451,3686,4215,4185
"5569","522230","522230 VILA PROPICIO",5077,5282,5354,5145,5196,5244,5460,5520,5578,5635,5690,5758,5821,5882,5941,5646,5815,5982
"5570","530010","530010 BRASILIA",2434033,2557158,2606884,2570160,2609998,2648532,2789761,2852372,2914830,2977216,3039444,2974703,3015268,3055149,3094325,2923369,2817381,2982818
"5571","NANA",NA,NA,NA,NA,NA,NA,NA,NA,NA,NA,NA,NA,NA,NA,NA,NA,NA,NA,NA
