"SG_UF","UF","year_month","confirmed_cases","inhab","incidence"
"11","RO","2007-04",1,1590027,0.0628920137834137
"11","RO","2007-11",1,1590027,0.0628920137834137
"11","RO","2007-12",1,1590027,0.0628920137834137
"12","AC","2007-01",3,703447,0.426471361737274
"12","AC","2007-02",4,703447,0.568628482316365
"12","AC","2007-03",9,703447,1.27941408521182
"12","AC","2007-04",4,703447,0.568628482316365
"12","AC","2007-05",3,703447,0.426471361737274
"12","AC","2007-09",2,703447,0.284314241158182
"13","AM","2007-01",9,3389081,0.265558716359981
"13","AM","2007-02",5,3389081,0.147532620199989
"13","AM","2007-03",6,3389081,0.177039144239987
"13","AM","2007-04",9,3389081,0.265558716359981
"13","AM","2007-05",8,3389081,0.236052192319983
"13","AM","2007-06",3,3389081,0.0885195721199936
"13","AM","2007-08",4,3389081,0.118026096159991
"13","AM","2007-09",1,3389081,0.0295065240399979
"13","AM","2007-10",3,3389081,0.0885195721199936
"13","AM","2007-12",2,3389081,0.0590130480799957
"14","RR","2007-01",1,415281,0.240800807164306
"14","RR","2007-07",1,415281,0.240800807164306
"15","PA","2007-01",17,7249184,0.234509153030189
"15","PA","2007-02",13,7249184,0.179330528787792
"15","PA","2007-03",17,7249184,0.234509153030189
"15","PA","2007-04",14,7249184,0.193125184848391
"15","PA","2007-05",16,7249184,0.22071449696959
"15","PA","2007-06",5,7249184,0.0689732803029969
"15","PA","2007-07",14,7249184,0.193125184848391
"15","PA","2007-08",2,7249184,0.0275893121211987
"15","PA","2007-10",3,7249184,0.0413839681817981
"15","PA","2007-11",2,7249184,0.0275893121211987
"15","PA","2007-12",3,7249184,0.0413839681817981
"16","AP","2007-01",6,636652,0.942430087394683
"16","AP","2007-02",3,636652,0.471215043697342
"16","AP","2007-03",5,636652,0.785358406162236
"16","AP","2007-04",1,636652,0.157071681232447
"16","AP","2007-05",6,636652,0.942430087394683
"16","AP","2007-06",7,636652,1.09950176862713
"16","AP","2007-07",9,636652,1.41364513109203
"16","AP","2007-08",10,636652,1.57071681232447
"16","AP","2007-10",2,636652,0.314143362464894
"16","AP","2007-11",2,636652,0.314143362464894
"16","AP","2007-12",6,636652,0.942430087394683
"21","MA","2007-01",5,6265102,0.0798071603622734
"21","MA","2007-02",3,6265102,0.0478842962173641
"21","MA","2007-03",4,6265102,0.0638457282898187
"21","MA","2007-05",1,6265102,0.0159614320724547
"21","MA","2007-06",2,6265102,0.0319228641449094
"21","MA","2007-07",1,6265102,0.0159614320724547
"21","MA","2007-08",1,6265102,0.0159614320724547
"21","MA","2007-09",1,6265102,0.0159614320724547
"21","MA","2007-12",2,6265102,0.0319228641449094
"23","CE","2007-01",2,8335849,0.0239927570664968
"23","CE","2007-02",5,8335849,0.0599818926662419
"23","CE","2007-03",17,8335849,0.203938435065223
"23","CE","2007-04",16,8335849,0.191942056531974
"23","CE","2007-05",14,8335849,0.167949299465477
"23","CE","2007-06",2,8335849,0.0239927570664968
"23","CE","2007-07",2,8335849,0.0239927570664968
"23","CE","2007-09",3,8335849,0.0359891355997452
"23","CE","2007-10",3,8335849,0.0359891355997452
"23","CE","2007-11",1,8335849,0.0119963785332484
"23","CE","2007-12",4,8335849,0.0479855141329935
"24","RN","2007-04",2,3084106,0.0648486141526913
"24","RN","2007-06",1,3084106,0.0324243070763456
"25","PB","2007-02",1,3650180,0.0273959092428319
"25","PB","2007-03",4,3650180,0.109583636971327
"25","PB","2007-04",1,3650180,0.0273959092428319
"25","PB","2007-05",1,3650180,0.0273959092428319
"25","PB","2007-06",3,3650180,0.0821877277284956
"25","PB","2007-07",2,3650180,0.0547918184856637
"25","PB","2007-09",1,3650180,0.0273959092428319
"25","PB","2007-10",1,3650180,0.0273959092428319
"25","PB","2007-12",1,3650180,0.0273959092428319
"26","PE","2007-01",6,8590868,0.0698416038984652
"26","PE","2007-02",4,8590868,0.0465610692656435
"26","PE","2007-03",15,8590868,0.174604009746163
"26","PE","2007-04",13,8590868,0.151323475113341
"26","PE","2007-05",37,8590868,0.430689890707202
"26","PE","2007-06",34,8590868,0.39576908875797
"26","PE","2007-07",30,8590868,0.349208019492326
"26","PE","2007-08",33,8590868,0.384128821441559
"26","PE","2007-09",15,8590868,0.174604009746163
"26","PE","2007-10",5,8590868,0.0582013365820543
"26","PE","2007-11",5,8590868,0.0582013365820543
"26","PE","2007-12",5,8590868,0.0582013365820543
"27","AL","2007-03",10,3085053,0.324143539835458
"27","AL","2007-04",5,3085053,0.162071769917729
"27","AL","2007-05",9,3085053,0.291729185851912
"27","AL","2007-06",2,3085053,0.0648287079670917
"27","AL","2007-07",7,3085053,0.226900477884821
"27","AL","2007-08",5,3085053,0.162071769917729
"27","AL","2007-09",5,3085053,0.162071769917729
"27","AL","2007-10",3,3085053,0.0972430619506375
"27","AL","2007-11",1,3085053,0.0324143539835458
"27","AL","2007-12",2,3085053,0.0648287079670917
"28","SE","2007-01",2,2033430,0.0983559797976817
"28","SE","2007-02",3,2033430,0.147533969696523
"28","SE","2007-03",14,2033430,0.688491858583772
"28","SE","2007-04",7,2033430,0.344245929291886
"28","SE","2007-05",16,2033430,0.786847838381454
"28","SE","2007-06",6,2033430,0.295067939393045
"28","SE","2007-07",8,2033430,0.393423919190727
"28","SE","2007-08",5,2033430,0.245889949494204
"28","SE","2007-09",9,2033430,0.442601909089568
"28","SE","2007-10",9,2033430,0.442601909089568
"28","SE","2007-11",2,2033430,0.0983559797976817
"28","SE","2007-12",3,2033430,0.147533969696523
"29","BA","2007-01",7,14083771,0.0497025974080379
"29","BA","2007-02",5,14083771,0.0355018552914557
"29","BA","2007-03",23,14083771,0.163308534340696
"29","BA","2007-04",9,14083771,0.0639033395246202
"29","BA","2007-05",24,14083771,0.170408905398987
"29","BA","2007-06",11,14083771,0.0781040816412025
"29","BA","2007-07",16,14083771,0.113605936932658
"29","BA","2007-08",9,14083771,0.0639033395246202
"29","BA","2007-09",6,14083771,0.0426022263497468
"29","BA","2007-10",3,14083771,0.0213011131748734
"29","BA","2007-11",8,14083771,0.0568029684663291
"29","BA","2007-12",3,14083771,0.0213011131748734
"31","MG","2007-01",26,19719285,0.131850622372971
"31","MG","2007-02",18,19719285,0.0912812001043648
"31","MG","2007-03",11,19719285,0.0557829556193341
"31","MG","2007-04",8,19719285,0.0405694222686066
"31","MG","2007-05",4,19719285,0.0202847111343033
"31","MG","2007-06",2,19719285,0.0101423555671516
"31","MG","2007-08",2,19719285,0.0101423555671516
"31","MG","2007-09",1,19719285,0.00507117778357582
"31","MG","2007-10",1,19719285,0.00507117778357582
"31","MG","2007-11",6,19719285,0.0304270667014549
"32","ES","2007-01",19,3519712,0.539816894109518
"32","ES","2007-02",30,3519712,0.85234246438345
"32","ES","2007-03",29,3519712,0.823931048904001
"32","ES","2007-04",18,3519712,0.51140547863007
"32","ES","2007-05",6,3519712,0.17046849287669
"32","ES","2007-06",3,3519712,0.085234246438345
"32","ES","2007-07",4,3519712,0.113645661917793
"32","ES","2007-08",4,3519712,0.113645661917793
"32","ES","2007-09",5,3519712,0.142057077397242
"32","ES","2007-10",8,3519712,0.227291323835587
"32","ES","2007-11",8,3519712,0.227291323835587
"32","ES","2007-12",14,3519712,0.397759816712276
"33","RJ","2007-01",51,15738536,0.324045387703151
"33","RJ","2007-02",42,15738536,0.266860907520242
"33","RJ","2007-03",41,15738536,0.260507076388808
"33","RJ","2007-04",12,15738536,0.076245973577212
"33","RJ","2007-05",14,15738536,0.0889536358400807
"33","RJ","2007-06",4,15738536,0.0254153245257373
"33","RJ","2007-07",8,15738536,0.0508306490514747
"33","RJ","2007-08",5,15738536,0.0317691556571717
"33","RJ","2007-09",11,15738536,0.0698921424457777
"33","RJ","2007-10",9,15738536,0.057184480182909
"33","RJ","2007-11",27,15738536,0.171553440548727
"33","RJ","2007-12",19,15738536,0.120722791497252
"35","SP","2007-01",122,41663568,0.29282177656988
"35","SP","2007-02",122,41663568,0.29282177656988
"35","SP","2007-03",107,41663568,0.256819099122764
"35","SP","2007-04",75,41663568,0.180013387235582
"35","SP","2007-05",63,41663568,0.151211245277889
"35","SP","2007-06",16,41663568,0.0384028559435908
"35","SP","2007-07",30,41663568,0.0720053548942328
"35","SP","2007-08",43,41663568,0.1032076753484
"35","SP","2007-09",19,41663568,0.0456033914330141
"35","SP","2007-10",35,41663568,0.0840062473766049
"35","SP","2007-11",66,41663568,0.158411780767312
"35","SP","2007-12",51,41663568,0.122409103320196
"41","PR","2007-01",39,10511933,0.371006930885119
"41","PR","2007-02",52,10511933,0.494675907846825
"41","PR","2007-03",90,10511933,0.85616984050412
"41","PR","2007-04",43,10511933,0.409058923796413
"41","PR","2007-05",33,10511933,0.313928941518178
"41","PR","2007-06",11,10511933,0.104642980506059
"41","PR","2007-07",3,10511933,0.0285389946834707
"41","PR","2007-08",5,10511933,0.0475649911391178
"41","PR","2007-09",16,10511933,0.152207971645177
"41","PR","2007-10",21,10511933,0.199772962784295
"41","PR","2007-11",38,10511933,0.361493932657295
"41","PR","2007-12",22,10511933,0.209285961012118
"42","SC","2007-01",29,6049251,0.479398193263926
"42","SC","2007-02",41,6049251,0.677769859442103
"42","SC","2007-03",69,6049251,1.14063708052451
"42","SC","2007-04",48,6049251,0.793486664712706
"42","SC","2007-05",27,6049251,0.446336248900897
"42","SC","2007-06",17,6049251,0.28102652708575
"42","SC","2007-07",10,6049251,0.165309721815147
"42","SC","2007-08",10,6049251,0.165309721815147
"42","SC","2007-09",19,6049251,0.314088471448779
"42","SC","2007-10",26,6049251,0.429805276719382
"42","SC","2007-11",45,6049251,0.743893748168162
"42","SC","2007-12",22,6049251,0.363681387993324
"43","RS","2007-01",54,11080317,0.487350677782955
"43","RS","2007-02",66,11080317,0.59565082840139
"43","RS","2007-03",85,11080317,0.767126066880577
"43","RS","2007-04",65,11080317,0.586625815849853
"43","RS","2007-05",38,11080317,0.342950476958376
"43","RS","2007-06",29,11080317,0.26172536399455
"43","RS","2007-07",21,11080317,0.18952526358226
"43","RS","2007-08",10,11080317,0.0902501255153621
"43","RS","2007-09",13,11080317,0.117325163169971
"43","RS","2007-10",36,11080317,0.324900451855303
"43","RS","2007-11",36,11080317,0.324900451855303
"43","RS","2007-12",45,11080317,0.406125564819129
"50","MS","2007-12",2,2331243,0.0857911423219287
"51","MT","2007-01",2,2910255,0.0687225002620045
"51","MT","2007-02",2,2910255,0.0687225002620045
"51","MT","2007-04",1,2910255,0.0343612501310023
"52","GO","2007-01",3,5840650,0.0513641461138743
"52","GO","2007-02",1,5840650,0.0171213820379581
"52","GO","2007-03",1,5840650,0.0171213820379581
"52","GO","2007-10",2,5840650,0.0342427640759162
"52","GO","2007-12",1,5840650,0.0171213820379581
"53","DF","2007-01",7,2434033,0.28758854132216
"53","DF","2007-02",4,2434033,0.164336309326948
"53","DF","2007-03",5,2434033,0.205420386658685
"53","DF","2007-04",3,2434033,0.123252231995211
"53","DF","2007-05",2,2434033,0.0821681546634742
"53","DF","2007-06",2,2434033,0.0821681546634742
"53","DF","2007-10",1,2434033,0.0410840773317371
"53","DF","2007-11",1,2434033,0.0410840773317371
"11","RO","2008-01",2,1493566,0.133907708129403
"11","RO","2008-03",2,1493566,0.133907708129403
"11","RO","2008-04",3,1493566,0.200861562194105
"11","RO","2008-05",4,1493566,0.267815416258806
"11","RO","2008-06",1,1493566,0.0669538540647015
"11","RO","2008-08",1,1493566,0.0669538540647015
"11","RO","2008-10",1,1493566,0.0669538540647015
"11","RO","2008-11",1,1493566,0.0669538540647015
"11","RO","2008-12",1,1493566,0.0669538540647015
"12","AC","2008-01",1,680073,0.1470430380268
"12","AC","2008-02",6,680073,0.8822582281608
"12","AC","2008-03",3,680073,0.4411291140804
"12","AC","2008-04",5,680073,0.735215190134
"12","AC","2008-05",5,680073,0.735215190134
"12","AC","2008-06",4,680073,0.5881721521072
"12","AC","2008-07",2,680073,0.2940860760536
"12","AC","2008-11",3,680073,0.4411291140804
"12","AC","2008-12",7,680073,1.0293012661876
"13","AM","2008-01",3,3341096,0.0897908949638083
"13","AM","2008-02",4,3341096,0.119721193285078
"13","AM","2008-03",6,3341096,0.179581789927617
"13","AM","2008-04",4,3341096,0.119721193285078
"13","AM","2008-05",4,3341096,0.119721193285078
"13","AM","2008-06",8,3341096,0.239442386570155
"13","AM","2008-07",5,3341096,0.149651491606347
"13","AM","2008-09",6,3341096,0.179581789927617
"13","AM","2008-11",2,3341096,0.0598605966425389
"13","AM","2008-12",4,3341096,0.119721193285078
"14","RR","2008-05",1,412783,0.24225803872737
"14","RR","2008-09",1,412783,0.24225803872737
"14","RR","2008-10",1,412783,0.24225803872737
"15","PA","2008-01",25,7321493,0.34146040978254
"15","PA","2008-02",30,7321493,0.409752491739048
"15","PA","2008-03",25,7321493,0.34146040978254
"15","PA","2008-04",15,7321493,0.204876245869524
"15","PA","2008-05",14,7321493,0.191217829478223
"15","PA","2008-06",5,7321493,0.0682920819565081
"15","PA","2008-07",6,7321493,0.0819504983478097
"15","PA","2008-08",4,7321493,0.0546336655652064
"15","PA","2008-09",3,7321493,0.0409752491739048
"15","PA","2008-10",4,7321493,0.0546336655652064
"15","PA","2008-11",6,7321493,0.0819504983478097
"15","PA","2008-12",7,7321493,0.0956089147391113
"16","AP","2008-01",2,613164,0.326177009739646
"16","AP","2008-02",12,613164,1.95706205843787
"16","AP","2008-03",15,613164,2.44632757304734
"16","AP","2008-04",8,613164,1.30470803895858
"16","AP","2008-05",10,613164,1.63088504869823
"16","AP","2008-06",9,613164,1.4677965438284
"16","AP","2008-07",11,613164,1.79397355356805
"16","AP","2008-08",2,613164,0.326177009739646
"16","AP","2008-09",4,613164,0.652354019479291
"16","AP","2008-10",5,613164,0.815442524349114
"16","AP","2008-11",11,613164,1.79397355356805
"16","AP","2008-12",3,613164,0.489265514609468
"17","TO","2008-03",1,1280509,0.0780939454545029
"21","MA","2008-02",2,6305539,0.0317181449516052
"21","MA","2008-03",8,6305539,0.126872579806421
"21","MA","2008-04",10,6305539,0.158590724758026
"21","MA","2008-05",17,6305539,0.269604232088645
"21","MA","2008-06",12,6305539,0.190308869709631
"21","MA","2008-07",2,6305539,0.0317181449516052
"21","MA","2008-08",1,6305539,0.0158590724758026
"21","MA","2008-09",3,6305539,0.0475772174274079
"21","MA","2008-10",4,6305539,0.0634362899032105
"21","MA","2008-11",1,6305539,0.0158590724758026
"22","PI","2008-06",1,3119697,0.0320543950261836
"23","CE","2008-01",3,8450527,0.0355007445097803
"23","CE","2008-02",3,8450527,0.0355007445097803
"23","CE","2008-04",7,8450527,0.0828350705228206
"23","CE","2008-05",21,8450527,0.248505211568462
"23","CE","2008-06",27,8450527,0.319506700588022
"23","CE","2008-07",21,8450527,0.248505211568462
"23","CE","2008-08",6,8450527,0.0710014890195605
"23","CE","2008-09",2,8450527,0.0236671630065202
"23","CE","2008-12",2,8450527,0.0236671630065202
"24","RN","2008-04",3,3106430,0.0965738806282453
"24","RN","2008-05",3,3106430,0.0965738806282453
"24","RN","2008-06",2,3106430,0.0643825870854969
"24","RN","2008-07",1,3106430,0.0321912935427484
"24","RN","2008-08",2,3106430,0.0643825870854969
"24","RN","2008-10",1,3106430,0.0321912935427484
"24","RN","2008-11",4,3106430,0.128765174170994
"25","PB","2008-01",2,3742606,0.0534387001998073
"25","PB","2008-04",5,3742606,0.133596750499518
"25","PB","2008-05",1,3742606,0.0267193500999037
"25","PB","2008-06",4,3742606,0.106877400399615
"25","PB","2008-07",1,3742606,0.0267193500999037
"25","PB","2008-08",1,3742606,0.0267193500999037
"26","PE","2008-01",7,8734194,0.0801447735188845
"26","PE","2008-02",4,8734194,0.0457970134393626
"26","PE","2008-03",13,8734194,0.148840293677928
"26","PE","2008-04",37,8734194,0.423622374314104
"26","PE","2008-05",34,8734194,0.389274614234582
"26","PE","2008-06",23,8734194,0.263332827276335
"26","PE","2008-07",31,8734194,0.35492685415506
"26","PE","2008-08",22,8734194,0.251883573916494
"26","PE","2008-09",8,8734194,0.0915940268787252
"26","PE","2008-10",10,8734194,0.114492533598406
"26","PE","2008-11",3,8734194,0.0343477600795219
"26","PE","2008-12",3,8734194,0.0343477600795219
"27","AL","2008-02",2,3127557,0.0639476754540365
"27","AL","2008-03",3,3127557,0.0959215131810547
"27","AL","2008-04",10,3127557,0.319738377270182
"27","AL","2008-05",15,3127557,0.479607565905274
"27","AL","2008-06",15,3127557,0.479607565905274
"27","AL","2008-07",9,3127557,0.287764539543164
"27","AL","2008-08",9,3127557,0.287764539543164
"27","AL","2008-09",6,3127557,0.191843026362109
"27","AL","2008-10",4,3127557,0.127895350908073
"27","AL","2008-11",2,3127557,0.0639476754540365
"27","AL","2008-12",2,3127557,0.0639476754540365
"28","SE","2008-01",4,1999374,0.200062619599935
"28","SE","2008-02",2,1999374,0.100031309799967
"28","SE","2008-03",3,1999374,0.150046964699951
"28","SE","2008-04",2,1999374,0.100031309799967
"28","SE","2008-05",15,1999374,0.750234823499755
"28","SE","2008-06",12,1999374,0.600187858799804
"28","SE","2008-07",6,1999374,0.300093929399902
"28","SE","2008-08",10,1999374,0.500156548999837
"28","SE","2008-09",10,1999374,0.500156548999837
"28","SE","2008-10",8,1999374,0.40012523919987
"28","SE","2008-12",2,1999374,0.100031309799967
"29","BA","2008-01",5,14502575,0.0344766360456678
"29","BA","2008-02",2,14502575,0.0137906544182671
"29","BA","2008-03",16,14502575,0.110325235346137
"29","BA","2008-04",22,14502575,0.151697198600938
"29","BA","2008-05",18,14502575,0.124115889764404
"29","BA","2008-06",15,14502575,0.103429908137003
"29","BA","2008-07",11,14502575,0.0758485993004691
"29","BA","2008-08",10,14502575,0.0689532720913355
"29","BA","2008-09",3,14502575,0.0206859816274007
"29","BA","2008-10",3,14502575,0.0206859816274007
"29","BA","2008-11",3,14502575,0.0206859816274007
"29","BA","2008-12",6,14502575,0.0413719632548013
"31","MG","2008-01",12,19850072,0.0604531812277557
"31","MG","2008-02",15,19850072,0.0755664765346947
"31","MG","2008-03",10,19850072,0.0503776510231298
"31","MG","2008-04",5,19850072,0.0251888255115649
"31","MG","2008-05",4,19850072,0.0201510604092519
"31","MG","2008-06",3,19850072,0.0151132953069389
"31","MG","2008-07",2,19850072,0.010075530204626
"31","MG","2008-08",1,19850072,0.00503776510231298
"31","MG","2008-09",1,19850072,0.00503776510231298
"31","MG","2008-10",6,19850072,0.0302265906138779
"31","MG","2008-11",2,19850072,0.010075530204626
"31","MG","2008-12",6,19850072,0.0302265906138779
"32","ES","2008-01",12,3453648,0.347458687162096
"32","ES","2008-02",10,3453648,0.289548905968414
"32","ES","2008-03",15,3453648,0.434323358952621
"32","ES","2008-04",18,3453648,0.521188030743145
"32","ES","2008-05",12,3453648,0.347458687162096
"32","ES","2008-06",1,3453648,0.0289548905968414
"32","ES","2008-07",5,3453648,0.144774452984207
"32","ES","2008-08",9,3453648,0.260594015371572
"32","ES","2008-09",5,3453648,0.144774452984207
"32","ES","2008-10",6,3453648,0.173729343581048
"32","ES","2008-11",8,3453648,0.231639124774731
"32","ES","2008-12",35,3453648,1.01342117088945
"33","RJ","2008-01",28,15872362,0.176407266920954
"33","RJ","2008-02",35,15872362,0.220509083651192
"33","RJ","2008-03",17,15872362,0.10710441205915
"33","RJ","2008-04",29,15872362,0.182707526453845
"33","RJ","2008-05",27,15872362,0.170107007388062
"33","RJ","2008-06",15,15872362,0.094503892993368
"33","RJ","2008-07",17,15872362,0.10710441205915
"33","RJ","2008-08",15,15872362,0.094503892993368
"33","RJ","2008-09",10,15872362,0.063002595328912
"33","RJ","2008-10",17,15872362,0.10710441205915
"33","RJ","2008-11",18,15872362,0.113404671592042
"33","RJ","2008-12",30,15872362,0.189007785986736
"35","SP","2008-01",92,41011635,0.224326584394892
"35","SP","2008-02",114,41011635,0.27796989805454
"35","SP","2008-03",73,41011635,0.177998268052469
"35","SP","2008-04",68,41011635,0.165806605857094
"35","SP","2008-05",48,41011635,0.117039957075596
"35","SP","2008-06",29,41011635,0.0707116407331724
"35","SP","2008-07",17,41011635,0.0414516514642735
"35","SP","2008-08",28,41011635,0.0682733082940975
"35","SP","2008-09",26,41011635,0.0633966434159477
"35","SP","2008-10",27,41011635,0.0658349758550226
"35","SP","2008-11",42,41011635,0.102409962441146
"35","SP","2008-12",38,41011635,0.0926566326848466
"41","PR","2008-01",41,10590169,0.387151517600899
"41","PR","2008-02",35,10590169,0.330495197951987
"41","PR","2008-03",26,10590169,0.245510718478619
"41","PR","2008-04",18,10590169,0.169968958946736
"41","PR","2008-05",8,10590169,0.0755417595318828
"41","PR","2008-06",6,10590169,0.0566563196489121
"41","PR","2008-07",7,10590169,0.0660990395903975
"41","PR","2008-08",12,10590169,0.113312639297824
"41","PR","2008-09",2,10590169,0.0188854398829707
"41","PR","2008-10",15,10590169,0.14164079912228
"41","PR","2008-11",9,10590169,0.0849844794733682
"41","PR","2008-12",20,10590169,0.188854398829707
"42","SC","2008-01",63,6052587,1.04087723150448
"42","SC","2008-02",91,6052587,1.50348933439536
"42","SC","2008-03",63,6052587,1.04087723150448
"42","SC","2008-04",52,6052587,0.859136762511633
"42","SC","2008-05",20,6052587,0.330437216350628
"42","SC","2008-06",12,6052587,0.198262329810377
"42","SC","2008-07",15,6052587,0.247827912262971
"42","SC","2008-08",16,6052587,0.264349773080503
"42","SC","2008-09",17,6052587,0.280871633898034
"42","SC","2008-10",16,6052587,0.264349773080503
"42","SC","2008-11",46,6052587,0.760005597606445
"42","SC","2008-12",522,6052587,8.6244113467514
"43","RS","2008-01",94,10855214,0.865943315350577
"43","RS","2008-02",63,10855214,0.580366264543472
"43","RS","2008-03",76,10855214,0.700124382623871
"43","RS","2008-04",36,10855214,0.331637865453413
"43","RS","2008-05",27,10855214,0.248728399090059
"43","RS","2008-06",13,10855214,0.119758118080399
"43","RS","2008-07",12,10855214,0.110545955151138
"43","RS","2008-08",9,10855214,0.0829094663633531
"43","RS","2008-09",14,10855214,0.12897028100966
"43","RS","2008-10",18,10855214,0.165818932726706
"43","RS","2008-11",33,10855214,0.304001376665628
"43","RS","2008-12",34,10855214,0.31321353959489
"50","MS","2008-01",2,2336058,0.085614312658333
"50","MS","2008-04",2,2336058,0.085614312658333
"50","MS","2008-05",1,2336058,0.0428071563291665
"50","MS","2008-10",1,2336058,0.0428071563291665
"51","MT","2008-01",1,2957732,0.0338096893160029
"51","MT","2008-02",2,2957732,0.0676193786320059
"51","MT","2008-03",3,2957732,0.101429067948009
"51","MT","2008-05",3,2957732,0.101429067948009
"51","MT","2008-06",1,2957732,0.0338096893160029
"51","MT","2008-08",1,2957732,0.0338096893160029
"51","MT","2008-09",3,2957732,0.101429067948009
"52","GO","2008-01",1,5844996,0.0171086515713612
"52","GO","2008-02",3,5844996,0.0513259547140836
"52","GO","2008-03",2,5844996,0.0342173031427224
"52","GO","2008-04",2,5844996,0.0342173031427224
"52","GO","2008-07",1,5844996,0.0171086515713612
"52","GO","2008-12",1,5844996,0.0171086515713612
"53","DF","2008-02",1,2557158,0.0391059136744777
"53","DF","2008-03",6,2557158,0.234635482046866
"53","DF","2008-04",1,2557158,0.0391059136744777
"53","DF","2008-06",2,2557158,0.0782118273489554
"53","DF","2008-07",2,2557158,0.0782118273489554
"53","DF","2008-09",2,2557158,0.0782118273489554
"53","DF","2008-10",2,2557158,0.0782118273489554
"53","DF","2008-11",1,2557158,0.0391059136744777
"53","DF","2008-12",2,2557158,0.0782118273489554
"11","RO","2009-01",2,1503911,0.132986592956631
"11","RO","2009-02",3,1503911,0.199479889434947
"11","RO","2009-03",7,1503911,0.465453075348209
"11","RO","2009-04",2,1503911,0.132986592956631
"11","RO","2009-05",2,1503911,0.132986592956631
"11","RO","2009-06",4,1503911,0.265973185913262
"11","RO","2009-07",1,1503911,0.0664932964783155
"11","RO","2009-08",4,1503911,0.265973185913262
"11","RO","2009-09",2,1503911,0.132986592956631
"11","RO","2009-10",1,1503911,0.0664932964783155
"11","RO","2009-11",1,1503911,0.0664932964783155
"11","RO","2009-12",1,1503911,0.0664932964783155
"12","AC","2009-01",18,691169,2.6042834675745
"12","AC","2009-02",17,691169,2.45960105270925
"12","AC","2009-03",11,691169,1.59150656351775
"12","AC","2009-04",6,691169,0.8680944891915
"12","AC","2009-05",11,691169,1.59150656351775
"12","AC","2009-06",2,691169,0.2893648297305
"12","AC","2009-08",2,691169,0.2893648297305
"12","AC","2009-11",1,691169,0.14468241486525
"12","AC","2009-12",3,691169,0.43404724459575
"13","AM","2009-01",4,3393357,0.117877370403409
"13","AM","2009-02",9,3393357,0.26522408340767
"13","AM","2009-03",4,3393357,0.117877370403409
"13","AM","2009-04",10,3393357,0.294693426008522
"13","AM","2009-05",9,3393357,0.26522408340767
"13","AM","2009-06",9,3393357,0.26522408340767
"13","AM","2009-07",8,3393357,0.235754740806818
"13","AM","2009-08",4,3393357,0.117877370403409
"13","AM","2009-09",1,3393357,0.0294693426008522
"13","AM","2009-10",1,3393357,0.0294693426008522
"13","AM","2009-11",1,3393357,0.0294693426008522
"13","AM","2009-12",3,3393357,0.0884080278025566
"14","RR","2009-01",1,421497,0.237249612690007
"14","RR","2009-03",1,421497,0.237249612690007
"15","PA","2009-01",6,7431041,0.0807423885832416
"15","PA","2009-02",15,7431041,0.201855971458104
"15","PA","2009-03",19,7431041,0.255684230513598
"15","PA","2009-04",18,7431041,0.242227165749725
"15","PA","2009-05",17,7431041,0.228770100985851
"15","PA","2009-06",16,7431041,0.215313036221978
"15","PA","2009-07",3,7431041,0.0403711942916208
"15","PA","2009-08",6,7431041,0.0807423885832416
"15","PA","2009-10",4,7431041,0.0538282590554944
"15","PA","2009-11",3,7431041,0.0403711942916208
"16","AP","2009-01",2,626607,0.319179326116689
"16","AP","2009-02",7,626607,1.11712764140841
"16","AP","2009-03",8,626607,1.27671730446676
"16","AP","2009-04",5,626607,0.797948315291722
"16","AP","2009-05",12,626607,1.91507595670013
"16","AP","2009-06",7,626607,1.11712764140841
"16","AP","2009-07",19,626607,3.03220359810854
"16","AP","2009-08",11,626607,1.75548629364179
"16","AP","2009-09",6,626607,0.957537978350066
"16","AP","2009-10",9,626607,1.4363069675251
"16","AP","2009-11",3,626607,0.478768989175033
"16","AP","2009-12",2,626607,0.319179326116689
"17","TO","2009-06",1,1292063,0.0773956068705628
"21","MA","2009-02",2,6367111,0.0314114203443289
"21","MA","2009-03",5,6367111,0.0785285508608221
"21","MA","2009-04",7,6367111,0.109939971205151
"21","MA","2009-05",24,6367111,0.376937044131946
"21","MA","2009-06",16,6367111,0.251291362754631
"21","MA","2009-07",4,6367111,0.0628228406886577
"21","MA","2009-10",3,6367111,0.0471171305164933
"22","PI","2009-05",1,3145164,0.0317948444023905
"22","PI","2009-06",10,3145164,0.317948444023905
"22","PI","2009-07",3,3145164,0.0953845332071714
"23","CE","2009-01",3,8547750,0.0350969553391243
"23","CE","2009-02",6,8547750,0.0701939106782487
"23","CE","2009-03",11,8547750,0.128688836243456
"23","CE","2009-04",18,8547750,0.210581732034746
"23","CE","2009-05",55,8547750,0.643444181217279
"23","CE","2009-06",93,8547750,1.08800561551285
"23","CE","2009-07",73,8547750,0.854025913252025
"23","CE","2009-08",16,8547750,0.187183761808663
"23","CE","2009-09",12,8547750,0.140387821356497
"23","CE","2009-10",7,8547750,0.0818928957912901
"23","CE","2009-11",4,8547750,0.0467959404521658
"23","CE","2009-12",6,8547750,0.0701939106782487
"24","RN","2009-01",1,3137646,0.0318710268781118
"24","RN","2009-02",2,3137646,0.0637420537562236
"24","RN","2009-03",1,3137646,0.0318710268781118
"24","RN","2009-04",2,3137646,0.0637420537562236
"24","RN","2009-05",4,3137646,0.127484107512447
"24","RN","2009-06",20,3137646,0.637420537562236
"24","RN","2009-07",7,3137646,0.223097188146783
"24","RN","2009-08",3,3137646,0.0956130806343354
"24","RN","2009-10",1,3137646,0.0318710268781118
"24","RN","2009-11",1,3137646,0.0318710268781118
"24","RN","2009-12",1,3137646,0.0318710268781118
"25","PB","2009-03",2,3769954,0.0530510451851667
"25","PB","2009-04",1,3769954,0.0265255225925834
"25","PB","2009-05",1,3769954,0.0265255225925834
"25","PB","2009-06",2,3769954,0.0530510451851667
"25","PB","2009-07",5,3769954,0.132627612962917
"25","PB","2009-08",1,3769954,0.0265255225925834
"25","PB","2009-09",1,3769954,0.0265255225925834
"26","PE","2009-01",4,8810318,0.045401312415738
"26","PE","2009-02",8,8810318,0.090802624831476
"26","PE","2009-03",21,8810318,0.238356890182625
"26","PE","2009-04",25,8810318,0.283758202598362
"26","PE","2009-05",33,8810318,0.374560827429838
"26","PE","2009-06",35,8810318,0.397261483637708
"26","PE","2009-07",35,8810318,0.397261483637708
"26","PE","2009-08",22,8810318,0.249707218286559
"26","PE","2009-09",10,8810318,0.113503281039345
"26","PE","2009-10",6,8810318,0.068101968623607
"26","PE","2009-11",2,8810318,0.022700656207869
"26","PE","2009-12",4,8810318,0.045401312415738
"27","AL","2009-01",2,3156101,0.0633693281678882
"27","AL","2009-03",5,3156101,0.15842332041972
"27","AL","2009-04",1,3156101,0.0316846640839441
"27","AL","2009-05",7,3156101,0.221792648587609
"27","AL","2009-06",16,3156101,0.506954625343105
"27","AL","2009-07",12,3156101,0.380215969007329
"27","AL","2009-08",15,3156101,0.475269961259161
"27","AL","2009-09",14,3156101,0.443585297175217
"27","AL","2009-10",4,3156101,0.126738656335776
"27","AL","2009-12",2,3156101,0.0633693281678882
"28","SE","2009-01",1,2019755,0.0495109555366864
"28","SE","2009-02",1,2019755,0.0495109555366864
"28","SE","2009-03",2,2019755,0.0990219110733728
"28","SE","2009-04",2,2019755,0.0990219110733728
"28","SE","2009-05",12,2019755,0.594131466440237
"28","SE","2009-06",13,2019755,0.643642421976923
"28","SE","2009-07",2,2019755,0.0990219110733728
"28","SE","2009-08",5,2019755,0.247554777683432
"28","SE","2009-09",10,2019755,0.495109555366864
"28","SE","2009-10",1,2019755,0.0495109555366864
"28","SE","2009-11",1,2019755,0.0495109555366864
"28","SE","2009-12",3,2019755,0.148532866610059
"29","BA","2009-01",6,14637500,0.0409906063193851
"29","BA","2009-02",11,14637500,0.0751494449188728
"29","BA","2009-03",8,14637500,0.0546541417591802
"29","BA","2009-04",15,14637500,0.102476515798463
"29","BA","2009-05",47,14637500,0.321093082835184
"29","BA","2009-06",24,14637500,0.163962425277541
"29","BA","2009-07",6,14637500,0.0409906063193851
"29","BA","2009-08",12,14637500,0.0819812126387703
"29","BA","2009-09",6,14637500,0.0409906063193851
"29","BA","2009-10",6,14637500,0.0409906063193851
"29","BA","2009-11",9,14637500,0.0614859094790777
"29","BA","2009-12",6,14637500,0.0409906063193851
"31","MG","2009-01",35,20034068,0.17470241191155
"31","MG","2009-02",9,20034068,0.0449234773486843
"31","MG","2009-03",19,20034068,0.0948384521805556
"31","MG","2009-04",14,20034068,0.0698809647646199
"31","MG","2009-05",3,20034068,0.0149744924495614
"31","MG","2009-06",7,20034068,0.03494048238231
"31","MG","2009-07",5,20034068,0.0249574874159357
"31","MG","2009-08",1,20034068,0.00499149748318714
"31","MG","2009-09",1,20034068,0.00499149748318714
"31","MG","2009-10",8,20034068,0.0399319798654971
"31","MG","2009-11",4,20034068,0.0199659899327486
"31","MG","2009-12",7,20034068,0.03494048238231
"32","ES","2009-01",31,3487094,0.888992381622061
"32","ES","2009-02",70,3487094,2.00740215204982
"32","ES","2009-03",31,3487094,0.888992381622061
"32","ES","2009-04",17,3487094,0.487511951212098
"32","ES","2009-05",7,3487094,0.200740215204982
"32","ES","2009-06",2,3487094,0.0573543472014233
"32","ES","2009-07",6,3487094,0.17206304160427
"32","ES","2009-08",8,3487094,0.229417388805693
"32","ES","2009-09",4,3487094,0.114708694402847
"32","ES","2009-10",9,3487094,0.258094562406405
"32","ES","2009-11",31,3487094,0.888992381622061
"32","ES","2009-12",21,3487094,0.602220645614945
"33","RJ","2009-01",69,16010386,0.43097024643878
"33","RJ","2009-02",64,16010386,0.39974051843597
"33","RJ","2009-03",33,16010386,0.206116204818547
"33","RJ","2009-04",34,16010386,0.212362150419109
"33","RJ","2009-05",20,16010386,0.124918912011241
"33","RJ","2009-06",8,16010386,0.0499675648044963
"33","RJ","2009-07",14,16010386,0.0874432384078685
"33","RJ","2009-08",7,16010386,0.0437216192039342
"33","RJ","2009-09",7,16010386,0.0437216192039342
"33","RJ","2009-10",14,16010386,0.0874432384078685
"33","RJ","2009-11",20,16010386,0.124918912011241
"33","RJ","2009-12",38,16010386,0.237345932821357
"35","SP","2009-01",93,41384089,0.224724047930595
"35","SP","2009-02",141,41384089,0.340710653314128
"35","SP","2009-03",149,41384089,0.360041754211383
"35","SP","2009-04",98,41384089,0.236805985991379
"35","SP","2009-05",40,41384089,0.0966555044862773
"35","SP","2009-06",30,41384089,0.072491628364708
"35","SP","2009-07",26,41384089,0.0628260779160803
"35","SP","2009-08",30,41384089,0.072491628364708
"35","SP","2009-09",28,41384089,0.0676588531403941
"35","SP","2009-10",39,41384089,0.0942391168741204
"35","SP","2009-11",71,41384089,0.171563520463142
"35","SP","2009-12",111,41384089,0.26821902494942
"41","PR","2009-01",22,10686228,0.205872455650394
"41","PR","2009-02",39,10686228,0.36495571683479
"41","PR","2009-03",38,10686228,0.35559787794159
"41","PR","2009-04",31,10686228,0.290093005689192
"41","PR","2009-05",7,10686228,0.0655048722523981
"41","PR","2009-06",6,10686228,0.0561470333591984
"41","PR","2009-07",8,10686228,0.0748627111455979
"41","PR","2009-08",6,10686228,0.0561470333591984
"41","PR","2009-09",5,10686228,0.0467891944659987
"41","PR","2009-10",12,10686228,0.112294066718397
"41","PR","2009-11",13,10686228,0.121651905611597
"41","PR","2009-12",18,10686228,0.168441100077595
"42","SC","2009-01",105,6118727,1.7160432227161
"42","SC","2009-02",57,6118727,0.931566320903024
"42","SC","2009-03",94,6118727,1.5362672660506
"42","SC","2009-04",45,6118727,0.735447095449756
"42","SC","2009-05",20,6118727,0.326865375755447
"42","SC","2009-06",21,6118727,0.34320864454322
"42","SC","2009-07",22,6118727,0.359551913330992
"42","SC","2009-08",14,6118727,0.228805763028813
"42","SC","2009-09",11,6118727,0.179775956665496
"42","SC","2009-10",18,6118727,0.294178838179902
"42","SC","2009-11",20,6118727,0.326865375755447
"42","SC","2009-12",29,6118727,0.473954794845398
"43","RS","2009-01",43,10914042,0.393987855278549
"43","RS","2009-02",75,10914042,0.687188119671887
"43","RS","2009-03",78,10914042,0.714675644458762
"43","RS","2009-04",51,10914042,0.467287921376883
"43","RS","2009-05",18,10914042,0.164925148721253
"43","RS","2009-06",17,10914042,0.155762640458961
"43","RS","2009-07",16,10914042,0.146600132196669
"43","RS","2009-08",6,10914042,0.054975049573751
"43","RS","2009-09",21,10914042,0.192412673508128
"43","RS","2009-10",23,10914042,0.210737690032712
"43","RS","2009-11",36,10914042,0.329850297442506
"43","RS","2009-12",77,10914042,0.70551313619647
"50","MS","2009-02",2,2360550,0.0847260172417445
"50","MS","2009-03",1,2360550,0.0423630086208723
"50","MS","2009-04",2,2360550,0.0847260172417445
"51","MT","2009-03",1,3001725,0.0333141776811667
"52","GO","2009-01",1,5926308,0.0168739120545203
"52","GO","2009-02",1,5926308,0.0168739120545203
"52","GO","2009-03",1,5926308,0.0168739120545203
"52","GO","2009-04",3,5926308,0.0506217361635609
"52","GO","2009-07",1,5926308,0.0168739120545203
"52","GO","2009-09",1,5926308,0.0168739120545203
"52","GO","2009-11",2,5926308,0.0337478241090406
"52","GO","2009-12",3,5926308,0.0506217361635609
"53","DF","2009-01",4,2606884,0.15343989222382
"53","DF","2009-02",4,2606884,0.15343989222382
"53","DF","2009-03",5,2606884,0.191799865279775
"53","DF","2009-04",3,2606884,0.115079919167865
"53","DF","2009-05",2,2606884,0.0767199461119099
"53","DF","2009-06",2,2606884,0.0767199461119099
"53","DF","2009-08",3,2606884,0.115079919167865
"53","DF","2009-09",3,2606884,0.115079919167865
"53","DF","2009-10",1,2606884,0.0383599730559549
"53","DF","2009-11",1,2606884,0.0383599730559549
"53","DF","2009-12",1,2606884,0.0383599730559549
"11","RO","2010-01",2,1562409,0.128007455154188
"11","RO","2010-02",3,1562409,0.192011182731282
"11","RO","2010-03",2,1562409,0.128007455154188
"11","RO","2010-04",1,1562409,0.0640037275770941
"11","RO","2010-05",3,1562409,0.192011182731282
"11","RO","2010-06",1,1562409,0.0640037275770941
"11","RO","2010-10",1,1562409,0.0640037275770941
"11","RO","2010-11",2,1562409,0.128007455154188
"12","AC","2010-01",2,733559,0.272643372925695
"12","AC","2010-02",3,733559,0.408965059388543
"12","AC","2010-03",3,733559,0.408965059388543
"12","AC","2010-04",7,733559,0.954251805239933
"12","AC","2010-05",2,733559,0.272643372925695
"12","AC","2010-06",7,733559,0.954251805239933
"12","AC","2010-07",2,733559,0.272643372925695
"12","AC","2010-08",1,733559,0.136321686462848
"12","AC","2010-09",2,733559,0.272643372925695
"12","AC","2010-10",2,733559,0.272643372925695
"12","AC","2010-11",6,733559,0.817930118777085
"12","AC","2010-12",7,733559,0.954251805239933
"13","AM","2010-01",2,3483985,0.0574055284394164
"13","AM","2010-02",7,3483985,0.200919349537957
"13","AM","2010-03",5,3483985,0.143513821098541
"13","AM","2010-04",4,3483985,0.114811056878833
"13","AM","2010-05",3,3483985,0.0861082926591245
"13","AM","2010-06",7,3483985,0.200919349537957
"13","AM","2010-07",3,3483985,0.0861082926591245
"13","AM","2010-08",2,3483985,0.0574055284394164
"13","AM","2010-10",3,3483985,0.0861082926591245
"13","AM","2010-11",1,3483985,0.0287027642197082
"13","AM","2010-12",2,3483985,0.0574055284394164
"14","RR","2010-10",1,450479,0.221985930531723
"14","RR","2010-11",1,450479,0.221985930531723
"15","PA","2010-01",7,7581051,0.0923354822438208
"15","PA","2010-02",12,7581051,0.158289398132264
"15","PA","2010-03",3,7581051,0.0395723495330661
"15","PA","2010-04",11,7581051,0.145098614954576
"15","PA","2010-05",10,7581051,0.131907831776887
"15","PA","2010-06",11,7581051,0.145098614954576
"15","PA","2010-07",8,7581051,0.10552626542151
"15","PA","2010-08",11,7581051,0.145098614954576
"15","PA","2010-09",6,7581051,0.0791446990661321
"15","PA","2010-10",2,7581051,0.0263815663553774
"15","PA","2010-11",4,7581051,0.0527631327107548
"15","PA","2010-12",10,7581051,0.131907831776887
"16","AP","2010-01",8,669526,1.19487518035147
"16","AP","2010-02",3,669526,0.448078192631802
"16","AP","2010-03",9,669526,1.34423457789541
"16","AP","2010-04",13,669526,1.94167216807114
"16","AP","2010-05",2,669526,0.298718795087868
"16","AP","2010-06",9,669526,1.34423457789541
"16","AP","2010-07",2,669526,0.298718795087868
"16","AP","2010-08",2,669526,0.298718795087868
"16","AP","2010-09",2,669526,0.298718795087868
"16","AP","2010-10",2,669526,0.298718795087868
"16","AP","2010-11",7,669526,1.04551578280754
"16","AP","2010-12",4,669526,0.597437590175736
"17","TO","2010-04",1,1383445,0.0722833217077658
"21","MA","2010-01",2,6574789,0.0304192271417379
"21","MA","2010-02",2,6574789,0.0304192271417379
"21","MA","2010-04",1,6574789,0.015209613570869
"21","MA","2010-05",5,6574789,0.0760480678543448
"21","MA","2010-06",5,6574789,0.0760480678543448
"21","MA","2010-07",8,6574789,0.121676908566952
"21","MA","2010-08",4,6574789,0.0608384542834759
"21","MA","2010-09",2,6574789,0.0304192271417379
"21","MA","2010-10",4,6574789,0.0608384542834759
"21","MA","2010-11",5,6574789,0.0760480678543448
"21","MA","2010-12",3,6574789,0.0456288407126069
"23","CE","2010-02",3,8452381,0.0354929575465185
"23","CE","2010-03",4,8452381,0.0473239433953581
"23","CE","2010-04",8,8452381,0.0946478867907161
"23","CE","2010-05",2,8452381,0.023661971697679
"23","CE","2010-06",3,8452381,0.0354929575465185
"23","CE","2010-07",2,8452381,0.023661971697679
"23","CE","2010-08",6,8452381,0.0709859150930371
"23","CE","2010-09",2,8452381,0.023661971697679
"23","CE","2010-10",2,8452381,0.023661971697679
"23","CE","2010-11",2,8452381,0.023661971697679
"23","CE","2010-12",2,8452381,0.023661971697679
"24","RN","2010-01",1,3168027,0.0315653875424673
"24","RN","2010-03",1,3168027,0.0315653875424673
"24","RN","2010-04",6,3168027,0.189392325254804
"24","RN","2010-05",1,3168027,0.0315653875424673
"24","RN","2010-06",2,3168027,0.0631307750849346
"24","RN","2010-07",3,3168027,0.0946961626274019
"24","RN","2010-08",5,3168027,0.157826937712336
"24","RN","2010-11",1,3168027,0.0315653875424673
"25","PB","2010-01",1,3766528,0.0265496499694148
"25","PB","2010-05",1,3766528,0.0265496499694148
"25","PB","2010-06",1,3766528,0.0265496499694148
"25","PB","2010-07",2,3766528,0.0530992999388296
"25","PB","2010-08",3,3766528,0.0796489499082444
"26","PE","2010-01",6,8796448,0.0682093499558003
"26","PE","2010-02",8,8796448,0.0909457999410671
"26","PE","2010-03",6,8796448,0.0682093499558003
"26","PE","2010-04",7,8796448,0.0795775749484337
"26","PE","2010-05",19,8796448,0.215996274860034
"26","PE","2010-06",17,8796448,0.193259824874768
"26","PE","2010-07",128,8796448,1.45513279905707
"26","PE","2010-08",43,8796448,0.488833674683236
"26","PE","2010-09",16,8796448,0.181891599882134
"26","PE","2010-10",5,8796448,0.0568411249631669
"26","PE","2010-11",12,8796448,0.136418699911601
"26","PE","2010-12",4,8796448,0.0454728999705336
"27","AL","2010-01",4,3120494,0.128184832273352
"27","AL","2010-03",3,3120494,0.0961386242050137
"27","AL","2010-04",3,3120494,0.0961386242050137
"27","AL","2010-06",8,3120494,0.256369664546703
"27","AL","2010-07",34,3120494,1.08957107432349
"27","AL","2010-08",5,3120494,0.160231040341689
"27","AL","2010-09",2,3120494,0.0640924161366758
"27","AL","2010-10",4,3120494,0.128184832273352
"27","AL","2010-11",4,3120494,0.128184832273352
"27","AL","2010-12",2,3120494,0.0640924161366758
"28","SE","2010-01",4,2068017,0.193422007652742
"28","SE","2010-02",4,2068017,0.193422007652742
"28","SE","2010-03",2,2068017,0.0967110038263709
"28","SE","2010-04",19,2068017,0.918754536350523
"28","SE","2010-05",4,2068017,0.193422007652742
"28","SE","2010-06",8,2068017,0.386844015305483
"28","SE","2010-07",12,2068017,0.580266022958225
"28","SE","2010-08",5,2068017,0.241777509565927
"28","SE","2010-09",8,2068017,0.386844015305483
"28","SE","2010-10",2,2068017,0.0967110038263709
"28","SE","2010-11",2,2068017,0.0967110038263709
"28","SE","2010-12",3,2068017,0.145066505739556
"29","BA","2010-01",6,14016906,0.0428054522160597
"29","BA","2010-02",11,14016906,0.0784766623961094
"29","BA","2010-03",10,14016906,0.0713424203600994
"29","BA","2010-04",41,14016906,0.292503923476408
"29","BA","2010-05",31,14016906,0.221161503116308
"29","BA","2010-06",10,14016906,0.0713424203600994
"29","BA","2010-07",43,14016906,0.306772407548428
"29","BA","2010-08",21,14016906,0.149819082756209
"29","BA","2010-09",11,14016906,0.0784766623961094
"29","BA","2010-10",2,14016906,0.0142684840720199
"29","BA","2010-11",7,14016906,0.0499396942520696
"29","BA","2010-12",6,14016906,0.0428054522160597
"31","MG","2010-01",24,19597330,0.122465662414217
"31","MG","2010-02",8,19597330,0.0408218874714055
"31","MG","2010-03",10,19597330,0.0510273593392569
"31","MG","2010-04",7,19597330,0.0357191515374798
"31","MG","2010-05",5,19597330,0.0255136796696285
"31","MG","2010-06",3,19597330,0.0153082078017771
"31","MG","2010-07",7,19597330,0.0357191515374798
"31","MG","2010-08",9,19597330,0.0459246234053312
"31","MG","2010-09",1,19597330,0.00510273593392569
"31","MG","2010-10",4,19597330,0.0204109437357028
"31","MG","2010-11",9,19597330,0.0459246234053312
"31","MG","2010-12",12,19597330,0.0612328312071083
"32","ES","2010-01",21,3514952,0.597447703411028
"32","ES","2010-02",17,3514952,0.483648140856547
"32","ES","2010-03",43,3514952,1.22334529746068
"32","ES","2010-04",23,3514952,0.654347484688269
"32","ES","2010-05",19,3514952,0.540547922133787
"32","ES","2010-06",26,3514952,0.73969715660413
"32","ES","2010-07",14,3514952,0.398298468940685
"32","ES","2010-08",23,3514952,0.654347484688269
"32","ES","2010-09",15,3514952,0.426748359579306
"32","ES","2010-10",14,3514952,0.398298468940685
"32","ES","2010-11",21,3514952,0.597447703411028
"32","ES","2010-12",32,3514952,0.910396500435852
"33","RJ","2010-01",52,15989929,0.325204696030858
"33","RJ","2010-02",34,15989929,0.212633839712484
"33","RJ","2010-03",20,15989929,0.125078729242638
"33","RJ","2010-04",52,15989929,0.325204696030858
"33","RJ","2010-05",25,15989929,0.156348411553297
"33","RJ","2010-06",7,15989929,0.0437775552349232
"33","RJ","2010-07",22,15989929,0.137586602166901
"33","RJ","2010-08",13,15989929,0.0813011740077145
"33","RJ","2010-09",11,15989929,0.0687933010834507
"33","RJ","2010-10",9,15989929,0.0562854281591869
"33","RJ","2010-11",30,15989929,0.187618093863957
"33","RJ","2010-12",20,15989929,0.125078729242638
"35","SP","2010-01",137,41262199,0.332023021846218
"35","SP","2010-02",216,41262199,0.523481552691848
"35","SP","2010-03",126,41262199,0.305364239070244
"35","SP","2010-04",79,41262199,0.191458530845629
"35","SP","2010-05",41,41262199,0.0993645539831748
"35","SP","2010-06",26,41262199,0.0630116683795742
"35","SP","2010-07",28,41262199,0.0678587197933876
"35","SP","2010-08",29,41262199,0.0702822455002943
"35","SP","2010-09",21,41262199,0.0508940398450407
"35","SP","2010-10",49,41262199,0.118752759638428
"35","SP","2010-11",46,41262199,0.111482182517708
"35","SP","2010-12",77,41262199,0.186611479431816
"41","PR","2010-01",46,10444526,0.440422092874296
"41","PR","2010-02",73,10444526,0.698930712604861
"41","PR","2010-03",44,10444526,0.421273306227588
"41","PR","2010-04",39,10444526,0.373401339610816
"41","PR","2010-05",25,10444526,0.239359833083857
"41","PR","2010-06",21,10444526,0.20106225979044
"41","PR","2010-07",4,10444526,0.038297573293417
"41","PR","2010-08",8,10444526,0.0765951465868341
"41","PR","2010-09",4,10444526,0.038297573293417
"41","PR","2010-10",15,10444526,0.143615899850314
"41","PR","2010-11",11,10444526,0.105318326556897
"41","PR","2010-12",29,10444526,0.277657406377274
"42","SC","2010-01",61,6248436,0.976244295372474
"42","SC","2010-02",58,6248436,0.928232280845959
"42","SC","2010-03",57,6248436,0.912228276003787
"42","SC","2010-04",41,6248436,0.65616419852904
"42","SC","2010-05",28,6248436,0.448112135580808
"42","SC","2010-06",26,6248436,0.416104125896464
"42","SC","2010-07",23,6248436,0.368092111369949
"42","SC","2010-08",26,6248436,0.416104125896464
"42","SC","2010-09",25,6248436,0.400100121054293
"42","SC","2010-10",33,6248436,0.528132159791666
"42","SC","2010-11",20,6248436,0.320080096843434
"42","SC","2010-12",32,6248436,0.512128154949494
"43","RS","2010-01",63,10693929,0.589119303111139
"43","RS","2010-02",62,10693929,0.579768203061756
"43","RS","2010-03",83,10693929,0.776141304098802
"43","RS","2010-04",54,10693929,0.504959402666691
"43","RS","2010-05",39,10693929,0.364692901925943
"43","RS","2010-06",32,10693929,0.299235201580261
"43","RS","2010-07",19,10693929,0.17767090093828
"43","RS","2010-08",22,10693929,0.20572420108643
"43","RS","2010-09",32,10693929,0.299235201580261
"43","RS","2010-10",16,10693929,0.149617600790131
"43","RS","2010-11",20,10693929,0.187022000987663
"43","RS","2010-12",33,10693929,0.308586301629644
"50","MS","2010-04",1,2449024,0.0408325929023154
"50","MS","2010-07",1,2449024,0.0408325929023154
"51","MT","2010-03",1,3035122,0.0329476047420829
"51","MT","2010-04",1,3035122,0.0329476047420829
"51","MT","2010-05",1,3035122,0.0329476047420829
"51","MT","2010-10",1,3035122,0.0329476047420829
"52","GO","2010-01",1,6003788,0.0166561510832828
"52","GO","2010-02",1,6003788,0.0166561510832828
"52","GO","2010-03",4,6003788,0.066624604333131
"52","GO","2010-04",2,6003788,0.0333123021665655
"52","GO","2010-05",1,6003788,0.0166561510832828
"52","GO","2010-07",3,6003788,0.0499684532498483
"52","GO","2010-09",2,6003788,0.0333123021665655
"53","DF","2010-01",5,2570160,0.194540417717185
"53","DF","2010-02",2,2570160,0.077816167086874
"53","DF","2010-03",4,2570160,0.155632334173748
"53","DF","2010-04",4,2570160,0.155632334173748
"53","DF","2010-05",3,2570160,0.116724250630311
"53","DF","2010-06",3,2570160,0.116724250630311
"53","DF","2010-08",1,2570160,0.038908083543437
"53","DF","2010-10",1,2570160,0.038908083543437
"53","DF","2010-11",4,2570160,0.155632334173748
"53","DF","2010-12",1,2570160,0.038908083543437
"11","RO","2011-02",4,1576455,0.253733852219061
"11","RO","2011-03",2,1576455,0.126866926109531
"11","RO","2011-04",7,1576455,0.444034241383357
"11","RO","2011-05",7,1576455,0.444034241383357
"11","RO","2011-06",2,1576455,0.126866926109531
"11","RO","2011-08",9,1576455,0.570901167492888
"11","RO","2011-09",20,1576455,1.26866926109531
"11","RO","2011-10",2,1576455,0.126866926109531
"11","RO","2011-11",3,1576455,0.190300389164296
"12","AC","2011-01",6,746386,0.803873598915307
"12","AC","2011-02",23,746386,3.08151546250867
"12","AC","2011-03",15,746386,2.00968399728827
"12","AC","2011-04",25,746386,3.34947332881378
"12","AC","2011-05",11,746386,1.47376826467806
"12","AC","2011-06",9,746386,1.20581039837296
"12","AC","2011-07",6,746386,0.803873598915307
"12","AC","2011-08",4,746386,0.535915732610204
"12","AC","2011-09",8,746386,1.07183146522041
"12","AC","2011-10",6,746386,0.803873598915307
"12","AC","2011-11",7,746386,0.937852532067858
"12","AC","2011-12",9,746386,1.20581039837296
"13","AM","2011-01",6,3538387,0.169568789394716
"13","AM","2011-02",10,3538387,0.282614648991193
"13","AM","2011-03",11,3538387,0.310876113890312
"13","AM","2011-04",11,3538387,0.310876113890312
"13","AM","2011-05",14,3538387,0.39566050858767
"13","AM","2011-06",7,3538387,0.197830254293835
"13","AM","2011-07",4,3538387,0.113045859596477
"13","AM","2011-08",1,3538387,0.0282614648991193
"13","AM","2011-09",2,3538387,0.0565229297982386
"13","AM","2011-10",3,3538387,0.0847843946973579
"13","AM","2011-11",2,3538387,0.0565229297982386
"13","AM","2011-12",6,3538387,0.169568789394716
"15","PA","2011-01",7,7688593,0.0910439660416412
"15","PA","2011-02",18,7688593,0.234113055535649
"15","PA","2011-03",20,7688593,0.260125617261832
"15","PA","2011-04",22,7688593,0.286138178988015
"15","PA","2011-05",19,7688593,0.24711933639874
"15","PA","2011-06",6,7688593,0.0780376851785496
"15","PA","2011-07",6,7688593,0.0780376851785496
"15","PA","2011-08",11,7688593,0.143069089494008
"15","PA","2011-09",8,7688593,0.104050246904733
"15","PA","2011-10",7,7688593,0.0910439660416412
"15","PA","2011-11",6,7688593,0.0780376851785496
"15","PA","2011-12",2,7688593,0.0260125617261832
"16","AP","2011-01",8,684309,1.16906251415662
"16","AP","2011-02",14,684309,2.04585939977408
"16","AP","2011-03",15,684309,2.19199221404366
"16","AP","2011-04",10,684309,1.46132814269577
"16","AP","2011-05",6,684309,0.876796885617462
"16","AP","2011-06",8,684309,1.16906251415662
"16","AP","2011-07",4,684309,0.584531257078308
"16","AP","2011-08",11,684309,1.60746095696535
"16","AP","2011-09",11,684309,1.60746095696535
"16","AP","2011-10",6,684309,0.876796885617462
"16","AP","2011-11",3,684309,0.438398442808731
"16","AP","2011-12",1,684309,0.146132814269577
"17","TO","2011-01",2,1400892,0.142766180405056
"17","TO","2011-05",1,1400892,0.0713830902025281
"17","TO","2011-11",1,1400892,0.0713830902025281
"21","MA","2011-01",3,6645761,0.0451415571519951
"21","MA","2011-02",2,6645761,0.0300943714346634
"21","MA","2011-03",5,6645761,0.0752359285866585
"21","MA","2011-04",4,6645761,0.0601887428693268
"21","MA","2011-05",11,6645761,0.165519042890649
"21","MA","2011-06",5,6645761,0.0752359285866585
"21","MA","2011-07",6,6645761,0.0902831143039902
"21","MA","2011-08",6,6645761,0.0902831143039902
"21","MA","2011-09",2,6645761,0.0300943714346634
"21","MA","2011-10",1,6645761,0.0150471857173317
"21","MA","2011-11",1,6645761,0.0150471857173317
"21","MA","2011-12",2,6645761,0.0300943714346634
"22","PI","2011-05",1,3140328,0.0318438073984628
"22","PI","2011-08",1,3140328,0.0318438073984628
"23","CE","2011-01",4,8530155,0.0468924656117034
"23","CE","2011-02",5,8530155,0.0586155820146293
"23","CE","2011-03",5,8530155,0.0586155820146293
"23","CE","2011-04",10,8530155,0.117231164029259
"23","CE","2011-05",33,8530155,0.386862841296553
"23","CE","2011-06",16,8530155,0.187569862446814
"23","CE","2011-07",12,8530155,0.14067739683511
"23","CE","2011-08",24,8530155,0.281354793670221
"23","CE","2011-09",1,8530155,0.0117231164029259
"23","CE","2011-10",8,8530155,0.0937849312234069
"23","CE","2011-11",4,8530155,0.0468924656117034
"23","CE","2011-12",2,8530155,0.0234462328058517
"24","RN","2011-01",1,3198657,0.031263120740986
"24","RN","2011-02",1,3198657,0.031263120740986
"24","RN","2011-03",3,3198657,0.0937893622229579
"24","RN","2011-04",2,3198657,0.062526241481972
"24","RN","2011-05",5,3198657,0.15631560370493
"24","RN","2011-06",6,3198657,0.187578724445916
"24","RN","2011-07",2,3198657,0.062526241481972
"24","RN","2011-08",5,3198657,0.15631560370493
"24","RN","2011-09",3,3198657,0.0937893622229579
"24","RN","2011-10",3,3198657,0.0937893622229579
"24","RN","2011-11",2,3198657,0.062526241481972
"24","RN","2011-12",2,3198657,0.062526241481972
"25","PB","2011-02",1,3791315,0.0263760726819059
"25","PB","2011-03",5,3791315,0.131880363409529
"25","PB","2011-04",1,3791315,0.0263760726819059
"25","PB","2011-05",6,3791315,0.158256436091435
"25","PB","2011-06",1,3791315,0.0263760726819059
"25","PB","2011-07",6,3791315,0.158256436091435
"25","PB","2011-08",2,3791315,0.0527521453638118
"25","PB","2011-09",1,3791315,0.0263760726819059
"25","PB","2011-10",1,3791315,0.0263760726819059
"25","PB","2011-11",2,3791315,0.0527521453638118
"26","PE","2011-01",12,8864906,0.135365225530874
"26","PE","2011-02",18,8864906,0.203047838296311
"26","PE","2011-03",15,8864906,0.169206531913593
"26","PE","2011-04",22,8864906,0.248169580139936
"26","PE","2011-05",110,8864906,1.24084790069968
"26","PE","2011-06",35,8864906,0.394815241131716
"26","PE","2011-07",49,8864906,0.552741337584403
"26","PE","2011-08",69,8864906,0.778350046802527
"26","PE","2011-09",26,8864906,0.293291321983561
"26","PE","2011-10",10,8864906,0.112804354609062
"26","PE","2011-11",6,8864906,0.0676826127654371
"26","PE","2011-12",12,8864906,0.135365225530874
"27","AL","2011-01",5,3143384,0.159064244139437
"27","AL","2011-02",1,3143384,0.0318128488278874
"27","AL","2011-03",1,3143384,0.0318128488278874
"27","AL","2011-04",9,3143384,0.286315639450987
"27","AL","2011-05",23,3143384,0.73169552304141
"27","AL","2011-06",12,3143384,0.381754185934649
"27","AL","2011-07",7,3143384,0.222689941795212
"27","AL","2011-08",13,3143384,0.413567034762536
"27","AL","2011-09",5,3143384,0.159064244139437
"27","AL","2011-10",2,3143384,0.0636256976557748
"27","AL","2011-11",4,3143384,0.12725139531155
"27","AL","2011-12",3,3143384,0.0954385464836622
"28","SE","2011-01",2,2089819,0.0957020679781359
"28","SE","2011-02",1,2089819,0.047851033989068
"28","SE","2011-03",3,2089819,0.143553101967204
"28","SE","2011-04",7,2089819,0.334957237923476
"28","SE","2011-05",10,2089819,0.47851033989068
"28","SE","2011-06",11,2089819,0.526361373879747
"28","SE","2011-07",1,2089819,0.047851033989068
"28","SE","2011-08",4,2089819,0.191404135956272
"28","SE","2011-09",3,2089819,0.143553101967204
"28","SE","2011-10",2,2089819,0.0957020679781359
"28","SE","2011-11",5,2089819,0.23925516994534
"28","SE","2011-12",1,2089819,0.047851033989068
"29","BA","2011-01",11,14097534,0.0780278309667492
"29","BA","2011-02",10,14097534,0.0709343917879538
"29","BA","2011-03",12,14097534,0.0851212701455446
"29","BA","2011-04",18,14097534,0.127681905218317
"29","BA","2011-05",33,14097534,0.234083492900248
"29","BA","2011-06",21,14097534,0.148962222754703
"29","BA","2011-07",14,14097534,0.0993081485031354
"29","BA","2011-08",8,14097534,0.0567475134303631
"29","BA","2011-09",9,14097534,0.0638409526091585
"29","BA","2011-10",2,14097534,0.0141868783575908
"29","BA","2011-11",25,14097534,0.177335979469885
"29","BA","2011-12",6,14097534,0.0425606350727723
"31","MG","2011-01",22,19728701,0.11151266370756
"31","MG","2011-02",13,19728701,0.0658938467362854
"31","MG","2011-03",23,19728701,0.116581421148813
"31","MG","2011-04",9,19728701,0.0456188169712745
"31","MG","2011-05",7,19728701,0.035481302088769
"31","MG","2011-06",4,19728701,0.0202750297650109
"31","MG","2011-07",5,19728701,0.0253437872062636
"31","MG","2011-08",4,19728701,0.0202750297650109
"31","MG","2011-09",5,19728701,0.0253437872062636
"31","MG","2011-10",7,19728701,0.035481302088769
"31","MG","2011-11",7,19728701,0.035481302088769
"31","MG","2011-12",6,19728701,0.0304125446475163
"32","ES","2011-01",68,3547055,1.91708332687257
"32","ES","2011-02",37,3547055,1.04311886903361
"32","ES","2011-03",52,3547055,1.4660048970202
"32","ES","2011-04",39,3547055,1.09950367276515
"32","ES","2011-05",19,3547055,0.53565563544969
"32","ES","2011-06",13,3547055,0.366501224255051
"32","ES","2011-07",10,3547055,0.281924018657732
"32","ES","2011-08",13,3547055,0.366501224255051
"32","ES","2011-09",4,3547055,0.112769607463093
"32","ES","2011-10",12,3547055,0.338308822389278
"32","ES","2011-11",13,3547055,0.366501224255051
"32","ES","2011-12",26,3547055,0.733002448510102
"33","RJ","2011-01",156,16112678,0.968181701390669
"33","RJ","2011-02",142,16112678,0.881293599983814
"33","RJ","2011-03",34,16112678,0.211013960559505
"33","RJ","2011-04",10,16112678,0.0620629295763249
"33","RJ","2011-05",15,16112678,0.0930943943644874
"33","RJ","2011-06",9,16112678,0.0558566366186924
"33","RJ","2011-07",9,16112678,0.0558566366186924
"33","RJ","2011-08",9,16112678,0.0558566366186924
"33","RJ","2011-09",13,16112678,0.0806818084492224
"33","RJ","2011-10",9,16112678,0.0558566366186924
"33","RJ","2011-11",10,16112678,0.0620629295763249
"33","RJ","2011-12",8,16112678,0.0496503436610599
"35","SP","2011-01",249,41587182,0.598742179741825
"35","SP","2011-02",156,41587182,0.375115582488854
"35","SP","2011-03",131,41587182,0.315000905807948
"35","SP","2011-04",98,41587182,0.235649532589152
"35","SP","2011-05",80,41587182,0.1923669653789
"35","SP","2011-06",33,41587182,0.0793513732187961
"35","SP","2011-07",43,41587182,0.103397243891159
"35","SP","2011-08",35,41587182,0.0841605473532686
"35","SP","2011-09",41,41587182,0.0985880697566861
"35","SP","2011-10",45,41587182,0.108206418025631
"35","SP","2011-11",49,41587182,0.117824766294576
"35","SP","2011-12",37,41587182,0.0889697214877411
"41","PR","2011-01",78,10512349,0.741984498421808
"41","PR","2011-02",106,10512349,1.00833790811169
"41","PR","2011-03",88,10512349,0.837110716168194
"41","PR","2011-04",55,10512349,0.523194197605121
"41","PR","2011-05",17,10512349,0.161714570168856
"41","PR","2011-06",14,10512349,0.13317670484494
"41","PR","2011-07",23,10512349,0.218790300816687
"41","PR","2011-08",22,10512349,0.209277679042049
"41","PR","2011-09",19,10512349,0.180739813718133
"41","PR","2011-10",19,10512349,0.180739813718133
"41","PR","2011-11",17,10512349,0.161714570168856
"41","PR","2011-12",20,10512349,0.190252435492771
"42","SC","2011-01",85,6317054,1.34556392900868
"42","SC","2011-02",174,6317054,2.75444851350012
"42","SC","2011-03",75,6317054,1.18726229030178
"42","SC","2011-04",64,6317054,1.01313048772418
"42","SC","2011-05",44,6317054,0.696527210310376
"42","SC","2011-06",28,6317054,0.44324458837933
"42","SC","2011-07",28,6317054,0.44324458837933
"42","SC","2011-08",28,6317054,0.44324458837933
"42","SC","2011-09",83,6317054,1.3139036012673
"42","SC","2011-10",45,6317054,0.712357374181066
"42","SC","2011-11",27,6317054,0.42741442450864
"42","SC","2011-12",25,6317054,0.395754096767259
"43","RS","2011-01",69,10733030,0.642875311072456
"43","RS","2011-02",146,10733030,1.36028689009534
"43","RS","2011-03",100,10733030,0.931703349380371
"43","RS","2011-04",43,10733030,0.400632440233559
"43","RS","2011-05",50,10733030,0.465851674690185
"43","RS","2011-06",20,10733030,0.186340669876074
"43","RS","2011-07",17,10733030,0.158389569394663
"43","RS","2011-08",27,10733030,0.2515599043327
"43","RS","2011-09",10,10733030,0.0931703349380371
"43","RS","2011-10",20,10733030,0.186340669876074
"43","RS","2011-11",28,10733030,0.260876937826504
"43","RS","2011-12",14,10733030,0.130438468913252
"51","MT","2011-02",2,3075936,0.0650208586914682
"51","MT","2011-04",1,3075936,0.0325104293457341
"51","MT","2011-07",1,3075936,0.0325104293457341
"51","MT","2011-08",2,3075936,0.0650208586914682
"51","MT","2011-09",1,3075936,0.0325104293457341
"51","MT","2011-11",1,3075936,0.0325104293457341
"52","GO","2011-02",1,6080716,0.0164454317550762
"52","GO","2011-03",1,6080716,0.0164454317550762
"52","GO","2011-04",1,6080716,0.0164454317550762
"53","DF","2011-01",5,2609998,0.191571028023776
"53","DF","2011-03",1,2609998,0.0383142056047552
"53","DF","2011-04",3,2609998,0.114942616814266
"53","DF","2011-10",3,2609998,0.114942616814266
"53","DF","2011-11",1,2609998,0.0383142056047552
"11","RO","2012-01",2,1590011,0.125785293309292
"11","RO","2012-02",1,1590011,0.0628926466546458
"11","RO","2012-03",1,1590011,0.0628926466546458
"11","RO","2012-04",1,1590011,0.0628926466546458
"11","RO","2012-05",1,1590011,0.0628926466546458
"11","RO","2012-10",1,1590011,0.0628926466546458
"11","RO","2012-12",2,1590011,0.125785293309292
"12","AC","2012-01",10,758786,1.31789463695956
"12","AC","2012-02",23,758786,3.031157665007
"12","AC","2012-03",72,758786,9.48884138610886
"12","AC","2012-04",22,758786,2.89936820131104
"12","AC","2012-05",9,758786,1.18610517326361
"12","AC","2012-06",5,758786,0.658947318479782
"12","AC","2012-07",7,758786,0.922526245871695
"12","AC","2012-08",5,758786,0.658947318479782
"12","AC","2012-09",14,758786,1.84505249174339
"12","AC","2012-10",34,758786,4.48084176566252
"12","AC","2012-11",23,758786,3.031157665007
"12","AC","2012-12",30,758786,3.95368391087869
"13","AM","2012-01",10,3590985,0.278475125905566
"13","AM","2012-02",7,3590985,0.194932588133896
"13","AM","2012-03",11,3590985,0.306322638496123
"13","AM","2012-04",7,3590985,0.194932588133896
"13","AM","2012-05",14,3590985,0.389865176267793
"13","AM","2012-06",6,3590985,0.16708507554334
"13","AM","2012-07",7,3590985,0.194932588133896
"13","AM","2012-08",5,3590985,0.139237562952783
"13","AM","2012-09",2,3590985,0.0556950251811133
"13","AM","2012-10",3,3590985,0.0835425377716699
"13","AM","2012-11",3,3590985,0.0835425377716699
"13","AM","2012-12",2,3590985,0.0556950251811133
"14","RR","2012-04",1,469524,0.212981658019611
"14","RR","2012-05",1,469524,0.212981658019611
"14","RR","2012-07",1,469524,0.212981658019611
"15","PA","2012-01",10,7822205,0.127841190559439
"15","PA","2012-02",18,7822205,0.230114143006991
"15","PA","2012-03",8,7822205,0.102272952447552
"15","PA","2012-04",7,7822205,0.0894888333916076
"15","PA","2012-05",15,7822205,0.191761785839159
"15","PA","2012-06",10,7822205,0.127841190559439
"15","PA","2012-07",15,7822205,0.191761785839159
"15","PA","2012-08",6,7822205,0.0767047143356637
"15","PA","2012-09",8,7822205,0.102272952447552
"15","PA","2012-11",2,7822205,0.0255682381118879
"15","PA","2012-12",4,7822205,0.0511364762237758
"16","AP","2012-01",5,698602,0.715715099584599
"16","AP","2012-02",10,698602,1.4314301991692
"16","AP","2012-03",11,698602,1.57457321908612
"16","AP","2012-04",12,698602,1.71771623900304
"16","AP","2012-05",10,698602,1.4314301991692
"16","AP","2012-06",5,698602,0.715715099584599
"16","AP","2012-08",9,698602,1.28828717925228
"16","AP","2012-09",6,698602,0.858858119501519
"16","AP","2012-10",7,698602,1.00200113941844
"16","AP","2012-11",1,698602,0.14314301991692
"16","AP","2012-12",3,698602,0.429429059750759
"17","TO","2012-04",1,1417694,0.0705370834608879
"17","TO","2012-05",1,1417694,0.0705370834608879
"17","TO","2012-08",1,1417694,0.0705370834608879
"17","TO","2012-11",1,1417694,0.0705370834608879
"21","MA","2012-01",2,6714314,0.0297871085564363
"21","MA","2012-02",1,6714314,0.0148935542782181
"21","MA","2012-03",1,6714314,0.0148935542782181
"21","MA","2012-04",5,6714314,0.0744677713910907
"21","MA","2012-05",3,6714314,0.0446806628346544
"21","MA","2012-06",1,6714314,0.0148935542782181
"21","MA","2012-08",5,6714314,0.0744677713910907
"21","MA","2012-09",2,6714314,0.0297871085564363
"21","MA","2012-11",1,6714314,0.0148935542782181
"22","PI","2012-05",2,3160748,0.0632761612124725
"23","CE","2012-01",3,8606005,0.0348593801653613
"23","CE","2012-02",4,8606005,0.046479173553815
"23","CE","2012-03",5,8606005,0.0580989669422688
"23","CE","2012-04",10,8606005,0.116197933884538
"23","CE","2012-05",6,8606005,0.0697187603307226
"23","CE","2012-06",7,8606005,0.0813385537191763
"23","CE","2012-07",6,8606005,0.0697187603307226
"23","CE","2012-08",4,8606005,0.046479173553815
"23","CE","2012-09",4,8606005,0.046479173553815
"23","CE","2012-10",3,8606005,0.0348593801653613
"23","CE","2012-11",5,8606005,0.0580989669422688
"23","CE","2012-12",3,8606005,0.0348593801653613
"24","RN","2012-01",2,3228198,0.0619540684927009
"24","RN","2012-03",2,3228198,0.0619540684927009
"24","RN","2012-04",1,3228198,0.0309770342463504
"24","RN","2012-05",1,3228198,0.0309770342463504
"24","RN","2012-06",2,3228198,0.0619540684927009
"24","RN","2012-07",1,3228198,0.0309770342463504
"24","RN","2012-08",2,3228198,0.0619540684927009
"24","RN","2012-10",1,3228198,0.0309770342463504
"24","RN","2012-11",2,3228198,0.0619540684927009
"25","PB","2012-02",2,3815171,0.0524222898528008
"25","PB","2012-03",4,3815171,0.104844579705602
"25","PB","2012-05",1,3815171,0.0262111449264004
"25","PB","2012-07",3,3815171,0.0786334347792012
"25","PB","2012-08",4,3815171,0.104844579705602
"25","PB","2012-09",1,3815171,0.0262111449264004
"25","PB","2012-11",1,3815171,0.0262111449264004
"26","PE","2012-01",8,8931028,0.0895753545952381
"26","PE","2012-02",14,8931028,0.156756870541667
"26","PE","2012-03",14,8931028,0.156756870541667
"26","PE","2012-04",9,8931028,0.100772273919643
"26","PE","2012-05",7,8931028,0.0783784352708333
"26","PE","2012-06",5,8931028,0.0559845966220238
"26","PE","2012-07",21,8931028,0.2351353058125
"26","PE","2012-08",16,8931028,0.179150709190476
"26","PE","2012-09",11,8931028,0.123166112568452
"26","PE","2012-10",7,8931028,0.0783784352708333
"26","PE","2012-11",5,8931028,0.0559845966220238
"26","PE","2012-12",4,8931028,0.044787677297619
"27","AL","2012-01",1,3165472,0.0315908654380768
"27","AL","2012-02",3,3165472,0.0947725963142305
"27","AL","2012-03",6,3165472,0.189545192628461
"27","AL","2012-04",4,3165472,0.126363461752307
"27","AL","2012-05",2,3165472,0.0631817308761537
"27","AL","2012-06",4,3165472,0.126363461752307
"27","AL","2012-07",7,3165472,0.221136058066538
"27","AL","2012-08",10,3165472,0.315908654380768
"27","AL","2012-09",2,3165472,0.0631817308761537
"27","AL","2012-10",2,3165472,0.0631817308761537
"27","AL","2012-11",7,3165472,0.221136058066538
"27","AL","2012-12",1,3165472,0.0315908654380768
"28","SE","2012-01",5,2110867,0.236869494856853
"28","SE","2012-02",1,2110867,0.0473738989713705
"28","SE","2012-03",4,2110867,0.189495595885482
"28","SE","2012-04",2,2110867,0.0947477979427411
"28","SE","2012-05",2,2110867,0.0947477979427411
"28","SE","2012-06",4,2110867,0.189495595885482
"28","SE","2012-07",7,2110867,0.331617292799594
"28","SE","2012-08",3,2110867,0.142121696914112
"28","SE","2012-09",4,2110867,0.189495595885482
"28","SE","2012-10",2,2110867,0.0947477979427411
"28","SE","2012-11",2,2110867,0.0947477979427411
"29","BA","2012-01",7,14175341,0.0493815281057436
"29","BA","2012-02",2,14175341,0.0141090080302125
"29","BA","2012-03",10,14175341,0.0705450401510623
"29","BA","2012-04",7,14175341,0.0493815281057436
"29","BA","2012-05",12,14175341,0.0846540481812748
"29","BA","2012-06",14,14175341,0.0987630562114872
"29","BA","2012-07",10,14175341,0.0705450401510623
"29","BA","2012-08",4,14175341,0.0282180160604249
"29","BA","2012-09",11,14175341,0.0775995441661686
"29","BA","2012-10",4,14175341,0.0282180160604249
"29","BA","2012-11",4,14175341,0.0282180160604249
"29","BA","2012-12",9,14175341,0.0634905361359561
"31","MG","2012-01",48,19855332,0.241748664791906
"31","MG","2012-02",13,19855332,0.0654735967144745
"31","MG","2012-03",9,19855332,0.0453278746484823
"31","MG","2012-04",7,19855332,0.0352550136154863
"31","MG","2012-05",11,19855332,0.0554007356814784
"31","MG","2012-06",9,19855332,0.0453278746484823
"31","MG","2012-07",4,19855332,0.0201457220659921
"31","MG","2012-09",7,19855332,0.0352550136154863
"31","MG","2012-10",3,19855332,0.0151092915494941
"31","MG","2012-11",10,19855332,0.0503643051649804
"31","MG","2012-12",7,19855332,0.0352550136154863
"32","ES","2012-01",48,3578067,1.34150646144972
"32","ES","2012-02",40,3578067,1.1179220512081
"32","ES","2012-03",16,3578067,0.447168820483239
"32","ES","2012-04",14,3578067,0.391272717922834
"32","ES","2012-05",20,3578067,0.558961025604048
"32","ES","2012-06",8,3578067,0.223584410241619
"32","ES","2012-07",13,3578067,0.363324666642631
"32","ES","2012-08",21,3578067,0.586909076884251
"32","ES","2012-09",13,3578067,0.363324666642631
"32","ES","2012-10",12,3578067,0.335376615362429
"32","ES","2012-11",20,3578067,0.558961025604048
"32","ES","2012-12",14,3578067,0.391272717922834
"33","RJ","2012-01",45,16231365,0.277241008380996
"33","RJ","2012-02",24,16231365,0.147861871136531
"33","RJ","2012-03",19,16231365,0.117057314649754
"33","RJ","2012-04",14,16231365,0.0862527581629764
"33","RJ","2012-05",13,16231365,0.080091846865621
"33","RJ","2012-06",18,16231365,0.110896403352398
"33","RJ","2012-07",9,16231365,0.0554482016761991
"33","RJ","2012-08",7,16231365,0.0431263790814882
"33","RJ","2012-09",5,16231365,0.0308045564867773
"33","RJ","2012-10",10,16231365,0.0616091129735546
"33","RJ","2012-11",13,16231365,0.080091846865621
"33","RJ","2012-12",9,16231365,0.0554482016761991
"35","SP","2012-01",95,41901219,0.226723714171657
"35","SP","2012-02",120,41901219,0.286387849479988
"35","SP","2012-03",88,41901219,0.210017756285324
"35","SP","2012-04",74,41901219,0.176605840512659
"35","SP","2012-05",63,41901219,0.150353620976994
"35","SP","2012-06",57,41901219,0.136034228502994
"35","SP","2012-07",48,41901219,0.114555139791995
"35","SP","2012-08",33,41901219,0.0787566586069966
"35","SP","2012-09",38,41901219,0.0906894856686628
"35","SP","2012-10",36,41901219,0.0859163548439963
"35","SP","2012-11",47,41901219,0.112168574379662
"35","SP","2012-12",65,41901219,0.15512675180166
"41","PR","2012-01",31,10577755,0.293067857971753
"41","PR","2012-02",27,10577755,0.255252650491527
"41","PR","2012-03",28,10577755,0.264706452361583
"41","PR","2012-04",14,10577755,0.132353226180792
"41","PR","2012-05",17,10577755,0.160714631790961
"41","PR","2012-06",14,10577755,0.132353226180792
"41","PR","2012-07",15,10577755,0.141807028050848
"41","PR","2012-08",13,10577755,0.122899424310735
"41","PR","2012-09",9,10577755,0.0850842168305089
"41","PR","2012-10",16,10577755,0.151260829920905
"41","PR","2012-11",14,10577755,0.132353226180792
"41","PR","2012-12",23,10577755,0.217437443011301
"42","SC","2012-01",45,6383286,0.70496606293373
"42","SC","2012-02",66,6383286,1.03395022563614
"42","SC","2012-03",54,6383286,0.845959275520476
"42","SC","2012-04",25,6383286,0.391647812740961
"42","SC","2012-05",33,6383286,0.516975112818069
"42","SC","2012-06",21,6383286,0.328984162702407
"42","SC","2012-07",23,6383286,0.360315987721684
"42","SC","2012-08",13,6383286,0.2036568626253
"42","SC","2012-09",42,6383286,0.657968325404815
"42","SC","2012-10",30,6383286,0.469977375289154
"42","SC","2012-11",36,6383286,0.563972850346984
"42","SC","2012-12",22,6383286,0.344650075212046
"43","RS","2012-01",34,10770603,0.315674062074333
"43","RS","2012-02",49,10770603,0.454942030636539
"43","RS","2012-03",41,10770603,0.380665780736696
"43","RS","2012-04",16,10770603,0.148552499799686
"43","RS","2012-05",18,10770603,0.167121562274647
"43","RS","2012-06",3,10770603,0.0278535937124412
"43","RS","2012-07",10,10770603,0.0928453123748039
"43","RS","2012-08",12,10770603,0.111414374849765
"43","RS","2012-09",18,10770603,0.167121562274647
"43","RS","2012-10",29,10770603,0.269251405886931
"43","RS","2012-11",24,10770603,0.222828749699529
"43","RS","2012-12",23,10770603,0.213544218462049
"50","MS","2012-02",2,2505088,0.0798375146901027
"50","MS","2012-09",1,2505088,0.0399187573450514
"50","MS","2012-12",3,2505088,0.119756272035154
"51","MT","2012-01",1,3115336,0.0320992663391685
"51","MT","2012-03",1,3115336,0.0320992663391685
"51","MT","2012-07",1,3115336,0.0320992663391685
"51","MT","2012-08",1,3115336,0.0320992663391685
"51","MT","2012-09",1,3115336,0.0320992663391685
"52","GO","2012-01",1,6154996,0.016246964254729
"52","GO","2012-02",6,6154996,0.097481785528374
"52","GO","2012-03",2,6154996,0.032493928509458
"52","GO","2012-04",1,6154996,0.016246964254729
"52","GO","2012-05",3,6154996,0.048740892764187
"52","GO","2012-06",2,6154996,0.032493928509458
"52","GO","2012-07",5,6154996,0.081234821273645
"52","GO","2012-08",1,6154996,0.016246964254729
"52","GO","2012-10",2,6154996,0.032493928509458
"53","DF","2012-01",5,2648532,0.188783824397817
"53","DF","2012-03",2,2648532,0.075513529759127
"53","DF","2012-04",1,2648532,0.0377567648795635
"53","DF","2012-05",5,2648532,0.188783824397817
"53","DF","2012-06",3,2648532,0.11327029463869
"53","DF","2012-07",1,2648532,0.0377567648795635
"53","DF","2012-08",1,2648532,0.0377567648795635
"53","DF","2012-11",1,2648532,0.0377567648795635
"53","DF","2012-12",1,2648532,0.0377567648795635
"11","RO","2013-01",6,1728214,0.3471792266467
"11","RO","2013-02",5,1728214,0.289316022205583
"11","RO","2013-03",12,1728214,0.6943584532934
"11","RO","2013-04",4,1728214,0.231452817764467
"11","RO","2013-05",9,1728214,0.52076883997005
"11","RO","2013-06",43,1728214,2.48811779096802
"11","RO","2013-07",46,1728214,2.66170740429137
"11","RO","2013-08",2,1728214,0.115726408882233
"11","RO","2013-09",9,1728214,0.52076883997005
"11","RO","2013-10",2,1728214,0.115726408882233
"11","RO","2013-11",5,1728214,0.289316022205583
"11","RO","2013-12",7,1728214,0.405042431087817
"12","AC","2013-01",36,776463,4.6364089467238
"12","AC","2013-02",37,776463,4.76519808413279
"12","AC","2013-03",67,776463,8.62887220640262
"12","AC","2013-04",69,776463,8.88645048122061
"12","AC","2013-05",49,776463,6.31066773304072
"12","AC","2013-06",27,776463,3.47730671004285
"12","AC","2013-07",24,776463,3.09093929781587
"12","AC","2013-08",22,776463,2.83336102299788
"12","AC","2013-09",34,776463,4.37883067190581
"12","AC","2013-10",41,776463,5.28035463376877
"12","AC","2013-11",48,776463,6.18187859563173
"12","AC","2013-12",65,776463,8.37129393158463
"13","AM","2013-01",3,3807921,0.0787831470243211
"13","AM","2013-02",10,3807921,0.26261049008107
"13","AM","2013-03",6,3807921,0.157566294048642
"13","AM","2013-04",9,3807921,0.236349441072963
"13","AM","2013-05",8,3807921,0.210088392064856
"13","AM","2013-06",3,3807921,0.0787831470243211
"13","AM","2013-07",7,3807921,0.183827343056749
"13","AM","2013-08",11,3807921,0.288871539089178
"13","AM","2013-09",3,3807921,0.0787831470243211
"13","AM","2013-10",2,3807921,0.0525220980162141
"13","AM","2013-11",4,3807921,0.105044196032428
"13","AM","2013-12",6,3807921,0.157566294048642
"14","RR","2013-06",2,488072,0.409775606877674
"14","RR","2013-07",1,488072,0.204887803438837
"14","RR","2013-11",1,488072,0.204887803438837
"14","RR","2013-12",1,488072,0.204887803438837
"15","PA","2013-01",12,7999729,0.150005081422133
"15","PA","2013-02",10,7999729,0.125004234518444
"15","PA","2013-03",16,7999729,0.200006775229511
"15","PA","2013-04",19,7999729,0.237508045585044
"15","PA","2013-05",21,7999729,0.262508892488733
"15","PA","2013-06",7,7999729,0.087502964162911
"15","PA","2013-07",3,7999729,0.0375012703555333
"15","PA","2013-08",10,7999729,0.125004234518444
"15","PA","2013-09",7,7999729,0.087502964162911
"15","PA","2013-10",8,7999729,0.100003387614755
"15","PA","2013-11",5,7999729,0.0625021172592222
"15","PA","2013-12",8,7999729,0.100003387614755
"16","AP","2013-01",2,734996,0.272110324409929
"16","AP","2013-02",5,734996,0.680275811024822
"16","AP","2013-03",8,734996,1.08844129763972
"16","AP","2013-04",8,734996,1.08844129763972
"16","AP","2013-05",2,734996,0.272110324409929
"16","AP","2013-06",3,734996,0.408165486614893
"16","AP","2013-07",9,734996,1.22449645984468
"16","AP","2013-08",3,734996,0.408165486614893
"16","AP","2013-09",2,734996,0.272110324409929
"16","AP","2013-11",5,734996,0.680275811024822
"17","TO","2013-05",4,1478164,0.270605967944017
"17","TO","2013-06",6,1478164,0.405908951916026
"17","TO","2013-08",1,1478164,0.0676514919860043
"21","MA","2013-01",2,6794301,0.0294364350357748
"21","MA","2013-02",1,6794301,0.0147182175178874
"21","MA","2013-03",3,6794301,0.0441546525536623
"21","MA","2013-04",2,6794301,0.0294364350357748
"21","MA","2013-05",3,6794301,0.0441546525536623
"21","MA","2013-06",1,6794301,0.0147182175178874
"21","MA","2013-07",2,6794301,0.0294364350357748
"21","MA","2013-08",2,6794301,0.0294364350357748
"21","MA","2013-09",1,6794301,0.0147182175178874
"21","MA","2013-10",1,6794301,0.0147182175178874
"21","MA","2013-11",1,6794301,0.0147182175178874
"21","MA","2013-12",1,6794301,0.0147182175178874
"22","PI","2013-02",1,3184166,0.0314053978341581
"22","PI","2013-10",1,3184166,0.0314053978341581
"23","CE","2013-02",3,8778576,0.0341741075090083
"23","CE","2013-03",3,8778576,0.0341741075090083
"23","CE","2013-04",4,8778576,0.0455654766786777
"23","CE","2013-05",6,8778576,0.0683482150180166
"23","CE","2013-06",3,8778576,0.0341741075090083
"23","CE","2013-07",4,8778576,0.0455654766786777
"23","CE","2013-08",2,8778576,0.0227827383393389
"23","CE","2013-09",3,8778576,0.0341741075090083
"23","CE","2013-10",2,8778576,0.0227827383393389
"23","CE","2013-12",1,8778576,0.0113913691696694
"24","RN","2013-07",1,3373959,0.0296387715440526
"24","RN","2013-08",1,3373959,0.0296387715440526
"24","RN","2013-09",1,3373959,0.0296387715440526
"24","RN","2013-10",1,3373959,0.0296387715440526
"24","RN","2013-11",1,3373959,0.0296387715440526
"24","RN","2013-12",1,3373959,0.0296387715440526
"25","PB","2013-01",2,3914421,0.0510931246281379
"25","PB","2013-02",1,3914421,0.0255465623140689
"25","PB","2013-03",1,3914421,0.0255465623140689
"25","PB","2013-04",1,3914421,0.0255465623140689
"25","PB","2013-05",2,3914421,0.0510931246281379
"25","PB","2013-06",4,3914421,0.102186249256276
"25","PB","2013-07",2,3914421,0.0510931246281379
"25","PB","2013-08",2,3914421,0.0510931246281379
"25","PB","2013-09",4,3914421,0.102186249256276
"25","PB","2013-11",2,3914421,0.0510931246281379
"26","PE","2013-01",4,9208550,0.0434378919591032
"26","PE","2013-02",6,9208550,0.0651568379386548
"26","PE","2013-03",9,9208550,0.0977352569079823
"26","PE","2013-04",9,9208550,0.0977352569079823
"26","PE","2013-05",10,9208550,0.108594729897758
"26","PE","2013-06",26,9208550,0.282346297734171
"26","PE","2013-07",48,9208550,0.521254703509239
"26","PE","2013-08",21,9208550,0.228048932785292
"26","PE","2013-09",10,9208550,0.108594729897758
"26","PE","2013-10",10,9208550,0.108594729897758
"26","PE","2013-11",10,9208550,0.108594729897758
"26","PE","2013-12",7,9208550,0.0760163109284306
"27","AL","2013-01",2,3300935,0.0605888937528306
"27","AL","2013-02",2,3300935,0.0605888937528306
"27","AL","2013-03",5,3300935,0.151472234382077
"27","AL","2013-04",1,3300935,0.0302944468764153
"27","AL","2013-05",11,3300935,0.333238915640569
"27","AL","2013-06",2,3300935,0.0605888937528306
"27","AL","2013-07",8,3300935,0.242355575011323
"27","AL","2013-08",8,3300935,0.242355575011323
"27","AL","2013-09",3,3300935,0.090883340629246
"27","AL","2013-10",8,3300935,0.242355575011323
"27","AL","2013-11",4,3300935,0.121177787505661
"27","AL","2013-12",2,3300935,0.0605888937528306
"28","SE","2013-01",1,2195662,0.0455443506332031
"28","SE","2013-02",1,2195662,0.0455443506332031
"28","SE","2013-04",1,2195662,0.0455443506332031
"28","SE","2013-05",4,2195662,0.182177402532812
"28","SE","2013-06",4,2195662,0.182177402532812
"28","SE","2013-07",3,2195662,0.136633051899609
"28","SE","2013-08",7,2195662,0.318810454432422
"28","SE","2013-09",2,2195662,0.0910887012664062
"28","SE","2013-10",1,2195662,0.0455443506332031
"28","SE","2013-11",6,2195662,0.273266103799219
"28","SE","2013-12",3,2195662,0.136633051899609
"29","BA","2013-01",6,15044137,0.0398826466416784
"29","BA","2013-02",7,15044137,0.0465297544152915
"29","BA","2013-03",6,15044137,0.0398826466416784
"29","BA","2013-04",11,15044137,0.0731181855097438
"29","BA","2013-05",27,15044137,0.179471909887553
"29","BA","2013-06",22,15044137,0.146236371019488
"29","BA","2013-07",23,15044137,0.152883478793101
"29","BA","2013-08",24,15044137,0.159530586566714
"29","BA","2013-09",17,15044137,0.113000832151422
"29","BA","2013-10",10,15044137,0.0664710777361307
"29","BA","2013-11",12,15044137,0.0797652932833568
"29","BA","2013-12",18,15044137,0.119647939925035
"31","MG","2013-01",19,20593356,0.0922627666903831
"31","MG","2013-02",28,20593356,0.135966182491091
"31","MG","2013-03",11,20593356,0.0534152859786428
"31","MG","2013-04",14,20593356,0.0679830912455454
"31","MG","2013-05",7,20593356,0.0339915456227727
"31","MG","2013-06",8,20593356,0.0388474807117402
"31","MG","2013-07",7,20593356,0.0339915456227727
"31","MG","2013-08",9,20593356,0.0437034158007078
"31","MG","2013-09",4,20593356,0.0194237403558701
"31","MG","2013-10",16,20593356,0.0776949614234805
"31","MG","2013-11",6,20593356,0.0291356105338052
"31","MG","2013-12",13,20593356,0.0631271561565779
"32","ES","2013-01",21,3839366,0.546965306251084
"32","ES","2013-02",19,3839366,0.494873372322409
"32","ES","2013-03",13,3839366,0.338597570536385
"32","ES","2013-04",18,3839366,0.468827405358072
"32","ES","2013-05",14,3839366,0.364643537500723
"32","ES","2013-06",11,3839366,0.286505636607711
"32","ES","2013-07",10,3839366,0.260459669643373
"32","ES","2013-08",5,3839366,0.130229834821687
"32","ES","2013-09",14,3839366,0.364643537500723
"32","ES","2013-10",9,3839366,0.234413702679036
"32","ES","2013-11",7,3839366,0.182321768750361
"32","ES","2013-12",14,3839366,0.364643537500723
"33","RJ","2013-01",44,16369179,0.268797842579643
"33","RJ","2013-02",20,16369179,0.122180837536201
"33","RJ","2013-03",22,16369179,0.134398921289822
"33","RJ","2013-04",29,16369179,0.177162214427492
"33","RJ","2013-05",9,16369179,0.0549813768912906
"33","RJ","2013-06",6,16369179,0.0366542512608604
"33","RJ","2013-07",15,16369179,0.0916356281521511
"33","RJ","2013-08",13,16369179,0.0794175443985309
"33","RJ","2013-09",13,16369179,0.0794175443985309
"33","RJ","2013-10",12,16369179,0.0733085025217208
"33","RJ","2013-11",7,16369179,0.0427632931376705
"33","RJ","2013-12",41,16369179,0.250470716949213
"35","SP","2013-01",156,43663669,0.357276435015115
"35","SP","2013-02",107,43663669,0.245054990683444
"35","SP","2013-03",146,43663669,0.334374099437223
"35","SP","2013-04",107,43663669,0.245054990683444
"35","SP","2013-05",56,43663669,0.128253079236195
"35","SP","2013-06",65,43663669,0.148865181256298
"35","SP","2013-07",71,43663669,0.162606582603033
"35","SP","2013-08",42,43663669,0.0961898094271464
"35","SP","2013-09",33,43663669,0.0755777074070436
"35","SP","2013-10",68,43663669,0.155735881929666
"35","SP","2013-11",55,43663669,0.125962845678406
"35","SP","2013-12",69,43663669,0.158026115487455
"41","PR","2013-01",62,10997465,0.563766286139579
"41","PR","2013-02",51,10997465,0.463743235372879
"41","PR","2013-03",54,10997465,0.491022249218343
"41","PR","2013-04",29,10997465,0.26369713383948
"41","PR","2013-05",13,10997465,0.118209059997008
"41","PR","2013-06",14,10997465,0.127302064612163
"41","PR","2013-07",26,10997465,0.236418119994017
"41","PR","2013-08",16,10997465,0.145488073842472
"41","PR","2013-09",14,10997465,0.127302064612163
"41","PR","2013-10",19,10997465,0.172767087687935
"41","PR","2013-11",16,10997465,0.145488073842472
"41","PR","2013-12",19,10997465,0.172767087687935
"42","SC","2013-01",57,6634254,0.859177233792978
"42","SC","2013-02",47,6634254,0.708444385759122
"42","SC","2013-03",62,6634254,0.934543657809906
"42","SC","2013-04",41,6634254,0.618004676938809
"42","SC","2013-05",13,6634254,0.195952702444013
"42","SC","2013-06",21,6634254,0.316538980871097
"42","SC","2013-07",15,6634254,0.226099272050784
"42","SC","2013-08",7,6634254,0.105512993623699
"42","SC","2013-09",11,6634254,0.165806132837241
"42","SC","2013-10",30,6634254,0.452198544101567
"42","SC","2013-11",17,6634254,0.256245841657555
"42","SC","2013-12",18,6634254,0.27131912646094
"43","RS","2013-01",85,11164043,0.761372918395244
"43","RS","2013-02",55,11164043,0.492653064843982
"43","RS","2013-03",50,11164043,0.447866422585438
"43","RS","2013-04",42,11164043,0.376207794971768
"43","RS","2013-05",22,11164043,0.197061225937593
"43","RS","2013-06",18,11164043,0.161231912130758
"43","RS","2013-07",21,11164043,0.188103897485884
"43","RS","2013-08",15,11164043,0.134359926775631
"43","RS","2013-09",24,11164043,0.21497588284101
"43","RS","2013-10",21,11164043,0.188103897485884
"43","RS","2013-11",30,11164043,0.268719853551263
"43","RS","2013-12",55,11164043,0.492653064843982
"50","MS","2013-02",1,2587269,0.038650793558768
"50","MS","2013-08",1,2587269,0.038650793558768
"50","MS","2013-10",1,2587269,0.038650793558768
"50","MS","2013-11",1,2587269,0.038650793558768
"51","MT","2013-03",1,3182113,0.0314256596167389
"51","MT","2013-05",1,3182113,0.0314256596167389
"51","MT","2013-10",1,3182113,0.0314256596167389
"52","GO","2013-01",1,6434048,0.0155423148848128
"52","GO","2013-02",3,6434048,0.0466269446544384
"52","GO","2013-03",3,6434048,0.0466269446544384
"52","GO","2013-04",6,6434048,0.0932538893088768
"52","GO","2013-05",3,6434048,0.0466269446544384
"52","GO","2013-06",2,6434048,0.0310846297696256
"52","GO","2013-07",4,6434048,0.0621692595392512
"52","GO","2013-08",1,6434048,0.0155423148848128
"52","GO","2013-09",5,6434048,0.077711574424064
"52","GO","2013-10",1,6434048,0.0155423148848128
"52","GO","2013-11",1,6434048,0.0155423148848128
"52","GO","2013-12",1,6434048,0.0155423148848128
"53","DF","2013-02",6,2789761,0.215072187187361
"53","DF","2013-04",7,2789761,0.250917551718588
"53","DF","2013-05",5,2789761,0.179226822656134
"53","DF","2013-06",1,2789761,0.0358453645312269
"53","DF","2013-07",2,2789761,0.0716907290624537
"53","DF","2013-10",2,2789761,0.0716907290624537
"53","DF","2013-11",1,2789761,0.0358453645312269
"53","DF","2013-12",4,2789761,0.143381458124907
"11","RO","2014-01",6,1748531,0.343145188732713
"11","RO","2014-02",19,1748531,1.08662643098693
"11","RO","2014-03",23,1748531,1.31538989014207
"11","RO","2014-04",34,1748531,1.94448940281871
"11","RO","2014-05",38,1748531,2.17325286197385
"11","RO","2014-06",17,1748531,0.972244701409354
"11","RO","2014-07",11,1748531,0.629099512676641
"11","RO","2014-08",12,1748531,0.686290377465427
"11","RO","2014-09",6,1748531,0.343145188732713
"11","RO","2014-10",8,1748531,0.457526918310284
"11","RO","2014-11",11,1748531,0.629099512676641
"11","RO","2014-12",2,1748531,0.114381729577571
"12","AC","2014-01",67,790101,8.47992851546828
"12","AC","2014-02",135,790101,17.0864231281823
"12","AC","2014-03",220,790101,27.8445413940749
"12","AC","2014-04",212,790101,26.8320126161086
"12","AC","2014-05",144,790101,18.2255180033945
"12","AC","2014-06",108,790101,13.6691385025459
"12","AC","2014-07",118,790101,14.9347994750038
"12","AC","2014-08",69,790101,8.73306070995987
"12","AC","2014-09",43,790101,5.44234218156919
"12","AC","2014-10",40,790101,5.06264388983181
"12","AC","2014-11",22,790101,2.78445413940749
"12","AC","2014-12",27,790101,3.41728462563647
"13","AM","2014-01",1,3873743,0.0258148256092363
"13","AM","2014-02",8,3873743,0.206518604873891
"13","AM","2014-03",28,3873743,0.722815117058617
"13","AM","2014-04",5,3873743,0.129074128046182
"13","AM","2014-05",7,3873743,0.180703779264654
"13","AM","2014-06",9,3873743,0.232333430483127
"13","AM","2014-07",14,3873743,0.361407558529309
"13","AM","2014-08",6,3873743,0.154888953655418
"13","AM","2014-09",2,3873743,0.0516296512184727
"13","AM","2014-10",8,3873743,0.206518604873891
"13","AM","2014-11",1,3873743,0.0258148256092363
"13","AM","2014-12",8,3873743,0.206518604873891
"14","RR","2014-02",1,496936,0.201233156784777
"14","RR","2014-04",1,496936,0.201233156784777
"14","RR","2014-07",1,496936,0.201233156784777
"14","RR","2014-08",1,496936,0.201233156784777
"15","PA","2014-01",11,8063393,0.136418998801125
"15","PA","2014-02",23,8063393,0.285239724765989
"15","PA","2014-03",19,8063393,0.235632816111034
"15","PA","2014-04",23,8063393,0.285239724765989
"15","PA","2014-05",24,8063393,0.297641451929727
"15","PA","2014-06",17,8063393,0.210829361783557
"15","PA","2014-07",8,8063393,0.0992138173099091
"15","PA","2014-08",8,8063393,0.0992138173099091
"15","PA","2014-09",7,8063393,0.0868120901461705
"15","PA","2014-10",2,8063393,0.0248034543274773
"15","PA","2014-11",5,8063393,0.0620086358186932
"15","PA","2014-12",2,8063393,0.0248034543274773
"16","AP","2014-01",7,750912,0.932199778402795
"16","AP","2014-02",3,750912,0.399514190744055
"16","AP","2014-03",10,750912,1.33171396914685
"16","AP","2014-04",9,750912,1.19854257223217
"16","AP","2014-05",3,750912,0.399514190744055
"16","AP","2014-06",3,750912,0.399514190744055
"16","AP","2014-07",5,750912,0.665856984573425
"16","AP","2014-08",4,750912,0.53268558765874
"16","AP","2014-09",6,750912,0.799028381488111
"16","AP","2014-10",11,750912,1.46488536606154
"16","AP","2014-11",8,750912,1.06537117531748
"16","AP","2014-12",3,750912,0.399514190744055
"17","TO","2014-01",1,1496880,0.0668056223611779
"17","TO","2014-04",1,1496880,0.0668056223611779
"17","TO","2014-05",1,1496880,0.0668056223611779
"21","MA","2014-01",3,6850884,0.0437899692944735
"21","MA","2014-02",4,6850884,0.0583866257259647
"21","MA","2014-03",6,6850884,0.0875799385889471
"21","MA","2014-04",2,6850884,0.0291933128629824
"21","MA","2014-05",6,6850884,0.0875799385889471
"21","MA","2014-06",4,6850884,0.0583866257259647
"21","MA","2014-07",3,6850884,0.0437899692944735
"21","MA","2014-09",2,6850884,0.0291933128629824
"21","MA","2014-10",2,6850884,0.0291933128629824
"21","MA","2014-11",1,6850884,0.0145966564314912
"22","PI","2014-05",1,3194718,0.0313016673146112
"23","CE","2014-01",2,8842791,0.0226172935671554
"23","CE","2014-02",3,8842791,0.0339259403507332
"23","CE","2014-03",3,8842791,0.0339259403507332
"23","CE","2014-04",8,8842791,0.0904691742686217
"23","CE","2014-05",9,8842791,0.101777821052199
"23","CE","2014-06",4,8842791,0.0452345871343109
"23","CE","2014-07",5,8842791,0.0565432339178886
"23","CE","2014-08",7,8842791,0.079160527485044
"23","CE","2014-09",2,8842791,0.0226172935671554
"23","CE","2014-10",4,8842791,0.0452345871343109
"23","CE","2014-11",2,8842791,0.0226172935671554
"23","CE","2014-12",1,8842791,0.0113086467835777
"24","RN","2014-01",1,3408510,0.0293383325852059
"24","RN","2014-02",3,3408510,0.0880149977556176
"24","RN","2014-04",3,3408510,0.0880149977556176
"24","RN","2014-05",1,3408510,0.0293383325852059
"24","RN","2014-07",1,3408510,0.0293383325852059
"24","RN","2014-09",1,3408510,0.0293383325852059
"24","RN","2014-10",2,3408510,0.0586766651704117
"24","RN","2014-11",2,3408510,0.0586766651704117
"25","PB","2014-01",1,3943885,0.0253557089012484
"25","PB","2014-02",1,3943885,0.0253557089012484
"25","PB","2014-03",2,3943885,0.0507114178024968
"25","PB","2014-05",1,3943885,0.0253557089012484
"25","PB","2014-06",1,3943885,0.0253557089012484
"25","PB","2014-07",1,3943885,0.0253557089012484
"25","PB","2014-08",2,3943885,0.0507114178024968
"25","PB","2014-09",5,3943885,0.126778544506242
"25","PB","2014-10",1,3943885,0.0253557089012484
"25","PB","2014-11",1,3943885,0.0253557089012484
"26","PE","2014-01",11,9277727,0.118563523156049
"26","PE","2014-02",7,9277727,0.0754495147356675
"26","PE","2014-03",8,9277727,0.0862280168407628
"26","PE","2014-04",18,9277727,0.194013037891716
"26","PE","2014-05",30,9277727,0.323355063152861
"26","PE","2014-06",27,9277727,0.291019556837575
"26","PE","2014-07",43,9277727,0.4634755905191
"26","PE","2014-08",23,9277727,0.247905548417193
"26","PE","2014-09",26,9277727,0.280241054732479
"26","PE","2014-10",9,9277727,0.0970065189458582
"26","PE","2014-11",13,9277727,0.14012052736624
"26","PE","2014-12",7,9277727,0.0754495147356675
"27","AL","2014-01",7,3321730,0.210733563534664
"27","AL","2014-02",6,3321730,0.180628768743998
"27","AL","2014-03",3,3321730,0.0903143843719989
"27","AL","2014-04",1,3321730,0.0301047947906663
"27","AL","2014-05",14,3321730,0.421467127069328
"27","AL","2014-06",6,3321730,0.180628768743998
"27","AL","2014-07",9,3321730,0.270943153115997
"27","AL","2014-08",11,3321730,0.331152742697329
"27","AL","2014-09",6,3321730,0.180628768743998
"27","AL","2014-10",5,3321730,0.150523973953332
"27","AL","2014-11",1,3321730,0.0301047947906663
"27","AL","2014-12",2,3321730,0.0602095895813326
"28","SE","2014-01",1,2219574,0.0450536904829485
"28","SE","2014-03",2,2219574,0.0901073809658971
"28","SE","2014-04",4,2219574,0.180214761931794
"28","SE","2014-05",5,2219574,0.225268452414743
"28","SE","2014-06",8,2219574,0.360429523863588
"28","SE","2014-07",8,2219574,0.360429523863588
"28","SE","2014-08",6,2219574,0.270322142897691
"28","SE","2014-09",4,2219574,0.180214761931794
"28","SE","2014-10",3,2219574,0.135161071448846
"28","SE","2014-11",2,2219574,0.0901073809658971
"29","BA","2014-01",15,15126371,0.0991645649838947
"29","BA","2014-02",7,15126371,0.0462767969924842
"29","BA","2014-03",11,15126371,0.0727206809881894
"29","BA","2014-04",10,15126371,0.0661097099892631
"29","BA","2014-05",18,15126371,0.118997477980674
"29","BA","2014-06",12,15126371,0.0793316519871158
"29","BA","2014-07",13,15126371,0.085942622986042
"29","BA","2014-08",13,15126371,0.085942622986042
"29","BA","2014-09",6,15126371,0.0396658259935579
"29","BA","2014-10",7,15126371,0.0462767969924842
"29","BA","2014-11",1,15126371,0.00661097099892631
"29","BA","2014-12",9,15126371,0.0594987389903368
"31","MG","2014-01",41,20734097,0.197741912753664
"31","MG","2014-02",13,20734097,0.0626986552633568
"31","MG","2014-03",8,20734097,0.0385837878543734
"31","MG","2014-04",8,20734097,0.0385837878543734
"31","MG","2014-05",13,20734097,0.0626986552633568
"31","MG","2014-06",10,20734097,0.0482297348179667
"31","MG","2014-07",9,20734097,0.0434067613361701
"31","MG","2014-08",3,20734097,0.01446892044539
"31","MG","2014-09",6,20734097,0.0289378408907801
"31","MG","2014-10",9,20734097,0.0434067613361701
"31","MG","2014-11",8,20734097,0.0385837878543734
"31","MG","2014-12",8,20734097,0.0385837878543734
"32","ES","2014-01",95,3885049,2.44527160403897
"32","ES","2014-02",32,3885049,0.823670435044706
"32","ES","2014-03",16,3885049,0.411835217522353
"32","ES","2014-04",23,3885049,0.592013125188382
"32","ES","2014-05",11,3885049,0.283136712046618
"32","ES","2014-06",11,3885049,0.283136712046618
"32","ES","2014-07",8,3885049,0.205917608761177
"32","ES","2014-08",9,3885049,0.231657309856324
"32","ES","2014-09",7,3885049,0.180177907666029
"32","ES","2014-10",6,3885049,0.154438206570882
"32","ES","2014-11",26,3885049,0.669232228473824
"32","ES","2014-12",8,3885049,0.205917608761177
"33","RJ","2014-01",32,16461173,0.194396839155995
"33","RJ","2014-02",23,16461173,0.139722728143371
"33","RJ","2014-03",16,16461173,0.0971984195779973
"33","RJ","2014-04",11,16461173,0.0668239134598731
"33","RJ","2014-05",12,16461173,0.0728988146834979
"33","RJ","2014-06",7,16461173,0.0425243085653738
"33","RJ","2014-07",11,16461173,0.0668239134598731
"33","RJ","2014-08",8,16461173,0.0485992097889986
"33","RJ","2014-09",12,16461173,0.0728988146834979
"33","RJ","2014-10",7,16461173,0.0425243085653738
"33","RJ","2014-11",11,16461173,0.0668239134598731
"33","RJ","2014-12",17,16461173,0.103273320801622
"35","SP","2014-01",101,44035304,0.22936142327983
"35","SP","2014-02",92,44035304,0.208923276650934
"35","SP","2014-03",107,44035304,0.242986854365761
"35","SP","2014-04",116,44035304,0.263425000994656
"35","SP","2014-05",64,44035304,0.145337931583259
"35","SP","2014-06",48,44035304,0.109003448687444
"35","SP","2014-07",44,44035304,0.0999198279634904
"35","SP","2014-08",41,44035304,0.0931071124205251
"35","SP","2014-09",34,44035304,0.0772107761536062
"35","SP","2014-10",47,44035304,0.106732543506456
"35","SP","2014-11",38,44035304,0.0862943968775599
"35","SP","2014-12",42,44035304,0.0953780176015136
"41","PR","2014-01",36,11081692,0.324860138686403
"41","PR","2014-02",36,11081692,0.324860138686403
"41","PR","2014-03",30,11081692,0.270716782238669
"41","PR","2014-04",23,11081692,0.207549533049646
"41","PR","2014-05",13,11081692,0.117310605636757
"41","PR","2014-06",24,11081692,0.216573425790935
"41","PR","2014-07",12,11081692,0.108286712895468
"41","PR","2014-08",4,11081692,0.0360955709651559
"41","PR","2014-09",13,11081692,0.117310605636757
"41","PR","2014-10",18,11081692,0.162430069343201
"41","PR","2014-11",20,11081692,0.180477854825779
"41","PR","2014-12",16,11081692,0.144382283860623
"42","SC","2014-01",53,6727148,0.787852445048035
"42","SC","2014-02",40,6727148,0.594605618904178
"42","SC","2014-03",44,6727148,0.654066180794595
"42","SC","2014-04",41,6727148,0.609470759376782
"42","SC","2014-05",16,6727148,0.237842247561671
"42","SC","2014-06",39,6727148,0.579740478431573
"42","SC","2014-07",28,6727148,0.416223933232924
"42","SC","2014-08",13,6727148,0.193246826143858
"42","SC","2014-09",17,6727148,0.252707388034275
"42","SC","2014-10",21,6727148,0.312167949924693
"42","SC","2014-11",16,6727148,0.237842247561671
"42","SC","2014-12",22,6727148,0.327033090397298
"43","RS","2014-01",52,11207274,0.463984373006317
"43","RS","2014-02",74,11207274,0.660285453893605
"43","RS","2014-03",62,11207274,0.553212137045993
"43","RS","2014-04",40,11207274,0.356911056158705
"43","RS","2014-05",24,11207274,0.214146633695223
"43","RS","2014-06",35,11207274,0.312297174138867
"43","RS","2014-07",43,11207274,0.383679385370608
"43","RS","2014-08",28,11207274,0.249837739311094
"43","RS","2014-09",28,11207274,0.249837739311094
"43","RS","2014-10",22,11207274,0.196301080887288
"43","RS","2014-11",37,11207274,0.330142726946803
"43","RS","2014-12",35,11207274,0.312297174138867
"50","MS","2014-01",3,2619657,0.114518809141807
"50","MS","2014-02",2,2619657,0.076345872761205
"50","MS","2014-03",2,2619657,0.076345872761205
"50","MS","2014-04",3,2619657,0.114518809141807
"50","MS","2014-05",5,2619657,0.190864681903013
"50","MS","2014-06",1,2619657,0.0381729363806025
"50","MS","2014-07",1,2619657,0.0381729363806025
"50","MS","2014-10",1,2619657,0.0381729363806025
"50","MS","2014-11",1,2619657,0.0381729363806025
"50","MS","2014-12",1,2619657,0.0381729363806025
"51","MT","2014-03",1,3224357,0.0310139354916345
"51","MT","2014-04",1,3224357,0.0310139354916345
"51","MT","2014-05",1,3224357,0.0310139354916345
"51","MT","2014-07",1,3224357,0.0310139354916345
"52","GO","2014-01",4,6523222,0.0613193909390176
"52","GO","2014-02",1,6523222,0.0153298477347544
"52","GO","2014-03",4,6523222,0.0613193909390176
"52","GO","2014-04",1,6523222,0.0153298477347544
"52","GO","2014-05",4,6523222,0.0613193909390176
"52","GO","2014-06",1,6523222,0.0153298477347544
"52","GO","2014-07",2,6523222,0.0306596954695088
"52","GO","2014-08",2,6523222,0.0306596954695088
"52","GO","2014-11",5,6523222,0.0766492386737719
"53","DF","2014-01",4,2852372,0.140234163005386
"53","DF","2014-02",2,2852372,0.0701170815026932
"53","DF","2014-03",2,2852372,0.0701170815026932
"53","DF","2014-04",2,2852372,0.0701170815026932
"53","DF","2014-05",2,2852372,0.0701170815026932
"53","DF","2014-07",1,2852372,0.0350585407513466
"53","DF","2014-10",1,2852372,0.0350585407513466
"53","DF","2014-11",2,2852372,0.0701170815026932
"11","RO","2015-01",4,1768204,0.226218241786581
"11","RO","2015-02",8,1768204,0.452436483573162
"11","RO","2015-03",14,1768204,0.791763846253034
"11","RO","2015-04",18,1768204,1.01798208803962
"11","RO","2015-05",4,1768204,0.226218241786581
"11","RO","2015-06",10,1768204,0.565545604466453
"11","RO","2015-07",5,1768204,0.282772802233226
"11","RO","2015-08",3,1768204,0.169663681339936
"11","RO","2015-09",4,1768204,0.226218241786581
"11","RO","2015-10",4,1768204,0.226218241786581
"11","RO","2015-11",9,1768204,0.508991044019808
"11","RO","2015-12",4,1768204,0.226218241786581
"12","AC","2015-01",37,803513,4.60477926306108
"12","AC","2015-02",53,803513,6.59603516060101
"12","AC","2015-03",408,803513,50.7770253872682
"12","AC","2015-04",163,803513,20.285919456188
"12","AC","2015-05",57,803513,7.09384913498599
"12","AC","2015-06",63,803513,7.84057009656347
"12","AC","2015-07",48,803513,5.97376769261978
"12","AC","2015-08",42,803513,5.22704673104231
"12","AC","2015-09",29,803513,3.60915131429112
"12","AC","2015-10",13,803513,1.61789541675119
"12","AC","2015-11",20,803513,2.48906987192491
"12","AC","2015-12",24,803513,2.98688384630989
"13","AM","2015-01",9,3938336,0.22852290916773
"13","AM","2015-02",4,3938336,0.10156573740788
"13","AM","2015-03",13,3938336,0.33008864657561
"13","AM","2015-04",15,3938336,0.38087151527955
"13","AM","2015-05",4,3938336,0.10156573740788
"13","AM","2015-06",17,3938336,0.431654383983489
"13","AM","2015-07",5,3938336,0.12695717175985
"13","AM","2015-08",4,3938336,0.10156573740788
"13","AM","2015-09",8,3938336,0.20313147481576
"13","AM","2015-10",3,3938336,0.0761743030559099
"13","AM","2015-11",1,3938336,0.02539143435197
"13","AM","2015-12",2,3938336,0.0507828687039399
"14","RR","2015-04",1,505665,0.197759386154865
"15","PA","2015-01",5,8206923,0.0609241734082311
"15","PA","2015-02",10,8206923,0.121848346816462
"15","PA","2015-03",15,8206923,0.182772520224693
"15","PA","2015-04",15,8206923,0.182772520224693
"15","PA","2015-05",23,8206923,0.280251197677863
"15","PA","2015-06",18,8206923,0.219327024269632
"15","PA","2015-07",10,8206923,0.121848346816462
"15","PA","2015-08",12,8206923,0.146218016179755
"15","PA","2015-09",3,8206923,0.0365545040449386
"15","PA","2015-10",10,8206923,0.121848346816462
"15","PA","2015-11",5,8206923,0.0609241734082311
"15","PA","2015-12",7,8206923,0.0852938427715235
"16","AP","2015-01",1,766679,0.130432684343774
"16","AP","2015-02",3,766679,0.391298053031321
"16","AP","2015-03",6,766679,0.782596106062642
"16","AP","2015-04",4,766679,0.521730737375094
"16","AP","2015-05",7,766679,0.913028790406415
"16","AP","2015-06",5,766679,0.652163421718868
"16","AP","2015-07",6,766679,0.782596106062642
"16","AP","2015-08",7,766679,0.913028790406415
"16","AP","2015-09",6,766679,0.782596106062642
"16","AP","2015-10",1,766679,0.130432684343774
"16","AP","2015-11",1,766679,0.130432684343774
"16","AP","2015-12",2,766679,0.260865368687547
"17","TO","2015-09",1,1515126,0.066001111458717
"21","MA","2015-01",1,6904241,0.0144838513024096
"21","MA","2015-02",2,6904241,0.0289677026048193
"21","MA","2015-03",2,6904241,0.0289677026048193
"21","MA","2015-04",3,6904241,0.0434515539072289
"21","MA","2015-05",2,6904241,0.0289677026048193
"21","MA","2015-06",3,6904241,0.0434515539072289
"21","MA","2015-07",1,6904241,0.0144838513024096
"21","MA","2015-08",3,6904241,0.0434515539072289
"21","MA","2015-09",1,6904241,0.0144838513024096
"21","MA","2015-10",2,6904241,0.0289677026048193
"22","PI","2015-06",1,3204028,0.0312107135143638
"22","PI","2015-07",1,3204028,0.0312107135143638
"23","CE","2015-02",1,8904459,0.0112303285354001
"23","CE","2015-03",4,8904459,0.0449213141416003
"23","CE","2015-04",5,8904459,0.0561516426770004
"23","CE","2015-05",5,8904459,0.0561516426770004
"23","CE","2015-06",3,8904459,0.0336909856062002
"23","CE","2015-07",2,8904459,0.0224606570708001
"23","CE","2015-08",6,8904459,0.0673819712124004
"23","CE","2015-09",3,8904459,0.0336909856062002
"23","CE","2015-12",1,8904459,0.0112303285354001
"24","RN","2015-01",1,3442175,0.0290513991880134
"24","RN","2015-02",3,3442175,0.0871541975640402
"24","RN","2015-03",1,3442175,0.0290513991880134
"24","RN","2015-04",7,3442175,0.203359794316094
"24","RN","2015-05",6,3442175,0.17430839512808
"24","RN","2015-06",1,3442175,0.0290513991880134
"24","RN","2015-07",1,3442175,0.0290513991880134
"24","RN","2015-08",1,3442175,0.0290513991880134
"24","RN","2015-10",1,3442175,0.0290513991880134
"25","PB","2015-03",1,3972202,0.025174953338224
"25","PB","2015-04",1,3972202,0.025174953338224
"25","PB","2015-05",1,3972202,0.025174953338224
"25","PB","2015-06",2,3972202,0.050349906676448
"25","PB","2015-07",1,3972202,0.025174953338224
"25","PB","2015-08",2,3972202,0.050349906676448
"25","PB","2015-09",1,3972202,0.025174953338224
"25","PB","2015-11",1,3972202,0.025174953338224
"25","PB","2015-12",1,3972202,0.025174953338224
"26","PE","2015-01",2,9345173,0.0214014229592111
"26","PE","2015-02",11,9345173,0.117707826275661
"26","PE","2015-03",12,9345173,0.128408537755267
"26","PE","2015-04",7,9345173,0.074904980357239
"26","PE","2015-05",3,9345173,0.0321021344388167
"26","PE","2015-06",16,9345173,0.171211383673689
"26","PE","2015-07",50,9345173,0.535035573980278
"26","PE","2015-08",22,9345173,0.235415652551322
"26","PE","2015-09",14,9345173,0.149809960714478
"26","PE","2015-11",4,9345173,0.0428028459184223
"26","PE","2015-12",1,9345173,0.0107007114796056
"27","AL","2015-02",2,3340932,0.0598635350854193
"27","AL","2015-03",3,3340932,0.0897953026281289
"27","AL","2015-04",3,3340932,0.0897953026281289
"27","AL","2015-05",1,3340932,0.0299317675427096
"27","AL","2015-06",4,3340932,0.119727070170839
"27","AL","2015-07",10,3340932,0.299317675427096
"27","AL","2015-08",3,3340932,0.0897953026281289
"27","AL","2015-09",3,3340932,0.0897953026281289
"27","AL","2015-10",1,3340932,0.0299317675427096
"27","AL","2015-11",2,3340932,0.0598635350854193
"27","AL","2015-12",2,3340932,0.0598635350854193
"28","SE","2015-01",3,2242937,0.133753199487993
"28","SE","2015-02",2,2242937,0.0891687996586618
"28","SE","2015-03",1,2242937,0.0445843998293309
"28","SE","2015-04",2,2242937,0.0891687996586618
"28","SE","2015-05",3,2242937,0.133753199487993
"28","SE","2015-06",10,2242937,0.445843998293309
"28","SE","2015-07",4,2242937,0.178337599317324
"28","SE","2015-08",4,2242937,0.178337599317324
"28","SE","2015-09",4,2242937,0.178337599317324
"28","SE","2015-10",1,2242937,0.0445843998293309
"28","SE","2015-11",3,2242937,0.133753199487993
"29","BA","2015-01",6,15203934,0.0394634704412687
"29","BA","2015-02",4,15203934,0.0263089802941791
"29","BA","2015-03",6,15203934,0.0394634704412687
"29","BA","2015-04",14,15203934,0.0920814310296269
"29","BA","2015-05",22,15203934,0.144699391617985
"29","BA","2015-06",32,15203934,0.210471842353433
"29","BA","2015-07",27,15203934,0.177585616985709
"29","BA","2015-08",4,15203934,0.0263089802941791
"29","BA","2015-09",3,15203934,0.0197317352206343
"29","BA","2015-10",4,15203934,0.0263089802941791
"29","BA","2015-11",2,15203934,0.0131544901470896
"29","BA","2015-12",4,15203934,0.0263089802941791
"31","MG","2015-01",9,20869101,0.0431259592830568
"31","MG","2015-02",16,20869101,0.0766683720587676
"31","MG","2015-03",15,20869101,0.0718765988050947
"31","MG","2015-04",20,20869101,0.0958354650734596
"31","MG","2015-05",4,20869101,0.0191670930146919
"31","MG","2015-06",4,20869101,0.0191670930146919
"31","MG","2015-07",4,20869101,0.0191670930146919
"31","MG","2015-08",8,20869101,0.0383341860293838
"31","MG","2015-09",7,20869101,0.0335424127757108
"31","MG","2015-10",7,20869101,0.0335424127757108
"31","MG","2015-11",8,20869101,0.0383341860293838
"31","MG","2015-12",13,20869101,0.0622930522977487
"32","ES","2015-01",4,3929911,0.101783475503644
"32","ES","2015-02",1,3929911,0.0254458688759109
"32","ES","2015-03",6,3929911,0.152675213255466
"32","ES","2015-04",8,3929911,0.203566951007287
"32","ES","2015-05",9,3929911,0.229012819883198
"32","ES","2015-06",8,3929911,0.203566951007287
"32","ES","2015-07",4,3929911,0.101783475503644
"32","ES","2015-08",11,3929911,0.27990455763502
"32","ES","2015-09",2,3929911,0.0508917377518219
"32","ES","2015-10",6,3929911,0.152675213255466
"32","ES","2015-11",8,3929911,0.203566951007287
"32","ES","2015-12",8,3929911,0.203566951007287
"33","RJ","2015-01",14,16550024,0.0845920223438951
"33","RJ","2015-02",19,16550024,0.114803458895286
"33","RJ","2015-03",22,16550024,0.132930320826121
"33","RJ","2015-04",17,16550024,0.10271888427473
"33","RJ","2015-05",8,16550024,0.0483382984822258
"33","RJ","2015-06",3,16550024,0.0181268619308347
"33","RJ","2015-07",11,16550024,0.0664651604130604
"33","RJ","2015-08",7,16550024,0.0422960111719475
"33","RJ","2015-09",7,16550024,0.0422960111719475
"33","RJ","2015-10",7,16550024,0.0422960111719475
"33","RJ","2015-11",11,16550024,0.0664651604130604
"33","RJ","2015-12",10,16550024,0.0604228731027822
"35","SP","2015-01",67,44396484,0.150912851567255
"35","SP","2015-02",89,44396484,0.200466325216204
"35","SP","2015-03",118,44396484,0.265786813208001
"35","SP","2015-04",66,44396484,0.148660420946848
"35","SP","2015-05",32,44396484,0.0720777798530172
"35","SP","2015-06",36,44396484,0.0810875023346443
"35","SP","2015-07",33,44396484,0.074330210473424
"35","SP","2015-08",26,44396484,0.0585631961305765
"35","SP","2015-09",24,44396484,0.0540583348897629
"35","SP","2015-10",39,44396484,0.0878447941958647
"35","SP","2015-11",53,44396484,0.11937882288156
"35","SP","2015-12",41,44396484,0.0923496554366783
"41","PR","2015-01",61,11163018,0.546447206302095
"41","PR","2015-02",64,11163018,0.57332165907105
"41","PR","2015-03",78,11163018,0.698735771992843
"41","PR","2015-04",62,11163018,0.55540535722508
"41","PR","2015-05",21,11163018,0.188121169382688
"41","PR","2015-06",37,11163018,0.331451584150451
"41","PR","2015-07",23,11163018,0.206037471228659
"41","PR","2015-08",18,11163018,0.161246716613733
"41","PR","2015-09",14,11163018,0.125414112921792
"41","PR","2015-10",23,11163018,0.206037471228659
"41","PR","2015-11",40,11163018,0.358326036919407
"41","PR","2015-12",56,11163018,0.501656451687169
"42","SC","2015-01",65,6819190,0.953192387952235
"42","SC","2015-02",82,6819190,1.20248885864743
"42","SC","2015-03",77,6819190,1.12916636726649
"42","SC","2015-04",61,6819190,0.894534394847482
"42","SC","2015-05",27,6819190,0.395941453457082
"42","SC","2015-06",37,6819190,0.542586436218964
"42","SC","2015-07",30,6819190,0.439934948285647
"42","SC","2015-08",28,6819190,0.41060595173327
"42","SC","2015-09",23,6819190,0.337283460352329
"42","SC","2015-10",27,6819190,0.395941453457082
"42","SC","2015-11",43,6819190,0.630573425876094
"42","SC","2015-12",44,6819190,0.645237924152282
"43","RS","2015-01",59,11247972,0.524539001341753
"43","RS","2015-02",85,11247972,0.755691781594051
"43","RS","2015-03",71,11247972,0.631224899919737
"43","RS","2015-04",47,11247972,0.417853102763769
"43","RS","2015-05",40,11247972,0.355619661926612
"43","RS","2015-06",29,11247972,0.257824254896794
"43","RS","2015-07",25,11247972,0.222262288704133
"43","RS","2015-08",37,11247972,0.328948187282116
"43","RS","2015-09",14,11247972,0.124466881674314
"43","RS","2015-10",49,11247972,0.4356340858601
"43","RS","2015-11",37,11247972,0.328948187282116
"43","RS","2015-12",37,11247972,0.328948187282116
"50","MS","2015-01",1,2651235,0.0377182709190245
"50","MS","2015-02",1,2651235,0.0377182709190245
"50","MS","2015-03",2,2651235,0.0754365418380491
"50","MS","2015-04",2,2651235,0.0754365418380491
"50","MS","2015-05",2,2651235,0.0754365418380491
"50","MS","2015-06",1,2651235,0.0377182709190245
"50","MS","2015-08",1,2651235,0.0377182709190245
"50","MS","2015-09",1,2651235,0.0377182709190245
"50","MS","2015-10",1,2651235,0.0377182709190245
"51","MT","2015-01",1,3265486,0.030623313038243
"51","MT","2015-03",2,3265486,0.061246626076486
"51","MT","2015-04",3,3265486,0.091869939114729
"51","MT","2015-05",1,3265486,0.030623313038243
"51","MT","2015-08",1,3265486,0.030623313038243
"51","MT","2015-12",2,3265486,0.061246626076486
"52","GO","2015-01",4,6610681,0.060508138268962
"52","GO","2015-02",1,6610681,0.0151270345672405
"52","GO","2015-03",5,6610681,0.0756351728362025
"52","GO","2015-04",1,6610681,0.0151270345672405
"52","GO","2015-05",5,6610681,0.0756351728362025
"52","GO","2015-07",3,6610681,0.0453811037017215
"52","GO","2015-09",1,6610681,0.0151270345672405
"52","GO","2015-10",1,6610681,0.0151270345672405
"52","GO","2015-11",2,6610681,0.030254069134481
"52","GO","2015-12",2,6610681,0.030254069134481
"53","DF","2015-01",5,2914830,0.171536590470113
"53","DF","2015-02",1,2914830,0.0343073180940226
"53","DF","2015-03",5,2914830,0.171536590470113
"53","DF","2015-04",8,2914830,0.274458544752181
"53","DF","2015-05",4,2914830,0.137229272376091
"53","DF","2015-06",2,2914830,0.0686146361880453
"53","DF","2015-08",1,2914830,0.0343073180940226
"53","DF","2015-10",1,2914830,0.0343073180940226
"53","DF","2015-11",1,2914830,0.0343073180940226
"53","DF","2015-12",2,2914830,0.0686146361880453
"11","RO","2016-01",2,1787279,0.111901947037927
"11","RO","2016-02",4,1787279,0.223803894075855
"11","RO","2016-03",7,1787279,0.391656814632746
"11","RO","2016-04",1,1787279,0.0559509735189637
"11","RO","2016-05",6,1787279,0.335705841113782
"11","RO","2016-06",3,1787279,0.167852920556891
"11","RO","2016-07",1,1787279,0.0559509735189637
"11","RO","2016-08",3,1787279,0.167852920556891
"11","RO","2016-09",4,1787279,0.223803894075855
"11","RO","2016-10",3,1787279,0.167852920556891
"11","RO","2016-11",4,1787279,0.223803894075855
"12","AC","2016-01",18,816687,2.20402675688483
"12","AC","2016-02",21,816687,2.57136454969897
"12","AC","2016-03",28,816687,3.42848606626529
"12","AC","2016-04",27,816687,3.30604013532724
"12","AC","2016-05",18,816687,2.20402675688483
"12","AC","2016-06",11,816687,1.34690524031851
"12","AC","2016-07",6,816687,0.734675585628276
"12","AC","2016-08",16,816687,1.95913489500874
"12","AC","2016-09",6,816687,0.734675585628276
"12","AC","2016-10",11,816687,1.34690524031851
"12","AC","2016-11",19,816687,2.32647268782287
"12","AC","2016-12",6,816687,0.734675585628276
"13","AM","2016-01",3,4001667,0.0749687567706158
"13","AM","2016-02",4,4001667,0.0999583423608211
"13","AM","2016-03",9,4001667,0.224906270311848
"13","AM","2016-04",5,4001667,0.124947927951026
"13","AM","2016-05",7,4001667,0.174927099131437
"13","AM","2016-06",2,4001667,0.0499791711804106
"13","AM","2016-07",4,4001667,0.0999583423608211
"13","AM","2016-08",2,4001667,0.0499791711804106
"13","AM","2016-10",4,4001667,0.0999583423608211
"13","AM","2016-11",4,4001667,0.0999583423608211
"13","AM","2016-12",5,4001667,0.124947927951026
"15","PA","2016-01",7,8305359,0.0842829310569236
"15","PA","2016-02",16,8305359,0.192646699558683
"15","PA","2016-03",20,8305359,0.240808374448353
"15","PA","2016-04",15,8305359,0.180606280836265
"15","PA","2016-05",14,8305359,0.168565862113847
"15","PA","2016-06",10,8305359,0.120404187224177
"15","PA","2016-07",9,8305359,0.108363768501759
"15","PA","2016-08",10,8305359,0.120404187224177
"15","PA","2016-09",5,8305359,0.0602020936120883
"15","PA","2016-10",3,8305359,0.036121256167253
"15","PA","2016-11",5,8305359,0.0602020936120883
"15","PA","2016-12",11,8305359,0.132444605946594
"16","AP","2016-01",2,782295,0.255658031816642
"16","AP","2016-02",7,782295,0.894803111358247
"16","AP","2016-03",12,782295,1.53394819089985
"16","AP","2016-04",7,782295,0.894803111358247
"16","AP","2016-05",8,782295,1.02263212726657
"16","AP","2016-06",8,782295,1.02263212726657
"16","AP","2016-07",7,782295,0.894803111358247
"16","AP","2016-08",3,782295,0.383487047724963
"16","AP","2016-09",10,782295,1.27829015908321
"16","AP","2016-10",3,782295,0.383487047724963
"16","AP","2016-11",5,782295,0.639145079541605
"16","AP","2016-12",5,782295,0.639145079541605
"17","TO","2016-06",2,1532902,0.130471484804639
"17","TO","2016-09",1,1532902,0.0652357424023193
"21","MA","2016-03",2,6954036,0.0287602767658954
"21","MA","2016-04",4,6954036,0.0575205535317907
"21","MA","2016-05",4,6954036,0.0575205535317907
"21","MA","2016-06",1,6954036,0.0143801383829477
"21","MA","2016-07",1,6954036,0.0143801383829477
"21","MA","2016-08",2,6954036,0.0287602767658954
"21","MA","2016-12",1,6954036,0.0143801383829477
"22","PI","2016-04",1,3212180,0.031131505706405
"23","CE","2016-01",5,8963663,0.0557807673046164
"23","CE","2016-02",4,8963663,0.0446246138436931
"23","CE","2016-03",1,8963663,0.0111561534609233
"23","CE","2016-04",19,8963663,0.211966915757542
"23","CE","2016-05",7,8963663,0.078093074226463
"23","CE","2016-06",3,8963663,0.0334684603827699
"23","CE","2016-07",3,8963663,0.0334684603827699
"23","CE","2016-09",2,8963663,0.0223123069218466
"23","CE","2016-10",1,8963663,0.0111561534609233
"23","CE","2016-11",1,8963663,0.0111561534609233
"23","CE","2016-12",2,8963663,0.0223123069218466
"24","RN","2016-03",1,3474998,0.0287769949795655
"24","RN","2016-07",2,3474998,0.0575539899591309
"24","RN","2016-08",1,3474998,0.0287769949795655
"25","PB","2016-01",1,3999415,0.0250036567848048
"25","PB","2016-03",1,3999415,0.0250036567848048
"25","PB","2016-06",3,3999415,0.0750109703544143
"25","PB","2016-08",1,3999415,0.0250036567848048
"25","PB","2016-09",1,3999415,0.0250036567848048
"25","PB","2016-12",1,3999415,0.0250036567848048
"26","PE","2016-01",9,9410336,0.0956395180788444
"26","PE","2016-02",8,9410336,0.0850129049589728
"26","PE","2016-03",5,9410336,0.053133065599358
"26","PE","2016-04",18,9410336,0.191279036157689
"26","PE","2016-05",33,9410336,0.350678232955763
"26","PE","2016-06",42,9410336,0.446317751034607
"26","PE","2016-07",12,9410336,0.127519357438459
"26","PE","2016-08",12,9410336,0.127519357438459
"26","PE","2016-09",12,9410336,0.127519357438459
"26","PE","2016-10",1,9410336,0.0106266131198716
"26","PE","2016-11",4,9410336,0.0425064524794864
"26","PE","2016-12",4,9410336,0.0425064524794864
"27","AL","2016-01",2,3358963,0.0595421860854079
"27","AL","2016-04",1,3358963,0.029771093042704
"27","AL","2016-05",4,3358963,0.119084372170816
"27","AL","2016-06",2,3358963,0.0595421860854079
"27","AL","2016-07",4,3358963,0.119084372170816
"27","AL","2016-08",1,3358963,0.029771093042704
"27","AL","2016-11",1,3358963,0.029771093042704
"28","SE","2016-01",2,2265779,0.0882698621533698
"28","SE","2016-02",1,2265779,0.0441349310766849
"28","SE","2016-03",3,2265779,0.132404793230055
"28","SE","2016-06",6,2265779,0.264809586460109
"28","SE","2016-07",4,2265779,0.17653972430674
"28","SE","2016-08",1,2265779,0.0441349310766849
"28","SE","2016-09",2,2265779,0.0882698621533698
"28","SE","2016-10",1,2265779,0.0441349310766849
"28","SE","2016-11",1,2265779,0.0441349310766849
"29","BA","2016-01",6,15276566,0.0392758424897323
"29","BA","2016-02",5,15276566,0.0327298687414436
"29","BA","2016-03",2,15276566,0.0130919474965774
"29","BA","2016-04",6,15276566,0.0392758424897323
"29","BA","2016-05",5,15276566,0.0327298687414436
"29","BA","2016-06",5,15276566,0.0327298687414436
"29","BA","2016-07",4,15276566,0.0261838949931549
"29","BA","2016-08",2,15276566,0.0130919474965774
"29","BA","2016-09",9,15276566,0.0589137637345985
"29","BA","2016-10",4,15276566,0.0261838949931549
"29","BA","2016-11",2,15276566,0.0130919474965774
"29","BA","2016-12",3,15276566,0.0196379212448662
"31","MG","2016-01",21,20997560,0.100011620397799
"31","MG","2016-02",27,20997560,0.128586369082884
"31","MG","2016-03",20,20997560,0.0952491622836177
"31","MG","2016-04",12,20997560,0.0571494973701706
"31","MG","2016-05",10,20997560,0.0476245811418089
"31","MG","2016-06",12,20997560,0.0571494973701706
"31","MG","2016-07",6,20997560,0.0285747486850853
"31","MG","2016-08",5,20997560,0.0238122905709044
"31","MG","2016-09",10,20997560,0.0476245811418089
"31","MG","2016-10",8,20997560,0.0380996649134471
"31","MG","2016-11",7,20997560,0.0333372067992662
"31","MG","2016-12",20,20997560,0.0952491622836177
"32","ES","2016-01",5,3973697,0.125827409588602
"32","ES","2016-02",6,3973697,0.150992891506323
"32","ES","2016-03",7,3973697,0.176158373424043
"32","ES","2016-04",8,3973697,0.201323855341764
"32","ES","2016-05",3,3973697,0.0754964457531613
"32","ES","2016-06",1,3973697,0.0251654819177204
"32","ES","2016-07",3,3973697,0.0754964457531613
"32","ES","2016-08",4,3973697,0.100661927670882
"32","ES","2016-09",1,3973697,0.0251654819177204
"32","ES","2016-10",2,3973697,0.0503309638354409
"32","ES","2016-11",6,3973697,0.150992891506323
"32","ES","2016-12",7,3973697,0.176158373424043
"33","RJ","2016-01",9,16635996,0.0540995561672412
"33","RJ","2016-02",26,16635996,0.156287606705363
"33","RJ","2016-03",23,16635996,0.138254421316283
"33","RJ","2016-04",34,16635996,0.204376101076245
"33","RJ","2016-05",8,16635996,0.0480884943708811
"33","RJ","2016-06",10,16635996,0.0601106179636013
"33","RJ","2016-07",7,16635996,0.0420774325745209
"33","RJ","2016-08",3,16635996,0.0180331853890804
"33","RJ","2016-09",6,16635996,0.0360663707781608
"33","RJ","2016-10",6,16635996,0.0360663707781608
"33","RJ","2016-11",10,16635996,0.0601106179636013
"33","RJ","2016-12",22,16635996,0.132243359519923
"35","SP","2016-01",115,44749699,0.256984968770404
"35","SP","2016-02",88,44749699,0.196649367406918
"35","SP","2016-03",118,44749699,0.263688924477459
"35","SP","2016-04",53,44749699,0.118436550824621
"35","SP","2016-05",23,44749699,0.0513969937540809
"35","SP","2016-06",53,44749699,0.118436550824621
"35","SP","2016-07",24,44749699,0.0536316456564322
"35","SP","2016-08",18,44749699,0.0402237342423242
"35","SP","2016-09",18,44749699,0.0402237342423242
"35","SP","2016-10",17,44749699,0.0379890823399728
"35","SP","2016-11",43,44749699,0.0960900318011078
"35","SP","2016-12",28,44749699,0.0625702532658376
"41","PR","2016-01",105,11242720,0.933937694792719
"41","PR","2016-02",87,11242720,0.77383408997111
"41","PR","2016-03",81,11242720,0.720466221697241
"41","PR","2016-04",50,11242720,0.444732235615581
"41","PR","2016-05",20,11242720,0.177892894246232
"41","PR","2016-06",17,11242720,0.151208960109297
"41","PR","2016-07",13,11242720,0.115630381260051
"41","PR","2016-08",8,11242720,0.0711571576984929
"41","PR","2016-09",8,11242720,0.0711571576984929
"41","PR","2016-10",10,11242720,0.0889464471231161
"41","PR","2016-11",22,11242720,0.195682183670855
"41","PR","2016-12",12,11242720,0.106735736547739
"42","SC","2016-01",109,6910553,1.57729779367874
"42","SC","2016-02",63,6910553,0.911649183502391
"42","SC","2016-03",66,6910553,0.955061049383457
"42","SC","2016-04",36,6910553,0.520942390572795
"42","SC","2016-05",21,6910553,0.303883061167464
"42","SC","2016-06",8,6910553,0.115764975682843
"42","SC","2016-07",11,6910553,0.15917684156391
"42","SC","2016-08",9,6910553,0.130235597643199
"42","SC","2016-09",12,6910553,0.173647463524265
"42","SC","2016-10",13,6910553,0.18811808548462
"42","SC","2016-11",15,6910553,0.217059329405331
"42","SC","2016-12",15,6910553,0.217059329405331
"43","RS","2016-01",64,11286500,0.567049129490985
"43","RS","2016-02",88,11286500,0.779692553050104
"43","RS","2016-03",73,11286500,0.646790413325654
"43","RS","2016-04",35,11286500,0.310104992690382
"43","RS","2016-05",27,11286500,0.239223851504009
"43","RS","2016-06",18,11286500,0.159482567669339
"43","RS","2016-07",10,11286500,0.0886014264829664
"43","RS","2016-08",11,11286500,0.097461569131263
"43","RS","2016-09",12,11286500,0.10632171177956
"43","RS","2016-10",8,11286500,0.0708811411863731
"43","RS","2016-11",33,11286500,0.292384707393789
"43","RS","2016-12",24,11286500,0.212643423559119
"50","MS","2016-01",3,2682386,0.111840726875252
"50","MS","2016-03",2,2682386,0.0745604845835014
"50","MS","2016-04",2,2682386,0.0745604845835014
"50","MS","2016-05",1,2682386,0.0372802422917507
"50","MS","2016-09",1,2682386,0.0372802422917507
"51","MT","2016-01",1,3305531,0.0302523255718975
"51","MT","2016-02",2,3305531,0.0605046511437951
"51","MT","2016-04",1,3305531,0.0302523255718975
"51","MT","2016-06",1,3305531,0.0302523255718975
"51","MT","2016-12",2,3305531,0.0605046511437951
"52","GO","2016-01",5,6695855,0.074673062663394
"52","GO","2016-02",9,6695855,0.134411512794109
"52","GO","2016-03",3,6695855,0.0448038375980364
"52","GO","2016-04",3,6695855,0.0448038375980364
"52","GO","2016-07",1,6695855,0.0149346125326788
"52","GO","2016-08",2,6695855,0.0298692250653576
"52","GO","2016-09",1,6695855,0.0149346125326788
"52","GO","2016-11",2,6695855,0.0298692250653576
"52","GO","2016-12",4,6695855,0.0597384501307152
"53","DF","2016-01",5,2977216,0.167942131172209
"53","DF","2016-02",8,2977216,0.268707409875535
"53","DF","2016-03",3,2977216,0.100765278703326
"53","DF","2016-04",1,2977216,0.0335884262344418
"53","DF","2016-05",1,2977216,0.0335884262344418
"53","DF","2016-06",1,2977216,0.0335884262344418
"53","DF","2016-07",2,2977216,0.0671768524688837
"53","DF","2016-08",1,2977216,0.0335884262344418
"53","DF","2016-09",3,2977216,0.100765278703326
"53","DF","2016-10",1,2977216,0.0335884262344418
"53","DF","2016-12",1,2977216,0.0335884262344418
"11","RO","2017-01",2,1805788,0.110754972344483
"11","RO","2017-02",1,1805788,0.0553774861722417
"11","RO","2017-03",4,1805788,0.221509944688967
"11","RO","2017-04",3,1805788,0.166132458516725
"11","RO","2017-05",2,1805788,0.110754972344483
"11","RO","2017-06",2,1805788,0.110754972344483
"11","RO","2017-08",1,1805788,0.0553774861722417
"11","RO","2017-09",1,1805788,0.0553774861722417
"11","RO","2017-10",3,1805788,0.166132458516725
"11","RO","2017-11",3,1805788,0.166132458516725
"12","AC","2017-01",21,829619,2.53128243205616
"12","AC","2017-02",21,829619,2.53128243205616
"12","AC","2017-03",33,829619,3.97772953608825
"12","AC","2017-04",20,829619,2.41074517338682
"12","AC","2017-05",18,829619,2.16967065604814
"12","AC","2017-06",20,829619,2.41074517338682
"12","AC","2017-07",38,829619,4.58041582943496
"12","AC","2017-08",12,829619,1.44644710403209
"12","AC","2017-09",9,829619,1.08483532802407
"12","AC","2017-10",10,829619,1.20537258669341
"12","AC","2017-11",11,829619,1.32590984536275
"12","AC","2017-12",7,829619,0.843760810685387
"13","AM","2017-01",9,4063614,0.221477728937837
"13","AM","2017-02",12,4063614,0.295303638583783
"13","AM","2017-03",10,4063614,0.246086365486486
"13","AM","2017-04",11,4063614,0.270695002035134
"13","AM","2017-05",9,4063614,0.221477728937837
"13","AM","2017-06",7,4063614,0.17226045584054
"13","AM","2017-07",4,4063614,0.0984345461945943
"13","AM","2017-08",2,4063614,0.0492172730972971
"13","AM","2017-09",1,4063614,0.0246086365486486
"13","AM","2017-10",5,4063614,0.123043182743243
"13","AM","2017-11",3,4063614,0.0738259096459457
"13","AM","2017-12",3,4063614,0.0738259096459457
"14","RR","2017-02",1,522636,0.191337757062277
"14","RR","2017-06",1,522636,0.191337757062277
"15","PA","2017-01",17,8366628,0.203188190033069
"15","PA","2017-02",21,8366628,0.250997175923203
"15","PA","2017-03",19,8366628,0.227092682978136
"15","PA","2017-04",14,8366628,0.167331450615469
"15","PA","2017-05",19,8366628,0.227092682978136
"15","PA","2017-06",13,8366628,0.155379204142935
"15","PA","2017-07",6,8366628,0.071713478835201
"15","PA","2017-08",6,8366628,0.071713478835201
"15","PA","2017-09",8,8366628,0.095617971780268
"15","PA","2017-10",3,8366628,0.0358567394176005
"15","PA","2017-11",3,8366628,0.0358567394176005
"15","PA","2017-12",5,8366628,0.0597612323626675
"16","AP","2017-01",8,797722,1.00285563141044
"16","AP","2017-02",5,797722,0.626784769631526
"16","AP","2017-03",8,797722,1.00285563141044
"16","AP","2017-04",8,797722,1.00285563141044
"16","AP","2017-05",17,797722,2.13106821674719
"16","AP","2017-06",2,797722,0.25071390785261
"16","AP","2017-07",2,797722,0.25071390785261
"16","AP","2017-08",3,797722,0.376070861778915
"16","AP","2017-09",4,797722,0.501427815705221
"16","AP","2017-10",1,797722,0.125356953926305
"16","AP","2017-12",3,797722,0.376070861778915
"17","TO","2017-11",2,1550194,0.129016110241686
"17","TO","2017-12",1,1550194,0.0645080551208429
"21","MA","2017-02",3,7000229,0.0428557408621918
"21","MA","2017-03",5,7000229,0.0714262347703197
"21","MA","2017-04",2,7000229,0.0285704939081279
"21","MA","2017-05",3,7000229,0.0428557408621918
"21","MA","2017-06",4,7000229,0.0571409878162557
"21","MA","2017-07",2,7000229,0.0285704939081279
"21","MA","2017-08",3,7000229,0.0428557408621918
"21","MA","2017-09",1,7000229,0.0142852469540639
"23","CE","2017-01",1,9020460,0.011085909144323
"23","CE","2017-02",2,9020460,0.022171818288646
"23","CE","2017-03",7,9020460,0.0776013640102611
"23","CE","2017-04",6,9020460,0.0665154548659381
"23","CE","2017-05",1,9020460,0.011085909144323
"23","CE","2017-06",4,9020460,0.0443436365772921
"23","CE","2017-07",1,9020460,0.011085909144323
"23","CE","2017-08",1,9020460,0.011085909144323
"23","CE","2017-09",2,9020460,0.022171818288646
"23","CE","2017-10",1,9020460,0.011085909144323
"23","CE","2017-12",2,9020460,0.022171818288646
"24","RN","2017-02",1,3507003,0.0285143753797758
"24","RN","2017-04",1,3507003,0.0285143753797758
"24","RN","2017-09",1,3507003,0.0285143753797758
"24","RN","2017-11",1,3507003,0.0285143753797758
"25","PB","2017-03",2,4025558,0.0496825533255265
"25","PB","2017-04",1,4025558,0.0248412766627633
"25","PB","2017-05",3,4025558,0.0745238299882898
"25","PB","2017-07",1,4025558,0.0248412766627633
"25","PB","2017-08",2,4025558,0.0496825533255265
"25","PB","2017-09",2,4025558,0.0496825533255265
"26","PE","2017-01",1,9473266,0.0105560215452622
"26","PE","2017-02",6,9473266,0.0633361292715733
"26","PE","2017-03",10,9473266,0.105560215452622
"26","PE","2017-04",6,9473266,0.0633361292715733
"26","PE","2017-05",21,9473266,0.221676452450507
"26","PE","2017-06",39,9473266,0.411684840265226
"26","PE","2017-07",54,9473266,0.57002516344416
"26","PE","2017-08",43,9473266,0.453908926446275
"26","PE","2017-09",18,9473266,0.19000838781472
"26","PE","2017-10",5,9473266,0.0527801077263111
"26","PE","2017-11",10,9473266,0.105560215452622
"26","PE","2017-12",6,9473266,0.0633361292715733
"27","AL","2017-01",1,3375823,0.0296224061510334
"27","AL","2017-02",1,3375823,0.0296224061510334
"27","AL","2017-03",1,3375823,0.0296224061510334
"27","AL","2017-04",3,3375823,0.0888672184531002
"27","AL","2017-06",26,3375823,0.770182559926868
"27","AL","2017-07",19,3375823,0.562825716869634
"27","AL","2017-08",7,3375823,0.207356843057234
"27","AL","2017-09",6,3375823,0.1777344369062
"27","AL","2017-10",7,3375823,0.207356843057234
"28","SE","2017-01",2,2288116,0.0874081558802089
"28","SE","2017-03",1,2288116,0.0437040779401044
"28","SE","2017-04",1,2288116,0.0437040779401044
"28","SE","2017-05",2,2288116,0.0874081558802089
"28","SE","2017-06",5,2288116,0.218520389700522
"28","SE","2017-07",13,2288116,0.568153013221358
"28","SE","2017-08",3,2288116,0.131112233820313
"28","SE","2017-09",2,2288116,0.0874081558802089
"28","SE","2017-10",2,2288116,0.0874081558802089
"28","SE","2017-11",2,2288116,0.0874081558802089
"29","BA","2017-01",3,15344447,0.0195510467076461
"29","BA","2017-02",5,15344447,0.0325850778460768
"29","BA","2017-03",1,15344447,0.00651701556921537
"29","BA","2017-04",9,15344447,0.0586531401229383
"29","BA","2017-05",9,15344447,0.0586531401229383
"29","BA","2017-06",10,15344447,0.0651701556921536
"29","BA","2017-07",8,15344447,0.0521361245537229
"29","BA","2017-08",9,15344447,0.0586531401229383
"29","BA","2017-09",6,15344447,0.0391020934152922
"29","BA","2017-10",7,15344447,0.0456191089845076
"29","BA","2017-11",7,15344447,0.0456191089845076
"29","BA","2017-12",3,15344447,0.0195510467076461
"31","MG","2017-01",18,21119536,0.0852291451857654
"31","MG","2017-02",15,21119536,0.0710242876548045
"31","MG","2017-03",16,21119536,0.0757592401651248
"31","MG","2017-04",17,21119536,0.0804941926754452
"31","MG","2017-05",11,21119536,0.0520844776135233
"31","MG","2017-06",6,21119536,0.0284097150619218
"31","MG","2017-07",5,21119536,0.0236747625516015
"31","MG","2017-08",9,21119536,0.0426145725928827
"31","MG","2017-09",3,21119536,0.0142048575309609
"31","MG","2017-10",12,21119536,0.0568194301238436
"31","MG","2017-11",6,21119536,0.0284097150619218
"31","MG","2017-12",16,21119536,0.0757592401651248
"32","ES","2017-01",11,4016356,0.273880104253707
"32","ES","2017-02",7,4016356,0.174287339070541
"32","ES","2017-03",8,4016356,0.199185530366332
"32","ES","2017-04",6,4016356,0.149389147774749
"32","ES","2017-05",3,4016356,0.0746945738873745
"32","ES","2017-06",4,4016356,0.099592765183166
"32","ES","2017-07",5,4016356,0.124490956478958
"32","ES","2017-08",7,4016356,0.174287339070541
"32","ES","2017-09",2,4016356,0.049796382591583
"32","ES","2017-10",8,4016356,0.199185530366332
"32","ES","2017-11",1,4016356,0.0248981912957915
"32","ES","2017-12",7,4016356,0.174287339070541
"33","RJ","2017-01",18,16718956,0.107662224842269
"33","RJ","2017-02",17,16718956,0.101680990128809
"33","RJ","2017-03",25,16718956,0.149530867836485
"33","RJ","2017-04",16,16718956,0.0956997554153501
"33","RJ","2017-05",22,16718956,0.131587163696106
"33","RJ","2017-06",19,16718956,0.113643459555728
"33","RJ","2017-07",8,16718956,0.047849877707675
"33","RJ","2017-08",7,16718956,0.0418686429942157
"33","RJ","2017-09",3,16718956,0.0179437041403781
"33","RJ","2017-10",7,16718956,0.0418686429942157
"33","RJ","2017-11",11,16718956,0.0657935818480532
"33","RJ","2017-12",12,16718956,0.0717748165615126
"35","SP","2017-01",71,45094866,0.157445860910198
"35","SP","2017-02",124,45094866,0.274975869758655
"35","SP","2017-03",80,45094866,0.177403786941068
"35","SP","2017-04",65,45094866,0.144140576889618
"35","SP","2017-05",28,45094866,0.0620913254293737
"35","SP","2017-06",39,45094866,0.0864843461337705
"35","SP","2017-07",13,45094866,0.0288281153779235
"35","SP","2017-08",12,45094866,0.0266105680411602
"35","SP","2017-09",20,45094866,0.0443509467352669
"35","SP","2017-10",27,45094866,0.0598737780926104
"35","SP","2017-11",34,45094866,0.0753966094499538
"35","SP","2017-12",37,45094866,0.0820492514602438
"41","PR","2017-01",50,11320892,0.441661310787171
"41","PR","2017-02",43,11320892,0.379828727276967
"41","PR","2017-03",29,11320892,0.256163560256559
"41","PR","2017-04",15,11320892,0.132498393236151
"41","PR","2017-05",22,11320892,0.194330976746355
"41","PR","2017-06",25,11320892,0.220830655393586
"41","PR","2017-07",7,11320892,0.061832583510204
"41","PR","2017-08",6,11320892,0.0529993572944605
"41","PR","2017-09",8,11320892,0.0706658097259474
"41","PR","2017-10",19,11320892,0.167831298099125
"41","PR","2017-11",15,11320892,0.132498393236151
"41","PR","2017-12",16,11320892,0.141331619451895
"42","SC","2017-01",65,7001161,0.928417443906803
"42","SC","2017-02",46,7001161,0.657033883380199
"42","SC","2017-03",51,7001161,0.728450609834569
"42","SC","2017-04",31,7001161,0.442783704017091
"42","SC","2017-05",15,7001161,0.214250179363108
"42","SC","2017-06",29,7001161,0.414217013435343
"42","SC","2017-07",8,7001161,0.114266762326991
"42","SC","2017-08",7,7001161,0.0999834170361173
"42","SC","2017-09",14,7001161,0.199966834072235
"42","SC","2017-10",27,7001161,0.385650322853595
"42","SC","2017-11",12,7001161,0.171400143490487
"42","SC","2017-12",10,7001161,0.142833452908739
"43","RS","2017-01",88,11322895,0.777186399767904
"43","RS","2017-02",57,11322895,0.503404827122392
"43","RS","2017-03",86,11322895,0.759523072500451
"43","RS","2017-04",28,11322895,0.247286581744333
"43","RS","2017-05",22,11322895,0.194296599941976
"43","RS","2017-06",59,11322895,0.521068154389845
"43","RS","2017-07",19,11322895,0.167801609040797
"43","RS","2017-08",14,11322895,0.123643290872167
"43","RS","2017-09",12,11322895,0.105979963604714
"43","RS","2017-10",41,11322895,0.362098208982773
"43","RS","2017-11",35,11322895,0.309108227180416
"43","RS","2017-12",34,11322895,0.30027656354669
"50","MS","2017-01",1,2713147,0.0368575679828627
"50","MS","2017-03",1,2713147,0.0368575679828627
"50","MS","2017-04",1,2713147,0.0368575679828627
"50","MS","2017-05",2,2713147,0.0737151359657254
"50","MS","2017-11",1,2713147,0.0368575679828627
"50","MS","2017-12",2,2713147,0.0737151359657254
"51","MT","2017-01",1,3344544,0.0298994421960064
"51","MT","2017-02",5,3344544,0.149497210980032
"51","MT","2017-03",1,3344544,0.0298994421960064
"51","MT","2017-04",1,3344544,0.0298994421960064
"51","MT","2017-05",2,3344544,0.0597988843920128
"51","MT","2017-09",2,3344544,0.0597988843920128
"52","GO","2017-01",4,6778772,0.0590077376846426
"52","GO","2017-03",4,6778772,0.0590077376846426
"52","GO","2017-04",4,6778772,0.0590077376846426
"52","GO","2017-05",1,6778772,0.0147519344211606
"52","GO","2017-06",3,6778772,0.0442558032634819
"52","GO","2017-07",1,6778772,0.0147519344211606
"52","GO","2017-08",3,6778772,0.0442558032634819
"52","GO","2017-09",2,6778772,0.0295038688423213
"52","GO","2017-11",1,6778772,0.0147519344211606
"52","GO","2017-12",2,6778772,0.0295038688423213
"53","DF","2017-01",2,3039444,0.0658015084337793
"53","DF","2017-02",1,3039444,0.0329007542168897
"53","DF","2017-03",1,3039444,0.0329007542168897
"53","DF","2017-04",2,3039444,0.0658015084337793
"53","DF","2017-07",1,3039444,0.0329007542168897
"11","RO","2018-01",2,1757589,0.11379224608256
"11","RO","2018-02",4,1757589,0.227584492165119
"11","RO","2018-03",4,1757589,0.227584492165119
"11","RO","2018-04",3,1757589,0.17068836912384
"11","RO","2018-05",5,1757589,0.284480615206399
"11","RO","2018-06",2,1757589,0.11379224608256
"11","RO","2018-07",1,1757589,0.0568961230412798
"11","RO","2018-09",2,1757589,0.11379224608256
"11","RO","2018-10",2,1757589,0.11379224608256
"11","RO","2018-11",1,1757589,0.0568961230412798
"11","RO","2018-12",1,1757589,0.0568961230412798
"12","AC","2018-01",7,869265,0.805278022237177
"12","AC","2018-02",26,869265,2.9910326540238
"12","AC","2018-03",34,869265,3.91135039372343
"12","AC","2018-04",13,869265,1.4955163270119
"12","AC","2018-05",21,869265,2.41583406671153
"12","AC","2018-06",16,869265,1.84063547939926
"12","AC","2018-07",12,869265,1.38047660954945
"12","AC","2018-08",13,869265,1.4955163270119
"12","AC","2018-09",6,869265,0.690238304774723
"12","AC","2018-10",5,869265,0.57519858731227
"12","AC","2018-11",5,869265,0.57519858731227
"12","AC","2018-12",8,869265,0.920317739699631
"13","AM","2018-01",8,4080611,0.196049072062983
"13","AM","2018-02",4,4080611,0.0980245360314914
"13","AM","2018-03",6,4080611,0.147036804047237
"13","AM","2018-04",7,4080611,0.17154293805511
"13","AM","2018-05",10,4080611,0.245061340078728
"13","AM","2018-06",6,4080611,0.147036804047237
"13","AM","2018-07",5,4080611,0.122530670039364
"13","AM","2018-08",7,4080611,0.17154293805511
"13","AM","2018-09",4,4080611,0.0980245360314914
"13","AM","2018-10",1,4080611,0.0245061340078728
"13","AM","2018-12",7,4080611,0.17154293805511
"14","RR","2018-03",1,576568,0.173440079921189
"14","RR","2018-08",1,576568,0.173440079921189
"15","PA","2018-01",8,8513497,0.093968436237189
"15","PA","2018-02",27,8513497,0.317143472300513
"15","PA","2018-03",20,8513497,0.234921090592973
"15","PA","2018-04",25,8513497,0.293651363241216
"15","PA","2018-05",17,8513497,0.199682927004027
"15","PA","2018-06",14,8513497,0.164444763415081
"15","PA","2018-07",4,8513497,0.0469842181185945
"15","PA","2018-08",11,8513497,0.129206599826135
"15","PA","2018-09",8,8513497,0.093968436237189
"15","PA","2018-10",6,8513497,0.0704763271778918
"15","PA","2018-11",2,8513497,0.0234921090592973
"15","PA","2018-12",10,8513497,0.117460545296486
"16","AP","2018-01",2,829494,0.241110845889181
"16","AP","2018-02",10,829494,1.2055542294459
"16","AP","2018-03",8,829494,0.964443383556723
"16","AP","2018-04",16,829494,1.92888676711345
"16","AP","2018-05",13,829494,1.56722049827967
"16","AP","2018-06",2,829494,0.241110845889181
"16","AP","2018-07",6,829494,0.723332537667542
"16","AP","2018-08",3,829494,0.361666268833771
"16","AP","2018-09",2,829494,0.241110845889181
"16","AP","2018-10",8,829494,0.964443383556723
"16","AP","2018-11",5,829494,0.602777114722952
"16","AP","2018-12",2,829494,0.241110845889181
"17","TO","2018-03",1,1555229,0.0642992125275442
"17","TO","2018-04",2,1555229,0.128598425055088
"17","TO","2018-06",3,1555229,0.192897637582633
"17","TO","2018-07",1,1555229,0.0642992125275442
"17","TO","2018-09",1,1555229,0.0642992125275442
"17","TO","2018-10",2,1555229,0.128598425055088
"17","TO","2018-12",1,1555229,0.0642992125275442
"21","MA","2018-02",2,7035055,0.0284290599007399
"21","MA","2018-03",3,7035055,0.0426435898511099
"21","MA","2018-04",9,7035055,0.12793076955333
"21","MA","2018-05",11,7035055,0.15635982945407
"21","MA","2018-06",1,7035055,0.01421452995037
"21","MA","2018-08",1,7035055,0.01421452995037
"21","MA","2018-11",1,7035055,0.01421452995037
"22","PI","2018-01",1,3264531,0.0306322715269054
"23","CE","2018-01",4,9075649,0.0440739830286517
"23","CE","2018-02",4,9075649,0.0440739830286517
"23","CE","2018-03",8,9075649,0.0881479660573034
"23","CE","2018-04",8,9075649,0.0881479660573034
"23","CE","2018-05",6,9075649,0.0661109745429776
"23","CE","2018-06",6,9075649,0.0661109745429776
"23","CE","2018-07",8,9075649,0.0881479660573034
"23","CE","2018-08",2,9075649,0.0220369915143259
"23","CE","2018-10",1,9075649,0.0110184957571629
"23","CE","2018-11",3,9075649,0.0330554872714888
"23","CE","2018-12",2,9075649,0.0220369915143259
"24","RN","2018-02",2,3479010,0.0574876186041431
"24","RN","2018-03",1,3479010,0.0287438093020716
"24","RN","2018-04",3,3479010,0.0862314279062147
"24","RN","2018-05",1,3479010,0.0287438093020716
"24","RN","2018-07",2,3479010,0.0574876186041431
"24","RN","2018-09",3,3479010,0.0862314279062147
"24","RN","2018-10",1,3479010,0.0287438093020716
"25","PB","2018-01",3,3996496,0.0750657576036608
"25","PB","2018-02",1,3996496,0.0250219192012203
"25","PB","2018-03",5,3996496,0.125109596006101
"25","PB","2018-04",1,3996496,0.0250219192012203
"25","PB","2018-05",2,3996496,0.0500438384024405
"25","PB","2018-06",3,3996496,0.0750657576036608
"25","PB","2018-09",1,3996496,0.0250219192012203
"25","PB","2018-11",2,3996496,0.0500438384024405
"26","PE","2018-01",9,9496294,0.0947738138688629
"26","PE","2018-02",19,9496294,0.200078051500933
"26","PE","2018-03",15,9496294,0.157956356448105
"26","PE","2018-04",34,9496294,0.358034407949038
"26","PE","2018-05",64,9496294,0.673947120845248
"26","PE","2018-06",25,9496294,0.263260594080175
"26","PE","2018-07",19,9496294,0.200078051500933
"26","PE","2018-08",12,9496294,0.126365085158484
"26","PE","2018-09",7,9496294,0.073712966342449
"26","PE","2018-10",4,9496294,0.042121695052828
"26","PE","2018-11",3,9496294,0.031591271289621
"26","PE","2018-12",3,9496294,0.031591271289621
"27","AL","2018-01",3,3322820,0.090284758127133
"27","AL","2018-02",1,3322820,0.030094919375711
"27","AL","2018-03",5,3322820,0.150474596878555
"27","AL","2018-04",10,3322820,0.30094919375711
"27","AL","2018-05",7,3322820,0.210664435629977
"27","AL","2018-06",3,3322820,0.090284758127133
"27","AL","2018-07",7,3322820,0.210664435629977
"27","AL","2018-08",4,3322820,0.120379677502844
"27","AL","2018-09",2,3322820,0.060189838751422
"27","AL","2018-10",1,3322820,0.030094919375711
"27","AL","2018-11",4,3322820,0.120379677502844
"27","AL","2018-12",3,3322820,0.090284758127133
"28","SE","2018-01",2,2278308,0.0877844435431908
"28","SE","2018-02",1,2278308,0.0438922217715954
"28","SE","2018-03",2,2278308,0.0877844435431908
"28","SE","2018-04",1,2278308,0.0438922217715954
"28","SE","2018-05",3,2278308,0.131676665314786
"28","SE","2018-06",3,2278308,0.131676665314786
"28","SE","2018-07",7,2278308,0.307245552401168
"28","SE","2018-08",1,2278308,0.0438922217715954
"28","SE","2018-09",2,2278308,0.0877844435431908
"28","SE","2018-10",1,2278308,0.0438922217715954
"29","BA","2018-01",3,14812617,0.0202530045838625
"29","BA","2018-02",4,14812617,0.0270040061118167
"29","BA","2018-03",3,14812617,0.0202530045838625
"29","BA","2018-04",2,14812617,0.0135020030559084
"29","BA","2018-05",15,14812617,0.101265022919313
"29","BA","2018-06",16,14812617,0.108016024447267
"29","BA","2018-07",9,14812617,0.0607590137515876
"29","BA","2018-08",5,14812617,0.0337550076397709
"29","BA","2018-09",3,14812617,0.0202530045838625
"29","BA","2018-10",3,14812617,0.0202530045838625
"29","BA","2018-11",2,14812617,0.0135020030559084
"29","BA","2018-12",4,14812617,0.0270040061118167
"31","MG","2018-01",23,21040662,0.109312149969426
"31","MG","2018-02",29,21040662,0.137828363004928
"31","MG","2018-03",20,21040662,0.0950540434516747
"31","MG","2018-04",18,21040662,0.0855486391065072
"31","MG","2018-05",14,21040662,0.0665378304161723
"31","MG","2018-06",8,21040662,0.0380216173806699
"31","MG","2018-07",5,21040662,0.0237635108629187
"31","MG","2018-08",6,21040662,0.0285162130355024
"31","MG","2018-09",9,21040662,0.0427743195532536
"31","MG","2018-10",10,21040662,0.0475270217258373
"31","MG","2018-11",15,21040662,0.071290532588756
"31","MG","2018-12",22,21040662,0.104559447796842
"32","ES","2018-01",5,3972388,0.12586887282914
"32","ES","2018-02",9,3972388,0.226563971092451
"32","ES","2018-03",5,3972388,0.12586887282914
"32","ES","2018-04",13,3972388,0.327259069355763
"32","ES","2018-05",10,3972388,0.251737745658279
"32","ES","2018-06",2,3972388,0.0503475491316558
"32","ES","2018-07",3,3972388,0.0755213236974837
"32","ES","2018-08",2,3972388,0.0503475491316558
"32","ES","2018-09",3,3972388,0.0755213236974837
"32","ES","2018-10",5,3972388,0.12586887282914
"32","ES","2018-11",13,3972388,0.327259069355763
"32","ES","2018-12",2,3972388,0.0503475491316558
"33","RJ","2018-01",35,17159960,0.203963179401351
"33","RJ","2018-02",26,17159960,0.151515504698146
"33","RJ","2018-03",53,17159960,0.308858528807759
"33","RJ","2018-04",26,17159960,0.151515504698146
"33","RJ","2018-05",12,17159960,0.0699302329376059
"33","RJ","2018-06",12,17159960,0.0699302329376059
"33","RJ","2018-07",6,17159960,0.034965116468803
"33","RJ","2018-08",14,17159960,0.0815852717605402
"33","RJ","2018-09",11,17159960,0.0641027135261387
"33","RJ","2018-10",17,17159960,0.0990678299949417
"33","RJ","2018-11",15,17159960,0.0874127911720074
"33","RJ","2018-12",15,17159960,0.0874127911720074
"35","SP","2018-01",81,45538936,0.177869768410926
"35","SP","2018-02",74,45538936,0.162498306943315
"35","SP","2018-03",73,45538936,0.160302383876514
"35","SP","2018-04",67,45538936,0.147126845475705
"35","SP","2018-05",26,45538936,0.0570939997368406
"35","SP","2018-06",31,45538936,0.0680736150708484
"35","SP","2018-07",14,45538936,0.0307429229352218
"35","SP","2018-08",17,45538936,0.0373306921356265
"35","SP","2018-09",11,45538936,0.0241551537348172
"35","SP","2018-10",41,45538936,0.090032845738864
"35","SP","2018-11",43,45538936,0.0944246918724671
"35","SP","2018-12",49,45538936,0.107600230273276
"41","PR","2018-01",48,11348937,0.422947100684408
"41","PR","2018-02",45,11348937,0.396512906891632
"41","PR","2018-03",57,11348937,0.502249682062734
"41","PR","2018-04",45,11348937,0.396512906891632
"41","PR","2018-05",24,11348937,0.211473550342204
"41","PR","2018-06",10,11348937,0.0881139793092516
"41","PR","2018-07",11,11348937,0.0969253772401768
"41","PR","2018-08",3,11348937,0.0264341937927755
"41","PR","2018-09",6,11348937,0.052868387585551
"41","PR","2018-10",17,11348937,0.149793764825728
"41","PR","2018-11",28,11348937,0.246719142065905
"41","PR","2018-12",24,11348937,0.211473550342204
"42","SC","2018-01",48,7075494,0.67839786168994
"42","SC","2018-02",33,7075494,0.466398529911834
"42","SC","2018-03",31,7075494,0.43813195234142
"42","SC","2018-04",35,7075494,0.494665107482248
"42","SC","2018-05",9,7075494,0.127199599066864
"42","SC","2018-06",12,7075494,0.169599465422485
"42","SC","2018-07",4,7075494,0.0565331551408283
"42","SC","2018-08",6,7075494,0.0847997327112425
"42","SC","2018-09",9,7075494,0.127199599066864
"42","SC","2018-10",17,7075494,0.24026590934852
"42","SC","2018-11",27,7075494,0.381598797200591
"42","SC","2018-12",20,7075494,0.282665775704142
"43","RS","2018-01",59,11329605,0.520759549869567
"43","RS","2018-02",64,11329605,0.564891715112751
"43","RS","2018-03",62,11329605,0.547238849015478
"43","RS","2018-04",62,11329605,0.547238849015478
"43","RS","2018-05",44,11329605,0.388363054140016
"43","RS","2018-06",16,11329605,0.141222928778188
"43","RS","2018-07",15,11329605,0.132396495729551
"43","RS","2018-08",24,11329605,0.211834393167282
"43","RS","2018-09",29,11329605,0.255966558410465
"43","RS","2018-10",33,11329605,0.291272290605012
"43","RS","2018-11",28,11329605,0.247140125361829
"43","RS","2018-12",14,11329605,0.123570062680914
"50","MS","2018-01",2,2748023,0.0727795946394917
"50","MS","2018-02",3,2748023,0.109169391959238
"50","MS","2018-03",2,2748023,0.0727795946394917
"50","MS","2018-04",1,2748023,0.0363897973197459
"50","MS","2018-05",1,2748023,0.0363897973197459
"50","MS","2018-09",1,2748023,0.0363897973197459
"51","MT","2018-01",1,3441998,0.0290528931161494
"51","MT","2018-02",1,3441998,0.0290528931161494
"51","MT","2018-03",1,3441998,0.0290528931161494
"51","MT","2018-04",6,3441998,0.174317358696896
"51","MT","2018-05",4,3441998,0.116211572464598
"51","MT","2018-07",3,3441998,0.0871586793484482
"51","MT","2018-08",1,3441998,0.0290528931161494
"51","MT","2018-12",2,3441998,0.0581057862322988
"52","GO","2018-01",3,6921161,0.0433453289123024
"52","GO","2018-02",5,6921161,0.0722422148538374
"52","GO","2018-04",3,6921161,0.0433453289123024
"52","GO","2018-05",1,6921161,0.0144484429707675
"52","GO","2018-06",2,6921161,0.028896885941535
"52","GO","2018-07",1,6921161,0.0144484429707675
"52","GO","2018-08",2,6921161,0.028896885941535
"52","GO","2018-10",4,6921161,0.0577937718830699
"52","GO","2018-11",2,6921161,0.028896885941535
"52","GO","2018-12",1,6921161,0.0144484429707675
"53","DF","2018-01",6,2974703,0.201700808450457
"53","DF","2018-02",3,2974703,0.100850404225229
"53","DF","2018-03",1,2974703,0.0336168014084095
"53","DF","2018-04",4,2974703,0.134467205633638
"53","DF","2018-06",1,2974703,0.0336168014084095
"53","DF","2018-07",1,2974703,0.0336168014084095
"53","DF","2018-11",2,2974703,0.067233602816819
"53","DF","2018-12",1,2974703,0.0336168014084095
"11","RO","2019-01",5,1777225,0.281337478372181
"11","RO","2019-02",4,1777225,0.225069982697745
"11","RO","2019-04",3,1777225,0.168802487023309
"11","RO","2019-05",7,1777225,0.393872469721054
"11","RO","2019-08",4,1777225,0.225069982697745
"11","RO","2019-10",1,1777225,0.0562674956744363
"11","RO","2019-12",1,1777225,0.0562674956744363
"12","AC","2019-01",2,881935,0.226774081990169
"12","AC","2019-02",13,881935,1.4740315329361
"12","AC","2019-03",23,881935,2.60790194288695
"12","AC","2019-04",11,881935,1.24725745094593
"12","AC","2019-05",10,881935,1.13387040995085
"12","AC","2019-06",17,881935,1.92757969691644
"12","AC","2019-07",13,881935,1.4740315329361
"12","AC","2019-08",14,881935,1.58741857393119
"12","AC","2019-09",14,881935,1.58741857393119
"12","AC","2019-10",20,881935,2.26774081990169
"12","AC","2019-11",25,881935,2.83467602487712
"12","AC","2019-12",34,881935,3.85515939383288
"13","AM","2019-01",4,4144597,0.0965111927649419
"13","AM","2019-02",6,4144597,0.144766789147413
"13","AM","2019-03",5,4144597,0.120638990956177
"13","AM","2019-04",4,4144597,0.0965111927649419
"13","AM","2019-05",5,4144597,0.120638990956177
"13","AM","2019-06",2,4144597,0.048255596382471
"13","AM","2019-07",5,4144597,0.120638990956177
"13","AM","2019-08",2,4144597,0.048255596382471
"13","AM","2019-09",3,4144597,0.0723833945737064
"13","AM","2019-10",3,4144597,0.0723833945737064
"13","AM","2019-11",6,4144597,0.144766789147413
"13","AM","2019-12",5,4144597,0.120638990956177
"14","RR","2019-07",1,605761,0.165081608092961
"14","RR","2019-10",1,605761,0.165081608092961
"15","PA","2019-01",9,8602865,0.104616310961523
"15","PA","2019-02",11,8602865,0.127864380064083
"15","PA","2019-03",22,8602865,0.255728760128167
"15","PA","2019-04",29,8602865,0.337097001987129
"15","PA","2019-05",21,8602865,0.244104725576886
"15","PA","2019-06",12,8602865,0.139488414615364
"15","PA","2019-07",8,8602865,0.0929922764102424
"15","PA","2019-08",17,8602865,0.197608587371765
"15","PA","2019-09",7,8602865,0.0813682418589621
"15","PA","2019-10",3,8602865,0.0348721036538409
"15","PA","2019-11",7,8602865,0.0813682418589621
"15","PA","2019-12",7,8602865,0.0813682418589621
"16","AP","2019-01",7,845731,0.827686344712444
"16","AP","2019-02",5,845731,0.59120453193746
"16","AP","2019-03",4,845731,0.472963625549968
"16","AP","2019-04",9,845731,1.06416815748743
"16","AP","2019-05",6,845731,0.709445438324952
"16","AP","2019-06",9,845731,1.06416815748743
"16","AP","2019-07",6,845731,0.709445438324952
"16","AP","2019-08",3,845731,0.354722719162476
"16","AP","2019-10",2,845731,0.236481812774984
"16","AP","2019-11",5,845731,0.59120453193746
"17","TO","2019-02",3,1572866,0.190734620749638
"17","TO","2019-03",1,1572866,0.063578206916546
"17","TO","2019-04",2,1572866,0.127156413833092
"17","TO","2019-05",2,1572866,0.127156413833092
"17","TO","2019-07",1,1572866,0.063578206916546
"17","TO","2019-12",1,1572866,0.063578206916546
"21","MA","2019-01",3,7075181,0.0424017420897077
"21","MA","2019-02",2,7075181,0.0282678280598051
"21","MA","2019-03",2,7075181,0.0282678280598051
"21","MA","2019-04",4,7075181,0.0565356561196102
"21","MA","2019-05",12,7075181,0.169606968358831
"21","MA","2019-06",6,7075181,0.0848034841794153
"21","MA","2019-07",4,7075181,0.0565356561196102
"21","MA","2019-08",3,7075181,0.0424017420897077
"21","MA","2019-11",1,7075181,0.0141339140299026
"22","PI","2019-01",2,3273227,0.0611017812085749
"22","PI","2019-03",2,3273227,0.0611017812085749
"22","PI","2019-04",8,3273227,0.2444071248343
"22","PI","2019-05",4,3273227,0.12220356241715
"23","CE","2019-02",8,9132078,0.0876032815313229
"23","CE","2019-03",18,9132078,0.197107383445477
"23","CE","2019-04",29,9132078,0.317561895551045
"23","CE","2019-05",18,9132078,0.197107383445477
"23","CE","2019-06",11,9132078,0.120454512105569
"23","CE","2019-07",7,9132078,0.0766528713399075
"23","CE","2019-08",10,9132078,0.109504101914154
"23","CE","2019-09",2,9132078,0.0219008203828307
"23","CE","2019-10",3,9132078,0.0328512305742461
"23","CE","2019-11",2,9132078,0.0219008203828307
"23","CE","2019-12",3,9132078,0.0328512305742461
"24","RN","2019-02",1,3506853,0.0285155950363474
"24","RN","2019-03",2,3506853,0.0570311900726948
"24","RN","2019-05",2,3506853,0.0570311900726948
"24","RN","2019-06",2,3506853,0.0570311900726948
"24","RN","2019-07",1,3506853,0.0285155950363474
"24","RN","2019-08",3,3506853,0.0855467851090422
"24","RN","2019-10",1,3506853,0.0285155950363474
"25","PB","2019-01",1,4018127,0.0248872173527616
"25","PB","2019-02",1,4018127,0.0248872173527616
"25","PB","2019-03",1,4018127,0.0248872173527616
"25","PB","2019-04",3,4018127,0.0746616520582849
"25","PB","2019-05",3,4018127,0.0746616520582849
"25","PB","2019-06",2,4018127,0.0497744347055232
"25","PB","2019-07",3,4018127,0.0746616520582849
"25","PB","2019-08",4,4018127,0.0995488694110465
"25","PB","2019-09",1,4018127,0.0248872173527616
"25","PB","2019-10",1,4018127,0.0248872173527616
"25","PB","2019-11",1,4018127,0.0248872173527616
"25","PB","2019-12",2,4018127,0.0497744347055232
"26","PE","2019-01",4,9557071,0.0418538273912583
"26","PE","2019-02",16,9557071,0.167415309565033
"26","PE","2019-03",9,9557071,0.0941711116303311
"26","PE","2019-04",31,9557071,0.324367162282252
"26","PE","2019-05",27,9557071,0.282513334890993
"26","PE","2019-06",20,9557071,0.209269136956291
"26","PE","2019-07",48,9557071,0.502245928695099
"26","PE","2019-08",53,9557071,0.554563212934172
"26","PE","2019-09",23,9557071,0.240659507499735
"26","PE","2019-10",9,9557071,0.0941711116303311
"26","PE","2019-11",7,9557071,0.073244197934702
"26","PE","2019-12",5,9557071,0.0523172842390728
"27","AL","2019-01",6,3337357,0.179782983960062
"27","AL","2019-02",6,3337357,0.179782983960062
"27","AL","2019-03",3,3337357,0.0898914919800309
"27","AL","2019-04",7,3337357,0.209746814620072
"27","AL","2019-05",3,3337357,0.0898914919800309
"27","AL","2019-06",4,3337357,0.119855322640041
"27","AL","2019-07",6,3337357,0.179782983960062
"27","AL","2019-08",11,3337357,0.329602137260113
"27","AL","2019-09",7,3337357,0.209746814620072
"27","AL","2019-10",2,3337357,0.0599276613200206
"27","AL","2019-11",6,3337357,0.179782983960062
"27","AL","2019-12",2,3337357,0.0599276613200206
"28","SE","2019-02",1,2298696,0.0435029251366862
"28","SE","2019-04",4,2298696,0.174011700546745
"28","SE","2019-05",1,2298696,0.0435029251366862
"28","SE","2019-06",4,2298696,0.174011700546745
"28","SE","2019-07",10,2298696,0.435029251366862
"28","SE","2019-08",3,2298696,0.130508775410059
"28","SE","2019-09",2,2298696,0.0870058502733724
"28","SE","2019-10",1,2298696,0.0435029251366862
"28","SE","2019-12",1,2298696,0.0435029251366862
"29","BA","2019-01",4,14873064,0.0268942566239209
"29","BA","2019-02",5,14873064,0.0336178207799012
"29","BA","2019-03",3,14873064,0.0201706924679407
"29","BA","2019-04",12,14873064,0.0806827698717628
"29","BA","2019-05",7,14873064,0.0470649490918616
"29","BA","2019-06",5,14873064,0.0336178207799012
"29","BA","2019-07",9,14873064,0.0605120774038221
"29","BA","2019-08",7,14873064,0.0470649490918616
"29","BA","2019-09",7,14873064,0.0470649490918616
"29","BA","2019-10",9,14873064,0.0605120774038221
"29","BA","2019-11",5,14873064,0.0336178207799012
"29","BA","2019-12",8,14873064,0.0537885132478419
"31","MG","2019-01",28,21168791,0.132270189639078
"31","MG","2019-02",28,21168791,0.132270189639078
"31","MG","2019-03",15,21168791,0.0708590301637916
"31","MG","2019-04",18,21168791,0.0850308361965499
"31","MG","2019-05",16,21168791,0.0755829655080444
"31","MG","2019-06",17,21168791,0.0803069008522971
"31","MG","2019-07",12,21168791,0.0566872241310333
"31","MG","2019-08",12,21168791,0.0566872241310333
"31","MG","2019-09",3,21168791,0.0141718060327583
"31","MG","2019-10",13,21168791,0.061411159475286
"31","MG","2019-11",10,21168791,0.0472393534425277
"31","MG","2019-12",14,21168791,0.0661350948195388
"32","ES","2019-01",9,4018650,0.223955806054272
"32","ES","2019-02",10,4018650,0.248839784504747
"32","ES","2019-03",12,4018650,0.298607741405696
"32","ES","2019-04",8,4018650,0.199071827603797
"32","ES","2019-05",13,4018650,0.323491719856171
"32","ES","2019-06",11,4018650,0.273723762955221
"32","ES","2019-07",6,4018650,0.149303870702848
"32","ES","2019-08",1,4018650,0.0248839784504747
"32","ES","2019-09",1,4018650,0.0248839784504747
"32","ES","2019-10",9,4018650,0.223955806054272
"32","ES","2019-11",7,4018650,0.174187849153323
"32","ES","2019-12",11,4018650,0.273723762955221
"33","RJ","2019-01",19,17264943,0.110049595877612
"33","RJ","2019-02",17,17264943,0.0984654278904946
"33","RJ","2019-03",25,17264943,0.144802099838963
"33","RJ","2019-04",39,17264943,0.225891275748782
"33","RJ","2019-05",24,17264943,0.139010015845404
"33","RJ","2019-06",22,17264943,0.127425847858287
"33","RJ","2019-07",13,17264943,0.0752970919162606
"33","RJ","2019-08",11,17264943,0.0637129239291436
"33","RJ","2019-09",16,17264943,0.0926733438969361
"33","RJ","2019-10",9,17264943,0.0521287559420266
"33","RJ","2019-11",14,17264943,0.0810891759098191
"33","RJ","2019-12",15,17264943,0.0868812599033776
"35","SP","2019-01",57,45919049,0.124131490615148
"35","SP","2019-02",81,45919049,0.176397381400473
"35","SP","2019-03",117,45919049,0.254796217578461
"35","SP","2019-04",87,45919049,0.189463854096804
"35","SP","2019-05",49,45919049,0.106709527020039
"35","SP","2019-06",38,45919049,0.082754327076765
"35","SP","2019-07",22,45919049,0.0479103998865482
"35","SP","2019-08",15,45919049,0.0326661817408283
"35","SP","2019-09",24,45919049,0.0522658907853253
"35","SP","2019-10",22,45919049,0.0479103998865482
"35","SP","2019-11",17,45919049,0.0370216726396054
"35","SP","2019-12",20,45919049,0.0435549089877711
"41","PR","2019-01",52,11433957,0.454785687929384
"41","PR","2019-02",63,11433957,0.550990352683677
"41","PR","2019-03",44,11433957,0.384818659017171
"41","PR","2019-04",39,11433957,0.341089265947038
"41","PR","2019-05",44,11433957,0.384818659017171
"41","PR","2019-06",51,11433957,0.446039809315358
"41","PR","2019-07",20,11433957,0.174917572280532
"41","PR","2019-08",8,11433957,0.069967028912213
"41","PR","2019-09",15,11433957,0.131188179210399
"41","PR","2019-10",22,11433957,0.192409329508586
"41","PR","2019-11",20,11433957,0.174917572280532
"41","PR","2019-12",30,11433957,0.262376358420799
"42","SC","2019-01",37,7164788,0.516414442409182
"42","SC","2019-02",38,7164788,0.530371589501322
"42","SC","2019-03",28,7164788,0.390800118579922
"42","SC","2019-04",35,7164788,0.488500148224902
"42","SC","2019-05",30,7164788,0.418714412764202
"42","SC","2019-06",33,7164788,0.460585854040622
"42","SC","2019-07",11,7164788,0.153528618013541
"42","SC","2019-08",10,7164788,0.139571470921401
"42","SC","2019-09",10,7164788,0.139571470921401
"42","SC","2019-10",18,7164788,0.251228647658521
"42","SC","2019-11",26,7164788,0.362885824395642
"42","SC","2019-12",14,7164788,0.195400059289961
"43","RS","2019-01",92,11377239,0.808632041570015
"43","RS","2019-02",126,11377239,1.10747431780241
"43","RS","2019-03",82,11377239,0.72073725444284
"43","RS","2019-04",70,11377239,0.615263509890229
"43","RS","2019-05",89,11377239,0.782263605431863
"43","RS","2019-06",68,11377239,0.597684552464794
"43","RS","2019-07",27,11377239,0.237315925243374
"43","RS","2019-08",20,11377239,0.175789574254351
"43","RS","2019-09",12,11377239,0.105473744552611
"43","RS","2019-10",40,11377239,0.351579148508702
"43","RS","2019-11",45,11377239,0.39552654207229
"43","RS","2019-12",32,11377239,0.281263318806962
"50","MS","2019-01",1,2778986,0.0359843482478861
"50","MS","2019-04",1,2778986,0.0359843482478861
"50","MS","2019-05",2,2778986,0.0719686964957722
"50","MS","2019-06",1,2778986,0.0359843482478861
"50","MS","2019-08",2,2778986,0.0719686964957722
"50","MS","2019-09",1,2778986,0.0359843482478861
"50","MS","2019-12",1,2778986,0.0359843482478861
"51","MT","2019-01",2,3484466,0.0573976041092093
"51","MT","2019-02",5,3484466,0.143494010273023
"51","MT","2019-03",2,3484466,0.0573976041092093
"51","MT","2019-05",5,3484466,0.143494010273023
"51","MT","2019-06",1,3484466,0.0286988020546046
"51","MT","2019-07",3,3484466,0.0860964061638139
"51","MT","2019-08",1,3484466,0.0286988020546046
"51","MT","2019-09",4,3484466,0.114795208218419
"51","MT","2019-10",2,3484466,0.0573976041092093
"51","MT","2019-11",1,3484466,0.0286988020546046
"51","MT","2019-12",4,3484466,0.114795208218419
"52","GO","2019-01",3,7018354,0.0427450652959369
"52","GO","2019-02",2,7018354,0.0284967101972913
"52","GO","2019-03",1,7018354,0.0142483550986456
"52","GO","2019-06",3,7018354,0.0427450652959369
"52","GO","2019-07",1,7018354,0.0142483550986456
"52","GO","2019-09",1,7018354,0.0142483550986456
"52","GO","2019-10",1,7018354,0.0142483550986456
"52","GO","2019-11",2,7018354,0.0284967101972913
"53","DF","2019-01",3,3015268,0.0994936436827506
"53","DF","2019-02",4,3015268,0.132658191577001
"53","DF","2019-03",2,3015268,0.0663290957885004
"53","DF","2019-04",5,3015268,0.165822739471251
"53","DF","2019-05",1,3015268,0.0331645478942502
"53","DF","2019-06",1,3015268,0.0331645478942502
"53","DF","2019-10",3,3015268,0.0994936436827506
"53","DF","2019-12",2,3015268,0.0663290957885004
"11","RO","2020-01",4,1796460,0.222660120459125
"11","RO","2020-02",2,1796460,0.111330060229563
"11","RO","2020-03",2,1796460,0.111330060229563
"11","RO","2020-04",6,1796460,0.333990180688688
"11","RO","2020-05",1,1796460,0.0556650301147813
"11","RO","2020-06",1,1796460,0.0556650301147813
"11","RO","2020-09",2,1796460,0.111330060229563
"11","RO","2020-11",1,1796460,0.0556650301147813
"11","RO","2020-12",1,1796460,0.0556650301147813
"12","AC","2020-01",51,894470,5.70170044831017
"12","AC","2020-02",41,894470,4.58371996824935
"12","AC","2020-03",19,894470,2.12416291211555
"12","AC","2020-04",6,894470,0.670788288036491
"12","AC","2020-05",7,894470,0.782586336042573
"12","AC","2020-06",4,894470,0.447192192024327
"12","AC","2020-07",6,894470,0.670788288036491
"12","AC","2020-08",4,894470,0.447192192024327
"12","AC","2020-10",8,894470,0.894384384048655
"12","AC","2020-11",7,894470,0.782586336042573
"12","AC","2020-12",4,894470,0.447192192024327
"13","AM","2020-01",7,4207714,0.166361116748904
"13","AM","2020-02",7,4207714,0.166361116748904
"13","AM","2020-03",7,4207714,0.166361116748904
"13","AM","2020-04",2,4207714,0.0475317476425441
"13","AM","2020-05",1,4207714,0.0237658738212721
"13","AM","2020-06",1,4207714,0.0237658738212721
"13","AM","2020-07",2,4207714,0.0475317476425441
"13","AM","2020-08",1,4207714,0.0237658738212721
"13","AM","2020-10",4,4207714,0.0950634952850883
"13","AM","2020-11",3,4207714,0.0712976214638162
"14","RR","2020-01",1,631181,0.158433159426535
"14","RR","2020-02",1,631181,0.158433159426535
"15","PA","2020-01",14,8690745,0.161090907626446
"15","PA","2020-02",16,8690745,0.184103894430224
"15","PA","2020-03",21,8690745,0.241636361439669
"15","PA","2020-04",3,8690745,0.0345194802056671
"15","PA","2020-05",4,8690745,0.0460259736075561
"15","PA","2020-07",1,8690745,0.011506493401889
"15","PA","2020-08",1,8690745,0.011506493401889
"15","PA","2020-09",1,8690745,0.011506493401889
"15","PA","2020-10",2,8690745,0.023012986803778
"15","PA","2020-11",2,8690745,0.023012986803778
"15","PA","2020-12",8,8690745,0.0920519472151122
"16","AP","2020-01",5,861773,0.58019919398728
"16","AP","2020-02",5,861773,0.58019919398728
"16","AP","2020-03",3,861773,0.348119516392368
"16","AP","2020-07",1,861773,0.116039838797456
"16","AP","2020-08",2,861773,0.232079677594912
"16","AP","2020-09",1,861773,0.116039838797456
"16","AP","2020-10",2,861773,0.232079677594912
"16","AP","2020-11",1,861773,0.116039838797456
"16","AP","2020-12",2,861773,0.232079677594912
"17","TO","2020-04",1,1590248,0.0628832735523013
"17","TO","2020-06",1,1590248,0.0628832735523013
"21","MA","2020-01",2,7114598,0.0281112158410075
"21","MA","2020-02",3,7114598,0.0421668237615112
"21","MA","2020-04",3,7114598,0.0421668237615112
"21","MA","2020-05",1,7114598,0.0140556079205037
"21","MA","2020-06",1,7114598,0.0140556079205037
"21","MA","2020-08",1,7114598,0.0140556079205037
"21","MA","2020-11",2,7114598,0.0281112158410075
"22","PI","2020-03",2,3281480,0.0609481087801845
"22","PI","2020-05",4,3281480,0.121896217560369
"22","PI","2020-07",1,3281480,0.0304740543900923
"22","PI","2020-11",2,3281480,0.0609481087801845
"23","CE","2020-01",5,9187103,0.0544241204218566
"23","CE","2020-02",4,9187103,0.0435392963374853
"23","CE","2020-03",7,9187103,0.0761937685905992
"23","CE","2020-04",7,9187103,0.0761937685905992
"23","CE","2020-05",6,9187103,0.0653089445062279
"23","CE","2020-06",5,9187103,0.0544241204218566
"23","CE","2020-07",4,9187103,0.0435392963374853
"23","CE","2020-08",2,9187103,0.0217696481687426
"23","CE","2020-09",1,9187103,0.0108848240843713
"23","CE","2020-10",1,9187103,0.0108848240843713
"23","CE","2020-11",2,9187103,0.0217696481687426
"23","CE","2020-12",2,9187103,0.0217696481687426
"24","RN","2020-01",1,3534165,0.0282952267367256
"24","RN","2020-02",2,3534165,0.0565904534734513
"24","RN","2020-03",1,3534165,0.0282952267367256
"24","RN","2020-06",1,3534165,0.0282952267367256
"24","RN","2020-07",1,3534165,0.0282952267367256
"24","RN","2020-09",1,3534165,0.0282952267367256
"24","RN","2020-10",1,3534165,0.0282952267367256
"24","RN","2020-11",1,3534165,0.0282952267367256
"25","PB","2020-01",2,4039277,0.0495138115063661
"25","PB","2020-03",1,4039277,0.0247569057531831
"25","PB","2020-04",3,4039277,0.0742707172595492
"25","PB","2020-05",1,4039277,0.0247569057531831
"25","PB","2020-07",5,4039277,0.123784528765915
"25","PB","2020-08",4,4039277,0.0990276230127322
"25","PB","2020-10",3,4039277,0.0742707172595492
"26","PE","2020-01",7,9616621,0.0727906402883092
"26","PE","2020-02",4,9616621,0.0415946515933195
"26","PE","2020-03",9,9616621,0.0935879660849689
"26","PE","2020-04",7,9616621,0.0727906402883092
"26","PE","2020-05",7,9616621,0.0727906402883092
"26","PE","2020-06",14,9616621,0.145581280576618
"26","PE","2020-07",16,9616621,0.166378606373278
"26","PE","2020-08",6,9616621,0.0623919773899793
"26","PE","2020-09",4,9616621,0.0415946515933195
"26","PE","2020-10",4,9616621,0.0415946515933195
"26","PE","2020-11",2,9616621,0.0207973257966598
"26","PE","2020-12",3,9616621,0.0311959886949896
"27","AL","2020-01",2,3351543,0.0596740068678815
"27","AL","2020-02",3,3351543,0.0895110103018222
"27","AL","2020-03",4,3351543,0.119348013735763
"27","AL","2020-04",2,3351543,0.0596740068678815
"27","AL","2020-05",2,3351543,0.0596740068678815
"27","AL","2020-06",4,3351543,0.119348013735763
"27","AL","2020-07",3,3351543,0.0895110103018222
"27","AL","2020-08",3,3351543,0.0895110103018222
"27","AL","2020-09",2,3351543,0.0596740068678815
"27","AL","2020-10",3,3351543,0.0895110103018222
"27","AL","2020-11",3,3351543,0.0895110103018222
"28","SE","2020-01",2,2318822,0.0862506910836623
"28","SE","2020-02",1,2318822,0.0431253455418312
"28","SE","2020-03",2,2318822,0.0862506910836623
"28","SE","2020-04",2,2318822,0.0862506910836623
"28","SE","2020-05",2,2318822,0.0862506910836623
"28","SE","2020-06",2,2318822,0.0862506910836623
"28","SE","2020-07",2,2318822,0.0862506910836623
"28","SE","2020-08",1,2318822,0.0431253455418312
"28","SE","2020-09",1,2318822,0.0431253455418312
"28","SE","2020-10",2,2318822,0.0862506910836623
"29","BA","2020-01",7,14930634,0.0468834746066376
"29","BA","2020-02",5,14930634,0.0334881961475983
"29","BA","2020-03",7,14930634,0.0468834746066376
"29","BA","2020-04",7,14930634,0.0468834746066376
"29","BA","2020-05",9,14930634,0.0602787530656769
"29","BA","2020-06",11,14930634,0.0736740315247162
"29","BA","2020-07",3,14930634,0.020092917688559
"29","BA","2020-08",1,14930634,0.00669763922951966
"29","BA","2020-09",5,14930634,0.0334881961475983
"29","BA","2020-10",1,14930634,0.00669763922951966
"29","BA","2020-11",5,14930634,0.0334881961475983
"29","BA","2020-12",1,14930634,0.00669763922951966
"31","MG","2020-01",38,21292666,0.178465204873828
"31","MG","2020-02",71,21292666,0.333448145948469
"31","MG","2020-03",33,21292666,0.15498294107464
"31","MG","2020-04",20,21292666,0.0939290551967518
"31","MG","2020-05",9,21292666,0.0422680748385383
"31","MG","2020-06",10,21292666,0.0469645275983759
"31","MG","2020-07",12,21292666,0.0563574331180511
"31","MG","2020-08",11,21292666,0.0516609803582135
"31","MG","2020-09",4,21292666,0.0187858110393504
"31","MG","2020-10",7,21292666,0.0328751693188631
"31","MG","2020-11",8,21292666,0.0375716220787007
"31","MG","2020-12",5,21292666,0.0234822637991879
"32","ES","2020-03",1,4064052,0.0246059843722472
"32","ES","2020-04",1,4064052,0.0246059843722472
"33","RJ","2020-01",21,17366189,0.120924631189952
"33","RJ","2020-02",30,17366189,0.172749473128503
"33","RJ","2020-03",28,17366189,0.161232841586603
"33","RJ","2020-04",6,17366189,0.0345498946257005
"33","RJ","2020-05",3,17366189,0.0172749473128503
"33","RJ","2020-06",6,17366189,0.0345498946257005
"33","RJ","2020-07",1,17366189,0.00575831577095009
"33","RJ","2020-08",6,17366189,0.0345498946257005
"33","RJ","2020-09",5,17366189,0.0287915788547505
"33","RJ","2020-10",6,17366189,0.0345498946257005
"33","RJ","2020-11",3,17366189,0.0172749473128503
"33","RJ","2020-12",6,17366189,0.0345498946257005
"35","SP","2020-01",67,46289333,0.14474177020438
"35","SP","2020-02",83,46289333,0.179306969059157
"35","SP","2020-03",51,46289333,0.110176571349602
"35","SP","2020-04",18,46289333,0.0388858487116243
"35","SP","2020-05",13,46289333,0.0280842240695065
"35","SP","2020-06",13,46289333,0.0280842240695065
"35","SP","2020-07",9,46289333,0.0194429243558122
"35","SP","2020-08",17,46289333,0.0367255237832008
"35","SP","2020-09",14,46289333,0.03024454899793
"35","SP","2020-10",13,46289333,0.0280842240695065
"35","SP","2020-11",16,46289333,0.0345651988547772
"35","SP","2020-12",28,46289333,0.0604890979958601
"41","PR","2020-01",32,11516840,0.27785399467215
"41","PR","2020-02",22,11516840,0.191024621337103
"41","PR","2020-03",26,11516840,0.225756370671122
"41","PR","2020-04",17,11516840,0.14760993466958
"41","PR","2020-05",7,11516840,0.0607805613345327
"41","PR","2020-06",10,11516840,0.0868293733350468
"41","PR","2020-07",7,11516840,0.0607805613345327
"41","PR","2020-08",9,11516840,0.0781464360015421
"41","PR","2020-09",12,11516840,0.104195248002056
"41","PR","2020-10",12,11516840,0.104195248002056
"41","PR","2020-11",9,11516840,0.0781464360015421
"41","PR","2020-12",16,11516840,0.138926997336075
"42","SC","2020-01",28,7252502,0.386073661199956
"42","SC","2020-02",36,7252502,0.4963804215428
"42","SC","2020-03",18,7252502,0.2481902107714
"42","SC","2020-04",16,7252502,0.220613520685689
"42","SC","2020-05",3,7252502,0.0413650351285667
"42","SC","2020-06",12,7252502,0.165460140514267
"42","SC","2020-07",6,7252502,0.0827300702571333
"42","SC","2020-09",5,7252502,0.0689417252142778
"42","SC","2020-10",6,7252502,0.0827300702571333
"42","SC","2020-11",4,7252502,0.0551533801714222
"42","SC","2020-12",13,7252502,0.179248485557122
"43","RS","2020-01",49,11422973,0.428960131482408
"43","RS","2020-02",40,11422973,0.350171535904007
"43","RS","2020-03",32,11422973,0.280137228723205
"43","RS","2020-04",25,11422973,0.218857209940004
"43","RS","2020-05",10,11422973,0.0875428839760017
"43","RS","2020-06",10,11422973,0.0875428839760017
"43","RS","2020-07",11,11422973,0.0962971723736019
"43","RS","2020-08",8,11422973,0.0700343071808014
"43","RS","2020-09",12,11422973,0.105051460771202
"43","RS","2020-10",12,11422973,0.105051460771202
"43","RS","2020-11",8,11422973,0.0700343071808014
"43","RS","2020-12",10,11422973,0.0875428839760017
"50","MS","2020-01",1,2809394,0.035594864942404
"50","MS","2020-02",1,2809394,0.035594864942404
"50","MS","2020-03",1,2809394,0.035594864942404
"50","MS","2020-04",1,2809394,0.035594864942404
"50","MS","2020-05",1,2809394,0.035594864942404
"50","MS","2020-10",2,2809394,0.0711897298848079
"51","MT","2020-01",4,3526220,0.113435917214468
"51","MT","2020-02",6,3526220,0.170153875821701
"51","MT","2020-03",1,3526220,0.0283589793036169
"51","MT","2020-04",1,3526220,0.0283589793036169
"51","MT","2020-07",2,3526220,0.0567179586072338
"51","MT","2020-09",1,3526220,0.0283589793036169
"51","MT","2020-11",1,3526220,0.0283589793036169
"52","GO","2020-01",1,7113540,0.0140576984173843
"52","GO","2020-02",5,7113540,0.0702884920869216
"52","GO","2020-03",2,7113540,0.0281153968347686
"52","GO","2020-04",1,7113540,0.0140576984173843
"52","GO","2020-05",2,7113540,0.0281153968347686
"52","GO","2020-06",1,7113540,0.0140576984173843
"52","GO","2020-07",1,7113540,0.0140576984173843
"52","GO","2020-08",1,7113540,0.0140576984173843
"52","GO","2020-10",1,7113540,0.0140576984173843
"52","GO","2020-12",1,7113540,0.0140576984173843
"53","DF","2020-01",1,3055149,0.0327316278191342
"53","DF","2020-02",1,3055149,0.0327316278191342
"53","DF","2020-03",3,3055149,0.0981948834574026
"53","DF","2020-04",4,3055149,0.130926511276537
"53","DF","2020-06",1,3055149,0.0327316278191342
"53","DF","2020-10",3,3055149,0.0981948834574026
"53","DF","2020-11",2,3055149,0.0654632556382684
"53","DF","2020-12",3,3055149,0.0981948834574026
"11","RO","2021-02",1,1815278,0.0550879810144782
"11","RO","2021-03",3,1815278,0.165263943043435
"11","RO","2021-04",1,1815278,0.0550879810144782
"11","RO","2021-05",2,1815278,0.110175962028956
"11","RO","2021-06",1,1815278,0.0550879810144782
"11","RO","2021-07",1,1815278,0.0550879810144782
"11","RO","2021-08",1,1815278,0.0550879810144782
"11","RO","2021-11",1,1815278,0.0550879810144782
"12","AC","2021-01",13,906876,1.43349256127629
"12","AC","2021-02",10,906876,1.10268658559715
"12","AC","2021-03",17,906876,1.87456719551515
"12","AC","2021-04",9,906876,0.992417927037434
"12","AC","2021-05",15,906876,1.65402987839572
"12","AC","2021-06",7,906876,0.771880609918004
"12","AC","2021-07",12,906876,1.32322390271658
"12","AC","2021-08",10,906876,1.10268658559715
"12","AC","2021-09",8,906876,0.882149268477719
"12","AC","2021-10",3,906876,0.330805975679145
"12","AC","2021-11",10,906876,1.10268658559715
"12","AC","2021-12",19,906876,2.09510451263458
"13","AM","2021-01",1,4269995,0.0234192311700599
"13","AM","2021-02",5,4269995,0.1170961558503
"13","AM","2021-03",3,4269995,0.0702576935101798
"13","AM","2021-04",3,4269995,0.0702576935101798
"13","AM","2021-05",5,4269995,0.1170961558503
"13","AM","2021-06",5,4269995,0.1170961558503
"13","AM","2021-07",2,4269995,0.0468384623401198
"13","AM","2021-08",1,4269995,0.0234192311700599
"13","AM","2021-09",2,4269995,0.0468384623401198
"13","AM","2021-10",3,4269995,0.0702576935101798
"13","AM","2021-11",3,4269995,0.0702576935101798
"13","AM","2021-12",6,4269995,0.14051538702036
"14","RR","2021-07",1,652713,0.153206692681163
"14","RR","2021-09",3,652713,0.459620078043489
"15","PA","2021-01",2,8777124,0.0227865072887201
"15","PA","2021-02",7,8777124,0.0797527755105203
"15","PA","2021-03",7,8777124,0.0797527755105203
"15","PA","2021-04",7,8777124,0.0797527755105203
"15","PA","2021-05",6,8777124,0.0683595218661603
"15","PA","2021-06",12,8777124,0.136719043732321
"15","PA","2021-07",6,8777124,0.0683595218661603
"15","PA","2021-08",5,8777124,0.0569662682218002
"15","PA","2021-09",3,8777124,0.0341797609330801
"15","PA","2021-10",1,8777124,0.01139325364436
"15","PA","2021-11",2,8777124,0.0227865072887201
"15","PA","2021-12",3,8777124,0.0341797609330801
"16","AP","2021-01",3,877613,0.341836321932332
"16","AP","2021-02",1,877613,0.113945440644111
"16","AP","2021-03",4,877613,0.455781762576443
"16","AP","2021-04",4,877613,0.455781762576443
"16","AP","2021-05",3,877613,0.341836321932332
"16","AP","2021-06",5,877613,0.569727203220554
"16","AP","2021-07",1,877613,0.113945440644111
"16","AP","2021-08",3,877613,0.341836321932332
"16","AP","2021-09",2,877613,0.227890881288222
"16","AP","2021-10",9,877613,1.025508965797
"16","AP","2021-12",3,877613,0.341836321932332
"17","TO","2021-10",1,1607363,0.062213700327804
"17","TO","2021-12",1,1607363,0.062213700327804
"21","MA","2021-02",1,7153262,0.0139796361436223
"21","MA","2021-03",3,7153262,0.0419389084308669
"21","MA","2021-05",1,7153262,0.0139796361436223
"21","MA","2021-06",4,7153262,0.0559185445744892
"21","MA","2021-07",2,7153262,0.0279592722872446
"21","MA","2021-08",1,7153262,0.0139796361436223
"21","MA","2021-11",2,7153262,0.0279592722872446
"21","MA","2021-12",1,7153262,0.0139796361436223
"22","PI","2021-04",1,3289290,0.0304016976307957
"22","PI","2021-12",1,3289290,0.0304016976307957
"23","CE","2021-01",1,9240580,0.0108218315300555
"23","CE","2021-02",2,9240580,0.0216436630601109
"23","CE","2021-04",5,9240580,0.0541091576502774
"23","CE","2021-05",8,9240580,0.0865746522404438
"23","CE","2021-06",6,9240580,0.0649309891803328
"23","CE","2021-07",7,9240580,0.0757528207103883
"23","CE","2021-08",3,9240580,0.0324654945901664
"23","CE","2021-09",1,9240580,0.0108218315300555
"23","CE","2021-10",6,9240580,0.0649309891803328
"23","CE","2021-11",3,9240580,0.0324654945901664
"23","CE","2021-12",3,9240580,0.0324654945901664
"24","RN","2021-04",1,3560903,0.0280827643999289
"24","RN","2021-06",5,3560903,0.140413821999644
"24","RN","2021-08",2,3560903,0.0561655287998578
"24","RN","2021-09",1,3560903,0.0280827643999289
"24","RN","2021-11",2,3560903,0.0561655287998578
"25","PB","2021-05",1,4059905,0.0246311182158203
"25","PB","2021-06",3,4059905,0.073893354647461
"25","PB","2021-08",1,4059905,0.0246311182158203
"25","PB","2021-09",1,4059905,0.0246311182158203
"25","PB","2021-10",1,4059905,0.0246311182158203
"25","PB","2021-12",1,4059905,0.0246311182158203
"26","PE","2021-02",1,9674793,0.0103361384579494
"26","PE","2021-03",3,9674793,0.0310084153738483
"26","PE","2021-04",14,9674793,0.144705938411292
"26","PE","2021-05",26,9674793,0.268739599906685
"26","PE","2021-06",19,9674793,0.196386630701039
"26","PE","2021-07",22,9674793,0.227395046074888
"26","PE","2021-08",29,9674793,0.299748015280534
"26","PE","2021-09",11,9674793,0.113697523037444
"26","PE","2021-10",7,9674793,0.0723529692056461
"26","PE","2021-11",3,9674793,0.0310084153738483
"26","PE","2021-12",5,9674793,0.0516806922897472
"27","AL","2021-01",1,3365351,0.0297145825205157
"27","AL","2021-03",1,3365351,0.0297145825205157
"27","AL","2021-04",1,3365351,0.0297145825205157
"27","AL","2021-05",4,3365351,0.118858330082063
"27","AL","2021-06",4,3365351,0.118858330082063
"27","AL","2021-07",3,3365351,0.0891437475615471
"27","AL","2021-08",8,3365351,0.237716660164126
"27","AL","2021-09",4,3365351,0.118858330082063
"27","AL","2021-10",1,3365351,0.0297145825205157
"27","AL","2021-11",1,3365351,0.0297145825205157
"28","SE","2021-02",2,2338474,0.085525860026667
"28","SE","2021-05",1,2338474,0.0427629300133335
"28","SE","2021-06",1,2338474,0.0427629300133335
"28","SE","2021-07",1,2338474,0.0427629300133335
"28","SE","2021-10",3,2338474,0.12828879004
"28","SE","2021-11",2,2338474,0.085525860026667
"28","SE","2021-12",3,2338474,0.12828879004
"29","BA","2021-01",3,14985284,0.0200196406020733
"29","BA","2021-02",3,14985284,0.0200196406020733
"29","BA","2021-03",2,14985284,0.0133464270680489
"29","BA","2021-04",6,14985284,0.0400392812041467
"29","BA","2021-05",5,14985284,0.0333660676701222
"29","BA","2021-06",6,14985284,0.0400392812041467
"29","BA","2021-07",3,14985284,0.0200196406020733
"29","BA","2021-08",8,14985284,0.0533857082721956
"29","BA","2021-09",7,14985284,0.0467124947381711
"29","BA","2021-10",6,14985284,0.0400392812041467
"29","BA","2021-11",6,14985284,0.0400392812041467
"29","BA","2021-12",7,14985284,0.0467124947381711
"31","MG","2021-01",7,21411923,0.032692066004534
"31","MG","2021-02",14,21411923,0.065384132009068
"31","MG","2021-03",12,21411923,0.0560435417220583
"31","MG","2021-04",5,21411923,0.0233514757175243
"31","MG","2021-05",8,21411923,0.0373623611480389
"31","MG","2021-06",8,21411923,0.0373623611480389
"31","MG","2021-07",38,21411923,0.177471215453185
"31","MG","2021-08",8,21411923,0.0373623611480389
"31","MG","2021-09",10,21411923,0.0467029514350486
"31","MG","2021-10",23,21411923,0.107416788300612
"31","MG","2021-11",11,21411923,0.0513732465785535
"31","MG","2021-12",13,21411923,0.0607138368655632
"33","RJ","2021-01",13,17463349,0.0744416205620125
"33","RJ","2021-02",5,17463349,0.028631392523851
"33","RJ","2021-03",14,17463349,0.0801678990667827
"33","RJ","2021-04",5,17463349,0.028631392523851
"33","RJ","2021-05",2,17463349,0.0114525570095404
"33","RJ","2021-06",4,17463349,0.0229051140190808
"33","RJ","2021-07",7,17463349,0.0400839495333913
"33","RJ","2021-08",4,17463349,0.0229051140190808
"33","RJ","2021-09",7,17463349,0.0400839495333913
"33","RJ","2021-10",10,17463349,0.0572627850477019
"33","RJ","2021-11",16,17463349,0.091620456076323
"33","RJ","2021-12",9,17463349,0.0515365065429317
"35","SP","2021-01",47,46649132,0.100752142612214
"35","SP","2021-02",33,46649132,0.0707408660894269
"35","SP","2021-03",36,46649132,0.0771718539157385
"35","SP","2021-04",21,46649132,0.0450169147841808
"35","SP","2021-05",23,46649132,0.0493042400017218
"35","SP","2021-06",19,46649132,0.0407295895666397
"35","SP","2021-07",15,46649132,0.0321549391315577
"35","SP","2021-08",15,46649132,0.0321549391315577
"35","SP","2021-09",17,46649132,0.0364422643490987
"35","SP","2021-10",27,46649132,0.0578788904368038
"35","SP","2021-11",21,46649132,0.0450169147841808
"35","SP","2021-12",25,46649132,0.0535915652192628
"41","PR","2021-01",22,11597484,0.189696316890801
"41","PR","2021-02",27,11597484,0.232809116184165
"41","PR","2021-03",28,11597484,0.241431676042838
"41","PR","2021-04",17,11597484,0.146583517597438
"41","PR","2021-05",7,11597484,0.0603579190107096
"41","PR","2021-06",11,11597484,0.0948481584454007
"41","PR","2021-07",15,11597484,0.129338397880092
"41","PR","2021-08",14,11597484,0.120715838021419
"41","PR","2021-09",14,11597484,0.120715838021419
"41","PR","2021-10",14,11597484,0.120715838021419
"41","PR","2021-11",15,11597484,0.129338397880092
"41","PR","2021-12",16,11597484,0.137960957738765
"42","SC","2021-01",16,7338473,0.218029009577333
"42","SC","2021-02",26,7338473,0.354297140563166
"42","SC","2021-03",16,7338473,0.218029009577333
"42","SC","2021-04",13,7338473,0.177148570281583
"42","SC","2021-05",4,7338473,0.0545072523943333
"42","SC","2021-06",6,7338473,0.0817608785914999
"42","SC","2021-07",8,7338473,0.109014504788667
"42","SC","2021-08",5,7338473,0.0681340654929166
"42","SC","2021-09",11,7338473,0.149894944084416
"42","SC","2021-10",16,7338473,0.218029009577333
"42","SC","2021-11",19,7338473,0.258909448873083
"42","SC","2021-12",14,7338473,0.190775383380166
"43","RS","2021-01",17,11466630,0.148256288028828
"43","RS","2021-02",24,11466630,0.209302994864228
"43","RS","2021-03",25,11466630,0.218023952983571
"43","RS","2021-04",26,11466630,0.226744911102913
"43","RS","2021-05",12,11466630,0.104651497432114
"43","RS","2021-06",7,11466630,0.0610467068353998
"43","RS","2021-07",9,11466630,0.0784886230740854
"43","RS","2021-08",10,11466630,0.0872095811934282
"43","RS","2021-09",14,11466630,0.1220934136708
"43","RS","2021-10",19,11466630,0.165698204267514
"43","RS","2021-11",14,11466630,0.1220934136708
"43","RS","2021-12",11,11466630,0.0959305393127711
"50","MS","2021-04",1,2839188,0.0352213379318312
"50","MS","2021-09",1,2839188,0.0352213379318312
"50","MS","2021-10",1,2839188,0.0352213379318312
"51","MT","2021-02",1,3567234,0.0280329241087072
"51","MT","2021-03",1,3567234,0.0280329241087072
"51","MT","2021-05",1,3567234,0.0280329241087072
"51","MT","2021-06",1,3567234,0.0280329241087072
"51","MT","2021-07",1,3567234,0.0280329241087072
"51","MT","2021-09",1,3567234,0.0280329241087072
"51","MT","2021-10",1,3567234,0.0280329241087072
"52","GO","2021-01",1,7206589,0.0138761902475637
"52","GO","2021-02",1,7206589,0.0138761902475637
"52","GO","2021-03",1,7206589,0.0138761902475637
"52","GO","2021-04",2,7206589,0.0277523804951274
"52","GO","2021-05",3,7206589,0.0416285707426912
"52","GO","2021-06",1,7206589,0.0138761902475637
"52","GO","2021-08",4,7206589,0.0555047609902549
"52","GO","2021-09",1,7206589,0.0138761902475637
"52","GO","2021-10",2,7206589,0.0277523804951274
"52","GO","2021-11",4,7206589,0.0555047609902549
"52","GO","2021-12",2,7206589,0.0277523804951274
"53","DF","2021-01",1,3094325,0.0323172258893297
"53","DF","2021-02",1,3094325,0.0323172258893297
"53","DF","2021-05",1,3094325,0.0323172258893297
"53","DF","2021-11",3,3094325,0.096951677667989
"11","RO","2022-01",2,1616379,0.123733357090138
"11","RO","2022-03",3,1616379,0.185600035635207
"11","RO","2022-04",3,1616379,0.185600035635207
"11","RO","2022-06",1,1616379,0.0618666785450689
"11","RO","2022-07",1,1616379,0.0618666785450689
"11","RO","2022-08",1,1616379,0.0618666785450689
"11","RO","2022-09",1,1616379,0.0618666785450689
"11","RO","2022-10",2,1616379,0.123733357090138
"11","RO","2022-11",1,1616379,0.0618666785450689
"12","AC","2022-01",8,829780,0.964110969172552
"12","AC","2022-02",8,829780,0.964110969172552
"12","AC","2022-03",13,829780,1.5666803249054
"12","AC","2022-04",3,829780,0.361541613439707
"12","AC","2022-05",14,829780,1.68719419605197
"12","AC","2022-06",10,829780,1.20513871146569
"12","AC","2022-07",5,829780,0.602569355732845
"12","AC","2022-08",6,829780,0.723083226879414
"12","AC","2022-09",4,829780,0.482055484586276
"12","AC","2022-10",3,829780,0.361541613439707
"12","AC","2022-11",6,829780,0.723083226879414
"12","AC","2022-12",6,829780,0.723083226879414
"13","AM","2022-01",3,3952262,0.0759058989510311
"13","AM","2022-02",5,3952262,0.126509831585052
"13","AM","2022-03",2,3952262,0.0506039326340207
"13","AM","2022-04",6,3952262,0.151811797902062
"13","AM","2022-05",6,3952262,0.151811797902062
"13","AM","2022-06",7,3952262,0.177113764219073
"13","AM","2022-07",7,3952262,0.177113764219073
"13","AM","2022-08",3,3952262,0.0759058989510311
"13","AM","2022-09",1,3952262,0.0253019663170104
"13","AM","2022-10",1,3952262,0.0253019663170104
"13","AM","2022-11",5,3952262,0.126509831585052
"13","AM","2022-12",3,3952262,0.0759058989510311
"14","RR","2022-04",1,634805,0.15752868991265
"14","RR","2022-08",1,634805,0.15752868991265
"14","RR","2022-10",4,634805,0.630114759650601
"15","PA","2022-01",2,8442962,0.0236883690818459
"15","PA","2022-02",9,8442962,0.106597660868307
"15","PA","2022-03",11,8442962,0.130286029950153
"15","PA","2022-04",12,8442962,0.142130214491076
"15","PA","2022-05",24,8442962,0.284260428982151
"15","PA","2022-06",21,8442962,0.248727875359382
"15","PA","2022-07",8,8442962,0.0947534763273837
"15","PA","2022-08",9,8442962,0.106597660868307
"15","PA","2022-09",7,8442962,0.0829092917864607
"15","PA","2022-10",1,8442962,0.011844184540923
"15","PA","2022-11",1,8442962,0.011844184540923
"15","PA","2022-12",4,8442962,0.0473767381636918
"16","AP","2022-01",1,774268,0.129154246333311
"16","AP","2022-02",6,774268,0.774925477999866
"16","AP","2022-03",4,774268,0.516616985333244
"16","AP","2022-04",5,774268,0.645771231666555
"16","AP","2022-05",4,774268,0.516616985333244
"16","AP","2022-06",7,774268,0.904079724333177
"16","AP","2022-07",1,774268,0.129154246333311
"16","AP","2022-08",2,774268,0.258308492666622
"16","AP","2022-09",1,774268,0.129154246333311
"16","AP","2022-10",1,774268,0.129154246333311
"16","AP","2022-11",1,774268,0.129154246333311
"17","TO","2022-01",1,1584306,0.0631191196650142
"17","TO","2022-02",2,1584306,0.126238239330028
"17","TO","2022-03",2,1584306,0.126238239330028
"17","TO","2022-05",4,1584306,0.252476478660057
"17","TO","2022-08",1,1584306,0.0631191196650142
"17","TO","2022-11",1,1584306,0.0631191196650142
"21","MA","2022-01",1,6800605,0.0147045740783357
"21","MA","2022-03",3,6800605,0.044113722235007
"21","MA","2022-04",7,6800605,0.10293201854835
"21","MA","2022-05",9,6800605,0.132341166705021
"21","MA","2022-06",5,6800605,0.0735228703916784
"21","MA","2022-07",3,6800605,0.044113722235007
"21","MA","2022-08",1,6800605,0.0147045740783357
"21","MA","2022-09",1,6800605,0.0147045740783357
"21","MA","2022-11",1,6800605,0.0147045740783357
"22","PI","2022-05",1,3270174,0.0305794125939476
"22","PI","2022-06",3,3270174,0.0917382377818428
"22","PI","2022-10",1,3270174,0.0305794125939476
"23","CE","2022-01",4,8936431,0.0447605984984386
"23","CE","2022-02",3,8936431,0.0335704488738289
"23","CE","2022-03",9,8936431,0.100711346621487
"23","CE","2022-04",16,8936431,0.179042393993754
"23","CE","2022-05",23,8936431,0.257373441366022
"23","CE","2022-06",12,8936431,0.134281795495316
"23","CE","2022-07",8,8936431,0.0895211969968772
"23","CE","2022-08",7,8936431,0.0783310473722675
"23","CE","2022-09",4,8936431,0.0447605984984386
"23","CE","2022-10",3,8936431,0.0335704488738289
"23","CE","2022-11",7,8936431,0.0783310473722675
"23","CE","2022-12",1,8936431,0.0111901496246096
"24","RN","2022-08",2,3303953,0.0605335487520555
"24","RN","2022-09",2,3303953,0.0605335487520555
"24","RN","2022-10",2,3303953,0.0605335487520555
"24","RN","2022-11",2,3303953,0.0605335487520555
"25","PB","2022-01",1,4030961,0.024807980032553
"25","PB","2022-02",1,4030961,0.024807980032553
"25","PB","2022-03",2,4030961,0.0496159600651061
"25","PB","2022-05",3,4030961,0.0744239400976591
"25","PB","2022-06",3,4030961,0.0744239400976591
"25","PB","2022-07",4,4030961,0.0992319201302121
"25","PB","2022-08",2,4030961,0.0496159600651061
"25","PB","2022-09",3,4030961,0.0744239400976591
"25","PB","2022-10",1,4030961,0.024807980032553
"26","PE","2022-01",7,9051113,0.0773385549379397
"26","PE","2022-02",7,9051113,0.0773385549379397
"26","PE","2022-03",9,9051113,0.0994352849202082
"26","PE","2022-04",24,9051113,0.265160759787222
"26","PE","2022-05",26,9051113,0.28725748976949
"26","PE","2022-06",309,9051113,3.41394478226048
"26","PE","2022-07",77,9051113,0.850724104317336
"26","PE","2022-08",45,9051113,0.497176424601041
"26","PE","2022-09",10,9051113,0.110483649911342
"26","PE","2022-10",11,9051113,0.121532014902477
"26","PE","2022-11",6,9051113,0.0662901899468054
"26","PE","2022-12",7,9051113,0.0773385549379397
"27","AL","2022-02",1,3125254,0.0319973992513888
"27","AL","2022-03",3,3125254,0.0959921977541665
"27","AL","2022-04",1,3125254,0.0319973992513888
"27","AL","2022-05",3,3125254,0.0959921977541665
"27","AL","2022-06",14,3125254,0.447963589519444
"27","AL","2022-07",42,3125254,1.34389076855833
"27","AL","2022-08",13,3125254,0.415966190268055
"27","AL","2022-09",2,3125254,0.0639947985027777
"27","AL","2022-10",2,3125254,0.0639947985027777
"27","AL","2022-11",3,3125254,0.0959921977541665
"27","AL","2022-12",2,3125254,0.0639947985027777
"28","SE","2022-01",3,2211868,0.135631963571063
"28","SE","2022-03",3,2211868,0.135631963571063
"28","SE","2022-04",3,2211868,0.135631963571063
"28","SE","2022-05",8,2211868,0.361685236189501
"28","SE","2022-06",8,2211868,0.361685236189501
"28","SE","2022-07",7,2211868,0.316474581665814
"28","SE","2022-08",2,2211868,0.0904213090473753
"28","SE","2022-09",5,2211868,0.226053272618438
"28","SE","2022-10",2,2211868,0.0904213090473753
"28","SE","2022-12",1,2211868,0.0452106545236877
"29","BA","2022-01",36,14659023,0.245582533024199
"29","BA","2022-02",9,14659023,0.0613956332560499
"29","BA","2022-03",17,14659023,0.11596952948365
"29","BA","2022-04",7,14659023,0.0477521591991499
"29","BA","2022-05",19,14659023,0.12961300354055
"29","BA","2022-06",8,14659023,0.0545738962275999
"29","BA","2022-07",10,14659023,0.0682173702844999
"29","BA","2022-08",4,14659023,0.0272869481137999
"29","BA","2022-09",4,14659023,0.0272869481137999
"29","BA","2022-10",11,14659023,0.0750391073129499
"29","BA","2022-11",11,14659023,0.0750391073129499
"29","BA","2022-12",8,14659023,0.0545738962275999
"31","MG","2022-01",24,20732660,0.115759386398079
"31","MG","2022-02",19,20732660,0.091642847565146
"31","MG","2022-03",29,20732660,0.139875925231012
"31","MG","2022-04",16,20732660,0.0771729242653861
"31","MG","2022-05",11,20732660,0.0530563854324529
"31","MG","2022-06",10,20732660,0.0482330776658663
"31","MG","2022-07",5,20732660,0.0241165388329332
"31","MG","2022-08",8,20732660,0.0385864621326931
"31","MG","2022-09",4,20732660,0.0192932310663465
"31","MG","2022-10",11,20732660,0.0530563854324529
"31","MG","2022-11",15,20732660,0.0723496164987995
"31","MG","2022-12",13,20732660,0.0627030009656262
"33","RJ","2022-01",26,16615526,0.156480149951317
"33","RJ","2022-02",31,16615526,0.186572486480416
"33","RJ","2022-03",68,16615526,0.409255776795751
"33","RJ","2022-04",116,16615526,0.698142207475105
"33","RJ","2022-05",33,16615526,0.198609421092056
"33","RJ","2022-06",12,16615526,0.0722216076698384
"33","RJ","2022-07",7,16615526,0.0421292711407391
"33","RJ","2022-08",9,16615526,0.0541662057523788
"33","RJ","2022-09",13,16615526,0.0782400749756583
"33","RJ","2022-10",10,16615526,0.0601846730581987
"33","RJ","2022-11",12,16615526,0.0722216076698384
"33","RJ","2022-12",12,16615526,0.0722216076698384
"35","SP","2022-01",57,46024937,0.123845905535949
"35","SP","2022-02",84,46024937,0.182509755526662
"35","SP","2022-03",61,46024937,0.132536846275314
"35","SP","2022-04",57,46024937,0.123845905535949
"35","SP","2022-05",32,46024937,0.0695275259149187
"35","SP","2022-06",25,46024937,0.0543183796210302
"35","SP","2022-07",24,46024937,0.052145644436189
"35","SP","2022-08",14,46024937,0.0304182925877769
"35","SP","2022-09",27,46024937,0.0586638499907126
"35","SP","2022-10",30,46024937,0.0651820555452363
"35","SP","2022-11",34,46024937,0.0738729962846011
"35","SP","2022-12",53,46024937,0.115154964796584
"41","PR","2022-01",25,11835379,0.211231089431103
"41","PR","2022-02",24,11835379,0.202781845853859
"41","PR","2022-03",31,11835379,0.261926550894568
"41","PR","2022-04",39,11835379,0.329520499512521
"41","PR","2022-05",28,11835379,0.236578820162835
"41","PR","2022-06",25,11835379,0.211231089431103
"41","PR","2022-07",6,11835379,0.0506954614634648
"41","PR","2022-08",24,11835379,0.202781845853859
"41","PR","2022-09",19,11835379,0.160535627967638
"41","PR","2022-10",16,11835379,0.135187897235906
"41","PR","2022-11",33,11835379,0.278825038049056
"41","PR","2022-12",39,11835379,0.329520499512521
"42","SC","2022-01",16,7762154,0.206128350455299
"42","SC","2022-02",18,7762154,0.231894394262211
"42","SC","2022-03",15,7762154,0.193245328551843
"42","SC","2022-04",25,7762154,0.322075547586404
"42","SC","2022-05",15,7762154,0.193245328551843
"42","SC","2022-06",9,7762154,0.115947197131106
"42","SC","2022-07",5,7762154,0.0644151095172809
"42","SC","2022-08",10,7762154,0.128830219034562
"42","SC","2022-09",9,7762154,0.115947197131106
"42","SC","2022-10",11,7762154,0.141713240938018
"42","SC","2022-11",10,7762154,0.128830219034562
"42","SC","2022-12",44,7762154,0.566852963752072
"43","RS","2022-01",18,11088065,0.162336710688474
"43","RS","2022-02",37,11088065,0.333692127526309
"43","RS","2022-03",45,11088065,0.405841776721186
"43","RS","2022-04",32,11088065,0.28859859677951
"43","RS","2022-05",28,11088065,0.252523772182071
"43","RS","2022-06",19,11088065,0.171355416837834
"43","RS","2022-07",19,11088065,0.171355416837834
"43","RS","2022-08",21,11088065,0.189392829136554
"43","RS","2022-09",10,11088065,0.0901870614935969
"43","RS","2022-10",15,11088065,0.135280592240395
"43","RS","2022-11",18,11088065,0.162336710688474
"43","RS","2022-12",19,11088065,0.171355416837834
"50","MS","2022-01",1,2833742,0.035289027723766
"50","MS","2022-04",1,2833742,0.035289027723766
"50","MS","2022-05",2,2833742,0.0705780554475319
"50","MS","2022-10",1,2833742,0.035289027723766
"51","MT","2022-03",2,3784239,0.0528507845302583
"51","MT","2022-04",1,3784239,0.0264253922651291
"51","MT","2022-05",1,3784239,0.0264253922651291
"51","MT","2022-06",1,3784239,0.0264253922651291
"51","MT","2022-07",1,3784239,0.0264253922651291
"51","MT","2022-08",2,3784239,0.0528507845302583
"51","MT","2022-11",1,3784239,0.0264253922651291
"51","MT","2022-12",2,3784239,0.0528507845302583
"52","GO","2022-01",1,6950976,0.0143864688930015
"52","GO","2022-02",3,6950976,0.0431594066790045
"52","GO","2022-03",4,6950976,0.057545875572006
"52","GO","2022-04",1,6950976,0.0143864688930015
"52","GO","2022-05",1,6950976,0.0143864688930015
"52","GO","2022-06",1,6950976,0.0143864688930015
"52","GO","2022-09",1,6950976,0.0143864688930015
"52","GO","2022-10",4,6950976,0.057545875572006
"52","GO","2022-11",4,6950976,0.057545875572006
"52","GO","2022-12",1,6950976,0.0143864688930015
"53","DF","2022-01",2,2923369,0.0684142166110402
"53","DF","2022-02",2,2923369,0.0684142166110402
"53","DF","2022-03",2,2923369,0.0684142166110402
"53","DF","2022-04",1,2923369,0.0342071083055201
"53","DF","2022-05",1,2923369,0.0342071083055201
"53","DF","2022-06",1,2923369,0.0342071083055201
"53","DF","2022-07",1,2923369,0.0342071083055201
"53","DF","2022-09",1,2923369,0.0342071083055201
"53","DF","2022-10",1,2923369,0.0342071083055201
"53","DF","2022-11",1,2923369,0.0342071083055201
"53","DF","2022-12",3,2923369,0.10262132491656
"11","RO","2023-01",4,1581196,0.252973065957667
"11","RO","2023-02",2,1581196,0.126486532978834
"11","RO","2023-03",4,1581196,0.252973065957667
"11","RO","2023-04",5,1581196,0.316216332447084
"11","RO","2023-05",2,1581196,0.126486532978834
"11","RO","2023-06",1,1581196,0.0632432664894169
"11","RO","2023-07",1,1581196,0.0632432664894169
"11","RO","2023-08",1,1581196,0.0632432664894169
"11","RO","2023-09",1,1581196,0.0632432664894169
"11","RO","2023-10",2,1581196,0.126486532978834
"11","RO","2023-11",1,1581196,0.0632432664894169
"11","RO","2023-12",2,1581196,0.126486532978834
"12","AC","2023-01",8,830018,0.96383451925139
"12","AC","2023-02",9,830018,1.08431383415781
"12","AC","2023-03",24,830018,2.89150355775417
"12","AC","2023-04",51,830018,6.14444506022761
"12","AC","2023-05",29,830018,3.49390013228629
"12","AC","2023-06",11,830018,1.32527246397066
"12","AC","2023-07",4,830018,0.481917259625695
"12","AC","2023-08",13,830018,1.56623109378351
"12","AC","2023-09",1,830018,0.120479314906424
"12","AC","2023-10",5,830018,0.602396574532119
"12","AC","2023-11",3,830018,0.361437944719271
"12","AC","2023-12",6,830018,0.722875889438542
"13","AM","2023-01",2,3941613,0.0507406485618959
"13","AM","2023-02",5,3941613,0.12685162140474
"13","AM","2023-03",6,3941613,0.152221945685688
"13","AM","2023-04",5,3941613,0.12685162140474
"13","AM","2023-05",8,3941613,0.202962594247583
"13","AM","2023-06",2,3941613,0.0507406485618959
"13","AM","2023-08",3,3941613,0.0761109728428438
"13","AM","2023-10",1,3941613,0.0253703242809479
"13","AM","2023-11",3,3941613,0.0761109728428438
"13","AM","2023-12",2,3941613,0.0507406485618959
"14","RR","2023-07",1,636707,0.157058113072418
"14","RR","2023-08",1,636707,0.157058113072418
"15","PA","2023-01",4,8121025,0.0492548662268618
"15","PA","2023-02",18,8121025,0.221646898020878
"15","PA","2023-03",12,8121025,0.147764598680585
"15","PA","2023-04",13,8121025,0.160078315237301
"15","PA","2023-05",7,8121025,0.0861960158970081
"15","PA","2023-06",9,8121025,0.110823449010439
"15","PA","2023-07",3,8121025,0.0369411496701463
"15","PA","2023-08",10,8121025,0.123137165567154
"15","PA","2023-09",2,8121025,0.0246274331134309
"15","PA","2023-10",5,8121025,0.0615685827835772
"15","PA","2023-11",4,8121025,0.0492548662268618
"15","PA","2023-12",6,8121025,0.0738822993402926
"16","AP","2023-01",1,733759,0.136284529389077
"16","AP","2023-02",3,733759,0.408853588167232
"16","AP","2023-03",2,733759,0.272569058778155
"16","AP","2023-04",2,733759,0.272569058778155
"16","AP","2023-05",1,733759,0.136284529389077
"16","AP","2023-06",1,733759,0.136284529389077
"16","AP","2023-07",5,733759,0.681422646945387
"16","AP","2023-08",2,733759,0.272569058778155
"16","AP","2023-09",1,733759,0.136284529389077
"16","AP","2023-10",1,733759,0.136284529389077
"16","AP","2023-11",2,733759,0.272569058778155
"16","AP","2023-12",1,733759,0.136284529389077
"17","TO","2023-02",1,1511460,0.0661611951358289
"17","TO","2023-03",1,1511460,0.0661611951358289
"17","TO","2023-04",1,1511460,0.0661611951358289
"17","TO","2023-05",2,1511460,0.132322390271658
"17","TO","2023-06",2,1511460,0.132322390271658
"17","TO","2023-07",1,1511460,0.0661611951358289
"17","TO","2023-08",3,1511460,0.198483585407487
"17","TO","2023-09",4,1511460,0.264644780543316
"17","TO","2023-10",1,1511460,0.0661611951358289
"17","TO","2023-11",1,1511460,0.0661611951358289
"21","MA","2023-01",2,6775805,0.0295167880421588
"21","MA","2023-02",4,6775805,0.0590335760843177
"21","MA","2023-03",6,6775805,0.0885503641264765
"21","MA","2023-04",9,6775805,0.132825546189715
"21","MA","2023-05",15,6775805,0.221375910316191
"21","MA","2023-06",4,6775805,0.0590335760843177
"21","MA","2023-07",2,6775805,0.0295167880421588
"21","MA","2023-08",3,6775805,0.0442751820632382
"22","PI","2023-04",6,3271199,0.183418984904312
"22","PI","2023-05",6,3271199,0.183418984904312
"22","PI","2023-12",1,3271199,0.0305698308173853
"23","CE","2023-01",7,8794957,0.0795910656527371
"23","CE","2023-02",11,8794957,0.125071674597158
"23","CE","2023-03",5,8794957,0.0568507611805265
"23","CE","2023-04",13,8794957,0.147811979069369
"23","CE","2023-05",9,8794957,0.102331370124948
"23","CE","2023-06",18,8794957,0.204662740249895
"23","CE","2023-07",7,8794957,0.0795910656527371
"23","CE","2023-09",6,8794957,0.0682209134166318
"23","CE","2023-10",7,8794957,0.0795910656527371
"23","CE","2023-11",4,8794957,0.0454806089444212
"23","CE","2023-12",3,8794957,0.0341104567083159
"24","RN","2023-01",2,3302729,0.0605559826434443
"24","RN","2023-02",3,3302729,0.0908339739651664
"24","RN","2023-03",2,3302729,0.0605559826434443
"24","RN","2023-04",2,3302729,0.0605559826434443
"24","RN","2023-05",3,3302729,0.0908339739651664
"24","RN","2023-07",4,3302729,0.121111965286889
"24","RN","2023-08",2,3302729,0.0605559826434443
"24","RN","2023-09",2,3302729,0.0605559826434443
"25","PB","2023-02",2,3974687,0.0503184275893926
"25","PB","2023-03",3,3974687,0.0754776413840889
"25","PB","2023-04",2,3974687,0.0503184275893926
"25","PB","2023-05",5,3974687,0.125796068973481
"25","PB","2023-06",4,3974687,0.100636855178785
"25","PB","2023-07",8,3974687,0.20127371035757
"25","PB","2023-08",4,3974687,0.100636855178785
"25","PB","2023-09",1,3974687,0.0251592137946963
"25","PB","2023-12",1,3974687,0.0251592137946963
"26","PE","2023-01",5,9058931,0.0551941503914756
"26","PE","2023-02",11,9058931,0.121427130861246
"26","PE","2023-03",13,9058931,0.143504791017836
"26","PE","2023-04",20,9058931,0.220776601565902
"26","PE","2023-05",18,9058931,0.198698941409312
"26","PE","2023-06",35,9058931,0.386359052740329
"26","PE","2023-07",70,9058931,0.772718105480658
"26","PE","2023-08",28,9058931,0.309087242192263
"26","PE","2023-09",14,9058931,0.154543621096132
"26","PE","2023-10",8,9058931,0.0883106406263609
"26","PE","2023-11",4,9058931,0.0441553203131804
"26","PE","2023-12",3,9058931,0.0331164902348853
"27","AL","2023-01",3,3127683,0.0959176489433232
"27","AL","2023-02",2,3127683,0.0639450992955488
"27","AL","2023-03",1,3127683,0.0319725496477744
"27","AL","2023-04",3,3127683,0.0959176489433232
"27","AL","2023-05",4,3127683,0.127890198591098
"27","AL","2023-06",8,3127683,0.255780397182195
"27","AL","2023-07",22,3127683,0.703396092251037
"27","AL","2023-08",3,3127683,0.0959176489433232
"27","AL","2023-09",5,3127683,0.159862748238872
"27","AL","2023-10",1,3127683,0.0319725496477744
"27","AL","2023-11",1,3127683,0.0319725496477744
"27","AL","2023-12",2,3127683,0.0639450992955488
"28","SE","2023-01",2,2210004,0.0904975737600475
"28","SE","2023-02",2,2210004,0.0904975737600475
"28","SE","2023-03",1,2210004,0.0452487868800237
"28","SE","2023-04",4,2210004,0.180995147520095
"28","SE","2023-05",4,2210004,0.180995147520095
"28","SE","2023-06",6,2210004,0.271492721280143
"28","SE","2023-07",7,2210004,0.316741508160166
"28","SE","2023-08",2,2210004,0.0904975737600475
"28","SE","2023-09",2,2210004,0.0904975737600475
"28","SE","2023-10",4,2210004,0.180995147520095
"28","SE","2023-11",3,2210004,0.135746360640071
"28","SE","2023-12",1,2210004,0.0452487868800237
"29","BA","2023-01",6,14141626,0.0424279357974818
"29","BA","2023-02",8,14141626,0.0565705810633091
"29","BA","2023-03",9,14141626,0.0636419036962228
"29","BA","2023-04",9,14141626,0.0636419036962228
"29","BA","2023-05",26,14141626,0.183854388455755
"29","BA","2023-06",20,14141626,0.141426452658273
"29","BA","2023-07",14,14141626,0.098998516860791
"29","BA","2023-08",13,14141626,0.0919271942278773
"29","BA","2023-09",4,14141626,0.0282852905316546
"29","BA","2023-10",7,14141626,0.0494992584303955
"29","BA","2023-11",6,14141626,0.0424279357974818
"29","BA","2023-12",8,14141626,0.0565705810633091
"31","MG","2023-01",44,20539989,0.214216278304725
"31","MG","2023-02",10,20539989,0.0486855177965285
"31","MG","2023-03",31,20539989,0.150925105169238
"31","MG","2023-04",20,20539989,0.097371035593057
"31","MG","2023-05",19,20539989,0.0925024838134042
"31","MG","2023-06",15,20539989,0.0730282766947928
"31","MG","2023-07",6,20539989,0.0292113106779171
"31","MG","2023-08",7,20539989,0.03407986245757
"31","MG","2023-09",10,20539989,0.0486855177965285
"31","MG","2023-10",13,20539989,0.0632911731354871
"31","MG","2023-11",12,20539989,0.0584226213558342
"31","MG","2023-12",18,20539989,0.0876339320337513
"32","ES","2023-01",10,3833712,0.260843798386525
"32","ES","2023-02",13,3833712,0.339096937902482
"32","ES","2023-03",6,3833712,0.156506279031915
"32","ES","2023-04",5,3833712,0.130421899193262
"32","ES","2023-05",5,3833712,0.130421899193262
"32","ES","2023-06",5,3833712,0.130421899193262
"32","ES","2023-07",1,3833712,0.0260843798386525
"32","ES","2023-08",1,3833712,0.0260843798386525
"32","ES","2023-09",6,3833712,0.156506279031915
"32","ES","2023-10",4,3833712,0.10433751935461
"32","ES","2023-11",8,3833712,0.20867503870922
"32","ES","2023-12",4,3833712,0.10433751935461
"33","RJ","2023-01",28,16055174,0.17439860819945
"33","RJ","2023-02",53,16055174,0.330111651234674
"33","RJ","2023-03",63,16055174,0.392396868448763
"33","RJ","2023-04",20,16055174,0.124570434428179
"33","RJ","2023-05",13,16055174,0.0809707823783162
"33","RJ","2023-06",14,16055174,0.0871993040997251
"33","RJ","2023-07",10,16055174,0.0622852172140894
"33","RJ","2023-08",13,16055174,0.0809707823783162
"33","RJ","2023-09",19,16055174,0.11834191270677
"33","RJ","2023-10",21,16055174,0.130798956149588
"33","RJ","2023-11",13,16055174,0.0809707823783162
"33","RJ","2023-12",35,16055174,0.217998260249313
"35","SP","2023-01",69,44411238,0.155366080990582
"35","SP","2023-02",73,44411238,0.164372810323369
"35","SP","2023-03",109,44411238,0.245433374318455
"35","SP","2023-04",58,44411238,0.130597575325416
"35","SP","2023-05",33,44411238,0.0743055169954956
"35","SP","2023-06",12,44411238,0.027020187998362
"35","SP","2023-07",27,44411238,0.0607954229963146
"35","SP","2023-08",21,44411238,0.0472853289971336
"35","SP","2023-09",26,44411238,0.0585437406631178
"35","SP","2023-10",34,44411238,0.0765571993286924
"35","SP","2023-11",40,44411238,0.0900672933278735
"35","SP","2023-12",33,44411238,0.0743055169954956
"41","PR","2023-01",32,11444380,0.27961322500651
"41","PR","2023-02",51,11444380,0.445633577354125
"41","PR","2023-03",61,11444380,0.533012710168659
"41","PR","2023-04",26,11444380,0.227185745317789
"41","PR","2023-05",34,11444380,0.297089051569417
"41","PR","2023-06",33,11444380,0.288351138287963
"41","PR","2023-07",20,11444380,0.174758265629069
"41","PR","2023-08",18,11444380,0.157282439066162
"41","PR","2023-09",20,11444380,0.174758265629069
"41","PR","2023-10",50,11444380,0.436895664072671
"41","PR","2023-11",65,11444380,0.567964363294473
"41","PR","2023-12",37,11444380,0.323302791413777
"42","SC","2023-01",37,7610361,0.48617930213823
"42","SC","2023-02",26,7610361,0.341639509610648
"42","SC","2023-03",40,7610361,0.525599245554843
"42","SC","2023-04",18,7610361,0.236519660499679
"42","SC","2023-05",18,7610361,0.236519660499679
"42","SC","2023-06",12,7610361,0.157679773666453
"42","SC","2023-07",10,7610361,0.131399811388711
"42","SC","2023-08",16,7610361,0.210239698221937
"42","SC","2023-09",12,7610361,0.157679773666453
"42","SC","2023-10",45,7610361,0.591299151249198
"42","SC","2023-11",37,7610361,0.48617930213823
"42","SC","2023-12",44,7610361,0.578159170110327
"43","RS","2023-01",22,10882965,0.202150792545965
"43","RS","2023-02",35,10882965,0.321603533595854
"43","RS","2023-03",38,10882965,0.349169550761213
"43","RS","2023-04",25,10882965,0.229716809711324
"43","RS","2023-05",31,10882965,0.284848844042042
"43","RS","2023-06",31,10882965,0.284848844042042
"43","RS","2023-07",31,10882965,0.284848844042042
"43","RS","2023-08",27,10882965,0.24809415448823
"43","RS","2023-09",77,10882965,0.707527773910878
"43","RS","2023-10",51,10882965,0.468622291811101
"43","RS","2023-11",42,10882965,0.385924240315024
"43","RS","2023-12",53,10882965,0.486999636588007
"50","MS","2023-03",3,2757013,0.108813415098152
"50","MS","2023-05",1,2757013,0.0362711383660505
"50","MS","2023-06",3,2757013,0.108813415098152
"50","MS","2023-07",1,2757013,0.0362711383660505
"50","MS","2023-09",1,2757013,0.0362711383660505
"50","MS","2023-10",1,2757013,0.0362711383660505
"50","MS","2023-12",1,2757013,0.0362711383660505
"51","MT","2023-01",3,3658649,0.0819974804907495
"51","MT","2023-02",1,3658649,0.0273324934969165
"51","MT","2023-03",4,3658649,0.109329973987666
"51","MT","2023-05",2,3658649,0.054664986993833
"51","MT","2023-12",1,3658649,0.0273324934969165
"52","GO","2023-01",2,7056495,0.028342682875847
"52","GO","2023-02",4,7056495,0.056685365751694
"52","GO","2023-03",3,7056495,0.0425140243137705
"52","GO","2023-04",4,7056495,0.056685365751694
"52","GO","2023-05",5,7056495,0.0708567071896175
"52","GO","2023-06",2,7056495,0.028342682875847
"52","GO","2023-08",3,7056495,0.0425140243137705
"52","GO","2023-09",1,7056495,0.0141713414379235
"52","GO","2023-10",1,7056495,0.0141713414379235
"52","GO","2023-11",1,7056495,0.0141713414379235
"53","DF","2023-01",1,2817381,0.035493956976355
"53","DF","2023-02",5,2817381,0.177469784881775
"53","DF","2023-03",2,2817381,0.07098791395271
"53","DF","2023-07",1,2817381,0.035493956976355
"53","DF","2023-09",1,2817381,0.035493956976355
"53","DF","2023-10",1,2817381,0.035493956976355
"53","DF","2023-12",2,2817381,0.07098791395271
"11","RO","2024-01",2,1746227,0.114532646671939
"11","RO","2024-02",3,1746227,0.171798970007908
"11","RO","2024-03",4,1746227,0.229065293343878
"11","RO","2024-04",6,1746227,0.343597940015817
"11","RO","2024-05",1,1746227,0.0572663233359695
"11","RO","2024-06",4,1746227,0.229065293343878
"11","RO","2024-07",1,1746227,0.0572663233359695
"11","RO","2024-08",2,1746227,0.114532646671939
"11","RO","2024-09",2,1746227,0.114532646671939
"11","RO","2024-10",1,1746227,0.0572663233359695
"11","RO","2024-11",2,1746227,0.114532646671939
"11","RO","2024-12",3,1746227,0.171798970007908
"12","AC","2024-01",9,880631,1.02199445624785
"12","AC","2024-02",8,880631,0.908439516664755
"12","AC","2024-03",16,880631,1.81687903332951
"12","AC","2024-04",10,880631,1.13554939583094
"12","AC","2024-05",12,880631,1.36265927499713
"12","AC","2024-06",3,880631,0.340664818749283
"12","AC","2024-07",2,880631,0.227109879166189
"12","AC","2024-08",2,880631,0.227109879166189
"12","AC","2024-09",10,880631,1.13554939583094
"12","AC","2024-10",9,880631,1.02199445624785
"12","AC","2024-11",10,880631,1.13554939583094
"12","AC","2024-12",15,880631,1.70332409374642
"13","AM","2024-01",3,4281209,0.070073663771145
"13","AM","2024-02",5,4281209,0.116789439618575
"13","AM","2024-03",2,4281209,0.04671577584743
"13","AM","2024-04",8,4281209,0.18686310338972
"13","AM","2024-05",9,4281209,0.210220991313435
"13","AM","2024-06",8,4281209,0.18686310338972
"13","AM","2024-07",3,4281209,0.070073663771145
"13","AM","2024-08",3,4281209,0.070073663771145
"13","AM","2024-10",3,4281209,0.070073663771145
"13","AM","2024-11",4,4281209,0.09343155169486
"14","RR","2024-05",1,716793,0.139510290976614
"14","RR","2024-07",1,716793,0.139510290976614
"14","RR","2024-12",1,716793,0.139510290976614
"15","PA","2024-01",9,8664306,0.103874447647625
"15","PA","2024-02",15,8664306,0.173124079412708
"15","PA","2024-03",12,8664306,0.138499263530166
"15","PA","2024-04",20,8664306,0.23083210588361
"15","PA","2024-05",14,8664306,0.161582474118527
"15","PA","2024-06",9,8664306,0.103874447647625
"15","PA","2024-07",8,8664306,0.0923328423534441
"15","PA","2024-08",10,8664306,0.115416052941805
"15","PA","2024-09",7,8664306,0.0807912370592636
"15","PA","2024-10",8,8664306,0.0923328423534441
"15","PA","2024-11",8,8664306,0.0923328423534441
"15","PA","2024-12",8,8664306,0.0923328423534441
"16","AP","2024-01",4,802837,0.498233140724705
"16","AP","2024-02",2,802837,0.249116570362353
"16","AP","2024-03",7,802837,0.871907996268234
"16","AP","2024-04",1,802837,0.124558285181176
"16","AP","2024-05",3,802837,0.373674855543529
"16","AP","2024-06",8,802837,0.99646628144941
"16","AP","2024-07",3,802837,0.373674855543529
"16","AP","2024-08",5,802837,0.622791425905881
"16","AP","2024-09",3,802837,0.373674855543529
"16","AP","2024-10",2,802837,0.249116570362353
"16","AP","2024-11",1,802837,0.124558285181176
"16","AP","2024-12",3,802837,0.373674855543529
"17","TO","2024-02",1,1577342,0.0633977919817009
"17","TO","2024-03",1,1577342,0.0633977919817009
"17","TO","2024-04",4,1577342,0.253591167926803
"17","TO","2024-06",2,1577342,0.126795583963402
"17","TO","2024-08",1,1577342,0.0633977919817009
"17","TO","2024-09",1,1577342,0.0633977919817009
"17","TO","2024-10",3,1577342,0.190193375945103
"21","MA","2024-01",1,7010960,0.0142633819049032
"21","MA","2024-02",3,7010960,0.0427901457147095
"21","MA","2024-03",12,7010960,0.171160582858838
"21","MA","2024-04",8,7010960,0.114107055239225
"21","MA","2024-05",10,7010960,0.142633819049032
"21","MA","2024-06",8,7010960,0.114107055239225
"21","MA","2024-07",4,7010960,0.0570535276196127
"21","MA","2024-08",2,7010960,0.0285267638098064
"21","MA","2024-09",1,7010960,0.0142633819049032
"21","MA","2024-10",3,7010960,0.0427901457147095
"21","MA","2024-11",1,7010960,0.0142633819049032
"21","MA","2024-12",3,7010960,0.0427901457147095
"22","PI","2024-01",1,3375646,0.0296239593843667
"22","PI","2024-02",1,3375646,0.0296239593843667
"22","PI","2024-04",1,3375646,0.0296239593843667
"22","PI","2024-05",2,3375646,0.0592479187687335
"22","PI","2024-06",3,3375646,0.0888718781531002
"23","CE","2024-01",8,9233656,0.0866395715846464
"23","CE","2024-02",3,9233656,0.0324898393442424
"23","CE","2024-03",13,9233656,0.14078930382505
"23","CE","2024-04",17,9233656,0.184109089617374
"23","CE","2024-05",8,9233656,0.0866395715846464
"23","CE","2024-06",9,9233656,0.0974695180327272
"23","CE","2024-07",9,9233656,0.0974695180327272
"23","CE","2024-08",8,9233656,0.0866395715846464
"23","CE","2024-09",2,9233656,0.0216598928961616
"23","CE","2024-10",1,9233656,0.0108299464480808
"23","CE","2024-11",5,9233656,0.054149732240404
"23","CE","2024-12",12,9233656,0.12995935737697
"24","RN","2024-01",1,3446071,0.0290185547540953
"24","RN","2024-02",3,3446071,0.0870556642622859
"24","RN","2024-03",4,3446071,0.116074219016381
"24","RN","2024-04",2,3446071,0.0580371095081906
"24","RN","2024-05",5,3446071,0.145092773770477
"24","RN","2024-06",4,3446071,0.116074219016381
"24","RN","2024-07",5,3446071,0.145092773770477
"24","RN","2024-12",1,3446071,0.0290185547540953
"25","PB","2024-01",2,4145040,0.0482504390789956
"25","PB","2024-02",1,4145040,0.0241252195394978
"25","PB","2024-03",2,4145040,0.0482504390789956
"25","PB","2024-04",2,4145040,0.0482504390789956
"25","PB","2024-05",2,4145040,0.0482504390789956
"25","PB","2024-06",2,4145040,0.0482504390789956
"25","PB","2024-07",6,4145040,0.144751317236987
"25","PB","2024-08",3,4145040,0.0723756586184934
"25","PB","2024-09",2,4145040,0.0482504390789956
"25","PB","2024-10",3,4145040,0.0723756586184934
"25","PB","2024-11",3,4145040,0.0723756586184934
"26","PE","2024-01",17,9539029,0.178215204084189
"26","PE","2024-02",16,9539029,0.167731956785119
"26","PE","2024-03",21,9539029,0.220148193280469
"26","PE","2024-04",21,9539029,0.220148193280469
"26","PE","2024-05",28,9539029,0.293530924373959
"26","PE","2024-06",36,9539029,0.377396902766518
"26","PE","2024-07",44,9539029,0.461262881159078
"26","PE","2024-08",9,9539029,0.0943492256916296
"26","PE","2024-09",7,9539029,0.0733827310934897
"26","PE","2024-10",20,9539029,0.209664945981399
"26","PE","2024-11",8,9539029,0.0838659783925597
"26","PE","2024-12",7,9539029,0.0733827310934897
"27","AL","2024-01",3,3220104,0.0931646928173748
"27","AL","2024-03",1,3220104,0.0310548976057916
"27","AL","2024-04",4,3220104,0.124219590423166
"27","AL","2024-05",5,3220104,0.155274488028958
"27","AL","2024-06",7,3220104,0.217384283240541
"27","AL","2024-07",13,3220104,0.403713668875291
"27","AL","2024-08",1,3220104,0.0310548976057916
"27","AL","2024-09",1,3220104,0.0310548976057916
"27","AL","2024-10",2,3220104,0.0621097952115832
"27","AL","2024-11",1,3220104,0.0310548976057916
"27","AL","2024-12",2,3220104,0.0621097952115832
"28","SE","2024-01",3,2291077,0.13094278367772
"28","SE","2024-02",1,2291077,0.04364759455924
"28","SE","2024-03",3,2291077,0.13094278367772
"28","SE","2024-04",3,2291077,0.13094278367772
"28","SE","2024-05",4,2291077,0.17459037823696
"28","SE","2024-06",4,2291077,0.17459037823696
"28","SE","2024-07",7,2291077,0.30553316191468
"28","SE","2024-08",3,2291077,0.13094278367772
"28","SE","2024-09",1,2291077,0.04364759455924
"28","SE","2024-11",2,2291077,0.0872951891184801
"28","SE","2024-12",1,2291077,0.04364759455924
"29","BA","2024-01",8,14850513,0.0538701929017536
"29","BA","2024-02",8,14850513,0.0538701929017536
"29","BA","2024-03",15,14850513,0.101006611690788
"29","BA","2024-04",22,14850513,0.148143030479822
"29","BA","2024-05",35,14850513,0.235682093945172
"29","BA","2024-06",15,14850513,0.101006611690788
"29","BA","2024-07",10,14850513,0.067337741127192
"29","BA","2024-08",5,14850513,0.033668870563596
"29","BA","2024-09",12,14850513,0.0808052893526304
"29","BA","2024-10",6,14850513,0.0404026446763152
"29","BA","2024-11",4,14850513,0.0269350964508768
"29","BA","2024-12",9,14850513,0.0606039670144728
"31","MG","2024-01",30,21322691,0.140695187113109
"31","MG","2024-02",16,21322691,0.0750374331269913
"31","MG","2024-03",14,21322691,0.0656577539861174
"31","MG","2024-04",15,21322691,0.0703475935565544
"31","MG","2024-05",11,21322691,0.0515882352748065
"31","MG","2024-06",7,21322691,0.0328288769930587
"31","MG","2024-07",8,21322691,0.0375187165634957
"31","MG","2024-08",7,21322691,0.0328288769930587
"31","MG","2024-09",13,21322691,0.0609679144156805
"31","MG","2024-10",10,21322691,0.0468983957043696
"31","MG","2024-11",22,21322691,0.103176470549613
"31","MG","2024-12",16,21322691,0.0750374331269913
"32","ES","2024-01",9,4102129,0.21939826855762
"32","ES","2024-02",9,4102129,0.21939826855762
"32","ES","2024-03",5,4102129,0.121887926976455
"32","ES","2024-04",28,4102129,0.68257239106815
"32","ES","2024-05",3,4102129,0.0731327561858732
"32","ES","2024-06",3,4102129,0.0731327561858732
"32","ES","2024-07",4,4102129,0.0975103415811643
"32","ES","2024-08",5,4102129,0.121887926976455
"32","ES","2024-09",1,4102129,0.0243775853952911
"32","ES","2024-10",7,4102129,0.170643097767038
"32","ES","2024-11",7,4102129,0.170643097767038
"32","ES","2024-12",5,4102129,0.121887926976455
"33","RJ","2024-01",67,17219679,0.389089715319316
"33","RJ","2024-02",64,17219679,0.371667787767705
"33","RJ","2024-03",58,17219679,0.336823932664482
"33","RJ","2024-04",41,17219679,0.238099676538686
"33","RJ","2024-05",18,17219679,0.104531565309667
"33","RJ","2024-06",9,17219679,0.0522657826548335
"33","RJ","2024-07",6,17219679,0.0348438551032223
"33","RJ","2024-08",12,17219679,0.0696877102064446
"33","RJ","2024-09",11,17219679,0.0638804010225742
"33","RJ","2024-10",16,17219679,0.0929169469419261
"33","RJ","2024-11",18,17219679,0.104531565309667
"33","RJ","2024-12",20,17219679,0.116146183677408
"35","SP","2024-01",53,45973194,0.115284572135667
"35","SP","2024-02",67,45973194,0.145737100624333
"35","SP","2024-03",69,45973194,0.150087461837
"35","SP","2024-04",40,45973194,0.0870072242533334
"35","SP","2024-05",21,45973194,0.045678792733
"35","SP","2024-06",21,45973194,0.045678792733
"35","SP","2024-07",17,45973194,0.0369780703076667
"35","SP","2024-08",27,45973194,0.058729876371
"35","SP","2024-09",18,45973194,0.039153250914
"35","SP","2024-10",27,45973194,0.058729876371
"35","SP","2024-11",51,45973194,0.110934210923
"35","SP","2024-12",41,45973194,0.0891824048596667
"41","PR","2024-01",49,11824665,0.414388060887983
"41","PR","2024-02",61,11824665,0.51587085130953
"41","PR","2024-03",54,11824665,0.456672556896961
"41","PR","2024-04",39,11824665,0.329819068870027
"41","PR","2024-05",49,11824665,0.414388060887983
"41","PR","2024-06",24,11824665,0.202965580843094
"41","PR","2024-07",27,11824665,0.22833627844848
"41","PR","2024-08",13,11824665,0.109939689623342
"41","PR","2024-09",14,11824665,0.118396588825138
"41","PR","2024-10",25,11824665,0.211422480044889
"41","PR","2024-11",31,11824665,0.262163875255663
"41","PR","2024-12",45,11824665,0.380560464080801
"42","SC","2024-01",22,8058441,0.273005659531416
"42","SC","2024-02",26,8058441,0.322643052173491
"42","SC","2024-03",34,8058441,0.421917837457642
"42","SC","2024-04",33,8058441,0.409508489297123
"42","SC","2024-05",30,8058441,0.372280444815567
"42","SC","2024-06",13,8058441,0.161321526086746
"42","SC","2024-07",16,8058441,0.198549570568302
"42","SC","2024-08",11,8058441,0.136502829765708
"42","SC","2024-09",9,8058441,0.11168413344467
"42","SC","2024-10",15,8058441,0.186140222407783
"42","SC","2024-11",18,8058441,0.22336826688934
"42","SC","2024-12",27,8058441,0.33505240033401
"43","RS","2024-01",71,11229915,0.63223987002573
"43","RS","2024-02",74,11229915,0.658954230731043
"43","RS","2024-03",47,11229915,0.41852498438323
"43","RS","2024-04",55,11229915,0.489763279597397
"43","RS","2024-05",515,11229915,4.58596525441199
"43","RS","2024-06",310,11229915,2.76048393954896
"43","RS","2024-07",127,11229915,1.1309079365249
"43","RS","2024-08",31,11229915,0.276048393954896
"43","RS","2024-09",25,11229915,0.222619672544271
"43","RS","2024-10",32,11229915,0.284953180856667
"43","RS","2024-11",26,11229915,0.231524459446042
"43","RS","2024-12",21,11229915,0.187000524937188
"50","MS","2024-01",2,2901895,0.0689204812717207
"50","MS","2024-02",1,2901895,0.0344602406358604
"50","MS","2024-03",1,2901895,0.0344602406358604
"50","MS","2024-04",2,2901895,0.0689204812717207
"50","MS","2024-05",1,2901895,0.0344602406358604
"50","MS","2024-08",1,2901895,0.0344602406358604
"50","MS","2024-09",1,2901895,0.0344602406358604
"50","MS","2024-10",1,2901895,0.0344602406358604
"50","MS","2024-11",1,2901895,0.0344602406358604
"51","MT","2024-02",2,3836399,0.0521322208664949
"51","MT","2024-03",1,3836399,0.0260661104332474
"51","MT","2024-04",1,3836399,0.0260661104332474
"51","MT","2024-05",3,3836399,0.0781983312997423
"51","MT","2024-06",1,3836399,0.0260661104332474
"51","MT","2024-07",3,3836399,0.0781983312997423
"51","MT","2024-08",1,3836399,0.0260661104332474
"51","MT","2024-09",4,3836399,0.10426444173299
"51","MT","2024-10",2,3836399,0.0521322208664949
"51","MT","2024-11",2,3836399,0.0521322208664949
"52","GO","2024-01",3,7350483,0.0408136444911171
"52","GO","2024-02",4,7350483,0.0544181926548228
"52","GO","2024-03",2,7350483,0.0272090963274114
"52","GO","2024-04",1,7350483,0.0136045481637057
"52","GO","2024-05",5,7350483,0.0680227408185285
"52","GO","2024-06",1,7350483,0.0136045481637057
"52","GO","2024-08",3,7350483,0.0408136444911171
"52","GO","2024-09",1,7350483,0.0136045481637057
"52","GO","2024-10",1,7350483,0.0136045481637057
"52","GO","2024-11",1,7350483,0.0136045481637057
"52","GO","2024-12",4,7350483,0.0544181926548228
"53","DF","2024-01",1,2982818,0.0335253441544204
"53","DF","2024-02",2,2982818,0.0670506883088408
"53","DF","2024-03",4,2982818,0.134101376617682
"53","DF","2024-04",2,2982818,0.0670506883088408
"53","DF","2024-05",2,2982818,0.0670506883088408
"53","DF","2024-06",2,2982818,0.0670506883088408
"53","DF","2024-09",1,2982818,0.0335253441544204
"53","DF","2024-10",2,2982818,0.0670506883088408
"53","DF","2024-11",4,2982818,0.134101376617682
"53","DF","2024-12",4,2982818,0.134101376617682
